month,state,category,orders,revenue_brl,avg_delivery_days,avg_review_score
2016-09-01,SP,health_beauty,1,143.46,55.0,1.0
2016-10-01,AL,auto,1,76.6,33.0,4.0
2016-10-01,BA,fashion_bags_accessories,1,75.84,31.0,4.0
2016-10-01,BA,housewares,1,204.38,23.0,4.0
2016-10-01,BA,telephony,1,40.79,9.0,5.0
2016-10-01,CE,auto,1,594.46,70.0,5.0
2016-10-01,CE,consoles_games,1,661.75,19.0,5.0
2016-10-01,CE,furniture_decor,1,149.39,19.0,5.0
2016-10-01,CE,health_beauty,1,116.89,22.0,5.0
2016-10-01,CE,perfumery,2,362.89,17.0,4.5
2016-10-01,DF,computers_accessories,1,51.05,11.0,1.0
2016-10-01,DF,furniture_decor,1,143.4,7.0,1.0
2016-10-01,DF,health_beauty,1,155.2,45.0,3.0
2016-10-01,DF,perfumery,1,55.95,41.0,4.0
2016-10-01,DF,toys,1,123.2,13.0,5.0
2016-10-01,DF,watches_gifts,1,671.31,21.0,5.0
2016-10-01,ES,cool_stuff,1,89.16,9.0,5.0
2016-10-01,ES,health_beauty,1,119.43,24.0,4.0
2016-10-01,ES,office_furniture,1,783.22,41.0,3.0
2016-10-01,GO,furniture_decor,1,74.15,8.0,3.0
2016-10-01,GO,health_beauty,1,68.72,8.0,5.0
2016-10-01,GO,perfumery,2,631.92,7.5,5.0
2016-10-01,GO,sports_leisure,1,65.7,20.0,5.0
2016-10-01,GO,toys,2,215.63,24.5,5.0
2016-10-01,MA,housewares,1,44.74,20.0,4.0
2016-10-01,MA,market_place,1,625.2,21.0,5.0
2016-10-01,MA,office_furniture,1,264.08,65.0,
2016-10-01,MA,sports_leisure,1,64.83,7.0,5.0
2016-10-01,MG,air_conditioning,1,319.0,22.0,1.0
2016-10-01,MG,auto,1,66.03,23.0,1.0
2016-10-01,MG,baby,1,217.3,32.0,5.0
2016-10-01,MG,bed_bath_table,1,184.87,43.0,5.0
2016-10-01,MG,computers_accessories,2,177.68,10.5,5.0
2016-10-01,MG,cool_stuff,1,63.72,12.0,4.0
2016-10-01,MG,fashio_female_clothing,1,69.63,26.0,5.0
2016-10-01,MG,fashion_bags_accessories,1,91.07,20.0,5.0
2016-10-01,MG,furniture_decor,6,735.07,20.3,4.64
2016-10-01,MG,garden_tools,1,419.06,8.0,1.0
2016-10-01,MG,health_beauty,6,751.44,19.3,4.14
2016-10-01,MG,housewares,1,60.52,10.0,4.0
2016-10-01,MG,market_place,1,72.6,11.0,5.0
2016-10-01,MG,office_furniture,1,159.35,32.0,1.0
2016-10-01,MG,perfumery,3,433.48,19.3,4.33
2016-10-01,MG,sports_leisure,1,173.4,27.0,1.0
2016-10-01,MG,telephony,2,143.26,18.0,3.67
2016-10-01,MG,toys,4,980.74,18.3,3.5
2016-10-01,MT,furniture_decor,1,101.44,7.0,5.0
2016-10-01,PA,cool_stuff,1,121.01,34.0,5.0
2016-10-01,PA,furniture_decor,2,498.15,32.8,3.5
2016-10-01,PA,toys,1,663.93,9.0,4.0
2016-10-01,PB,toys,1,74.74,37.0,5.0
2016-10-01,PE,computers_accessories,1,95.58,11.0,1.0
2016-10-01,PE,furniture_decor,1,76.51,16.0,5.0
2016-10-01,PE,health_beauty,1,102.69,18.0,5.0
2016-10-01,PE,perfumery,1,273.77,30.0,5.0
2016-10-01,PE,sports_leisure,2,995.4,16.5,5.0
2016-10-01,PI,health_beauty,1,246.09,27.0,4.0
2016-10-01,PR,baby,1,108.84,35.0,4.0
2016-10-01,PR,bed_bath_table,2,302.11,9.6,2.6
2016-10-01,PR,computers_accessories,1,58.41,12.0,5.0
2016-10-01,PR,fashion_bags_accessories,1,95.66,7.0,2.0
2016-10-01,PR,furniture_decor,7,1200.95,12.2,3.1
2016-10-01,PR,garden_tools,1,156.22,8.0,5.0
2016-10-01,PR,health_beauty,6,406.97,20.8,4.17
2016-10-01,PR,market_place,1,112.52,28.0,5.0
2016-10-01,PR,sports_leisure,1,33.42,18.0,4.0
2016-10-01,RJ,(unknown),1,30.42,20.0,5.0
2016-10-01,RJ,audio,1,147.08,13.0,5.0
2016-10-01,RJ,auto,1,24.52,23.0,5.0
2016-10-01,RJ,baby,3,655.47,11.7,3.33
2016-10-01,RJ,bed_bath_table,1,74.59,21.0,5.0
2016-10-01,RJ,computers_accessories,1,33.52,22.0,3.0
2016-10-01,RJ,consoles_games,2,1045.02,30.5,4.0
2016-10-01,RJ,cool_stuff,2,270.01,24.0,3.0
2016-10-01,RJ,diapers_and_hygiene,1,150.99,31.0,5.0
2016-10-01,RJ,fixed_telephony,1,20.11,45.0,4.0
2016-10-01,RJ,furniture_decor,5,460.53,19.8,4.0
2016-10-01,RJ,garden_tools,1,611.56,8.0,5.0
2016-10-01,RJ,health_beauty,4,849.44,27.6,2.4
2016-10-01,RJ,housewares,1,48.55,7.0,5.0
2016-10-01,RJ,perfumery,6,1548.3,16.0,3.5
2016-10-01,RJ,pet_shop,1,127.86,21.0,4.0
2016-10-01,RJ,sports_leisure,2,527.74,16.5,5.0
2016-10-01,RJ,toys,5,994.67,18.0,2.4
2016-10-01,RJ,watches_gifts,1,1423.55,9.0,5.0
2016-10-01,RN,auto,1,194.85,7.0,5.0
2016-10-01,RN,computers_accessories,1,41.18,25.0,5.0
2016-10-01,RN,furniture_decor,1,178.11,44.0,5.0
2016-10-01,RN,housewares,1,467.2,32.0,5.0
2016-10-01,RR,health_beauty,1,69.02,9.0,4.0
2016-10-01,RS,computers_accessories,1,51.05,12.0,4.0
2016-10-01,RS,consoles_games,1,982.41,44.0,5.0
2016-10-01,RS,cool_stuff,1,455.01,11.0,4.0
2016-10-01,RS,fashion_bags_accessories,1,45.7,18.0,1.0
2016-10-01,RS,furniture_decor,3,397.79,19.7,3.33
2016-10-01,RS,industry_commerce_and_business,2,226.34,16.5,4.5
2016-10-01,RS,pet_shop,1,116.16,8.0,5.0
2016-10-01,RS,sports_leisure,5,317.43,19.2,4.2
2016-10-01,RS,toys,2,306.22,21.0,5.0
2016-10-01,SC,air_conditioning,1,676.92,33.0,5.0
2016-10-01,SC,fixed_telephony,1,214.98,20.0,5.0
2016-10-01,SC,furniture_decor,2,870.62,12.5,4.5
2016-10-01,SC,health_beauty,4,419.11,20.4,2.4
2016-10-01,SC,perfumery,1,319.09,8.0,5.0
2016-10-01,SE,computers_accessories,1,176.85,21.0,5.0
2016-10-01,SE,consoles_games,1,79.99,49.0,4.0
2016-10-01,SE,furniture_decor,1,89.08,22.0,5.0
2016-10-01,SP,(unknown),1,65.5,18.0,5.0
2016-10-01,SP,air_conditioning,2,507.69,30.7,5.0
2016-10-01,SP,audio,1,35.95,8.0,5.0
2016-10-01,SP,auto,3,394.81,21.0,3.0
2016-10-01,SP,baby,4,535.94,15.0,4.4
2016-10-01,SP,bed_bath_table,1,45.01,22.0,4.0
2016-10-01,SP,computers_accessories,3,176.52,34.0,3.33
2016-10-01,SP,consoles_games,2,1016.19,14.5,4.5
2016-10-01,SP,cool_stuff,1,237.97,7.0,5.0
2016-10-01,SP,electronics,1,119.79,12.0,5.0
2016-10-01,SP,fashion_bags_accessories,3,194.71,11.7,4.67
2016-10-01,SP,fashion_male_clothing,1,35.86,26.0,1.0
2016-10-01,SP,fashion_shoes,1,40.95,11.0,5.0
2016-10-01,SP,fixed_telephony,3,539.36,13.3,3.67
2016-10-01,SP,food,1,96.23,14.0,5.0
2016-10-01,SP,furniture_decor,17,2104.98,14.3,3.48
2016-10-01,SP,garden_tools,2,278.35,11.5,5.0
2016-10-01,SP,health_beauty,9,881.29,24.9,3.89
2016-10-01,SP,housewares,4,717.15,19.8,1.67
2016-10-01,SP,industry_commerce_and_business,1,207.22,12.0,4.0
2016-10-01,SP,market_place,2,331.63,27.0,5.0
2016-10-01,SP,office_furniture,3,380.9,34.0,1.33
2016-10-01,SP,perfumery,10,1689.8,17.5,4.64
2016-10-01,SP,pet_shop,2,531.84,29.0,4.0
2016-10-01,SP,sports_leisure,4,312.84,12.3,4.25
2016-10-01,SP,telephony,4,150.2,9.3,4.0
2016-10-01,SP,toys,6,1232.4,19.7,4.33
2016-10-01,SP,watches_gifts,2,698.85,22.5,4.5
2016-12-01,PR,fashion_bags_accessories,1,19.62,5.0,5.0
2017-01-01,AC,bed_bath_table,2,538.38,20.3,2.0
2017-01-01,AC,furniture_decor,1,184.76,19.0,2.0
2017-01-01,AL,garden_tools,1,159.94,15.0,1.0
2017-01-01,AL,telephony,1,294.42,16.0,5.0
2017-01-01,BA,auto,1,114.1,18.0,4.0
2017-01-01,BA,computers_accessories,1,50.8,9.0,5.0
2017-01-01,BA,fashion_bags_accessories,1,160.42,9.0,4.0
2017-01-01,BA,furniture_decor,3,392.66,25.3,4.25
2017-01-01,BA,garden_tools,2,251.86,10.0,4.0
2017-01-01,BA,health_beauty,4,1653.64,13.3,2.25
2017-01-01,BA,housewares,1,117.96,17.0,2.0
2017-01-01,BA,kitchen_dining_laundry_garden_furniture,1,128.2,11.0,5.0
2017-01-01,BA,office_furniture,1,137.6,16.0,5.0
2017-01-01,BA,perfumery,3,605.84,13.0,5.0
2017-01-01,BA,pet_shop,2,250.72,16.7,4.67
2017-01-01,BA,sports_leisure,1,187.49,15.0,5.0
2017-01-01,BA,toys,3,274.08,11.3,4.33
2017-01-01,CE,bed_bath_table,1,96.65,28.0,5.0
2017-01-01,CE,cool_stuff,1,242.99,9.0,5.0
2017-01-01,CE,fashion_bags_accessories,1,58.74,104.0,1.0
2017-01-01,CE,furniture_decor,2,176.51,13.5,4.0
2017-01-01,CE,health_beauty,1,149.9,14.0,4.0
2017-01-01,CE,telephony,1,54.9,10.0,4.0
2017-01-01,CE,watches_gifts,1,305.44,13.0,5.0
2017-01-01,DF,cool_stuff,2,947.95,16.0,5.0
2017-01-01,DF,fashion_bags_accessories,1,83.07,7.0,5.0
2017-01-01,DF,fashion_underwear_beach,1,102.15,16.0,1.0
2017-01-01,DF,furniture_decor,2,283.49,65.7,1.67
2017-01-01,DF,health_beauty,2,316.87,18.5,3.0
2017-01-01,DF,sports_leisure,4,348.67,12.8,4.5
2017-01-01,DF,telephony,1,22.55,11.0,1.0
2017-01-01,ES,computers_accessories,1,35.42,7.0,4.0
2017-01-01,ES,consoles_games,1,29.42,41.0,1.0
2017-01-01,ES,cool_stuff,1,203.73,6.0,5.0
2017-01-01,ES,furniture_decor,2,150.15,11.5,5.0
2017-01-01,ES,health_beauty,2,418.07,17.5,4.0
2017-01-01,ES,pet_shop,1,123.04,29.0,4.0
2017-01-01,ES,toys,1,50.95,8.0,4.0
2017-01-01,GO,(unknown),1,370.68,13.0,5.0
2017-01-01,GO,auto,1,135.3,11.0,1.0
2017-01-01,GO,baby,1,53.0,12.0,5.0
2017-01-01,GO,computers_accessories,2,402.21,23.7,5.0
2017-01-01,GO,cool_stuff,3,447.64,12.0,3.33
2017-01-01,GO,fixed_telephony,2,176.77,11.0,5.0
2017-01-01,GO,furniture_living_room,1,259.99,10.0,5.0
2017-01-01,GO,garden_tools,1,783.0,15.0,5.0
2017-01-01,GO,health_beauty,2,415.96,10.5,5.0
2017-01-01,GO,housewares,2,193.11,17.0,4.5
2017-01-01,GO,sports_leisure,1,187.68,9.0,5.0
2017-01-01,GO,watches_gifts,1,1326.79,11.0,4.0
2017-01-01,MA,auto,1,74.11,14.0,5.0
2017-01-01,MA,computers_accessories,1,38.0,13.0,5.0
2017-01-01,MA,furniture_decor,1,77.52,19.0,4.0
2017-01-01,MA,housewares,1,90.61,71.0,1.0
2017-01-01,MA,perfumery,1,336.56,19.0,5.0
2017-01-01,MA,sports_leisure,1,99.67,14.0,5.0
2017-01-01,MG,(unknown),1,194.0,8.0,5.0
2017-01-01,MG,auto,4,1206.79,9.3,4.75
2017-01-01,MG,baby,6,935.76,9.1,4.75
2017-01-01,MG,bed_bath_table,6,727.51,9.9,5.0
2017-01-01,MG,computers_accessories,3,278.61,5.7,4.33
2017-01-01,MG,consoles_games,4,629.22,19.0,4.8
2017-01-01,MG,cool_stuff,5,747.92,6.1,4.88
2017-01-01,MG,fashion_bags_accessories,3,302.42,7.0,3.25
2017-01-01,MG,fixed_telephony,1,25.51,17.0,
2017-01-01,MG,furniture_decor,20,2841.16,11.0,4.0
2017-01-01,MG,garden_tools,9,2476.98,11.4,3.11
2017-01-01,MG,health_beauty,11,1810.3,11.5,4.64
2017-01-01,MG,housewares,1,78.0,13.0,3.0
2017-01-01,MG,luggage_accessories,2,323.79,8.0,5.0
2017-01-01,MG,office_furniture,1,278.07,13.0,2.0
2017-01-01,MG,perfumery,4,734.72,14.2,5.0
2017-01-01,MG,small_appliances,2,616.72,14.0,5.0
2017-01-01,MG,sports_leisure,2,1039.15,14.0,5.0
2017-01-01,MG,stationery,2,835.69,18.2,5.0
2017-01-01,MG,telephony,4,224.38,9.6,4.14
2017-01-01,MG,toys,9,1517.47,9.4,4.22
2017-01-01,MG,watches_gifts,2,348.56,7.5,4.5
2017-01-01,MS,pet_shop,1,170.36,12.0,5.0
2017-01-01,MT,cool_stuff,1,476.34,12.0,3.0
2017-01-01,MT,fashion_bags_accessories,1,65.36,12.0,5.0
2017-01-01,MT,furniture_living_room,1,234.59,19.0,5.0
2017-01-01,MT,garden_tools,1,343.88,17.0,1.0
2017-01-01,MT,health_beauty,1,121.62,12.0,1.0
2017-01-01,MT,sports_leisure,1,317.01,14.0,1.0
2017-01-01,MT,telephony,1,36.99,19.0,3.0
2017-01-01,MT,toys,2,327.0,19.5,5.0
2017-01-01,PA,bed_bath_table,1,145.9,16.0,1.0
2017-01-01,PA,consoles_games,1,69.45,14.0,5.0
2017-01-01,PA,cool_stuff,1,139.99,10.0,5.0
2017-01-01,PA,fashion_bags_accessories,1,44.74,15.0,5.0
2017-01-01,PA,fashion_male_clothing,1,159.11,19.0,5.0
2017-01-01,PA,furniture_decor,1,84.81,27.0,5.0
2017-01-01,PA,garden_tools,1,56.6,17.0,4.0
2017-01-01,PA,market_place,1,87.83,11.0,4.0
2017-01-01,PA,toys,1,328.35,13.0,5.0
2017-01-01,PA,watches_gifts,1,406.14,10.0,5.0
2017-01-01,PB,furniture_decor,1,84.52,10.0,5.0
2017-01-01,PB,health_beauty,1,378.61,13.0,4.0
2017-01-01,PE,baby,1,195.44,13.0,5.0
2017-01-01,PE,consoles_games,1,240.89,43.0,1.0
2017-01-01,PE,cool_stuff,1,186.49,9.0,5.0
2017-01-01,PE,electronics,1,86.9,23.0,4.0
2017-01-01,PE,furniture_decor,1,169.9,19.0,5.0
2017-01-01,PE,health_beauty,1,378.61,16.0,
2017-01-01,PE,sports_leisure,2,833.87,26.0,4.5
2017-01-01,PE,telephony,1,59.83,14.0,5.0
2017-01-01,PI,agro_industry_and_commerce,1,46.34,9.0,5.0
2017-01-01,PI,baby,1,710.0,19.0,5.0
2017-01-01,PI,consoles_games,1,221.85,18.0,5.0
2017-01-01,PI,furniture_decor,1,69.94,22.0,3.0
2017-01-01,PI,health_beauty,2,266.16,11.5,5.0
2017-01-01,PI,sports_leisure,1,139.69,15.0,5.0
2017-01-01,PR,auto,5,737.8,7.7,2.83
2017-01-01,PR,baby,4,460.23,11.0,5.0
2017-01-01,PR,bed_bath_table,3,255.44,16.3,4.67
2017-01-01,PR,computers_accessories,3,166.66,8.3,3.67
2017-01-01,PR,consoles_games,1,327.9,4.0,5.0
2017-01-01,PR,cool_stuff,1,846.52,18.0,1.0
2017-01-01,PR,dvds_blu_ray,1,47.8,14.0,5.0
2017-01-01,PR,electronics,1,44.02,63.0,1.0
2017-01-01,PR,fashion_bags_accessories,10,244.48,10.3,4.9
2017-01-01,PR,furniture_bedroom,7,124.34,11.6,5.0
2017-01-01,PR,furniture_decor,3,349.54,20.3,3.33
2017-01-01,PR,garden_tools,2,605.55,8.0,4.5
2017-01-01,PR,health_beauty,5,638.47,10.3,3.67
2017-01-01,PR,home_appliances_2,1,49.98,15.0,5.0
2017-01-01,PR,music,2,37.24,11.5,5.0
2017-01-01,PR,pet_shop,6,102.72,10.5,5.0
2017-01-01,PR,small_appliances,1,117.27,6.0,5.0
2017-01-01,PR,sports_leisure,3,331.58,9.3,5.0
2017-01-01,PR,stationery,1,19.62,11.0,5.0
2017-01-01,PR,toys,1,17.62,11.0,5.0
2017-01-01,PR,watches_gifts,1,460.22,8.0,4.0
2017-01-01,RJ,(unknown),1,108.0,4.0,4.0
2017-01-01,RJ,air_conditioning,1,207.0,11.0,3.0
2017-01-01,RJ,auto,2,98.03,15.0,2.5
2017-01-01,RJ,baby,3,457.35,13.3,5.0
2017-01-01,RJ,bed_bath_table,9,823.8,14.8,4.18
2017-01-01,RJ,computers_accessories,1,113.86,7.0,5.0
2017-01-01,RJ,consoles_games,1,124.84,20.0,4.0
2017-01-01,RJ,cool_stuff,2,243.35,9.8,2.0
2017-01-01,RJ,electronics,2,128.01,16.5,2.0
2017-01-01,RJ,fashio_female_clothing,1,69.45,19.0,5.0
2017-01-01,RJ,fashion_bags_accessories,3,180.12,26.8,4.0
2017-01-01,RJ,fashion_underwear_beach,1,69.0,10.0,5.0
2017-01-01,RJ,fixed_telephony,2,50.61,7.5,4.5
2017-01-01,RJ,furniture_decor,17,2595.0,16.2,4.05
2017-01-01,RJ,furniture_living_room,4,675.67,8.4,4.6
2017-01-01,RJ,garden_tools,6,1382.55,13.1,3.71
2017-01-01,RJ,health_beauty,7,770.49,18.7,4.43
2017-01-01,RJ,home_appliances_2,1,227.9,16.0,
2017-01-01,RJ,housewares,1,383.82,12.0,5.0
2017-01-01,RJ,luggage_accessories,1,102.69,43.0,4.0
2017-01-01,RJ,office_furniture,1,224.98,18.0,1.0
2017-01-01,RJ,perfumery,5,1065.32,2.4,5.0
2017-01-01,RJ,small_appliances,1,53.46,18.0,4.0
2017-01-01,RJ,sports_leisure,7,1118.64,11.1,3.86
2017-01-01,RJ,telephony,2,205.03,11.7,4.33
2017-01-01,RJ,toys,6,571.84,9.8,4.33
2017-01-01,RJ,watches_gifts,3,2207.27,28.7,2.33
2017-01-01,RN,baby,1,182.64,7.0,5.0
2017-01-01,RN,furniture_decor,1,70.51,12.0,4.0
2017-01-01,RN,health_beauty,2,856.99,11.0,5.0
2017-01-01,RN,toys,1,157.99,10.0,5.0
2017-01-01,RO,cool_stuff,1,491.36,21.0,3.0
2017-01-01,RO,perfumery,1,125.09,45.0,2.0
2017-01-01,RO,security_and_services,1,209.06,19.0,4.0
2017-01-01,RS,(unknown),1,71.8,17.0,5.0
2017-01-01,RS,auto,3,401.95,15.0,3.0
2017-01-01,RS,baby,3,2708.05,8.3,4.67
2017-01-01,RS,bed_bath_table,2,271.05,28.0,2.0
2017-01-01,RS,computers,1,2217.99,22.0,4.0
2017-01-01,RS,computers_accessories,2,2064.7,15.0,5.0
2017-01-01,RS,cool_stuff,1,137.67,8.0,5.0
2017-01-01,RS,electronics,1,55.11,8.0,5.0
2017-01-01,RS,fashion_bags_accessories,1,75.73,11.0,5.0
2017-01-01,RS,fixed_telephony,4,261.62,11.4,4.5
2017-01-01,RS,furniture_decor,11,1227.18,11.8,3.38
2017-01-01,RS,garden_tools,3,459.76,10.8,5.0
2017-01-01,RS,health_beauty,8,1691.97,13.4,4.38
2017-01-01,RS,housewares,1,179.83,13.0,5.0
2017-01-01,RS,perfumery,3,726.83,16.0,5.0
2017-01-01,RS,sports_leisure,5,938.76,11.3,5.0
2017-01-01,RS,telephony,1,59.99,3.0,5.0
2017-01-01,RS,toys,1,84.99,26.0,5.0
2017-01-01,SC,(unknown),1,57.96,9.0,3.0
2017-01-01,SC,auto,2,274.89,15.0,4.0
2017-01-01,SC,baby,1,237.99,21.0,3.0
2017-01-01,SC,bed_bath_table,2,178.54,15.5,4.5
2017-01-01,SC,consoles_games,1,239.64,14.0,5.0
2017-01-01,SC,cool_stuff,2,942.45,10.0,2.33
2017-01-01,SC,fashion_bags_accessories,2,262.45,10.7,5.0
2017-01-01,SC,furniture_decor,4,310.29,47.6,4.0
2017-01-01,SC,garden_tools,1,256.79,9.0,5.0
2017-01-01,SC,health_beauty,1,45.52,13.0,5.0
2017-01-01,SC,home_appliances_2,2,1040.54,18.0,4.0
2017-01-01,SC,housewares,2,704.05,8.0,5.0
2017-01-01,SC,perfumery,2,197.96,14.7,5.0
2017-01-01,SC,sports_leisure,3,806.54,15.3,4.67
2017-01-01,SE,bed_bath_table,1,88.29,10.0,5.0
2017-01-01,SE,market_place,1,45.4,14.0,4.0
2017-01-01,SE,perfumery,1,80.77,14.0,5.0
2017-01-01,SE,sports_leisure,1,167.32,15.0,5.0
2017-01-01,SP,(unknown),5,996.29,10.8,3.2
2017-01-01,SP,agro_industry_and_commerce,1,61.42,8.0,4.0
2017-01-01,SP,air_conditioning,2,531.36,6.7,3.67
2017-01-01,SP,auto,8,2343.41,7.5,4.36
2017-01-01,SP,baby,10,1001.48,12.9,4.58
2017-01-01,SP,bed_bath_table,16,1639.54,11.3,4.56
2017-01-01,SP,books_general_interest,2,271.55,8.5,5.0
2017-01-01,SP,computers_accessories,10,1227.34,9.3,4.13
2017-01-01,SP,consoles_games,8,3028.52,9.2,5.0
2017-01-01,SP,cool_stuff,8,1548.62,14.1,4.0
2017-01-01,SP,electronics,6,458.39,11.7,4.67
2017-01-01,SP,fashio_female_clothing,1,33.36,15.0,3.0
2017-01-01,SP,fashion_bags_accessories,6,659.08,8.7,4.0
2017-01-01,SP,fashion_shoes,1,49.01,8.0,5.0
2017-01-01,SP,fixed_telephony,10,455.05,8.5,4.0
2017-01-01,SP,food,2,78.82,12.5,5.0
2017-01-01,SP,furniture_bedroom,1,24.42,7.0,5.0
2017-01-01,SP,furniture_decor,61,7051.34,9.3,3.83
2017-01-01,SP,furniture_living_room,2,348.97,9.7,5.0
2017-01-01,SP,garden_tools,9,1671.43,10.1,3.89
2017-01-01,SP,health_beauty,28,3515.34,10.0,4.03
2017-01-01,SP,home_appliances_2,2,713.28,11.0,5.0
2017-01-01,SP,home_comfort_2,2,95.57,8.0,4.5
2017-01-01,SP,housewares,12,1522.38,7.2,4.64
2017-01-01,SP,luggage_accessories,1,138.9,8.0,5.0
2017-01-01,SP,market_place,3,371.13,7.7,4.33
2017-01-01,SP,musical_instruments,1,357.74,13.0,4.0
2017-01-01,SP,office_furniture,3,701.13,12.8,3.6
2017-01-01,SP,perfumery,9,1780.92,12.1,4.67
2017-01-01,SP,pet_shop,2,349.55,12.3,1.67
2017-01-01,SP,small_appliances,2,1000.8,18.5,4.5
2017-01-01,SP,sports_leisure,25,4827.76,15.6,4.0
2017-01-01,SP,stationery,4,899.3,15.5,4.25
2017-01-01,SP,telephony,5,170.18,9.4,4.8
2017-01-01,SP,toys,15,1658.39,8.2,4.4
2017-01-01,SP,watches_gifts,2,3256.41,3.5,5.0
2017-01-01,TO,health_beauty,1,374.28,10.0,5.0
2017-01-01,TO,toys,1,302.58,17.0,4.0
2017-02-01,AC,computers_accessories,2,184.78,29.3,5.0
2017-02-01,AC,health_beauty,1,412.62,20.0,5.0
2017-02-01,AL,auto,1,126.71,20.0,4.0
2017-02-01,AL,cool_stuff,1,142.33,27.0,5.0
2017-02-01,AL,furniture_decor,3,495.76,28.7,5.0
2017-02-01,AL,health_beauty,3,998.71,17.7,5.0
2017-02-01,AL,market_place,1,50.7,30.0,5.0
2017-02-01,AL,stationery,1,111.01,12.0,4.0
2017-02-01,AL,telephony,2,1042.65,59.5,2.0
2017-02-01,AM,bed_bath_table,2,279.85,12.5,5.0
2017-02-01,AM,consoles_games,1,370.29,27.0,4.0
2017-02-01,AM,garden_tools,1,59.35,11.0,5.0
2017-02-01,AM,housewares,1,179.3,27.0,5.0
2017-02-01,AM,pet_shop,1,135.16,12.0,5.0
2017-02-01,AM,telephony,2,98.59,16.5,5.0
2017-02-01,AP,fixed_telephony,1,324.15,16.0,4.0
2017-02-01,AP,health_beauty,1,383.05,19.0,5.0
2017-02-01,BA,(unknown),1,239.95,24.0,5.0
2017-02-01,BA,air_conditioning,2,436.52,26.5,1.0
2017-02-01,BA,auto,4,591.56,20.0,5.0
2017-02-01,BA,baby,1,208.16,21.0,4.0
2017-02-01,BA,bed_bath_table,4,507.88,24.3,5.0
2017-02-01,BA,books_general_interest,1,142.89,47.0,5.0
2017-02-01,BA,computers_accessories,2,215.97,8.0,4.5
2017-02-01,BA,cool_stuff,3,229.23,13.7,4.33
2017-02-01,BA,electronics,1,95.98,17.0,2.0
2017-02-01,BA,fashion_bags_accessories,1,55.75,28.0,5.0
2017-02-01,BA,food,2,214.15,17.0,4.5
2017-02-01,BA,furniture_decor,5,429.57,19.2,4.2
2017-02-01,BA,furniture_living_room,1,328.82,13.0,2.0
2017-02-01,BA,garden_tools,4,659.52,25.8,4.2
2017-02-01,BA,health_beauty,5,668.84,16.2,3.4
2017-02-01,BA,housewares,1,69.9,29.0,3.0
2017-02-01,BA,luggage_accessories,1,72.71,14.0,3.0
2017-02-01,BA,office_furniture,2,371.89,25.5,3.0
2017-02-01,BA,perfumery,2,528.16,17.0,4.0
2017-02-01,BA,sports_leisure,5,544.6,13.2,3.4
2017-02-01,BA,stationery,3,640.75,53.3,4.67
2017-02-01,BA,tablets_printing_image,2,240.28,15.0,4.5
2017-02-01,BA,telephony,3,521.12,28.5,2.5
2017-02-01,BA,toys,1,141.29,15.0,5.0
2017-02-01,BA,watches_gifts,1,361.98,8.0,5.0
2017-02-01,CE,auto,1,98.44,8.0,5.0
2017-02-01,CE,books_general_interest,1,145.01,34.0,5.0
2017-02-01,CE,consoles_games,1,720.98,34.0,1.0
2017-02-01,CE,cool_stuff,1,106.81,19.0,5.0
2017-02-01,CE,food,1,167.1,8.0,5.0
2017-02-01,CE,furniture_decor,2,405.16,34.0,4.0
2017-02-01,CE,health_beauty,1,48.25,7.0,5.0
2017-02-01,CE,luggage_accessories,1,76.74,14.0,5.0
2017-02-01,CE,market_place,1,87.83,29.0,4.0
2017-02-01,CE,office_furniture,1,226.96,23.0,4.0
2017-02-01,CE,sports_leisure,1,337.42,16.0,5.0
2017-02-01,CE,telephony,1,62.83,19.0,5.0
2017-02-01,DF,auto,2,394.87,11.5,5.0
2017-02-01,DF,bed_bath_table,2,207.16,18.3,5.0
2017-02-01,DF,computers,1,3602.47,8.0,5.0
2017-02-01,DF,computers_accessories,1,3736.22,12.0,4.0
2017-02-01,DF,consoles_games,1,115.9,16.0,5.0
2017-02-01,DF,cool_stuff,3,310.54,9.0,4.33
2017-02-01,DF,fashion_bags_accessories,1,176.72,7.0,4.0
2017-02-01,DF,health_beauty,3,406.05,13.0,5.0
2017-02-01,DF,luggage_accessories,1,124.43,19.0,4.0
2017-02-01,DF,small_appliances,2,856.97,8.0,4.5
2017-02-01,DF,sports_leisure,2,229.78,14.0,4.0
2017-02-01,DF,toys,2,205.49,8.5,5.0
2017-02-01,ES,(unknown),2,180.2,13.5,4.5
2017-02-01,ES,air_conditioning,2,423.02,10.0,1.0
2017-02-01,ES,auto,1,245.68,210.0,
2017-02-01,ES,baby,1,195.42,6.0,5.0
2017-02-01,ES,bed_bath_table,1,118.88,60.0,1.0
2017-02-01,ES,computers_accessories,3,520.92,13.0,4.8
2017-02-01,ES,fashio_female_clothing,1,131.51,19.0,1.0
2017-02-01,ES,fixed_telephony,1,31.05,11.0,3.0
2017-02-01,ES,furniture_decor,3,510.66,13.2,2.6
2017-02-01,ES,housewares,2,268.39,14.0,5.0
2017-02-01,ES,office_furniture,2,367.77,15.0,3.0
2017-02-01,ES,perfumery,1,81.14,12.0,4.0
2017-02-01,ES,sports_leisure,5,831.74,15.3,4.33
2017-02-01,ES,stationery,1,109.73,9.0,5.0
2017-02-01,ES,telephony,1,49.04,15.0,5.0
2017-02-01,ES,toys,2,168.4,11.0,5.0
2017-02-01,ES,watches_gifts,2,357.16,12.0,5.0
2017-02-01,GO,agro_industry_and_commerce,1,39.77,30.0,3.0
2017-02-01,GO,auto,1,173.09,13.0,5.0
2017-02-01,GO,computers_accessories,1,348.46,7.0,5.0
2017-02-01,GO,cool_stuff,3,1091.74,13.3,5.0
2017-02-01,GO,fashion_bags_accessories,2,211.15,27.0,4.0
2017-02-01,GO,fashion_shoes,1,111.4,10.0,4.0
2017-02-01,GO,furniture_decor,1,77.65,25.0,2.0
2017-02-01,GO,health_beauty,3,211.77,11.8,5.0
2017-02-01,GO,housewares,1,52.68,181.0,1.0
2017-02-01,GO,market_place,1,27.78,12.0,5.0
2017-02-01,GO,sports_leisure,2,98.02,18.0,4.0
2017-02-01,GO,telephony,6,351.26,14.0,4.17
2017-02-01,GO,toys,1,60.77,9.0,5.0
2017-02-01,MA,bed_bath_table,1,137.14,15.0,5.0
2017-02-01,MA,cool_stuff,1,106.81,13.0,4.0
2017-02-01,MA,electronics,1,114.0,15.0,3.0
2017-02-01,MA,fashion_bags_accessories,1,80.77,19.0,5.0
2017-02-01,MA,furniture_decor,2,222.54,17.0,5.0
2017-02-01,MA,garden_tools,1,66.51,15.0,5.0
2017-02-01,MA,health_beauty,1,48.25,13.0,5.0
2017-02-01,MA,housewares,1,205.71,19.0,5.0
2017-02-01,MA,market_place,1,51.99,7.0,5.0
2017-02-01,MA,telephony,1,161.51,22.0,4.0
2017-02-01,MG,(unknown),8,1265.67,9.9,4.0
2017-02-01,MG,agro_industry_and_commerce,1,36.51,5.0,3.0
2017-02-01,MG,air_conditioning,2,418.6,21.5,2.5
2017-02-01,MG,audio,2,105.91,11.5,4.0
2017-02-01,MG,auto,13,2945.75,11.9,4.19
2017-02-01,MG,baby,4,381.73,11.3,4.75
2017-02-01,MG,bed_bath_table,27,4312.64,13.1,4.16
2017-02-01,MG,cine_photo,1,95.24,21.0,5.0
2017-02-01,MG,computers_accessories,14,921.3,14.4,3.71
2017-02-01,MG,consoles_games,5,1523.25,9.6,4.0
2017-02-01,MG,construction_tools_construction,1,171.03,7.0,5.0
2017-02-01,MG,cool_stuff,5,856.62,11.6,3.8
2017-02-01,MG,electronics,1,54.42,6.0,5.0
2017-02-01,MG,fashio_female_clothing,2,283.09,14.5,5.0
2017-02-01,MG,fashion_bags_accessories,7,519.1,7.9,4.33
2017-02-01,MG,fashion_male_clothing,2,146.06,15.0,5.0
2017-02-01,MG,fashion_underwear_beach,1,66.53,9.0,5.0
2017-02-01,MG,fixed_telephony,4,110.54,12.3,2.75
2017-02-01,MG,food,1,181.98,13.0,5.0
2017-02-01,MG,furniture_bedroom,1,501.88,7.0,5.0
2017-02-01,MG,furniture_decor,30,3495.82,14.7,4.0
2017-02-01,MG,furniture_living_room,2,603.86,14.0,4.5
2017-02-01,MG,garden_tools,6,1491.03,9.9,4.14
2017-02-01,MG,health_beauty,14,1671.18,11.7,4.57
2017-02-01,MG,home_appliances,1,129.98,9.0,5.0
2017-02-01,MG,home_appliances_2,1,30.11,6.0,5.0
2017-02-01,MG,housewares,7,487.86,12.3,4.43
2017-02-01,MG,luggage_accessories,2,197.24,6.0,4.5
2017-02-01,MG,market_place,2,185.91,15.5,5.0
2017-02-01,MG,musical_instruments,2,346.54,11.0,5.0
2017-02-01,MG,office_furniture,9,2666.52,15.8,4.07
2017-02-01,MG,perfumery,8,1662.29,11.3,4.33
2017-02-01,MG,pet_shop,6,704.2,8.0,4.67
2017-02-01,MG,small_appliances,1,69.17,13.0,5.0
2017-02-01,MG,sports_leisure,19,3104.43,13.7,4.39
2017-02-01,MG,stationery,3,197.55,7.3,3.67
2017-02-01,MG,tablets_printing_image,1,113.86,15.0,5.0
2017-02-01,MG,telephony,15,898.82,13.1,4.4
2017-02-01,MG,toys,10,972.04,9.0,3.55
2017-02-01,MG,watches_gifts,2,478.73,10.0,3.0
2017-02-01,MS,agro_industry_and_commerce,2,151.91,19.0,3.5
2017-02-01,MS,bed_bath_table,1,103.79,23.0,4.0
2017-02-01,MS,computers_accessories,1,65.64,6.0,5.0
2017-02-01,MS,electronics,2,143.74,23.0,5.0
2017-02-01,MS,fixed_telephony,1,49.04,21.0,5.0
2017-02-01,MS,housewares,1,6929.31,19.0,5.0
2017-02-01,MS,pet_shop,1,60.05,28.0,4.0
2017-02-01,MS,sports_leisure,2,407.46,21.0,5.0
2017-02-01,MT,auto,1,112.46,15.0,5.0
2017-02-01,MT,cool_stuff,2,404.88,16.0,5.0
2017-02-01,MT,furniture_decor,2,267.69,25.3,2.67
2017-02-01,MT,garden_tools,4,1724.22,21.2,3.8
2017-02-01,MT,health_beauty,1,115.7,8.0,1.0
2017-02-01,MT,market_place,1,380.75,22.0,5.0
2017-02-01,MT,pet_shop,1,259.06,16.0,5.0
2017-02-01,MT,sports_leisure,1,55.94,17.0,2.0
2017-02-01,MT,telephony,3,198.87,12.3,4.0
2017-02-01,MT,toys,1,63.79,27.0,5.0
2017-02-01,PA,(unknown),1,4042.74,5.0,5.0
2017-02-01,PA,computers_accessories,2,146.84,18.0,3.5
2017-02-01,PA,cool_stuff,1,104.87,16.0,5.0
2017-02-01,PA,furniture_decor,1,125.95,17.0,5.0
2017-02-01,PA,garden_tools,1,1094.37,31.0,5.0
2017-02-01,PA,health_beauty,4,1275.03,19.3,3.5
2017-02-01,PA,home_appliances,2,198.04,32.5,4.0
2017-02-01,PA,musical_instruments,3,449.52,12.3,4.25
2017-02-01,PA,office_furniture,1,115.11,39.0,5.0
2017-02-01,PA,perfumery,1,407.05,17.0,5.0
2017-02-01,PA,small_appliances,1,193.3,11.0,5.0
2017-02-01,PA,sports_leisure,2,276.45,18.0,5.0
2017-02-01,PA,telephony,1,306.98,21.0,5.0
2017-02-01,PA,toys,1,76.25,25.0,5.0
2017-02-01,PA,watches_gifts,2,1792.2,15.5,5.0
2017-02-01,PB,auto,1,89.52,20.0,5.0
2017-02-01,PB,bed_bath_table,1,137.14,17.0,5.0
2017-02-01,PB,cool_stuff,1,307.86,11.0,5.0
2017-02-01,PB,fashion_bags_accessories,1,74.74,14.0,5.0
2017-02-01,PB,furniture_decor,1,66.51,19.0,5.0
2017-02-01,PB,furniture_living_room,1,381.51,36.0,
2017-02-01,PB,garden_tools,1,491.68,13.0,1.0
2017-02-01,PB,health_beauty,1,378.61,26.0,4.0
2017-02-01,PB,perfumery,1,45.74,16.0,5.0
2017-02-01,PB,sports_leisure,1,134.66,41.0,4.0
2017-02-01,PB,toys,1,140.34,16.0,5.0
2017-02-01,PE,auto,1,184.32,24.0,5.0
2017-02-01,PE,computers_accessories,2,683.14,25.0,4.0
2017-02-01,PE,cool_stuff,2,746.97,18.5,4.0
2017-02-01,PE,dvds_blu_ray,1,35.7,8.0,4.0
2017-02-01,PE,fixed_telephony,1,50.3,23.0,5.0
2017-02-01,PE,food,1,29.84,35.0,1.0
2017-02-01,PE,furniture_decor,1,152.43,18.0,5.0
2017-02-01,PE,health_beauty,2,378.92,11.0,5.0
2017-02-01,PE,luggage_accessories,1,75.73,25.0,4.0
2017-02-01,PE,market_place,1,204.22,10.0,4.0
2017-02-01,PE,perfumery,1,151.26,18.0,5.0
2017-02-01,PE,pet_shop,1,120.11,35.0,1.0
2017-02-01,PE,sports_leisure,2,192.41,11.0,5.0
2017-02-01,PE,telephony,3,314.67,15.3,5.0
2017-02-01,PI,baby,1,157.94,18.0,3.0
2017-02-01,PI,computers_accessories,1,41.7,21.0,5.0
2017-02-01,PI,fashion_bags_accessories,1,93.97,11.0,5.0
2017-02-01,PI,garden_tools,1,1146.2,23.0,4.0
2017-02-01,PI,health_beauty,1,953.84,18.0,5.0
2017-02-01,PI,pet_shop,1,721.71,23.0,5.0
2017-02-01,PI,tablets_printing_image,2,248.36,16.5,3.0
2017-02-01,PI,toys,1,91.61,24.0,4.0
2017-02-01,PI,watches_gifts,1,49.74,18.0,3.0
2017-02-01,PR,auto,6,1689.6,13.4,4.5
2017-02-01,PR,baby,5,415.74,13.0,4.6
2017-02-01,PR,bed_bath_table,16,3161.22,15.6,4.43
2017-02-01,PR,computers_accessories,4,169.36,18.0,4.75
2017-02-01,PR,construction_tools_construction,1,171.03,9.0,5.0
2017-02-01,PR,cool_stuff,7,3103.72,12.7,3.86
2017-02-01,PR,electronics,1,69.75,10.0,1.0
2017-02-01,PR,fashion_bags_accessories,1,216.27,28.0,4.0
2017-02-01,PR,fashion_underwear_beach,1,39.51,27.0,5.0
2017-02-01,PR,fixed_telephony,2,69.93,9.5,4.5
2017-02-01,PR,food,1,40.16,9.0,5.0
2017-02-01,PR,furniture_decor,11,1631.24,17.3,4.0
2017-02-01,PR,furniture_living_room,1,141.12,15.0,5.0
2017-02-01,PR,garden_tools,3,663.79,11.0,4.33
2017-02-01,PR,health_beauty,10,1504.13,11.8,4.1
2017-02-01,PR,housewares,7,774.91,15.6,3.25
2017-02-01,PR,luggage_accessories,2,411.46,7.7,4.0
2017-02-01,PR,market_place,2,94.52,12.0,2.5
2017-02-01,PR,office_furniture,3,2055.91,11.7,2.0
2017-02-01,PR,perfumery,5,847.17,17.6,3.4
2017-02-01,PR,pet_shop,2,239.61,8.0,5.0
2017-02-01,PR,small_appliances,2,743.19,19.5,5.0
2017-02-01,PR,sports_leisure,7,568.19,10.4,4.75
2017-02-01,PR,telephony,7,1051.74,12.7,4.2
2017-02-01,PR,toys,4,975.14,12.0,3.75
2017-02-01,RJ,(unknown),12,1050.84,13.1,3.67
2017-02-01,RJ,agro_industry_and_commerce,2,72.2,8.0,4.5
2017-02-01,RJ,air_conditioning,1,124.97,7.0,5.0
2017-02-01,RJ,audio,1,44.01,4.0,5.0
2017-02-01,RJ,auto,11,1706.64,11.5,4.18
2017-02-01,RJ,baby,2,951.99,8.5,3.0
2017-02-01,RJ,bed_bath_table,21,2475.07,17.3,4.41
2017-02-01,RJ,books_general_interest,3,300.68,11.7,3.67
2017-02-01,RJ,computers_accessories,12,1530.1,15.7,4.73
2017-02-01,RJ,consoles_games,1,332.7,10.0,5.0
2017-02-01,RJ,construction_tools_construction,1,51.51,31.0,5.0
2017-02-01,RJ,cool_stuff,8,855.88,10.9,4.67
2017-02-01,RJ,costruction_tools_garden,1,624.68,10.0,5.0
2017-02-01,RJ,electronics,3,618.45,14.3,5.0
2017-02-01,RJ,fashion_bags_accessories,1,69.04,17.0,1.0
2017-02-01,RJ,fashion_male_clothing,2,210.71,11.5,5.0
2017-02-01,RJ,fashion_underwear_beach,3,342.06,19.4,3.4
2017-02-01,RJ,fixed_telephony,1,44.01,7.0,5.0
2017-02-01,RJ,furniture_decor,34,3992.38,12.9,4.1
2017-02-01,RJ,furniture_living_room,2,1055.48,13.7,4.0
2017-02-01,RJ,garden_tools,5,950.77,7.7,3.56
2017-02-01,RJ,health_beauty,17,3967.92,11.1,4.26
2017-02-01,RJ,home_construction,1,410.1,16.0,5.0
2017-02-01,RJ,housewares,9,919.24,9.3,3.6
2017-02-01,RJ,kitchen_dining_laundry_garden_furniture,1,46.99,17.0,5.0
2017-02-01,RJ,luggage_accessories,1,69.04,8.0,5.0
2017-02-01,RJ,musical_instruments,1,82.61,23.0,4.0
2017-02-01,RJ,office_furniture,12,2634.3,18.2,3.58
2017-02-01,RJ,perfumery,10,1862.37,6.9,4.6
2017-02-01,RJ,pet_shop,4,396.64,12.8,3.75
2017-02-01,RJ,small_appliances,6,1795.33,9.7,4.33
2017-02-01,RJ,sports_leisure,14,2354.29,10.1,4.4
2017-02-01,RJ,stationery,4,724.75,9.3,4.25
2017-02-01,RJ,tablets_printing_image,2,227.72,9.0,5.0
2017-02-01,RJ,telephony,11,1057.86,11.6,3.8
2017-02-01,RJ,toys,9,781.63,10.8,3.89
2017-02-01,RJ,watches_gifts,3,523.8,7.3,4.33
2017-02-01,RN,auto,1,34.84,36.0,5.0
2017-02-01,RN,baby,2,107.21,13.5,4.5
2017-02-01,RN,computers_accessories,1,40.74,15.0,5.0
2017-02-01,RN,furniture_decor,1,60.34,15.0,3.0
2017-02-01,RN,health_beauty,1,48.74,15.0,5.0
2017-02-01,RN,housewares,1,51.74,13.0,5.0
2017-02-01,RN,kitchen_dining_laundry_garden_furniture,1,131.34,23.0,3.0
2017-02-01,RN,toys,1,173.66,11.0,5.0
2017-02-01,RO,auto,1,34.34,16.0,5.0
2017-02-01,RO,bed_bath_table,1,101.98,22.0,2.0
2017-02-01,RO,computers_accessories,2,90.99,14.0,5.0
2017-02-01,RO,furniture_decor,2,657.86,20.0,2.25
2017-02-01,RO,health_beauty,2,686.06,21.0,5.0
2017-02-01,RO,housewares,1,96.65,23.0,4.0
2017-02-01,RO,office_furniture,1,169.99,16.0,5.0
2017-02-01,RR,computers_accessories,1,55.87,12.0,5.0
2017-02-01,RR,health_beauty,1,52.87,6.0,3.0
2017-02-01,RS,(unknown),2,185.26,34.9,1.43
2017-02-01,RS,audio,2,97.93,22.5,2.0
2017-02-01,RS,auto,3,260.33,10.7,4.67
2017-02-01,RS,baby,1,60.96,4.0,5.0
2017-02-01,RS,bed_bath_table,6,655.96,18.3,4.17
2017-02-01,RS,books_general_interest,1,166.0,19.0,5.0
2017-02-01,RS,computers_accessories,5,363.92,8.6,4.4
2017-02-01,RS,consoles_games,2,590.54,11.5,4.5
2017-02-01,RS,construction_tools_safety,1,396.86,12.0,5.0
2017-02-01,RS,cool_stuff,5,958.23,15.4,4.4
2017-02-01,RS,electronics,1,184.35,13.0,5.0
2017-02-01,RS,fashion_bags_accessories,1,100.91,12.0,5.0
2017-02-01,RS,fixed_telephony,2,172.63,14.0,5.0
2017-02-01,RS,furniture_decor,13,1121.87,13.4,3.67
2017-02-01,RS,furniture_living_room,1,174.08,25.0,4.0
2017-02-01,RS,garden_tools,5,963.44,15.7,4.67
2017-02-01,RS,health_beauty,7,2237.43,17.6,3.43
2017-02-01,RS,housewares,2,314.47,8.7,5.0
2017-02-01,RS,luggage_accessories,4,497.94,12.0,4.5
2017-02-01,RS,market_place,1,79.04,16.0,2.0
2017-02-01,RS,office_furniture,2,427.18,27.0,5.0
2017-02-01,RS,perfumery,4,561.48,19.0,4.8
2017-02-01,RS,pet_shop,4,325.74,13.0,4.75
2017-02-01,RS,small_appliances,3,780.54,13.5,5.0
2017-02-01,RS,sports_leisure,7,796.65,13.6,4.0
2017-02-01,RS,stationery,1,110.98,12.0,5.0
2017-02-01,RS,telephony,8,467.41,12.9,5.0
2017-02-01,RS,toys,3,1559.06,25.3,4.0
2017-02-01,RS,watches_gifts,3,2780.26,9.7,5.0
2017-02-01,SC,auto,2,58.67,15.0,4.5
2017-02-01,SC,baby,1,39.46,33.0,
2017-02-01,SC,bed_bath_table,1,34.52,9.0,5.0
2017-02-01,SC,consoles_games,2,132.11,16.0,3.5
2017-02-01,SC,cool_stuff,2,233.24,22.0,4.5
2017-02-01,SC,electronics,1,108.84,10.0,3.0
2017-02-01,SC,fashion_bags_accessories,3,399.57,15.8,4.0
2017-02-01,SC,furniture_decor,6,547.69,18.3,4.29
2017-02-01,SC,garden_tools,2,158.21,15.5,5.0
2017-02-01,SC,health_beauty,4,1068.44,14.5,4.5
2017-02-01,SC,home_appliances,1,174.28,24.0,1.0
2017-02-01,SC,home_confort,1,245.78,18.0,1.0
2017-02-01,SC,housewares,1,88.84,12.0,4.0
2017-02-01,SC,industry_commerce_and_business,1,134.94,11.0,5.0
2017-02-01,SC,market_place,1,95.72,7.0,4.0
2017-02-01,SC,office_furniture,1,104.79,21.0,3.0
2017-02-01,SC,perfumery,3,882.12,16.7,4.33
2017-02-01,SC,pet_shop,5,512.44,13.6,5.0
2017-02-01,SC,small_appliances,1,32.77,8.0,5.0
2017-02-01,SC,sports_leisure,9,1208.61,11.9,2.9
2017-02-01,SC,telephony,5,314.46,20.6,3.75
2017-02-01,SC,toys,3,194.41,15.3,3.67
2017-02-01,SC,watches_gifts,1,335.77,23.0,4.0
2017-02-01,SE,(unknown),1,152.47,13.0,5.0
2017-02-01,SE,computers_accessories,2,89.48,18.5,4.5
2017-02-01,SE,consoles_games,1,70.84,26.0,4.0
2017-02-01,SE,furniture_decor,1,196.75,21.0,1.0
2017-02-01,SE,furniture_living_room,1,1047.32,18.0,5.0
2017-02-01,SE,health_beauty,2,299.14,16.0,4.0
2017-02-01,SE,pet_shop,1,134.77,25.0,5.0
2017-02-01,SE,sports_leisure,1,186.54,15.0,5.0
2017-02-01,SE,telephony,1,40.39,25.0,2.0
2017-02-01,SE,toys,1,187.28,14.0,5.0
2017-02-01,SP,(unknown),23,2427.21,8.4,4.58
2017-02-01,SP,agro_industry_and_commerce,1,30.71,4.0,5.0
2017-02-01,SP,air_conditioning,4,1285.23,7.8,4.0
2017-02-01,SP,auto,24,5434.96,13.1,4.19
2017-02-01,SP,baby,13,923.95,6.9,4.46
2017-02-01,SP,bed_bath_table,56,7261.64,11.0,4.32
2017-02-01,SP,books_general_interest,2,195.44,8.0,4.5
2017-02-01,SP,books_technical,1,182.4,8.0,4.0
2017-02-01,SP,computers_accessories,36,3809.28,10.7,3.65
2017-02-01,SP,consoles_games,4,781.35,9.3,4.75
2017-02-01,SP,cool_stuff,22,4248.18,8.8,4.23
2017-02-01,SP,electronics,3,165.97,10.0,4.33
2017-02-01,SP,fashion_bags_accessories,12,795.38,9.8,4.58
2017-02-01,SP,fashion_male_clothing,2,288.22,10.0,4.0
2017-02-01,SP,fashion_shoes,1,45.97,9.0,5.0
2017-02-01,SP,fashion_underwear_beach,1,59.73,5.0,5.0
2017-02-01,SP,fixed_telephony,4,244.47,11.0,4.5
2017-02-01,SP,food,2,242.02,10.5,4.5
2017-02-01,SP,furniture_decor,93,10576.21,11.1,3.92
2017-02-01,SP,furniture_living_room,3,640.55,5.4,3.4
2017-02-01,SP,garden_tools,26,3721.84,9.2,4.07
2017-02-01,SP,health_beauty,58,7362.77,10.2,4.31
2017-02-01,SP,home_appliances,3,353.1,10.7,5.0
2017-02-01,SP,home_confort,2,225.49,9.0,4.0
2017-02-01,SP,home_construction,2,354.47,12.0,5.0
2017-02-01,SP,housewares,26,2172.34,9.8,4.2
2017-02-01,SP,luggage_accessories,6,561.36,7.7,5.0
2017-02-01,SP,market_place,5,683.99,8.0,4.43
2017-02-01,SP,musical_instruments,2,1622.44,8.5,4.5
2017-02-01,SP,office_furniture,17,3497.28,14.1,3.63
2017-02-01,SP,perfumery,11,1796.26,11.5,4.18
2017-02-01,SP,pet_shop,9,705.58,8.0,4.0
2017-02-01,SP,small_appliances,9,3550.98,9.8,4.6
2017-02-01,SP,sports_leisure,52,7004.95,8.8,4.45
2017-02-01,SP,stationery,6,751.26,8.3,5.0
2017-02-01,SP,tablets_printing_image,1,110.3,7.0,4.0
2017-02-01,SP,telephony,25,1431.44,10.0,4.41
2017-02-01,SP,toys,20,4742.45,8.5,4.78
2017-02-01,SP,watches_gifts,17,4844.56,8.8,4.33
2017-02-01,TO,auto,1,165.71,14.0,3.0
2017-02-01,TO,cool_stuff,1,139.07,8.0,5.0
2017-02-01,TO,fixed_telephony,1,28.77,24.0,5.0
2017-02-01,TO,furniture_decor,1,198.46,17.0,4.0
2017-02-01,TO,office_furniture,1,219.79,24.0,5.0
2017-02-01,TO,sports_leisure,2,187.75,13.5,4.0
2017-03-01,AC,perfumery,1,81.88,18.0,4.0
2017-03-01,AC,stationery,1,448.3,22.0,5.0
2017-03-01,AL,audio,1,99.6,53.0,1.0
2017-03-01,AL,auto,1,157.7,15.0,5.0
2017-03-01,AL,consoles_games,1,220.35,18.0,5.0
2017-03-01,AL,fashion_shoes,1,227.57,16.0,5.0
2017-03-01,AL,garden_tools,1,68.74,49.0,1.0
2017-03-01,AL,perfumery,1,220.74,27.0,5.0
2017-03-01,AL,stationery,1,170.49,17.0,5.0
2017-03-01,AL,telephony,1,126.18,17.0,4.0
2017-03-01,AL,toys,2,130.13,12.5,5.0
2017-03-01,AM,baby,1,177.21,24.0,5.0
2017-03-01,AM,cool_stuff,1,126.86,40.0,5.0
2017-03-01,AM,perfumery,1,80.95,36.0,5.0
2017-03-01,AM,toys,1,222.86,26.0,5.0
2017-03-01,AM,watches_gifts,1,185.51,22.0,5.0
2017-03-01,AP,cool_stuff,1,100.02,44.0,4.0
2017-03-01,AP,fixed_telephony,1,57.83,5.0,5.0
2017-03-01,AP,furniture_decor,1,255.04,187.0,5.0
2017-03-01,BA,(unknown),1,114.88,16.0,
2017-03-01,BA,air_conditioning,1,82.25,11.0,5.0
2017-03-01,BA,auto,4,1992.12,13.8,3.75
2017-03-01,BA,bed_bath_table,3,454.48,19.0,3.33
2017-03-01,BA,books_general_interest,1,136.26,14.0,5.0
2017-03-01,BA,computers_accessories,4,320.87,17.8,3.5
2017-03-01,BA,consoles_games,1,716.65,37.0,
2017-03-01,BA,cool_stuff,2,713.06,23.5,5.0
2017-03-01,BA,fashion_bags_accessories,5,540.84,18.7,4.33
2017-03-01,BA,fixed_telephony,1,645.68,19.0,2.0
2017-03-01,BA,food,2,223.93,19.5,5.0
2017-03-01,BA,furniture_decor,7,907.58,16.5,4.75
2017-03-01,BA,garden_tools,4,2130.86,19.8,4.25
2017-03-01,BA,health_beauty,12,1928.12,22.4,3.43
2017-03-01,BA,home_appliances,1,89.6,9.0,5.0
2017-03-01,BA,home_confort,1,25.25,71.0,1.0
2017-03-01,BA,housewares,6,985.93,17.7,4.55
2017-03-01,BA,luggage_accessories,1,360.81,72.0,5.0
2017-03-01,BA,musical_instruments,2,402.43,32.0,1.5
2017-03-01,BA,office_furniture,1,258.44,20.0,4.0
2017-03-01,BA,perfumery,5,1190.4,16.0,4.4
2017-03-01,BA,small_appliances,1,131.12,13.0,5.0
2017-03-01,BA,sports_leisure,7,1795.26,16.7,4.0
2017-03-01,BA,telephony,9,986.09,18.3,3.2
2017-03-01,BA,toys,2,314.48,50.5,4.5
2017-03-01,BA,watches_gifts,3,866.86,12.7,3.0
2017-03-01,CE,(unknown),2,221.83,47.0,1.0
2017-03-01,CE,bed_bath_table,1,115.02,47.0,1.0
2017-03-01,CE,computers_accessories,2,95.54,30.5,4.0
2017-03-01,CE,consoles_games,4,1840.28,27.0,3.25
2017-03-01,CE,health_beauty,2,1036.74,45.0,1.5
2017-03-01,CE,home_confort,1,115.02,47.0,1.0
2017-03-01,CE,housewares,1,36.79,30.0,3.0
2017-03-01,CE,office_furniture,2,439.92,21.5,3.0
2017-03-01,CE,perfumery,2,673.19,36.5,2.0
2017-03-01,CE,small_appliances,2,439.03,16.5,5.0
2017-03-01,CE,sports_leisure,4,352.0,24.0,3.25
2017-03-01,CE,telephony,1,49.84,16.0,4.0
2017-03-01,CE,toys,1,280.68,20.0,5.0
2017-03-01,CE,watches_gifts,2,1462.96,22.0,3.5
2017-03-01,DF,(unknown),1,34.09,19.0,1.0
2017-03-01,DF,art,2,74.64,13.5,4.5
2017-03-01,DF,auto,1,443.17,7.0,5.0
2017-03-01,DF,baby,1,82.86,5.0,5.0
2017-03-01,DF,bed_bath_table,7,1389.18,13.6,4.33
2017-03-01,DF,computers_accessories,4,369.64,14.0,4.0
2017-03-01,DF,cool_stuff,1,117.12,6.0,4.0
2017-03-01,DF,fashion_bags_accessories,1,80.75,11.0,5.0
2017-03-01,DF,furniture_decor,8,750.49,11.3,4.75
2017-03-01,DF,furniture_living_room,1,153.8,15.0,5.0
2017-03-01,DF,health_beauty,2,197.8,8.0,5.0
2017-03-01,DF,home_confort,1,102.18,11.0,4.0
2017-03-01,DF,home_construction,1,157.4,19.0,3.0
2017-03-01,DF,housewares,5,557.2,13.1,3.73
2017-03-01,DF,musical_instruments,1,20.95,14.0,1.0
2017-03-01,DF,perfumery,1,136.83,11.0,3.0
2017-03-01,DF,small_appliances,2,2424.23,22.0,5.0
2017-03-01,DF,sports_leisure,5,712.12,9.2,4.8
2017-03-01,DF,stationery,2,240.13,9.0,4.5
2017-03-01,DF,telephony,3,111.85,9.0,5.0
2017-03-01,DF,toys,2,135.15,10.5,5.0
2017-03-01,DF,watches_gifts,3,229.77,13.0,4.67
2017-03-01,ES,air_conditioning,1,111.37,8.0,4.0
2017-03-01,ES,audio,1,95.25,5.0,5.0
2017-03-01,ES,auto,1,86.18,6.0,5.0
2017-03-01,ES,bed_bath_table,2,193.46,12.0,5.0
2017-03-01,ES,books_general_interest,2,696.64,8.4,4.2
2017-03-01,ES,computers_accessories,2,93.37,7.0,4.5
2017-03-01,ES,cool_stuff,3,627.47,8.3,4.67
2017-03-01,ES,fashion_bags_accessories,1,75.11,11.0,4.0
2017-03-01,ES,fixed_telephony,1,84.56,14.0,1.0
2017-03-01,ES,food,1,181.98,11.0,4.0
2017-03-01,ES,furniture_decor,3,259.12,11.3,4.67
2017-03-01,ES,furniture_living_room,2,358.04,10.0,4.0
2017-03-01,ES,health_beauty,2,172.73,8.0,4.5
2017-03-01,ES,housewares,3,272.09,10.3,3.33
2017-03-01,ES,kitchen_dining_laundry_garden_furniture,1,66.94,6.0,5.0
2017-03-01,ES,market_place,2,200.35,7.0,4.5
2017-03-01,ES,office_furniture,2,317.06,21.0,5.0
2017-03-01,ES,perfumery,1,151.13,8.0,3.0
2017-03-01,ES,pet_shop,1,105.79,3.0,5.0
2017-03-01,ES,sports_leisure,5,656.39,7.8,4.6
2017-03-01,ES,telephony,4,180.58,10.8,4.75
2017-03-01,ES,toys,4,525.16,9.0,4.6
2017-03-01,ES,watches_gifts,2,420.04,15.5,4.5
2017-03-01,GO,(unknown),1,142.77,6.0,5.0
2017-03-01,GO,art,1,136.8,28.0,5.0
2017-03-01,GO,audio,1,52.77,12.0,1.0
2017-03-01,GO,auto,1,1239.94,5.0,5.0
2017-03-01,GO,bed_bath_table,4,433.86,13.0,4.75
2017-03-01,GO,books_general_interest,1,136.26,16.0,4.0
2017-03-01,GO,computers_accessories,3,123.31,10.3,3.67
2017-03-01,GO,cool_stuff,4,554.12,15.3,5.0
2017-03-01,GO,drinks,1,214.09,20.0,1.0
2017-03-01,GO,fashion_bags_accessories,3,272.05,14.7,4.67
2017-03-01,GO,fashion_shoes,1,319.51,13.0,4.0
2017-03-01,GO,furniture_decor,4,851.17,14.8,3.5
2017-03-01,GO,furniture_living_room,1,151.74,23.0,5.0
2017-03-01,GO,garden_tools,4,2540.59,16.0,3.71
2017-03-01,GO,health_beauty,4,573.03,13.8,4.25
2017-03-01,GO,housewares,2,218.39,14.5,5.0
2017-03-01,GO,luggage_accessories,1,145.71,12.0,3.0
2017-03-01,GO,office_furniture,1,166.7,20.0,5.0
2017-03-01,GO,perfumery,2,367.36,9.7,2.33
2017-03-01,GO,pet_shop,1,145.48,23.0,3.0
2017-03-01,GO,telephony,5,399.22,14.2,3.0
2017-03-01,GO,watches_gifts,1,514.16,17.0,5.0
2017-03-01,MA,(unknown),1,123.83,16.0,1.0
2017-03-01,MA,auto,1,49.55,58.0,1.0
2017-03-01,MA,bed_bath_table,1,139.6,24.0,4.0
2017-03-01,MA,computers_accessories,6,779.7,24.2,3.67
2017-03-01,MA,furniture_decor,1,155.36,14.0,1.0
2017-03-01,MA,housewares,1,208.05,41.0,5.0
2017-03-01,MA,musical_instruments,1,106.08,16.0,1.0
2017-03-01,MA,perfumery,3,327.52,20.5,4.5
2017-03-01,MA,sports_leisure,1,139.69,25.0,5.0
2017-03-01,MA,stationery,1,126.34,14.0,4.0
2017-03-01,MA,telephony,5,423.86,22.3,3.0
2017-03-01,MA,toys,1,142.57,17.0,5.0
2017-03-01,MG,(unknown),9,800.32,15.1,3.5
2017-03-01,MG,air_conditioning,1,889.8,3.0,5.0
2017-03-01,MG,audio,1,187.44,12.0,4.0
2017-03-01,MG,auto,10,2714.84,13.8,4.75
2017-03-01,MG,baby,4,416.17,9.0,3.5
2017-03-01,MG,bed_bath_table,37,4996.68,13.4,3.85
2017-03-01,MG,books_general_interest,3,357.01,13.3,5.0
2017-03-01,MG,computers_accessories,17,4330.92,10.2,4.44
2017-03-01,MG,consoles_games,5,817.01,13.2,4.0
2017-03-01,MG,cool_stuff,14,1934.17,9.6,4.64
2017-03-01,MG,electronics,5,788.83,14.6,4.2
2017-03-01,MG,fashion_bags_accessories,9,547.77,8.0,4.75
2017-03-01,MG,fashion_male_clothing,1,119.3,14.0,1.0
2017-03-01,MG,food,3,435.05,5.3,4.33
2017-03-01,MG,food_drink,1,34.42,6.0,5.0
2017-03-01,MG,furniture_decor,34,4040.85,11.0,4.14
2017-03-01,MG,furniture_living_room,5,1439.77,18.5,3.25
2017-03-01,MG,garden_tools,19,2505.0,9.0,3.57
2017-03-01,MG,health_beauty,30,3369.85,9.1,4.89
2017-03-01,MG,home_appliances,2,101.43,12.5,4.0
2017-03-01,MG,home_appliances_2,1,535.9,188.0,3.0
2017-03-01,MG,home_confort,5,946.72,13.0,4.6
2017-03-01,MG,home_construction,1,162.1,21.0,1.0
2017-03-01,MG,housewares,20,1813.96,10.8,4.48
2017-03-01,MG,luggage_accessories,10,2099.29,7.2,4.7
2017-03-01,MG,market_place,2,261.01,12.5,4.5
2017-03-01,MG,musical_instruments,1,32.51,7.0,5.0
2017-03-01,MG,office_furniture,10,1922.91,13.9,3.43
2017-03-01,MG,perfumery,11,2008.71,10.0,4.64
2017-03-01,MG,pet_shop,5,553.51,9.4,5.0
2017-03-01,MG,sports_leisure,23,2793.28,11.0,4.56
2017-03-01,MG,stationery,9,895.54,9.8,4.4
2017-03-01,MG,telephony,19,1080.87,10.6,4.47
2017-03-01,MG,toys,9,1040.89,14.4,4.44
2017-03-01,MG,watches_gifts,7,1569.55,10.3,4.43
2017-03-01,MS,books_general_interest,1,131.51,21.0,4.0
2017-03-01,MS,computers_accessories,2,3257.33,13.0,5.0
2017-03-01,MS,consoles_games,1,76.11,11.0,5.0
2017-03-01,MS,cool_stuff,3,1723.79,12.7,5.0
2017-03-01,MS,dvds_blu_ray,1,427.16,11.0,1.0
2017-03-01,MS,fashion_shoes,1,221.42,19.0,5.0
2017-03-01,MS,furniture_decor,1,68.1,19.0,4.0
2017-03-01,MS,garden_tools,2,130.12,9.0,4.0
2017-03-01,MS,health_beauty,1,81.14,9.0,4.0
2017-03-01,MS,housewares,1,42.95,18.0,4.0
2017-03-01,MS,sports_leisure,2,619.21,7.4,5.0
2017-03-01,MS,telephony,1,34.64,14.0,5.0
2017-03-01,MS,toys,2,179.42,11.0,4.5
2017-03-01,MT,computers_accessories,2,151.86,32.0,3.67
2017-03-01,MT,cool_stuff,1,52.18,47.0,1.0
2017-03-01,MT,electronics,2,136.54,22.0,4.0
2017-03-01,MT,food,1,375.82,30.0,5.0
2017-03-01,MT,furniture_decor,2,423.41,14.7,1.33
2017-03-01,MT,health_beauty,1,120.04,29.0,5.0
2017-03-01,MT,housewares,2,493.9,26.8,3.2
2017-03-01,MT,luggage_accessories,1,191.82,10.0,5.0
2017-03-01,MT,market_place,1,112.49,23.0,4.0
2017-03-01,MT,office_furniture,1,148.33,73.0,2.0
2017-03-01,MT,sports_leisure,1,439.77,37.0,1.0
2017-03-01,MT,telephony,1,56.39,27.0,5.0
2017-03-01,PA,auto,2,1011.55,15.3,2.0
2017-03-01,PA,baby,1,170.57,9.0,5.0
2017-03-01,PA,bed_bath_table,2,342.68,30.5,2.0
2017-03-01,PA,computers_accessories,4,1436.86,18.7,4.5
2017-03-01,PA,consoles_games,1,185.02,196.0,1.0
2017-03-01,PA,cool_stuff,1,190.54,21.0,3.0
2017-03-01,PA,electronics,1,51.83,12.0,4.0
2017-03-01,PA,fashion_bags_accessories,1,83.9,5.0,4.0
2017-03-01,PA,furniture_decor,2,629.82,12.6,1.4
2017-03-01,PA,garden_tools,2,1645.87,23.0,5.0
2017-03-01,PA,health_beauty,3,227.47,31.3,2.67
2017-03-01,PA,office_furniture,2,473.77,37.0,4.5
2017-03-01,PA,perfumery,1,94.88,16.0,5.0
2017-03-01,PA,pet_shop,1,159.74,19.0,5.0
2017-03-01,PA,small_appliances,1,754.56,25.0,5.0
2017-03-01,PA,sports_leisure,1,336.9,17.0,3.0
2017-03-01,PA,stationery,2,179.2,16.5,4.0
2017-03-01,PA,tablets_printing_image,1,124.18,10.0,4.0
2017-03-01,PA,telephony,3,488.25,24.0,2.33
2017-03-01,PA,toys,2,405.76,17.5,4.0
2017-03-01,PA,watches_gifts,1,79.39,9.0,5.0
2017-03-01,PB,(unknown),1,189.62,8.0,5.0
2017-03-01,PB,bed_bath_table,2,366.6,10.0,5.0
2017-03-01,PB,consoles_games,1,83.9,13.0,5.0
2017-03-01,PB,electronics,1,54.34,16.0,5.0
2017-03-01,PB,furniture_decor,1,298.55,26.0,5.0
2017-03-01,PB,garden_tools,2,2384.73,24.5,4.5
2017-03-01,PB,health_beauty,2,769.4,25.5,3.0
2017-03-01,PB,housewares,1,49.25,7.0,5.0
2017-03-01,PB,office_furniture,1,155.0,28.0,1.0
2017-03-01,PB,perfumery,3,600.43,15.3,5.0
2017-03-01,PB,stationery,1,99.32,17.0,4.0
2017-03-01,PE,audio,2,288.12,14.5,5.0
2017-03-01,PE,auto,1,179.48,22.0,5.0
2017-03-01,PE,baby,1,93.48,17.0,5.0
2017-03-01,PE,bed_bath_table,2,226.62,18.0,3.5
2017-03-01,PE,computers_accessories,1,94.88,18.0,5.0
2017-03-01,PE,consoles_games,1,720.98,20.0,5.0
2017-03-01,PE,cool_stuff,1,89.53,26.0,4.0
2017-03-01,PE,electronics,2,264.55,27.0,4.25
2017-03-01,PE,food,1,29.84,13.0,5.0
2017-03-01,PE,furniture_decor,3,462.08,19.5,3.75
2017-03-01,PE,garden_tools,3,642.93,15.8,4.75
2017-03-01,PE,health_beauty,4,1228.48,17.8,4.0
2017-03-01,PE,housewares,1,35.79,12.0,5.0
2017-03-01,PE,luggage_accessories,1,385.61,24.0,5.0
2017-03-01,PE,perfumery,1,169.92,12.0,5.0
2017-03-01,PE,sports_leisure,3,458.9,14.3,4.33
2017-03-01,PE,stationery,1,128.62,23.0,4.0
2017-03-01,PE,tablets_printing_image,1,124.18,14.0,5.0
2017-03-01,PE,telephony,2,169.8,10.7,4.67
2017-03-01,PE,toys,4,769.42,13.0,4.75
2017-03-01,PI,(unknown),1,53.84,35.0,4.0
2017-03-01,PI,audio,1,217.59,20.0,5.0
2017-03-01,PI,bed_bath_table,2,539.85,35.0,2.0
2017-03-01,PI,cool_stuff,2,645.84,17.5,5.0
2017-03-01,PI,fashion_bags_accessories,2,135.64,12.0,3.5
2017-03-01,PI,garden_tools,1,64.74,15.0,5.0
2017-03-01,PI,health_beauty,1,95.57,11.0,4.0
2017-03-01,PI,office_furniture,1,345.15,195.0,4.0
2017-03-01,PI,sports_leisure,1,279.38,20.0,5.0
2017-03-01,PI,watches_gifts,1,259.15,194.0,4.0
2017-03-01,PR,(unknown),2,152.27,8.5,4.5
2017-03-01,PR,agro_industry_and_commerce,1,74.17,12.0,1.0
2017-03-01,PR,air_conditioning,1,187.24,12.0,5.0
2017-03-01,PR,baby,2,120.73,10.0,5.0
2017-03-01,PR,bed_bath_table,7,736.46,10.4,4.29
2017-03-01,PR,books_general_interest,2,194.78,11.0,5.0
2017-03-01,PR,computers_accessories,8,1561.8,9.0,3.2
2017-03-01,PR,consoles_games,1,155.67,7.0,5.0
2017-03-01,PR,cool_stuff,12,3232.93,13.2,4.23
2017-03-01,PR,electronics,2,830.37,11.3,4.0
2017-03-01,PR,fashion_bags_accessories,6,592.56,10.4,3.43
2017-03-01,PR,fashion_male_clothing,2,108.26,12.3,5.0
2017-03-01,PR,fashion_shoes,2,255.99,9.0,5.0
2017-03-01,PR,food,1,35.04,8.0,5.0
2017-03-01,PR,furniture_decor,12,1342.14,17.1,4.24
2017-03-01,PR,furniture_living_room,1,367.76,12.0,5.0
2017-03-01,PR,garden_tools,4,304.69,11.8,5.0
2017-03-01,PR,health_beauty,9,1143.96,9.0,4.56
2017-03-01,PR,home_appliances,1,41.52,10.0,5.0
2017-03-01,PR,housewares,5,359.0,13.2,4.4
2017-03-01,PR,office_furniture,2,348.11,21.0,5.0
2017-03-01,PR,perfumery,5,697.32,14.4,3.8
2017-03-01,PR,pet_shop,2,897.48,13.0,4.0
2017-03-01,PR,small_appliances,2,250.33,12.5,5.0
2017-03-01,PR,sports_leisure,11,1261.37,10.5,4.73
2017-03-01,PR,stationery,4,386.75,11.8,4.75
2017-03-01,PR,telephony,9,410.36,9.2,3.2
2017-03-01,PR,toys,4,309.66,9.5,4.75
2017-03-01,PR,watches_gifts,2,617.48,8.0,4.5
2017-03-01,RJ,(unknown),2,361.79,6.5,5.0
2017-03-01,RJ,agro_industry_and_commerce,1,36.52,7.0,3.0
2017-03-01,RJ,air_conditioning,2,1256.09,7.0,4.5
2017-03-01,RJ,audio,1,79.57,4.0,1.0
2017-03-01,RJ,auto,6,1167.57,16.5,4.17
2017-03-01,RJ,baby,11,946.72,8.8,4.82
2017-03-01,RJ,bed_bath_table,35,4320.65,12.4,4.09
2017-03-01,RJ,books_general_interest,3,305.7,10.3,4.67
2017-03-01,RJ,books_technical,1,47.78,11.0,5.0
2017-03-01,RJ,computers_accessories,24,5136.86,10.3,4.23
2017-03-01,RJ,consoles_games,9,1261.7,10.7,3.89
2017-03-01,RJ,cool_stuff,17,2659.48,9.9,4.35
2017-03-01,RJ,electronics,5,963.71,10.4,4.4
2017-03-01,RJ,fashion_bags_accessories,13,1076.39,9.1,4.77
2017-03-01,RJ,fashion_male_clothing,1,82.19,8.0,2.0
2017-03-01,RJ,fashion_shoes,1,48.95,13.0,4.0
2017-03-01,RJ,fashion_sport,1,54.01,10.0,5.0
2017-03-01,RJ,fashion_underwear_beach,2,105.22,14.5,3.0
2017-03-01,RJ,fixed_telephony,1,74.59,8.0,5.0
2017-03-01,RJ,food,1,192.41,9.0,5.0
2017-03-01,RJ,furniture_decor,35,4509.14,11.2,3.89
2017-03-01,RJ,furniture_living_room,2,366.59,10.5,4.5
2017-03-01,RJ,garden_tools,19,3169.87,9.8,3.82
2017-03-01,RJ,health_beauty,26,4423.44,11.1,4.25
2017-03-01,RJ,home_confort,1,541.23,10.0,4.0
2017-03-01,RJ,home_construction,1,154.26,10.0,5.0
2017-03-01,RJ,housewares,27,3114.17,15.2,4.31
2017-03-01,RJ,industry_commerce_and_business,1,142.12,10.0,3.0
2017-03-01,RJ,kitchen_dining_laundry_garden_furniture,2,102.11,9.5,3.5
2017-03-01,RJ,luggage_accessories,5,736.42,5.0,4.43
2017-03-01,RJ,market_place,1,77.51,9.0,5.0
2017-03-01,RJ,music,1,42.51,8.0,5.0
2017-03-01,RJ,musical_instruments,1,513.51,11.0,5.0
2017-03-01,RJ,office_furniture,9,1917.69,16.3,2.9
2017-03-01,RJ,perfumery,20,3514.32,7.7,3.45
2017-03-01,RJ,pet_shop,6,3086.04,9.0,4.67
2017-03-01,RJ,small_appliances,4,1461.19,14.8,4.0
2017-03-01,RJ,sports_leisure,19,3421.99,8.8,3.52
2017-03-01,RJ,stationery,8,981.5,6.6,5.0
2017-03-01,RJ,tablets_printing_image,1,113.86,41.0,1.0
2017-03-01,RJ,telephony,18,1277.54,9.6,3.45
2017-03-01,RJ,toys,14,2423.29,9.0,4.57
2017-03-01,RJ,watches_gifts,16,5670.48,9.1,4.31
2017-03-01,RN,auto,1,179.48,39.0,1.0
2017-03-01,RN,cool_stuff,1,250.46,10.0,5.0
2017-03-01,RN,furniture_decor,2,177.61,32.0,2.5
2017-03-01,RN,garden_tools,1,164.84,11.0,5.0
2017-03-01,RN,health_beauty,2,423.44,15.0,5.0
2017-03-01,RN,home_confort,1,115.02,174.0,3.0
2017-03-01,RN,housewares,1,72.6,11.0,5.0
2017-03-01,RN,perfumery,1,224.78,16.0,5.0
2017-03-01,RN,telephony,1,169.39,15.0,5.0
2017-03-01,RN,toys,1,67.83,22.0,5.0
2017-03-01,RN,watches_gifts,1,259.15,22.0,5.0
2017-03-01,RO,(unknown),1,103.68,11.0,5.0
2017-03-01,RO,bed_bath_table,3,478.71,19.0,3.67
2017-03-01,RO,computers_accessories,1,264.2,42.0,2.0
2017-03-01,RO,electronics,1,54.74,14.0,1.0
2017-03-01,RO,garden_tools,1,64.74,14.0,4.0
2017-03-01,RO,perfumery,1,340.59,15.0,5.0
2017-03-01,RO,pet_shop,1,121.15,31.0,1.0
2017-03-01,RO,sports_leisure,1,373.55,33.0,5.0
2017-03-01,RO,stationery,2,404.16,15.0,4.0
2017-03-01,RO,telephony,1,43.83,39.0,4.0
2017-03-01,RO,toys,3,274.33,20.0,5.0
2017-03-01,RR,sports_leisure,1,266.85,172.0,5.0
2017-03-01,RR,telephony,1,63.96,33.0,3.0
2017-03-01,RS,(unknown),2,398.99,11.5,4.5
2017-03-01,RS,air_conditioning,1,151.06,8.0,5.0
2017-03-01,RS,auto,3,376.66,20.7,4.0
2017-03-01,RS,baby,6,826.57,9.5,4.17
2017-03-01,RS,bed_bath_table,14,1236.62,17.6,3.73
2017-03-01,RS,computers_accessories,4,521.24,8.0,3.8
2017-03-01,RS,consoles_games,1,30.86,5.0,5.0
2017-03-01,RS,cool_stuff,13,2504.31,12.2,4.62
2017-03-01,RS,electronics,2,593.53,14.5,4.5
2017-03-01,RS,fashion_bags_accessories,1,414.06,20.0,3.0
2017-03-01,RS,fashion_shoes,1,177.6,18.0,5.0
2017-03-01,RS,fixed_telephony,1,56.04,11.0,3.0
2017-03-01,RS,furniture_decor,16,2065.64,16.1,4.16
2017-03-01,RS,furniture_living_room,1,212.28,16.0,5.0
2017-03-01,RS,garden_tools,4,614.39,12.0,4.0
2017-03-01,RS,health_beauty,11,2225.54,13.2,3.82
2017-03-01,RS,home_appliances,1,50.7,10.0,3.0
2017-03-01,RS,home_comfort_2,1,129.35,18.0,5.0
2017-03-01,RS,home_confort,1,430.67,7.0,5.0
2017-03-01,RS,housewares,10,1736.27,11.2,3.62
2017-03-01,RS,luggage_accessories,5,1040.78,16.2,4.6
2017-03-01,RS,market_place,2,336.56,5.5,5.0
2017-03-01,RS,office_furniture,3,667.1,58.0,3.0
2017-03-01,RS,perfumery,2,393.54,11.5,5.0
2017-03-01,RS,pet_shop,5,648.96,10.2,4.8
2017-03-01,RS,signaling_and_security,1,91.23,14.0,1.0
2017-03-01,RS,small_appliances,4,1281.92,13.5,4.5
2017-03-01,RS,sports_leisure,7,594.46,10.0,4.71
2017-03-01,RS,stationery,4,497.89,12.8,4.75
2017-03-01,RS,tablets_printing_image,1,115.39,20.0,3.0
2017-03-01,RS,telephony,6,252.29,13.3,4.14
2017-03-01,RS,toys,6,781.86,11.7,4.33
2017-03-01,RS,watches_gifts,4,1489.67,9.3,3.75
2017-03-01,SC,(unknown),1,93.18,15.0,4.0
2017-03-01,SC,auto,4,423.02,17.3,3.75
2017-03-01,SC,baby,2,106.16,18.0,4.5
2017-03-01,SC,bed_bath_table,9,994.64,16.7,3.75
2017-03-01,SC,books_general_interest,3,534.16,12.8,4.0
2017-03-01,SC,computers_accessories,8,2022.88,15.9,4.13
2017-03-01,SC,consoles_games,1,359.97,11.0,4.0
2017-03-01,SC,cool_stuff,7,1191.12,14.7,4.14
2017-03-01,SC,electronics,1,184.35,15.0,5.0
2017-03-01,SC,fixed_telephony,1,109.02,5.0,4.0
2017-03-01,SC,food,1,158.28,14.0,5.0
2017-03-01,SC,furniture_decor,8,853.49,22.5,3.63
2017-03-01,SC,garden_tools,9,3866.37,18.6,4.3
2017-03-01,SC,health_beauty,7,936.98,21.6,4.38
2017-03-01,SC,home_confort,1,104.7,17.0,4.0
2017-03-01,SC,housewares,4,370.41,18.8,3.8
2017-03-01,SC,luggage_accessories,2,764.74,14.0,5.0
2017-03-01,SC,market_place,2,269.95,21.0,4.0
2017-03-01,SC,office_furniture,2,270.93,22.0,3.5
2017-03-01,SC,perfumery,5,1236.74,17.8,4.2
2017-03-01,SC,pet_shop,4,1467.96,17.7,3.83
2017-03-01,SC,small_appliances,2,1827.06,19.5,5.0
2017-03-01,SC,sports_leisure,3,458.5,20.0,4.2
2017-03-01,SC,stationery,5,398.03,18.4,4.4
2017-03-01,SC,telephony,9,411.19,17.8,3.2
2017-03-01,SC,toys,2,120.87,18.0,3.0
2017-03-01,SC,watches_gifts,2,730.99,20.0,5.0
2017-03-01,SE,auto,1,53.7,188.0,3.0
2017-03-01,SE,computers_accessories,2,97.48,17.0,5.0
2017-03-01,SE,consoles_games,1,257.1,20.0,5.0
2017-03-01,SE,fixed_telephony,1,111.58,12.0,1.0
2017-03-01,SE,furniture_decor,3,458.4,19.0,4.75
2017-03-01,SE,garden_tools,1,85.4,23.0,4.0
2017-03-01,SE,home_construction,1,94.97,23.0,4.0
2017-03-01,SE,housewares,1,221.96,15.0,5.0
2017-03-01,SE,musical_instruments,1,457.65,195.0,1.0
2017-03-01,SE,office_furniture,2,471.44,22.0,3.5
2017-03-01,SE,sports_leisure,5,550.42,25.2,3.17
2017-03-01,SE,telephony,1,46.39,20.0,5.0
2017-03-01,SE,watches_gifts,2,215.02,28.0,2.0
2017-03-01,SP,(unknown),29,4668.23,9.5,4.38
2017-03-01,SP,air_conditioning,9,1712.75,7.4,4.11
2017-03-01,SP,art,1,43.56,7.0,5.0
2017-03-01,SP,audio,5,347.06,9.4,4.6
2017-03-01,SP,auto,30,5229.29,8.1,4.73
2017-03-01,SP,baby,12,1368.89,8.7,3.62
2017-03-01,SP,bed_bath_table,108,13673.31,11.7,4.11
2017-03-01,SP,books_general_interest,3,458.98,8.5,4.0
2017-03-01,SP,books_technical,1,55.96,5.0,5.0
2017-03-01,SP,computers_accessories,53,10627.99,9.4,3.78
2017-03-01,SP,consoles_games,17,4039.99,10.8,4.11
2017-03-01,SP,construction_tools_construction,1,53.42,11.0,4.0
2017-03-01,SP,cool_stuff,31,5857.33,7.8,4.56
2017-03-01,SP,drinks,3,354.34,8.0,4.25
2017-03-01,SP,dvds_blu_ray,2,98.04,18.0,4.67
2017-03-01,SP,electronics,10,732.37,8.3,4.75
2017-03-01,SP,fashio_female_clothing,1,30.86,13.0,3.0
2017-03-01,SP,fashion_bags_accessories,18,1970.42,10.8,4.29
2017-03-01,SP,fashion_male_clothing,3,411.61,10.5,4.5
2017-03-01,SP,fashion_shoes,6,495.14,7.7,4.33
2017-03-01,SP,fashion_underwear_beach,4,355.4,8.8,4.25
2017-03-01,SP,fixed_telephony,7,504.95,8.8,4.13
2017-03-01,SP,food,8,1197.66,16.9,3.75
2017-03-01,SP,food_drink,3,98.51,7.0,5.0
2017-03-01,SP,furniture_decor,110,10065.05,12.7,4.13
2017-03-01,SP,furniture_living_room,4,985.69,7.3,4.71
2017-03-01,SP,garden_tools,39,6081.01,8.5,4.09
2017-03-01,SP,health_beauty,71,10510.26,8.7,4.4
2017-03-01,SP,home_appliances,4,227.42,6.6,4.2
2017-03-01,SP,home_appliances_2,1,32.53,7.0,5.0
2017-03-01,SP,home_comfort_2,2,261.54,7.0,4.5
2017-03-01,SP,home_construction,1,149.96,10.0,5.0
2017-03-01,SP,housewares,77,6003.84,11.1,4.14
2017-03-01,SP,industry_commerce_and_business,1,139.91,9.0,5.0
2017-03-01,SP,luggage_accessories,9,1653.21,6.6,4.5
2017-03-01,SP,market_place,7,818.09,9.3,4.29
2017-03-01,SP,musical_instruments,2,354.38,8.5,5.0
2017-03-01,SP,office_furniture,19,5250.13,10.9,3.12
2017-03-01,SP,perfumery,36,8955.01,8.9,4.47
2017-03-01,SP,pet_shop,14,1822.19,8.2,4.5
2017-03-01,SP,small_appliances,13,3459.11,6.8,4.69
2017-03-01,SP,sports_leisure,64,13833.23,9.2,4.38
2017-03-01,SP,stationery,14,1917.47,6.6,4.5
2017-03-01,SP,tablets_printing_image,1,110.3,10.0,3.0
2017-03-01,SP,telephony,51,3530.35,7.7,4.13
2017-03-01,SP,toys,39,6123.93,7.9,4.15
2017-03-01,SP,watches_gifts,26,11582.16,9.3,4.2
2017-03-01,TO,cool_stuff,1,226.79,15.0,5.0
2017-03-01,TO,garden_tools,1,242.1,12.0,3.0
2017-03-01,TO,housewares,2,65.54,18.0,5.0
2017-03-01,TO,stationery,1,170.67,21.0,5.0
2017-03-01,TO,telephony,2,97.11,17.5,3.5
2017-04-01,AC,fashion_shoes,1,104.35,29.0,5.0
2017-04-01,AC,health_beauty,1,280.09,27.0,2.0
2017-04-01,AC,sports_leisure,3,967.07,24.7,3.0
2017-04-01,AL,(unknown),1,35.8,36.0,5.0
2017-04-01,AL,computers_accessories,2,918.79,32.0,1.0
2017-04-01,AL,cool_stuff,1,231.99,23.0,4.0
2017-04-01,AL,electronics,1,32.39,39.0,2.0
2017-04-01,AL,fashion_shoes,1,99.62,43.0,3.0
2017-04-01,AL,garden_tools,2,830.09,26.0,4.5
2017-04-01,AL,health_beauty,4,677.65,30.4,2.4
2017-04-01,AL,housewares,1,208.05,28.0,5.0
2017-04-01,AL,kitchen_dining_laundry_garden_furniture,1,196.88,9.0,2.0
2017-04-01,AL,perfumery,2,393.24,34.0,4.5
2017-04-01,AL,sports_leisure,2,368.32,22.0,3.5
2017-04-01,AL,toys,1,63.79,24.0,4.0
2017-04-01,AL,watches_gifts,2,1154.11,43.5,3.0
2017-04-01,AM,air_conditioning,1,114.11,28.0,5.0
2017-04-01,AM,audio,1,114.53,28.0,5.0
2017-04-01,AM,bed_bath_table,1,135.16,25.0,2.0
2017-04-01,AM,costruction_tools_garden,1,84.81,16.0,5.0
2017-04-01,AM,furniture_decor,1,42.34,25.0,5.0
2017-04-01,AM,health_beauty,2,158.25,14.0,5.0
2017-04-01,AM,sports_leisure,2,243.98,22.0,4.5
2017-04-01,AM,telephony,3,163.0,20.7,4.33
2017-04-01,AM,toys,1,120.05,14.0,5.0
2017-04-01,BA,(unknown),3,758.36,26.5,3.75
2017-04-01,BA,art,1,147.17,23.0,4.0
2017-04-01,BA,auto,5,1016.71,23.4,3.8
2017-04-01,BA,baby,1,82.34,18.0,1.0
2017-04-01,BA,bed_bath_table,6,773.78,36.0,3.38
2017-04-01,BA,computers_accessories,6,3747.11,24.7,3.83
2017-04-01,BA,cool_stuff,3,275.62,71.0,4.67
2017-04-01,BA,costruction_tools_garden,1,616.32,14.0,5.0
2017-04-01,BA,fashio_female_clothing,1,87.74,26.0,2.0
2017-04-01,BA,fashion_bags_accessories,2,399.42,11.3,4.67
2017-04-01,BA,fashion_sport,1,83.95,26.0,2.0
2017-04-01,BA,furniture_decor,7,1326.81,23.8,3.78
2017-04-01,BA,garden_tools,3,867.01,17.0,5.0
2017-04-01,BA,health_beauty,11,1641.72,34.7,4.36
2017-04-01,BA,housewares,1,49.7,17.0,5.0
2017-04-01,BA,luggage_accessories,1,196.57,17.0,1.0
2017-04-01,BA,market_place,1,2111.57,32.0,5.0
2017-04-01,BA,office_furniture,3,560.26,27.3,4.0
2017-04-01,BA,perfumery,4,1135.56,20.6,5.0
2017-04-01,BA,pet_shop,1,148.71,30.0,3.0
2017-04-01,BA,sports_leisure,4,839.2,21.8,3.0
2017-04-01,BA,stationery,2,397.47,24.5,5.0
2017-04-01,BA,tablets_printing_image,1,120.14,21.0,4.0
2017-04-01,BA,telephony,8,999.2,22.2,4.44
2017-04-01,BA,toys,4,1405.4,48.0,3.67
2017-04-01,BA,watches_gifts,4,597.56,21.3,3.75
2017-04-01,CE,(unknown),1,126.85,26.0,3.0
2017-04-01,CE,baby,1,139.6,23.0,3.0
2017-04-01,CE,bed_bath_table,1,135.16,16.0,5.0
2017-04-01,CE,computers_accessories,3,368.56,71.0,3.33
2017-04-01,CE,cool_stuff,2,849.04,38.0,2.5
2017-04-01,CE,electronics,1,310.97,21.0,5.0
2017-04-01,CE,fashion_bags_accessories,1,55.7,23.0,5.0
2017-04-01,CE,fashion_shoes,1,208.7,25.0,5.0
2017-04-01,CE,food,1,26.28,8.0,4.0
2017-04-01,CE,furniture_decor,1,538.04,19.0,3.0
2017-04-01,CE,garden_tools,2,347.48,35.5,3.0
2017-04-01,CE,health_beauty,6,839.97,25.0,4.5
2017-04-01,CE,housewares,2,251.76,28.0,3.5
2017-04-01,CE,luggage_accessories,1,125.55,29.0,3.0
2017-04-01,CE,musical_instruments,1,306.98,24.0,4.0
2017-04-01,CE,office_furniture,1,155.0,31.0,5.0
2017-04-01,CE,perfumery,3,743.83,23.3,3.0
2017-04-01,CE,pet_shop,1,210.18,32.0,4.0
2017-04-01,CE,sports_leisure,3,362.15,26.3,4.67
2017-04-01,CE,stationery,1,82.25,29.0,3.0
2017-04-01,CE,telephony,6,299.92,24.7,4.5
2017-04-01,CE,toys,1,168.9,21.0,4.0
2017-04-01,CE,watches_gifts,1,271.92,31.0,5.0
2017-04-01,DF,(unknown),2,94.0,13.5,4.5
2017-04-01,DF,auto,1,141.94,18.0,5.0
2017-04-01,DF,baby,1,77.25,21.0,2.0
2017-04-01,DF,bed_bath_table,2,229.71,20.0,4.5
2017-04-01,DF,cool_stuff,2,365.88,10.5,4.0
2017-04-01,DF,electronics,1,27.64,8.0,5.0
2017-04-01,DF,furniture_decor,1,66.43,11.0,1.0
2017-04-01,DF,garden_tools,2,555.94,11.0,5.0
2017-04-01,DF,health_beauty,4,272.5,18.5,4.5
2017-04-01,DF,housewares,5,657.17,17.5,4.0
2017-04-01,DF,office_furniture,1,181.55,16.0,1.0
2017-04-01,DF,small_appliances,1,4194.76,16.0,2.0
2017-04-01,DF,sports_leisure,8,1178.08,11.0,3.6
2017-04-01,DF,telephony,2,94.68,16.5,2.0
2017-04-01,DF,toys,1,413.15,16.0,3.0
2017-04-01,ES,auto,2,345.95,28.0,2.5
2017-04-01,ES,bed_bath_table,4,638.78,11.9,3.25
2017-04-01,ES,books_general_interest,1,72.98,12.0,4.0
2017-04-01,ES,computers_accessories,2,366.64,12.0,5.0
2017-04-01,ES,food,2,129.73,8.0,4.5
2017-04-01,ES,furniture_decor,2,183.35,7.0,3.0
2017-04-01,ES,garden_tools,1,37.78,10.0,5.0
2017-04-01,ES,health_beauty,2,283.65,15.5,3.5
2017-04-01,ES,home_confort,3,499.94,14.0,4.33
2017-04-01,ES,housewares,5,509.79,13.7,3.67
2017-04-01,ES,luggage_accessories,1,166.65,19.0,4.0
2017-04-01,ES,market_place,1,45.04,23.0,2.0
2017-04-01,ES,musical_instruments,1,191.41,16.0,4.0
2017-04-01,ES,office_furniture,1,320.31,20.0,4.0
2017-04-01,ES,perfumery,3,675.23,19.7,2.67
2017-04-01,ES,sports_leisure,8,901.84,10.3,4.63
2017-04-01,ES,stationery,2,671.21,11.0,5.0
2017-04-01,ES,telephony,1,35.0,14.0,5.0
2017-04-01,ES,toys,1,73.03,8.0,5.0
2017-04-01,ES,watches_gifts,2,335.29,8.5,3.5
2017-04-01,GO,(unknown),3,359.5,83.8,3.5
2017-04-01,GO,auto,1,39.04,11.0,3.0
2017-04-01,GO,baby,3,251.57,16.0,3.67
2017-04-01,GO,bed_bath_table,4,659.99,17.8,2.8
2017-04-01,GO,books_general_interest,1,140.97,19.0,5.0
2017-04-01,GO,computers_accessories,1,375.12,13.0,1.0
2017-04-01,GO,consoles_games,1,76.11,12.0,5.0
2017-04-01,GO,cool_stuff,5,1496.5,11.2,4.4
2017-04-01,GO,fashion_bags_accessories,1,96.98,9.0,5.0
2017-04-01,GO,garden_tools,2,347.82,13.3,2.67
2017-04-01,GO,home_appliances,1,50.68,19.0,4.0
2017-04-01,GO,home_construction,1,645.07,20.0,5.0
2017-04-01,GO,housewares,2,184.41,15.0,4.5
2017-04-01,GO,perfumery,2,269.69,10.7,4.67
2017-04-01,GO,pet_shop,1,76.02,14.0,5.0
2017-04-01,GO,sports_leisure,3,632.59,19.0,3.33
2017-04-01,GO,tablets_printing_image,1,117.12,18.0,2.0
2017-04-01,GO,telephony,1,28.77,8.0,5.0
2017-04-01,GO,toys,2,148.55,17.5,4.0
2017-04-01,GO,watches_gifts,2,349.97,35.0,2.5
2017-04-01,MA,auto,2,700.19,25.0,5.0
2017-04-01,MA,bed_bath_table,3,310.74,21.3,4.0
2017-04-01,MA,books_general_interest,1,181.64,23.0,5.0
2017-04-01,MA,computers_accessories,1,51.88,18.0,4.0
2017-04-01,MA,consoles_games,1,133.19,25.0,4.0
2017-04-01,MA,cool_stuff,1,155.39,15.0,3.0
2017-04-01,MA,furniture_decor,2,147.13,26.0,5.0
2017-04-01,MA,health_beauty,2,603.03,32.5,2.0
2017-04-01,MA,housewares,1,53.8,15.0,5.0
2017-04-01,MA,perfumery,2,414.26,24.5,5.0
2017-04-01,MA,pet_shop,2,210.87,20.7,5.0
2017-04-01,MA,sports_leisure,2,202.94,19.5,5.0
2017-04-01,MA,tablets_printing_image,1,178.55,15.0,5.0
2017-04-01,MA,telephony,1,43.3,9.0,4.0
2017-04-01,MA,watches_gifts,3,446.98,14.3,5.0
2017-04-01,MG,(unknown),9,1114.5,10.7,4.33
2017-04-01,MG,air_conditioning,3,739.34,8.7,4.67
2017-04-01,MG,audio,1,89.7,24.0,1.0
2017-04-01,MG,auto,6,4133.27,10.3,3.11
2017-04-01,MG,baby,4,480.92,9.3,4.0
2017-04-01,MG,bed_bath_table,28,3679.81,12.1,4.17
2017-04-01,MG,books_general_interest,2,174.85,15.0,5.0
2017-04-01,MG,books_imported,1,33.43,27.0,1.0
2017-04-01,MG,computers_accessories,10,1905.31,12.4,4.09
2017-04-01,MG,consoles_games,1,65.7,13.0,4.0
2017-04-01,MG,cool_stuff,17,4267.21,12.7,4.06
2017-04-01,MG,electronics,5,454.93,12.4,5.0
2017-04-01,MG,fashion_bags_accessories,8,582.85,10.8,4.13
2017-04-01,MG,fashion_shoes,4,403.44,16.0,4.25
2017-04-01,MG,fashion_underwear_beach,1,76.6,6.0,5.0
2017-04-01,MG,fixed_telephony,1,47.51,6.0,5.0
2017-04-01,MG,furniture_decor,19,3146.31,12.7,4.73
2017-04-01,MG,furniture_living_room,1,46.4,11.0,5.0
2017-04-01,MG,garden_tools,8,943.58,13.6,4.69
2017-04-01,MG,health_beauty,22,3300.57,10.5,3.73
2017-04-01,MG,home_confort,3,362.66,9.7,5.0
2017-04-01,MG,housewares,10,898.57,14.5,4.36
2017-04-01,MG,kitchen_dining_laundry_garden_furniture,1,619.07,14.0,5.0
2017-04-01,MG,luggage_accessories,3,444.41,8.7,4.67
2017-04-01,MG,market_place,4,301.54,9.0,4.5
2017-04-01,MG,office_furniture,4,1098.13,22.8,3.0
2017-04-01,MG,pc_gamer,1,145.07,8.0,1.0
2017-04-01,MG,perfumery,15,3886.79,10.6,4.13
2017-04-01,MG,pet_shop,5,824.13,12.0,5.0
2017-04-01,MG,small_appliances,3,200.35,12.0,4.33
2017-04-01,MG,sports_leisure,20,2883.23,10.2,4.39
2017-04-01,MG,stationery,5,639.8,10.4,4.8
2017-04-01,MG,tablets_printing_image,1,227.72,14.0,3.0
2017-04-01,MG,telephony,18,973.54,14.6,3.94
2017-04-01,MG,toys,14,2514.49,11.3,4.4
2017-04-01,MG,watches_gifts,10,3201.39,10.6,4.5
2017-04-01,MS,baby,1,45.95,33.0,3.0
2017-04-01,MS,bed_bath_table,3,268.46,19.5,3.0
2017-04-01,MS,furniture_decor,3,488.12,10.0,4.67
2017-04-01,MS,garden_tools,1,50.95,8.0,4.0
2017-04-01,MS,health_beauty,1,438.64,14.0,5.0
2017-04-01,MS,housewares,1,204.98,14.0,5.0
2017-04-01,MS,pet_shop,2,267.03,16.5,5.0
2017-04-01,MS,sports_leisure,2,213.53,12.5,5.0
2017-04-01,MS,tablets_printing_image,1,230.78,14.0,5.0
2017-04-01,MT,(unknown),1,53.7,15.0,4.0
2017-04-01,MT,auto,1,47.8,34.0,5.0
2017-04-01,MT,bed_bath_table,3,294.97,22.5,4.5
2017-04-01,MT,computers_accessories,3,159.33,18.0,4.67
2017-04-01,MT,cool_stuff,3,451.37,21.0,4.0
2017-04-01,MT,furniture_decor,1,65.27,10.0,5.0
2017-04-01,MT,garden_tools,2,775.83,33.3,3.0
2017-04-01,MT,health_beauty,2,160.84,24.0,2.0
2017-04-01,MT,home_appliances_2,1,477.13,43.0,1.0
2017-04-01,MT,perfumery,1,201.61,18.0,5.0
2017-04-01,MT,pet_shop,1,836.02,26.0,5.0
2017-04-01,MT,sports_leisure,1,76.74,19.0,4.0
2017-04-01,MT,tablets_printing_image,1,35.7,13.0,3.0
2017-04-01,MT,telephony,2,68.55,12.0,4.5
2017-04-01,MT,toys,2,286.7,21.0,5.0
2017-04-01,PA,(unknown),2,786.72,15.0,5.0
2017-04-01,PA,auto,1,52.34,24.0,2.0
2017-04-01,PA,baby,2,346.18,19.5,5.0
2017-04-01,PA,bed_bath_table,1,139.6,23.0,1.0
2017-04-01,PA,computers_accessories,4,792.12,18.5,4.5
2017-04-01,PA,cool_stuff,3,481.96,14.7,4.0
2017-04-01,PA,electronics,1,162.13,25.0,3.0
2017-04-01,PA,fashion_bags_accessories,3,172.32,15.7,4.0
2017-04-01,PA,fashion_shoes,1,187.94,28.0,5.0
2017-04-01,PA,furniture_decor,4,469.94,15.0,4.8
2017-04-01,PA,furniture_living_room,1,218.21,21.0,4.0
2017-04-01,PA,health_beauty,2,443.68,15.0,4.0
2017-04-01,PA,housewares,2,580.98,20.3,4.33
2017-04-01,PA,market_place,1,87.73,13.0,5.0
2017-04-01,PA,office_furniture,1,245.45,22.0,5.0
2017-04-01,PA,perfumery,2,244.29,19.0,5.0
2017-04-01,PA,small_appliances,1,128.62,22.0,4.0
2017-04-01,PA,tablets_printing_image,1,178.06,10.0,4.0
2017-04-01,PA,telephony,1,53.83,16.0,5.0
2017-04-01,PA,watches_gifts,2,336.11,16.0,2.5
2017-04-01,PB,audio,1,103.55,42.0,2.0
2017-04-01,PB,bed_bath_table,3,424.39,24.0,2.5
2017-04-01,PB,computers_accessories,1,111.4,22.0,4.0
2017-04-01,PB,food,1,128.62,31.0,5.0
2017-04-01,PB,furniture_decor,2,584.57,30.0,4.5
2017-04-01,PB,health_beauty,2,549.16,16.5,5.0
2017-04-01,PB,housewares,2,710.0,33.5,2.5
2017-04-01,PB,luggage_accessories,1,75.73,14.0,5.0
2017-04-01,PB,musical_instruments,1,29.74,19.0,1.0
2017-04-01,PB,office_furniture,1,185.6,34.0,3.0
2017-04-01,PB,pet_shop,1,85.82,37.0,1.0
2017-04-01,PB,sports_leisure,1,154.72,22.0,3.0
2017-04-01,PB,toys,2,144.15,31.5,4.0
2017-04-01,PB,watches_gifts,1,275.23,21.0,4.0
2017-04-01,PE,auto,2,176.57,20.5,5.0
2017-04-01,PE,bed_bath_table,1,84.81,17.0,5.0
2017-04-01,PE,books_general_interest,1,49.83,30.0,5.0
2017-04-01,PE,consoles_games,1,59.8,12.0,5.0
2017-04-01,PE,cool_stuff,2,228.01,14.0,4.0
2017-04-01,PE,electronics,1,54.34,18.0,4.0
2017-04-01,PE,fashion_bags_accessories,2,286.57,13.5,5.0
2017-04-01,PE,fashion_shoes,1,104.35,24.0,5.0
2017-04-01,PE,fixed_telephony,1,64.83,20.0,5.0
2017-04-01,PE,furniture_decor,2,122.36,26.0,2.5
2017-04-01,PE,furniture_living_room,1,124.24,37.0,4.0
2017-04-01,PE,garden_tools,1,246.79,15.0,4.0
2017-04-01,PE,health_beauty,2,200.69,23.0,5.0
2017-04-01,PE,housewares,4,499.51,19.8,4.75
2017-04-01,PE,musical_instruments,1,447.33,17.0,5.0
2017-04-01,PE,sports_leisure,4,950.57,13.6,3.4
2017-04-01,PE,telephony,5,269.78,48.6,4.0
2017-04-01,PE,toys,1,92.97,18.0,4.0
2017-04-01,PE,watches_gifts,3,556.89,15.0,4.33
2017-04-01,PI,auto,1,227.28,11.0,5.0
2017-04-01,PI,bed_bath_table,2,230.04,14.0,4.5
2017-04-01,PI,computers_accessories,1,149.45,7.0,
2017-04-01,PI,garden_tools,1,1039.9,13.0,5.0
2017-04-01,PI,sports_leisure,1,145.03,11.0,5.0
2017-04-01,PI,telephony,2,82.65,15.5,4.5
2017-04-01,PI,toys,1,190.62,15.0,5.0
2017-04-01,PI,watches_gifts,2,383.71,15.0,4.5
2017-04-01,PR,(unknown),5,1361.26,16.3,4.5
2017-04-01,PR,air_conditioning,1,71.71,10.0,4.0
2017-04-01,PR,audio,1,144.98,14.0,3.0
2017-04-01,PR,auto,3,535.76,12.5,4.0
2017-04-01,PR,baby,2,217.88,10.0,4.0
2017-04-01,PR,bed_bath_table,5,564.06,14.6,4.6
2017-04-01,PR,books_general_interest,1,65.67,3.0,5.0
2017-04-01,PR,computers_accessories,4,697.38,14.2,3.4
2017-04-01,PR,cool_stuff,6,1061.03,17.3,3.67
2017-04-01,PR,electronics,3,1633.73,15.3,4.0
2017-04-01,PR,fashion_bags_accessories,2,207.55,9.0,5.0
2017-04-01,PR,fashion_shoes,3,210.74,12.3,4.75
2017-04-01,PR,fashion_underwear_beach,1,39.51,19.0,4.0
2017-04-01,PR,fixed_telephony,2,105.06,11.5,4.0
2017-04-01,PR,furniture_decor,10,1865.68,13.3,4.0
2017-04-01,PR,garden_tools,5,1148.38,14.0,4.6
2017-04-01,PR,health_beauty,6,324.34,12.8,4.33
2017-04-01,PR,home_appliances,1,179.32,10.0,4.0
2017-04-01,PR,home_confort,1,104.7,12.0,4.0
2017-04-01,PR,housewares,8,948.59,15.8,2.92
2017-04-01,PR,luggage_accessories,2,394.68,9.7,4.33
2017-04-01,PR,music,1,39.42,10.0,5.0
2017-04-01,PR,office_furniture,4,1206.75,23.5,4.0
2017-04-01,PR,perfumery,2,435.61,24.0,4.0
2017-04-01,PR,pet_shop,5,376.18,18.6,4.4
2017-04-01,PR,sports_leisure,7,2341.43,11.9,4.5
2017-04-01,PR,stationery,1,77.16,15.0,5.0
2017-04-01,PR,tablets_printing_image,1,113.86,10.0,5.0
2017-04-01,PR,telephony,11,508.64,12.6,4.09
2017-04-01,PR,toys,5,504.47,10.0,4.4
2017-04-01,PR,watches_gifts,3,501.41,11.7,4.67
2017-04-01,RJ,(unknown),9,1209.04,10.3,4.56
2017-04-01,RJ,air_conditioning,2,1138.84,19.3,4.33
2017-04-01,RJ,auto,13,3009.14,16.2,4.15
2017-04-01,RJ,baby,6,673.27,14.7,3.33
2017-04-01,RJ,bed_bath_table,35,3813.93,16.7,4.05
2017-04-01,RJ,computers_accessories,8,1664.61,11.5,4.25
2017-04-01,RJ,consoles_games,3,1131.16,13.3,4.0
2017-04-01,RJ,cool_stuff,13,2266.29,14.8,4.08
2017-04-01,RJ,costruction_tools_garden,1,628.65,24.0,5.0
2017-04-01,RJ,electronics,9,592.13,14.9,4.0
2017-04-01,RJ,fashion_bags_accessories,6,611.13,10.1,3.57
2017-04-01,RJ,fashion_male_clothing,1,205.35,12.0,5.0
2017-04-01,RJ,fashion_shoes,1,45.95,10.0,
2017-04-01,RJ,furniture_bedroom,1,283.61,32.0,4.0
2017-04-01,RJ,furniture_decor,23,2525.48,16.8,3.8
2017-04-01,RJ,furniture_living_room,4,1269.86,16.3,4.0
2017-04-01,RJ,furniture_mattress_and_upholstery,1,130.8,7.0,4.0
2017-04-01,RJ,garden_tools,17,5384.99,17.7,3.53
2017-04-01,RJ,health_beauty,16,2677.48,10.9,4.35
2017-04-01,RJ,home_appliances,1,41.11,8.0,5.0
2017-04-01,RJ,home_appliances_2,1,469.84,9.0,4.0
2017-04-01,RJ,home_confort,1,126.18,16.0,5.0
2017-04-01,RJ,home_construction,1,155.73,15.0,5.0
2017-04-01,RJ,housewares,19,2077.63,14.4,3.74
2017-04-01,RJ,kitchen_dining_laundry_garden_furniture,2,205.46,17.0,4.0
2017-04-01,RJ,luggage_accessories,8,1517.29,12.0,4.86
2017-04-01,RJ,market_place,4,535.94,17.0,3.0
2017-04-01,RJ,music,1,49.42,7.0,5.0
2017-04-01,RJ,musical_instruments,4,1000.74,14.5,3.75
2017-04-01,RJ,office_furniture,10,1858.07,19.5,4.64
2017-04-01,RJ,pc_gamer,1,144.66,17.0,4.0
2017-04-01,RJ,perfumery,14,3257.6,12.5,4.2
2017-04-01,RJ,pet_shop,4,1186.46,15.5,3.67
2017-04-01,RJ,signaling_and_security,1,40.12,7.0,5.0
2017-04-01,RJ,small_appliances,5,8738.72,15.2,5.0
2017-04-01,RJ,sports_leisure,23,3064.75,12.8,4.64
2017-04-01,RJ,stationery,8,1024.23,10.9,5.0
2017-04-01,RJ,telephony,16,1277.51,11.8,4.13
2017-04-01,RJ,toys,22,3059.64,10.9,4.68
2017-04-01,RJ,watches_gifts,12,4923.43,13.0,3.92
2017-04-01,RN,bed_bath_table,1,279.2,19.0,5.0
2017-04-01,RN,computers_accessories,1,113.0,16.0,5.0
2017-04-01,RN,cool_stuff,1,253.13,16.0,5.0
2017-04-01,RN,costruction_tools_garden,1,74.49,17.0,5.0
2017-04-01,RN,furniture_decor,1,151.61,18.0,4.0
2017-04-01,RN,garden_tools,1,144.79,19.0,4.0
2017-04-01,RN,perfumery,1,319.44,15.0,5.0
2017-04-01,RN,signaling_and_security,1,100.02,25.0,5.0
2017-04-01,RN,toys,2,129.57,23.5,4.5
2017-04-01,RO,bed_bath_table,2,211.67,18.5,5.0
2017-04-01,RO,christmas_supplies,1,93.97,16.0,5.0
2017-04-01,RO,perfumery,1,382.88,39.0,3.0
2017-04-01,RO,pet_shop,2,309.11,20.0,4.5
2017-04-01,RO,telephony,1,44.83,11.0,3.0
2017-04-01,RR,computers_accessories,1,58.97,27.0,3.0
2017-04-01,RR,telephony,1,47.92,18.0,4.0
2017-04-01,RS,(unknown),2,117.23,14.0,5.0
2017-04-01,RS,auto,5,1239.42,9.3,4.0
2017-04-01,RS,baby,4,340.07,10.3,5.0
2017-04-01,RS,bed_bath_table,20,1742.84,16.6,3.81
2017-04-01,RS,books_general_interest,1,137.48,16.0,5.0
2017-04-01,RS,computers_accessories,8,850.19,11.9,4.75
2017-04-01,RS,consoles_games,1,303.11,7.0,5.0
2017-04-01,RS,cool_stuff,6,1338.21,13.6,4.29
2017-04-01,RS,dvds_blu_ray,1,30.76,12.0,5.0
2017-04-01,RS,electronics,4,239.71,11.8,4.25
2017-04-01,RS,fashion_bags_accessories,1,65.05,27.0,5.0
2017-04-01,RS,fashion_shoes,2,94.43,14.5,5.0
2017-04-01,RS,fashion_sport,1,41.04,17.0,4.0
2017-04-01,RS,furniture_decor,14,2133.05,16.0,3.67
2017-04-01,RS,garden_tools,6,576.16,16.0,4.17
2017-04-01,RS,health_beauty,7,500.47,11.4,4.75
2017-04-01,RS,home_confort,1,430.67,14.0,1.0
2017-04-01,RS,home_construction,1,113.88,13.0,5.0
2017-04-01,RS,housewares,8,945.29,13.4,3.0
2017-04-01,RS,kitchen_dining_laundry_garden_furniture,1,86.82,25.0,5.0
2017-04-01,RS,luggage_accessories,5,863.17,13.0,5.0
2017-04-01,RS,market_place,3,710.94,13.0,3.67
2017-04-01,RS,office_furniture,4,691.72,18.8,4.75
2017-04-01,RS,perfumery,3,412.89,10.0,4.67
2017-04-01,RS,pet_shop,2,228.8,33.5,2.0
2017-04-01,RS,signaling_and_security,1,43.51,7.0,4.0
2017-04-01,RS,small_appliances,1,1069.04,17.0,4.0
2017-04-01,RS,sports_leisure,7,630.78,15.3,4.29
2017-04-01,RS,stationery,2,175.07,10.0,3.0
2017-04-01,RS,telephony,4,250.22,13.8,5.0
2017-04-01,RS,toys,8,1660.3,12.8,4.0
2017-04-01,RS,watches_gifts,1,1400.33,10.0,3.0
2017-04-01,SC,(unknown),2,90.94,23.5,3.5
2017-04-01,SC,audio,1,93.31,24.0,2.0
2017-04-01,SC,auto,2,431.47,11.0,4.0
2017-04-01,SC,baby,2,330.64,17.0,3.67
2017-04-01,SC,bed_bath_table,5,601.47,19.1,5.0
2017-04-01,SC,cine_photo,1,78.71,9.0,5.0
2017-04-01,SC,computers_accessories,8,734.3,16.0,4.0
2017-04-01,SC,cool_stuff,7,1833.01,12.6,4.86
2017-04-01,SC,electronics,1,95.8,15.0,5.0
2017-04-01,SC,fashion_bags_accessories,1,153.38,17.0,4.0
2017-04-01,SC,fashion_male_clothing,1,44.51,13.0,4.0
2017-04-01,SC,fixed_telephony,1,22.42,11.0,5.0
2017-04-01,SC,furniture_decor,11,1161.99,18.6,3.79
2017-04-01,SC,garden_tools,5,1073.08,11.2,4.17
2017-04-01,SC,health_beauty,11,1042.56,11.5,4.46
2017-04-01,SC,home_appliances,3,241.02,21.3,4.0
2017-04-01,SC,home_construction,1,641.18,12.0,1.0
2017-04-01,SC,housewares,7,959.24,16.7,4.71
2017-04-01,SC,luggage_accessories,1,147.07,9.0,5.0
2017-04-01,SC,market_place,1,206.44,9.0,4.0
2017-04-01,SC,office_furniture,2,446.81,21.0,4.67
2017-04-01,SC,perfumery,4,601.37,26.8,3.25
2017-04-01,SC,pet_shop,2,207.89,17.5,4.0
2017-04-01,SC,small_appliances,1,184.93,22.0,1.0
2017-04-01,SC,sports_leisure,10,853.78,15.6,3.82
2017-04-01,SC,stationery,1,71.97,41.0,1.0
2017-04-01,SC,telephony,3,207.08,18.3,5.0
2017-04-01,SC,toys,3,303.53,18.0,4.33
2017-04-01,SC,watches_gifts,2,464.29,26.0,4.0
2017-04-01,SE,baby,1,116.79,17.0,5.0
2017-04-01,SE,bed_bath_table,1,157.28,24.0,5.0
2017-04-01,SE,computers_accessories,2,192.0,24.5,4.5
2017-04-01,SE,cool_stuff,1,231.99,35.0,4.0
2017-04-01,SE,furniture_bedroom,1,295.45,17.0,1.0
2017-04-01,SE,furniture_decor,1,1148.88,48.0,
2017-04-01,SE,garden_tools,2,203.82,43.5,3.0
2017-04-01,SE,health_beauty,1,838.38,50.0,5.0
2017-04-01,SE,sports_leisure,1,70.7,30.0,3.0
2017-04-01,SE,telephony,2,84.78,13.0,4.0
2017-04-01,SP,(unknown),20,3746.03,11.2,4.12
2017-04-01,SP,air_conditioning,6,684.32,13.7,5.0
2017-04-01,SP,audio,4,557.88,10.8,4.33
2017-04-01,SP,auto,32,5218.03,14.2,4.0
2017-04-01,SP,baby,19,1688.21,14.3,3.81
2017-04-01,SP,bed_bath_table,100,13885.95,13.2,4.12
2017-04-01,SP,books_general_interest,4,319.37,12.8,4.25
2017-04-01,SP,books_technical,1,86.92,26.0,4.0
2017-04-01,SP,cine_photo,1,87.6,25.0,5.0
2017-04-01,SP,computers_accessories,48,7223.82,12.6,3.83
2017-04-01,SP,consoles_games,7,2303.73,9.0,4.0
2017-04-01,SP,cool_stuff,38,7515.17,10.8,4.05
2017-04-01,SP,costruction_tools_garden,3,276.3,20.8,3.75
2017-04-01,SP,costruction_tools_tools,1,748.27,15.0,5.0
2017-04-01,SP,dvds_blu_ray,1,1435.58,7.0,5.0
2017-04-01,SP,electronics,20,2007.72,13.9,4.1
2017-04-01,SP,fashion_bags_accessories,17,1200.83,9.3,4.11
2017-04-01,SP,fashion_male_clothing,3,187.53,22.0,4.33
2017-04-01,SP,fashion_shoes,5,486.85,12.7,4.83
2017-04-01,SP,fashion_sport,2,119.48,4.0,4.0
2017-04-01,SP,fashion_underwear_beach,1,16.86,8.0,4.0
2017-04-01,SP,fixed_telephony,1,362.05,31.0,1.0
2017-04-01,SP,food,4,326.52,12.5,4.0
2017-04-01,SP,food_drink,2,80.78,9.7,3.67
2017-04-01,SP,furniture_bedroom,1,252.3,34.0,1.0
2017-04-01,SP,furniture_decor,56,6629.45,11.4,4.11
2017-04-01,SP,furniture_living_room,4,867.4,26.8,3.2
2017-04-01,SP,garden_tools,32,5454.0,10.6,4.31
2017-04-01,SP,health_beauty,62,9507.0,11.1,4.17
2017-04-01,SP,home_appliances,3,123.44,12.7,5.0
2017-04-01,SP,home_comfort_2,1,23.86,17.0,5.0
2017-04-01,SP,home_confort,7,1188.8,11.7,4.29
2017-04-01,SP,home_construction,1,141.08,8.0,5.0
2017-04-01,SP,housewares,55,5723.5,11.8,4.36
2017-04-01,SP,kitchen_dining_laundry_garden_furniture,3,173.87,24.7,4.33
2017-04-01,SP,la_cuisine,1,34.81,9.0,1.0
2017-04-01,SP,luggage_accessories,22,4289.8,11.1,4.3
2017-04-01,SP,market_place,4,479.82,11.8,4.25
2017-04-01,SP,musical_instruments,8,2138.07,13.4,4.0
2017-04-01,SP,office_furniture,16,4214.38,14.5,3.64
2017-04-01,SP,perfumery,38,7750.67,12.8,4.13
2017-04-01,SP,pet_shop,16,2050.79,11.1,3.76
2017-04-01,SP,small_appliances,8,9401.87,13.8,3.63
2017-04-01,SP,sports_leisure,71,8912.87,11.5,4.25
2017-04-01,SP,stationery,13,1980.83,10.1,4.38
2017-04-01,SP,tablets_printing_image,1,110.3,13.0,5.0
2017-04-01,SP,telephony,50,3836.39,11.4,4.29
2017-04-01,SP,toys,31,3522.41,10.3,3.81
2017-04-01,SP,watches_gifts,37,9716.14,10.3,3.98
2017-04-01,TO,(unknown),1,52.78,25.0,5.0
2017-04-01,TO,computers_accessories,2,284.89,19.0,4.33
2017-04-01,TO,cool_stuff,1,56.78,18.0,5.0
2017-04-01,TO,furniture_decor,1,468.8,29.0,5.0
2017-04-01,TO,health_beauty,2,754.32,30.5,3.0
2017-04-01,TO,housewares,1,86.79,27.0,5.0
2017-04-01,TO,luggage_accessories,1,347.89,21.0,4.0
2017-04-01,TO,pet_shop,1,108.83,21.0,5.0
2017-04-01,TO,sports_leisure,1,983.39,11.0,5.0
2017-04-01,TO,toys,1,181.86,29.0,5.0
2017-04-01,TO,watches_gifts,1,113.56,15.0,4.0
2017-05-01,AC,(unknown),2,127.34,21.5,5.0
2017-05-01,AC,computers_accessories,1,861.26,20.0,4.0
2017-05-01,AC,electronics,1,70.38,13.0,5.0
2017-05-01,AC,furniture_decor,1,218.95,24.0,2.0
2017-05-01,AC,health_beauty,1,55.28,26.0,3.0
2017-05-01,AC,telephony,1,43.34,22.0,4.0
2017-05-01,AC,watches_gifts,1,995.18,12.0,5.0
2017-05-01,AL,auto,2,1396.11,31.0,4.0
2017-05-01,AL,baby,1,114.26,15.0,5.0
2017-05-01,AL,bed_bath_table,2,293.35,34.0,1.5
2017-05-01,AL,computers_accessories,4,607.84,22.2,4.2
2017-05-01,AL,fashion_bags_accessories,1,144.47,19.0,5.0
2017-05-01,AL,fixed_telephony,1,121.58,22.0,4.0
2017-05-01,AL,furniture_decor,2,776.37,30.0,3.5
2017-05-01,AL,furniture_living_room,2,782.43,16.0,4.5
2017-05-01,AL,health_beauty,6,856.63,19.0,4.17
2017-05-01,AL,housewares,1,37.79,28.0,2.0
2017-05-01,AL,perfumery,1,91.19,13.0,5.0
2017-05-01,AL,sports_leisure,1,134.2,20.0,4.0
2017-05-01,AL,watches_gifts,2,338.99,22.0,4.5
2017-05-01,AM,cool_stuff,2,392.01,22.5,5.0
2017-05-01,AM,food,1,187.91,139.0,1.0
2017-05-01,AM,furniture_decor,1,72.39,22.0,5.0
2017-05-01,AM,garden_tools,1,159.32,13.0,3.0
2017-05-01,AM,stationery,1,207.09,9.0,5.0
2017-05-01,AM,telephony,1,29.65,23.0,5.0
2017-05-01,AM,watches_gifts,1,196.12,12.0,2.0
2017-05-01,AP,agro_industry_and_commerce,1,657.61,14.0,5.0
2017-05-01,AP,electronics,1,425.24,31.0,5.0
2017-05-01,AP,health_beauty,2,305.0,14.5,4.0
2017-05-01,BA,(unknown),4,623.73,13.5,4.5
2017-05-01,BA,audio,1,117.93,7.0,5.0
2017-05-01,BA,auto,5,745.57,17.8,3.67
2017-05-01,BA,baby,1,191.5,16.0,1.0
2017-05-01,BA,bed_bath_table,7,741.73,17.1,3.86
2017-05-01,BA,computers_accessories,11,3215.36,16.7,4.29
2017-05-01,BA,cool_stuff,7,976.39,14.9,3.88
2017-05-01,BA,electronics,7,1081.23,14.1,3.86
2017-05-01,BA,fashion_bags_accessories,4,433.07,16.8,4.5
2017-05-01,BA,furniture_decor,4,330.78,21.8,4.75
2017-05-01,BA,garden_tools,6,1244.94,17.0,4.25
2017-05-01,BA,health_beauty,12,2555.95,14.9,3.73
2017-05-01,BA,home_appliances,2,207.21,18.5,4.0
2017-05-01,BA,home_confort,1,110.98,23.0,3.0
2017-05-01,BA,housewares,6,424.84,18.7,4.0
2017-05-01,BA,luggage_accessories,2,680.98,8.0,3.5
2017-05-01,BA,market_place,1,83.69,17.0,3.0
2017-05-01,BA,office_furniture,2,292.64,35.5,3.0
2017-05-01,BA,perfumery,3,453.22,13.0,4.33
2017-05-01,BA,pet_shop,2,273.78,20.5,4.0
2017-05-01,BA,signaling_and_security,1,40.1,15.0,5.0
2017-05-01,BA,sports_leisure,11,1651.68,16.3,3.9
2017-05-01,BA,stationery,1,63.82,8.0,5.0
2017-05-01,BA,tablets_printing_image,1,116.13,11.0,5.0
2017-05-01,BA,telephony,8,596.04,22.9,3.0
2017-05-01,BA,toys,6,856.01,15.2,4.33
2017-05-01,BA,watches_gifts,4,1558.87,13.0,4.0
2017-05-01,CE,(unknown),1,154.07,5.0,2.0
2017-05-01,CE,auto,1,50.25,6.0,1.0
2017-05-01,CE,baby,2,235.48,22.0,5.0
2017-05-01,CE,bed_bath_table,1,67.53,9.0,5.0
2017-05-01,CE,computers_accessories,5,2504.86,18.2,5.0
2017-05-01,CE,construction_tools_construction,1,149.4,9.0,5.0
2017-05-01,CE,cool_stuff,7,1457.28,14.3,4.25
2017-05-01,CE,costruction_tools_garden,1,138.06,28.0,1.0
2017-05-01,CE,fashion_bags_accessories,1,103.91,14.0,5.0
2017-05-01,CE,furniture_decor,4,685.66,16.8,4.75
2017-05-01,CE,garden_tools,3,516.33,15.3,3.67
2017-05-01,CE,health_beauty,6,1878.87,18.2,4.83
2017-05-01,CE,luggage_accessories,1,131.47,16.0,5.0
2017-05-01,CE,market_place,1,370.6,12.0,5.0
2017-05-01,CE,office_furniture,3,773.7,24.0,4.67
2017-05-01,CE,pet_shop,3,370.56,16.0,4.33
2017-05-01,CE,sports_leisure,4,451.87,19.3,4.25
2017-05-01,CE,stationery,1,75.79,14.0,5.0
2017-05-01,CE,telephony,9,731.08,14.8,3.91
2017-05-01,CE,toys,3,464.56,21.0,5.0
2017-05-01,CE,watches_gifts,4,1317.34,14.3,5.0
2017-05-01,DF,(unknown),1,34.89,12.0,5.0
2017-05-01,DF,auto,1,66.14,16.0,5.0
2017-05-01,DF,baby,1,66.6,11.0,2.0
2017-05-01,DF,bed_bath_table,6,548.27,12.3,4.86
2017-05-01,DF,computers_accessories,5,1282.13,11.8,4.4
2017-05-01,DF,cool_stuff,3,343.12,10.0,4.33
2017-05-01,DF,fashion_bags_accessories,1,64.0,13.0,3.0
2017-05-01,DF,fashion_sport,1,78.18,12.0,5.0
2017-05-01,DF,food_drink,1,109.42,11.0,3.0
2017-05-01,DF,furniture_decor,4,693.66,16.9,2.91
2017-05-01,DF,garden_tools,1,32.0,6.0,5.0
2017-05-01,DF,health_beauty,2,242.53,8.0,4.33
2017-05-01,DF,housewares,4,265.55,12.5,5.0
2017-05-01,DF,office_furniture,2,423.92,22.5,3.0
2017-05-01,DF,perfumery,7,1042.48,10.6,4.29
2017-05-01,DF,pet_shop,1,70.48,13.0,5.0
2017-05-01,DF,small_appliances,1,186.57,11.0,5.0
2017-05-01,DF,sports_leisure,7,872.18,8.9,5.0
2017-05-01,DF,stationery,2,349.88,10.5,3.5
2017-05-01,DF,telephony,1,455.31,15.0,5.0
2017-05-01,DF,toys,6,710.42,7.9,4.86
2017-05-01,DF,watches_gifts,3,1071.48,10.7,4.67
2017-05-01,ES,(unknown),1,49.1,8.0,4.0
2017-05-01,ES,auto,5,803.57,11.2,4.83
2017-05-01,ES,baby,3,249.55,26.7,3.67
2017-05-01,ES,bed_bath_table,5,544.1,13.0,4.6
2017-05-01,ES,books_technical,1,40.55,40.0,5.0
2017-05-01,ES,computers_accessories,9,1687.71,13.9,4.11
2017-05-01,ES,consoles_games,1,171.57,11.0,5.0
2017-05-01,ES,cool_stuff,2,521.88,16.5,4.5
2017-05-01,ES,electronics,2,119.65,19.0,2.5
2017-05-01,ES,fashion_bags_accessories,2,197.92,9.0,5.0
2017-05-01,ES,fashion_shoes,1,379.84,10.0,5.0
2017-05-01,ES,fixed_telephony,1,47.0,12.0,4.0
2017-05-01,ES,furniture_decor,7,961.88,13.2,3.89
2017-05-01,ES,furniture_living_room,1,298.32,14.0,4.0
2017-05-01,ES,garden_tools,5,494.71,10.0,5.0
2017-05-01,ES,health_beauty,5,1474.21,13.0,5.0
2017-05-01,ES,home_confort,3,619.1,15.3,5.0
2017-05-01,ES,housewares,4,370.36,9.8,5.0
2017-05-01,ES,musical_instruments,3,273.48,7.5,5.0
2017-05-01,ES,perfumery,3,298.91,8.0,5.0
2017-05-01,ES,signaling_and_security,1,633.88,10.0,5.0
2017-05-01,ES,sports_leisure,6,869.57,16.4,4.29
2017-05-01,ES,tablets_printing_image,1,912.79,12.0,
2017-05-01,ES,telephony,10,507.42,11.3,4.0
2017-05-01,ES,toys,4,473.24,10.5,3.5
2017-05-01,ES,watches_gifts,4,1757.41,10.5,4.5
2017-05-01,GO,(unknown),4,3268.51,18.0,4.25
2017-05-01,GO,air_conditioning,3,492.06,15.3,4.5
2017-05-01,GO,auto,4,906.77,12.8,3.5
2017-05-01,GO,bed_bath_table,5,723.01,13.6,4.2
2017-05-01,GO,computers_accessories,6,1466.32,11.3,4.83
2017-05-01,GO,consoles_games,1,54.79,17.0,4.0
2017-05-01,GO,cool_stuff,4,671.84,15.8,4.5
2017-05-01,GO,dvds_blu_ray,1,28.01,2.0,5.0
2017-05-01,GO,fashio_female_clothing,1,166.71,35.0,1.0
2017-05-01,GO,fashion_bags_accessories,3,227.75,15.3,4.33
2017-05-01,GO,fashion_shoes,1,369.6,24.0,5.0
2017-05-01,GO,fashion_underwear_beach,1,208.09,12.0,5.0
2017-05-01,GO,fixed_telephony,1,210.02,20.0,1.0
2017-05-01,GO,furniture_decor,3,426.48,23.3,3.0
2017-05-01,GO,furniture_living_room,2,319.08,20.5,2.0
2017-05-01,GO,garden_tools,7,2039.71,14.0,4.29
2017-05-01,GO,health_beauty,5,792.29,11.7,3.83
2017-05-01,GO,home_appliances,1,48.0,24.0,3.0
2017-05-01,GO,home_confort,1,291.72,14.0,3.0
2017-05-01,GO,housewares,4,455.78,14.6,4.4
2017-05-01,GO,luggage_accessories,3,574.02,13.7,5.0
2017-05-01,GO,office_furniture,1,284.2,24.0,5.0
2017-05-01,GO,perfumery,3,1069.78,13.5,4.75
2017-05-01,GO,small_appliances,1,122.96,18.0,5.0
2017-05-01,GO,sports_leisure,5,1272.55,51.0,3.33
2017-05-01,GO,stationery,2,187.77,7.7,5.0
2017-05-01,GO,telephony,4,246.14,15.3,4.5
2017-05-01,GO,watches_gifts,6,1921.59,11.0,4.5
2017-05-01,MA,(unknown),2,105.53,13.0,4.5
2017-05-01,MA,audio,1,124.33,22.0,4.0
2017-05-01,MA,auto,2,315.99,16.5,4.5
2017-05-01,MA,baby,1,132.49,16.0,5.0
2017-05-01,MA,bed_bath_table,2,420.6,15.0,4.5
2017-05-01,MA,computers_accessories,1,110.83,27.0,4.0
2017-05-01,MA,cool_stuff,1,156.15,18.0,5.0
2017-05-01,MA,fashion_bags_accessories,2,214.11,9.7,3.67
2017-05-01,MA,furniture_decor,2,185.48,15.0,4.0
2017-05-01,MA,health_beauty,2,420.25,18.0,4.5
2017-05-01,MA,housewares,1,128.18,19.0,4.0
2017-05-01,MA,office_furniture,1,187.91,17.0,5.0
2017-05-01,MA,perfumery,4,725.46,18.3,4.75
2017-05-01,MA,sports_leisure,4,603.82,15.3,4.5
2017-05-01,MA,telephony,3,116.32,18.7,3.0
2017-05-01,MA,toys,2,327.2,12.0,4.5
2017-05-01,MG,(unknown),8,660.2,8.9,4.13
2017-05-01,MG,art,1,138.36,8.0,5.0
2017-05-01,MG,arts_and_craftmanship,1,29.66,8.0,5.0
2017-05-01,MG,audio,3,513.88,9.3,5.0
2017-05-01,MG,auto,9,1995.44,10.4,3.7
2017-05-01,MG,baby,14,1736.13,11.7,4.43
2017-05-01,MG,bed_bath_table,54,7636.71,12.3,4.15
2017-05-01,MG,books_general_interest,1,136.59,3.0,5.0
2017-05-01,MG,computers_accessories,34,3866.0,9.5,4.1
2017-05-01,MG,consoles_games,1,50.05,17.0,5.0
2017-05-01,MG,cool_stuff,32,5475.29,8.6,4.27
2017-05-01,MG,costruction_tools_garden,1,188.24,36.0,3.0
2017-05-01,MG,electronics,8,562.19,8.6,4.0
2017-05-01,MG,fashion_bags_accessories,10,989.58,12.2,4.33
2017-05-01,MG,fashion_shoes,2,92.38,14.0,3.0
2017-05-01,MG,fashion_underwear_beach,1,20.0,11.0,4.0
2017-05-01,MG,food_drink,1,42.0,10.0,5.0
2017-05-01,MG,furniture_decor,21,1832.12,12.5,4.15
2017-05-01,MG,furniture_mattress_and_upholstery,1,103.36,12.0,4.0
2017-05-01,MG,garden_tools,13,2192.75,17.7,4.27
2017-05-01,MG,health_beauty,26,4618.58,8.7,4.03
2017-05-01,MG,home_appliances_2,1,492.46,13.0,4.0
2017-05-01,MG,home_confort,3,654.39,12.6,3.4
2017-05-01,MG,home_construction,1,53.53,10.0,4.0
2017-05-01,MG,housewares,34,3159.0,8.7,3.89
2017-05-01,MG,kitchen_dining_laundry_garden_furniture,1,42.18,23.0,1.0
2017-05-01,MG,luggage_accessories,10,2720.81,11.1,4.18
2017-05-01,MG,market_place,2,261.98,8.5,4.5
2017-05-01,MG,office_furniture,4,824.72,16.0,3.5
2017-05-01,MG,perfumery,9,1728.84,9.8,3.82
2017-05-01,MG,pet_shop,9,953.79,10.6,4.78
2017-05-01,MG,small_appliances,1,140.02,6.0,5.0
2017-05-01,MG,sports_leisure,34,5726.5,11.8,3.82
2017-05-01,MG,stationery,7,674.71,9.9,2.86
2017-05-01,MG,tablets_printing_image,1,113.86,12.0,4.0
2017-05-01,MG,telephony,24,1296.26,11.8,4.35
2017-05-01,MG,toys,26,2726.78,8.0,4.54
2017-05-01,MG,watches_gifts,8,3342.93,9.3,4.63
2017-05-01,MS,(unknown),2,119.95,16.0,3.5
2017-05-01,MS,baby,1,96.9,9.0,4.0
2017-05-01,MS,bed_bath_table,2,412.6,17.5,3.5
2017-05-01,MS,computers_accessories,3,909.98,9.2,5.0
2017-05-01,MS,cool_stuff,2,264.6,8.5,5.0
2017-05-01,MS,furniture_decor,1,273.88,13.0,5.0
2017-05-01,MS,health_beauty,2,70.09,8.0,5.0
2017-05-01,MS,home_appliances,3,255.55,11.0,5.0
2017-05-01,MS,housewares,4,643.0,15.0,5.0
2017-05-01,MS,perfumery,1,356.12,9.0,5.0
2017-05-01,MS,sports_leisure,1,78.91,11.0,5.0
2017-05-01,MS,stationery,1,106.87,19.0,4.0
2017-05-01,MS,telephony,2,85.7,12.5,4.5
2017-05-01,MS,toys,1,150.39,19.0,5.0
2017-05-01,MT,auto,2,942.49,11.0,5.0
2017-05-01,MT,baby,4,444.19,13.2,2.8
2017-05-01,MT,bed_bath_table,6,838.0,16.3,3.71
2017-05-01,MT,computers_accessories,2,107.06,14.5,3.5
2017-05-01,MT,cool_stuff,5,1375.97,13.5,4.33
2017-05-01,MT,furniture_decor,1,69.12,15.0,5.0
2017-05-01,MT,health_beauty,4,878.07,13.8,4.75
2017-05-01,MT,home_appliances,1,152.39,13.0,4.0
2017-05-01,MT,home_confort,1,199.49,15.0,5.0
2017-05-01,MT,office_furniture,1,145.3,22.0,4.0
2017-05-01,MT,perfumery,3,384.61,24.7,4.67
2017-05-01,MT,small_appliances,2,1790.44,11.0,5.0
2017-05-01,MT,sports_leisure,1,92.32,21.0,5.0
2017-05-01,MT,stationery,1,94.59,15.0,5.0
2017-05-01,MT,telephony,3,128.35,12.0,5.0
2017-05-01,MT,toys,1,72.87,13.0,3.0
2017-05-01,PA,art,1,107.35,20.0,5.0
2017-05-01,PA,auto,1,47.33,14.0,3.0
2017-05-01,PA,bed_bath_table,5,530.15,22.6,3.4
2017-05-01,PA,computers_accessories,4,608.19,21.5,5.0
2017-05-01,PA,cool_stuff,1,244.71,12.0,5.0
2017-05-01,PA,fashion_bags_accessories,2,504.8,25.0,3.0
2017-05-01,PA,fashion_shoes,1,129.0,18.0,5.0
2017-05-01,PA,fashion_underwear_beach,1,79.71,11.0,4.0
2017-05-01,PA,housewares,1,73.62,31.0,4.0
2017-05-01,PA,luggage_accessories,1,138.94,20.0,5.0
2017-05-01,PA,market_place,1,39.62,10.0,5.0
2017-05-01,PA,musical_instruments,2,710.84,19.5,4.5
2017-05-01,PA,perfumery,3,335.71,13.3,4.67
2017-05-01,PA,pet_shop,1,349.87,10.0,5.0
2017-05-01,PA,sports_leisure,1,95.67,12.0,5.0
2017-05-01,PA,telephony,4,184.69,20.5,3.75
2017-05-01,PA,toys,2,160.02,16.5,5.0
2017-05-01,PA,watches_gifts,3,2230.48,23.0,4.67
2017-05-01,PB,agro_industry_and_commerce,1,81.21,17.0,4.0
2017-05-01,PB,auto,1,113.08,17.0,5.0
2017-05-01,PB,books_general_interest,1,62.19,15.0,5.0
2017-05-01,PB,computers_accessories,1,62.28,17.0,5.0
2017-05-01,PB,cool_stuff,2,432.38,21.7,2.0
2017-05-01,PB,costruction_tools_garden,1,624.59,9.0,5.0
2017-05-01,PB,furniture_decor,1,60.78,12.0,5.0
2017-05-01,PB,health_beauty,3,521.62,26.0,3.33
2017-05-01,PB,home_appliances,1,263.95,19.0,4.0
2017-05-01,PB,perfumery,1,105.04,13.0,5.0
2017-05-01,PB,sports_leisure,1,185.62,9.0,5.0
2017-05-01,PB,telephony,2,145.13,12.0,3.67
2017-05-01,PB,watches_gifts,1,714.62,17.0,5.0
2017-05-01,PE,(unknown),2,320.62,20.3,4.75
2017-05-01,PE,auto,1,144.26,21.0,5.0
2017-05-01,PE,baby,2,219.05,15.5,4.5
2017-05-01,PE,bed_bath_table,7,945.97,17.0,3.43
2017-05-01,PE,books_general_interest,1,163.32,12.0,5.0
2017-05-01,PE,computers_accessories,7,1115.57,16.7,4.57
2017-05-01,PE,consoles_games,1,59.8,11.0,5.0
2017-05-01,PE,cool_stuff,4,881.5,20.3,3.75
2017-05-01,PE,electronics,1,47.63,15.0,5.0
2017-05-01,PE,furniture_decor,1,223.14,21.0,1.0
2017-05-01,PE,garden_tools,1,88.72,10.0,5.0
2017-05-01,PE,health_beauty,8,4103.04,13.1,4.45
2017-05-01,PE,home_confort,1,115.81,14.0,1.0
2017-05-01,PE,housewares,5,317.27,18.1,4.43
2017-05-01,PE,musical_instruments,1,1944.86,12.0,5.0
2017-05-01,PE,perfumery,3,274.81,11.3,3.67
2017-05-01,PE,pet_shop,1,105.04,13.0,5.0
2017-05-01,PE,sports_leisure,6,696.99,15.5,4.17
2017-05-01,PE,stationery,2,235.92,13.5,5.0
2017-05-01,PE,telephony,4,235.9,17.6,4.2
2017-05-01,PE,toys,5,793.74,10.8,4.8
2017-05-01,PI,auto,3,1665.41,17.7,4.17
2017-05-01,PI,baby,1,822.51,7.0,4.0
2017-05-01,PI,books_general_interest,1,159.39,10.0,5.0
2017-05-01,PI,computers_accessories,1,65.28,11.0,5.0
2017-05-01,PI,cool_stuff,3,936.31,16.3,4.0
2017-05-01,PI,drinks,1,112.95,10.0,5.0
2017-05-01,PI,furniture_decor,1,86.58,17.0,5.0
2017-05-01,PI,furniture_living_room,1,174.08,19.0,5.0
2017-05-01,PI,garden_tools,2,579.89,10.0,4.5
2017-05-01,PI,health_beauty,2,504.15,13.0,3.0
2017-05-01,PI,home_appliances,1,57.74,11.0,4.0
2017-05-01,PI,perfumery,1,165.37,13.0,5.0
2017-05-01,PI,pet_shop,1,155.15,14.0,5.0
2017-05-01,PI,telephony,2,84.46,22.5,4.0
2017-05-01,PI,toys,2,450.86,9.5,4.5
2017-05-01,PI,watches_gifts,1,656.72,13.0,5.0
2017-05-01,PR,(unknown),8,1222.98,12.7,4.56
2017-05-01,PR,agro_industry_and_commerce,1,957.15,11.0,5.0
2017-05-01,PR,audio,2,253.51,9.5,4.5
2017-05-01,PR,auto,5,591.65,13.6,3.8
2017-05-01,PR,baby,7,592.38,10.1,4.83
2017-05-01,PR,bed_bath_table,13,1688.64,8.8,4.47
2017-05-01,PR,books_general_interest,2,214.36,6.0,5.0
2017-05-01,PR,computers_accessories,16,4211.22,11.7,4.18
2017-05-01,PR,consoles_games,1,507.17,12.0,4.0
2017-05-01,PR,cool_stuff,15,2198.15,11.4,4.25
2017-05-01,PR,electronics,5,547.13,13.2,3.0
2017-05-01,PR,fashion_bags_accessories,6,395.04,11.4,5.0
2017-05-01,PR,fashion_shoes,3,129.25,11.3,5.0
2017-05-01,PR,fashion_sport,1,65.0,9.0,5.0
2017-05-01,PR,fashion_underwear_beach,1,20.42,12.0,5.0
2017-05-01,PR,food_drink,3,169.41,10.8,4.8
2017-05-01,PR,furniture_decor,17,1758.43,10.6,4.22
2017-05-01,PR,garden_tools,10,1521.2,15.4,4.69
2017-05-01,PR,health_beauty,15,5489.23,7.5,4.67
2017-05-01,PR,home_confort,2,471.96,13.5,5.0
2017-05-01,PR,housewares,15,2011.03,10.9,4.67
2017-05-01,PR,luggage_accessories,4,512.47,7.8,4.0
2017-05-01,PR,perfumery,6,697.01,12.7,4.83
2017-05-01,PR,pet_shop,7,635.47,9.2,4.56
2017-05-01,PR,small_appliances,2,688.15,8.5,4.5
2017-05-01,PR,sports_leisure,18,4331.84,8.3,4.4
2017-05-01,PR,stationery,3,366.18,8.7,4.33
2017-05-01,PR,telephony,7,377.53,12.6,4.14
2017-05-01,PR,toys,8,1225.12,8.8,4.75
2017-05-01,PR,watches_gifts,6,1709.92,8.9,3.63
2017-05-01,RJ,(unknown),21,3203.52,10.7,4.35
2017-05-01,RJ,air_conditioning,1,184.99,7.0,5.0
2017-05-01,RJ,art,1,84.49,7.0,5.0
2017-05-01,RJ,audio,1,95.31,7.0,5.0
2017-05-01,RJ,auto,8,2281.56,11.4,4.5
2017-05-01,RJ,baby,15,1682.12,12.2,3.56
2017-05-01,RJ,bed_bath_table,38,4562.54,13.5,3.95
2017-05-01,RJ,books_general_interest,3,437.3,5.7,5.0
2017-05-01,RJ,cine_photo,1,91.71,13.0,5.0
2017-05-01,RJ,computers_accessories,35,7401.39,10.0,4.33
2017-05-01,RJ,consoles_games,4,278.69,14.8,5.0
2017-05-01,RJ,cool_stuff,23,4815.27,12.1,4.12
2017-05-01,RJ,costruction_tools_garden,1,35.04,10.0,5.0
2017-05-01,RJ,dvds_blu_ray,2,85.06,11.5,4.5
2017-05-01,RJ,electronics,7,812.36,10.5,2.67
2017-05-01,RJ,fashion_bags_accessories,9,1178.35,12.4,4.22
2017-05-01,RJ,fashion_childrens_clothes,1,124.52,3.0,5.0
2017-05-01,RJ,fixed_telephony,1,45.85,7.0,5.0
2017-05-01,RJ,food_drink,1,46.44,2.0,5.0
2017-05-01,RJ,furniture_bedroom,2,586.1,10.7,5.0
2017-05-01,RJ,furniture_decor,28,3452.61,11.2,3.87
2017-05-01,RJ,furniture_living_room,7,1154.46,27.8,3.14
2017-05-01,RJ,furniture_mattress_and_upholstery,1,482.69,17.0,4.0
2017-05-01,RJ,garden_tools,16,3548.89,10.9,3.41
2017-05-01,RJ,health_beauty,29,10028.22,11.3,4.16
2017-05-01,RJ,home_appliances,3,217.54,9.4,4.8
2017-05-01,RJ,home_confort,3,593.62,12.0,4.67
2017-05-01,RJ,housewares,40,4111.76,9.7,4.46
2017-05-01,RJ,kitchen_dining_laundry_garden_furniture,3,811.09,19.3,5.0
2017-05-01,RJ,luggage_accessories,6,1127.92,7.8,4.0
2017-05-01,RJ,market_place,5,684.42,11.2,4.83
2017-05-01,RJ,musical_instruments,5,3037.95,8.7,4.17
2017-05-01,RJ,office_furniture,7,1657.08,15.8,3.78
2017-05-01,RJ,perfumery,14,2356.82,8.9,3.93
2017-05-01,RJ,pet_shop,11,882.65,9.8,4.15
2017-05-01,RJ,small_appliances,4,1262.62,10.6,4.8
2017-05-01,RJ,sports_leisure,32,4613.85,10.5,4.16
2017-05-01,RJ,stationery,7,733.26,7.3,3.5
2017-05-01,RJ,tablets_printing_image,1,144.79,27.0,
2017-05-01,RJ,telephony,19,1418.0,10.7,3.95
2017-05-01,RJ,toys,36,6383.49,9.2,4.7
2017-05-01,RJ,watches_gifts,17,4906.86,11.3,3.89
2017-05-01,RN,auto,2,382.36,10.0,4.0
2017-05-01,RN,baby,1,275.48,42.0,3.0
2017-05-01,RN,bed_bath_table,1,119.2,22.0,1.0
2017-05-01,RN,computers_accessories,1,80.57,11.0,5.0
2017-05-01,RN,cool_stuff,1,269.15,14.0,5.0
2017-05-01,RN,garden_tools,3,1475.15,17.5,4.75
2017-05-01,RN,health_beauty,2,1252.68,17.5,5.0
2017-05-01,RN,housewares,1,92.3,16.0,1.0
2017-05-01,RN,pet_shop,1,155.15,11.0,5.0
2017-05-01,RN,sports_leisure,1,106.85,15.0,5.0
2017-05-01,RN,watches_gifts,3,1373.98,11.3,4.67
2017-05-01,RO,auto,1,120.39,26.0,2.0
2017-05-01,RO,bed_bath_table,1,161.23,12.0,5.0
2017-05-01,RO,health_beauty,1,129.22,17.0,4.0
2017-05-01,RO,luggage_accessories,1,92.28,15.0,5.0
2017-05-01,RO,sports_leisure,1,142.43,15.0,4.0
2017-05-01,RO,telephony,3,183.33,16.3,4.5
2017-05-01,RR,cool_stuff,1,100.01,25.0,5.0
2017-05-01,RR,health_beauty,1,217.96,32.0,3.0
2017-05-01,RS,(unknown),4,321.35,12.0,4.75
2017-05-01,RS,audio,2,199.58,7.5,4.5
2017-05-01,RS,auto,2,207.02,10.0,4.5
2017-05-01,RS,baby,6,398.71,7.3,5.0
2017-05-01,RS,bed_bath_table,20,2854.13,10.9,3.92
2017-05-01,RS,books_general_interest,1,60.56,16.0,3.0
2017-05-01,RS,computers_accessories,13,1501.78,33.8,4.79
2017-05-01,RS,consoles_games,1,162.3,12.0,5.0
2017-05-01,RS,cool_stuff,21,2751.38,8.8,4.38
2017-05-01,RS,costruction_tools_garden,1,647.4,9.0,4.0
2017-05-01,RS,electronics,3,306.82,5.5,4.75
2017-05-01,RS,fashion_bags_accessories,3,1017.06,8.7,4.33
2017-05-01,RS,fashion_male_clothing,1,421.33,6.0,1.0
2017-05-01,RS,fashion_shoes,1,44.0,10.0,5.0
2017-05-01,RS,furniture_decor,12,1595.23,13.6,4.57
2017-05-01,RS,furniture_living_room,3,604.99,12.8,5.0
2017-05-01,RS,garden_tools,8,1764.08,10.0,4.88
2017-05-01,RS,health_beauty,11,2481.86,9.2,4.38
2017-05-01,RS,home_appliances,3,283.96,13.3,5.0
2017-05-01,RS,home_confort,1,80.0,10.0,1.0
2017-05-01,RS,home_construction,1,141.63,3.0,5.0
2017-05-01,RS,housewares,14,1322.04,13.4,3.53
2017-05-01,RS,la_cuisine,1,232.19,7.0,5.0
2017-05-01,RS,luggage_accessories,3,431.01,13.3,4.0
2017-05-01,RS,market_place,2,160.15,6.0,4.0
2017-05-01,RS,musical_instruments,3,1348.41,7.0,3.67
2017-05-01,RS,office_furniture,3,493.32,16.7,3.33
2017-05-01,RS,perfumery,6,1127.46,8.9,4.63
2017-05-01,RS,pet_shop,6,3493.43,13.3,4.14
2017-05-01,RS,signaling_and_security,1,101.96,11.0,4.0
2017-05-01,RS,sports_leisure,10,1635.58,12.3,4.57
2017-05-01,RS,stationery,7,804.15,10.6,4.88
2017-05-01,RS,telephony,13,616.73,11.7,3.5
2017-05-01,RS,toys,13,1538.55,11.5,4.54
2017-05-01,RS,watches_gifts,8,2523.76,10.3,4.5
2017-05-01,SC,(unknown),2,165.83,15.0,4.0
2017-05-01,SC,art,2,245.89,14.0,5.0
2017-05-01,SC,audio,1,104.28,23.0,1.0
2017-05-01,SC,auto,1,51.1,23.0,5.0
2017-05-01,SC,baby,1,128.02,19.0,4.0
2017-05-01,SC,bed_bath_table,11,1333.79,14.8,4.0
2017-05-01,SC,books_general_interest,3,385.34,13.8,3.0
2017-05-01,SC,computers_accessories,7,4172.72,19.2,4.0
2017-05-01,SC,consoles_games,1,25.78,17.0,4.0
2017-05-01,SC,cool_stuff,14,2130.53,13.1,4.0
2017-05-01,SC,electronics,2,123.22,12.5,5.0
2017-05-01,SC,fashion_bags_accessories,8,729.76,13.9,4.5
2017-05-01,SC,fashion_shoes,1,45.0,17.0,1.0
2017-05-01,SC,fashion_sport,1,75.39,17.0,5.0
2017-05-01,SC,furniture_decor,13,1874.09,24.6,4.0
2017-05-01,SC,garden_tools,5,742.98,12.0,3.8
2017-05-01,SC,health_beauty,7,547.51,12.4,3.57
2017-05-01,SC,home_confort,1,427.29,18.0,1.0
2017-05-01,SC,housewares,16,1713.23,14.1,3.76
2017-05-01,SC,luggage_accessories,5,1750.5,13.8,5.0
2017-05-01,SC,market_place,1,206.99,15.0,5.0
2017-05-01,SC,office_furniture,1,843.66,20.0,4.0
2017-05-01,SC,perfumery,5,826.17,16.4,4.25
2017-05-01,SC,pet_shop,6,449.76,16.2,4.17
2017-05-01,SC,sports_leisure,13,3007.76,14.7,4.73
2017-05-01,SC,stationery,5,446.02,11.2,4.8
2017-05-01,SC,telephony,5,188.52,14.4,4.0
2017-05-01,SC,toys,4,690.52,10.8,4.5
2017-05-01,SC,watches_gifts,5,1061.64,10.8,4.33
2017-05-01,SE,electronics,1,70.79,22.0,4.0
2017-05-01,SE,furniture_decor,1,148.34,18.0,5.0
2017-05-01,SE,health_beauty,1,37.19,14.0,5.0
2017-05-01,SE,home_appliances,1,128.0,20.0,5.0
2017-05-01,SE,housewares,1,118.1,19.0,5.0
2017-05-01,SE,perfumery,1,144.07,16.0,3.0
2017-05-01,SE,stationery,2,192.57,26.5,5.0
2017-05-01,SE,telephony,1,46.39,21.0,4.0
2017-05-01,SE,toys,1,105.01,20.0,5.0
2017-05-01,SE,watches_gifts,1,69.07,16.0,5.0
2017-05-01,SP,(unknown),20,2127.6,8.5,3.95
2017-05-01,SP,agro_industry_and_commerce,1,67.77,6.0,5.0
2017-05-01,SP,air_conditioning,2,391.4,5.5,5.0
2017-05-01,SP,art,1,6726.66,12.0,5.0
2017-05-01,SP,audio,6,924.37,5.5,3.83
2017-05-01,SP,auto,42,7436.96,9.8,4.11
2017-05-01,SP,baby,34,3063.65,8.0,4.66
2017-05-01,SP,bed_bath_table,137,15592.48,11.1,4.35
2017-05-01,SP,books_general_interest,6,580.12,9.3,4.83
2017-05-01,SP,books_technical,1,99.73,24.0,4.0
2017-05-01,SP,computers_accessories,87,14890.23,8.3,4.42
2017-05-01,SP,consoles_games,15,1637.09,12.5,3.63
2017-05-01,SP,cool_stuff,78,10725.17,8.0,4.28
2017-05-01,SP,costruction_tools_tools,2,834.3,9.5,5.0
2017-05-01,SP,dvds_blu_ray,1,37.53,4.0,5.0
2017-05-01,SP,electronics,21,3122.08,9.3,4.32
2017-05-01,SP,fashio_female_clothing,3,248.89,7.7,5.0
2017-05-01,SP,fashion_bags_accessories,39,2735.15,11.4,3.91
2017-05-01,SP,fashion_male_clothing,2,254.88,8.5,4.0
2017-05-01,SP,fashion_shoes,12,825.82,13.9,4.33
2017-05-01,SP,fashion_underwear_beach,2,41.04,2.7,4.0
2017-05-01,SP,fixed_telephony,5,213.36,14.0,3.2
2017-05-01,SP,food,2,264.34,4.0,4.5
2017-05-01,SP,food_drink,4,130.42,7.8,5.0
2017-05-01,SP,furniture_bedroom,4,2072.85,7.0,4.33
2017-05-01,SP,furniture_decor,100,12573.34,10.8,3.81
2017-05-01,SP,furniture_living_room,11,2382.29,12.5,3.92
2017-05-01,SP,furniture_mattress_and_upholstery,1,145.83,14.0,3.0
2017-05-01,SP,garden_tools,39,6885.64,10.1,4.38
2017-05-01,SP,health_beauty,107,13177.92,8.0,4.19
2017-05-01,SP,home_appliances,12,943.13,9.8,5.0
2017-05-01,SP,home_appliances_2,5,965.4,8.2,4.2
2017-05-01,SP,home_confort,15,2225.53,9.6,3.31
2017-05-01,SP,home_construction,3,1536.44,8.4,1.8
2017-05-01,SP,housewares,108,11460.25,8.2,4.34
2017-05-01,SP,industry_commerce_and_business,2,552.22,6.5,3.0
2017-05-01,SP,kitchen_dining_laundry_garden_furniture,5,783.94,14.4,4.2
2017-05-01,SP,luggage_accessories,27,6588.36,7.2,4.19
2017-05-01,SP,market_place,7,971.31,5.3,4.43
2017-05-01,SP,musical_instruments,4,2787.44,4.5,4.75
2017-05-01,SP,office_furniture,17,4093.26,13.8,3.71
2017-05-01,SP,pc_gamer,1,138.15,8.0,5.0
2017-05-01,SP,perfumery,56,9813.16,9.6,3.98
2017-05-01,SP,pet_shop,17,1751.39,10.6,4.47
2017-05-01,SP,small_appliances,5,1536.59,8.2,4.17
2017-05-01,SP,sports_leisure,99,13650.76,9.6,4.33
2017-05-01,SP,stationery,18,2125.44,9.8,4.72
2017-05-01,SP,tablets_printing_image,3,319.45,5.0,5.0
2017-05-01,SP,telephony,67,4167.23,7.6,3.88
2017-05-01,SP,toys,72,8460.11,7.2,4.42
2017-05-01,SP,watches_gifts,41,11130.55,6.9,4.51
2017-05-01,TO,auto,1,62.89,16.0,5.0
2017-05-01,TO,baby,1,260.52,17.0,5.0
2017-05-01,TO,books_technical,1,176.18,12.0,5.0
2017-05-01,TO,cool_stuff,2,316.62,10.5,5.0
2017-05-01,TO,furniture_decor,1,263.52,13.0,5.0
2017-05-01,TO,garden_tools,1,410.69,16.0,4.0
2017-05-01,TO,health_beauty,1,221.02,12.0,5.0
2017-05-01,TO,home_appliances_2,1,129.61,11.0,5.0
2017-05-01,TO,luggage_accessories,1,111.33,13.0,4.0
2017-05-01,TO,market_place,1,80.52,11.0,4.0
2017-05-01,TO,perfumery,2,241.03,10.5,4.0
2017-05-01,TO,telephony,3,185.01,15.7,1.67
2017-05-01,TO,watches_gifts,1,142.97,12.0,5.0
2017-06-01,AC,perfumery,1,216.26,31.0,5.0
2017-06-01,AC,sports_leisure,1,167.36,14.0,5.0
2017-06-01,AC,telephony,1,51.37,11.0,5.0
2017-06-01,AC,toys,1,75.28,18.0,4.0
2017-06-01,AL,bed_bath_table,1,143.1,17.0,3.0
2017-06-01,AL,cool_stuff,1,225.94,28.0,4.0
2017-06-01,AL,fixed_telephony,1,54.14,30.0,5.0
2017-06-01,AL,furniture_decor,1,203.43,35.0,2.0
2017-06-01,AL,sports_leisure,2,327.79,22.0,4.5
2017-06-01,AL,stationery,1,136.14,17.0,4.0
2017-06-01,AL,telephony,1,64.14,34.0,1.0
2017-06-01,AL,toys,1,64.14,46.0,1.0
2017-06-01,AL,watches_gifts,1,50.15,10.0,5.0
2017-06-01,AM,housewares,1,204.84,6.0,2.0
2017-06-01,AP,bed_bath_table,1,274.06,25.0,5.0
2017-06-01,AP,toys,1,95.68,26.0,4.0
2017-06-01,BA,(unknown),1,89.58,10.0,4.0
2017-06-01,BA,audio,1,106.06,8.0,5.0
2017-06-01,BA,auto,3,4531.73,28.5,3.0
2017-06-01,BA,bed_bath_table,5,611.02,17.2,4.8
2017-06-01,BA,books_general_interest,1,136.97,14.0,4.0
2017-06-01,BA,computers_accessories,12,4820.33,15.4,3.94
2017-06-01,BA,consoles_games,2,91.17,12.5,3.0
2017-06-01,BA,cool_stuff,11,2009.93,19.2,3.58
2017-06-01,BA,fashion_bags_accessories,3,185.37,14.3,4.67
2017-06-01,BA,fashion_male_clothing,2,144.58,24.5,1.5
2017-06-01,BA,furniture_decor,3,250.35,16.5,4.5
2017-06-01,BA,garden_tools,2,459.24,15.3,5.0
2017-06-01,BA,health_beauty,13,1625.21,22.1,3.86
2017-06-01,BA,home_appliances,4,384.28,14.0,1.5
2017-06-01,BA,housewares,5,650.0,13.8,3.33
2017-06-01,BA,kitchen_dining_laundry_garden_furniture,1,67.59,13.0,4.0
2017-06-01,BA,luggage_accessories,4,503.27,12.5,3.75
2017-06-01,BA,musical_instruments,3,1326.21,28.3,2.25
2017-06-01,BA,office_furniture,4,898.18,20.4,4.0
2017-06-01,BA,perfumery,2,338.22,22.5,2.5
2017-06-01,BA,small_appliances,2,562.86,18.5,3.0
2017-06-01,BA,sports_leisure,4,390.43,33.0,4.75
2017-06-01,BA,stationery,1,244.31,22.0,1.0
2017-06-01,BA,telephony,7,762.3,12.1,4.25
2017-06-01,BA,toys,4,425.19,16.0,4.5
2017-06-01,BA,watches_gifts,3,1314.32,16.0,3.33
2017-06-01,CE,auto,1,50.53,15.0,3.0
2017-06-01,CE,baby,2,495.73,17.0,5.0
2017-06-01,CE,bed_bath_table,3,556.06,17.3,4.33
2017-06-01,CE,books_general_interest,1,169.48,20.0,5.0
2017-06-01,CE,computers_accessories,2,208.06,10.0,3.0
2017-06-01,CE,consoles_games,1,31.0,15.0,5.0
2017-06-01,CE,cool_stuff,6,1782.4,18.7,4.6
2017-06-01,CE,fashion_bags_accessories,3,780.99,16.0,3.33
2017-06-01,CE,garden_tools,1,173.44,20.0,4.0
2017-06-01,CE,health_beauty,5,691.72,16.4,4.8
2017-06-01,CE,housewares,1,195.54,8.0,5.0
2017-06-01,CE,luggage_accessories,2,293.33,15.3,5.0
2017-06-01,CE,perfumery,3,898.88,18.3,4.67
2017-06-01,CE,pet_shop,1,94.21,17.0,1.0
2017-06-01,CE,small_appliances,1,2734.11,18.0,1.0
2017-06-01,CE,sports_leisure,4,631.08,15.3,4.75
2017-06-01,CE,telephony,4,219.49,15.0,4.0
2017-06-01,CE,toys,2,120.06,17.0,4.0
2017-06-01,CE,watches_gifts,1,757.97,27.0,3.0
2017-06-01,DF,(unknown),2,145.79,19.0,4.0
2017-06-01,DF,auto,2,208.85,16.5,3.0
2017-06-01,DF,baby,1,152.56,12.0,5.0
2017-06-01,DF,bed_bath_table,9,874.48,17.9,3.71
2017-06-01,DF,computers_accessories,3,2506.86,11.5,2.75
2017-06-01,DF,cool_stuff,3,481.87,13.0,4.0
2017-06-01,DF,dvds_blu_ray,1,29.5,9.0,4.0
2017-06-01,DF,fashion_bags_accessories,2,171.73,9.0,5.0
2017-06-01,DF,fixed_telephony,2,68.18,9.0,2.5
2017-06-01,DF,furniture_decor,3,544.74,8.5,3.33
2017-06-01,DF,garden_tools,1,100.95,9.0,1.0
2017-06-01,DF,health_beauty,3,383.35,10.0,4.25
2017-06-01,DF,home_appliances,1,177.48,15.0,5.0
2017-06-01,DF,housewares,7,733.65,12.2,3.33
2017-06-01,DF,luggage_accessories,1,120.87,46.0,2.0
2017-06-01,DF,perfumery,4,433.5,13.3,5.0
2017-06-01,DF,pet_shop,2,206.25,10.5,5.0
2017-06-01,DF,sports_leisure,4,526.69,17.0,3.8
2017-06-01,DF,stationery,2,182.86,15.0,5.0
2017-06-01,DF,telephony,4,144.89,9.8,4.5
2017-06-01,DF,toys,10,1093.14,11.1,4.5
2017-06-01,DF,watches_gifts,2,412.16,20.5,4.0
2017-06-01,ES,(unknown),3,211.54,13.3,2.67
2017-06-01,ES,audio,3,479.29,10.0,3.0
2017-06-01,ES,auto,1,63.38,14.0,5.0
2017-06-01,ES,baby,1,139.17,100.0,3.0
2017-06-01,ES,bed_bath_table,9,1343.04,15.9,4.38
2017-06-01,ES,computers_accessories,5,683.67,12.5,4.33
2017-06-01,ES,cool_stuff,4,735.05,12.5,4.5
2017-06-01,ES,electronics,2,295.64,15.0,4.0
2017-06-01,ES,fashion_bags_accessories,1,138.59,18.0,5.0
2017-06-01,ES,fashion_male_clothing,1,127.14,9.0,4.0
2017-06-01,ES,furniture_decor,3,348.76,14.5,4.0
2017-06-01,ES,furniture_living_room,2,447.48,17.0,5.0
2017-06-01,ES,garden_tools,5,650.79,16.7,4.5
2017-06-01,ES,health_beauty,8,1784.23,17.3,4.63
2017-06-01,ES,home_appliances,1,105.4,10.0,5.0
2017-06-01,ES,housewares,2,742.59,13.0,5.0
2017-06-01,ES,musical_instruments,1,168.28,15.0,5.0
2017-06-01,ES,office_furniture,1,147.8,15.0,4.0
2017-06-01,ES,perfumery,5,860.84,19.2,3.8
2017-06-01,ES,pet_shop,1,32.09,20.0,5.0
2017-06-01,ES,sports_leisure,6,1671.28,23.7,4.2
2017-06-01,ES,stationery,4,345.38,13.0,4.75
2017-06-01,ES,telephony,3,100.25,11.0,5.0
2017-06-01,ES,toys,7,721.61,12.1,4.29
2017-06-01,GO,auto,3,382.48,16.3,4.0
2017-06-01,GO,bed_bath_table,12,2262.25,17.8,3.47
2017-06-01,GO,computers_accessories,3,501.6,14.3,3.33
2017-06-01,GO,construction_tools_construction,1,165.06,13.0,4.0
2017-06-01,GO,cool_stuff,6,1604.44,18.2,4.83
2017-06-01,GO,electronics,1,64.1,13.0,4.0
2017-06-01,GO,fashion_bags_accessories,1,84.14,9.0,3.0
2017-06-01,GO,fashion_underwear_beach,1,19.0,12.0,5.0
2017-06-01,GO,furniture_decor,3,208.13,15.3,4.0
2017-06-01,GO,garden_tools,3,1680.49,9.5,4.5
2017-06-01,GO,health_beauty,6,823.81,13.1,4.0
2017-06-01,GO,home_appliances,1,27.1,28.0,5.0
2017-06-01,GO,housewares,5,1062.58,13.4,4.6
2017-06-01,GO,luggage_accessories,2,354.76,13.5,4.0
2017-06-01,GO,office_furniture,3,544.16,16.7,4.33
2017-06-01,GO,perfumery,3,529.33,15.3,3.33
2017-06-01,GO,pet_shop,2,92.19,11.5,4.5
2017-06-01,GO,sports_leisure,6,472.67,14.3,4.17
2017-06-01,GO,stationery,2,240.71,15.3,4.67
2017-06-01,GO,telephony,7,236.37,16.6,4.29
2017-06-01,GO,toys,2,88.91,19.0,2.5
2017-06-01,MA,computers_accessories,2,123.1,20.5,4.0
2017-06-01,MA,cool_stuff,1,81.57,20.0,5.0
2017-06-01,MA,fashion_bags_accessories,3,208.34,14.0,4.0
2017-06-01,MA,fixed_telephony,1,124.43,13.0,4.0
2017-06-01,MA,furniture_decor,1,354.45,12.0,1.0
2017-06-01,MA,luggage_accessories,1,134.83,17.0,5.0
2017-06-01,MA,office_furniture,1,229.92,18.0,1.0
2017-06-01,MA,perfumery,2,668.65,19.5,5.0
2017-06-01,MA,sports_leisure,1,185.57,9.0,5.0
2017-06-01,MA,telephony,1,50.05,17.0,5.0
2017-06-01,MA,watches_gifts,1,63.15,19.0,4.0
2017-06-01,MG,(unknown),2,116.18,6.5,5.0
2017-06-01,MG,air_conditioning,1,112.82,17.0,3.0
2017-06-01,MG,auto,7,1486.93,15.0,4.63
2017-06-01,MG,baby,5,355.27,18.6,2.8
2017-06-01,MG,bed_bath_table,35,3873.79,14.6,3.82
2017-06-01,MG,books_general_interest,2,437.21,13.7,4.67
2017-06-01,MG,books_imported,1,129.2,11.0,5.0
2017-06-01,MG,books_technical,1,95.32,10.0,5.0
2017-06-01,MG,computers_accessories,27,2512.25,10.3,4.0
2017-06-01,MG,consoles_games,3,567.35,6.7,5.0
2017-06-01,MG,cool_stuff,24,5926.09,8.7,4.58
2017-06-01,MG,costruction_tools_garden,1,235.7,12.0,5.0
2017-06-01,MG,electronics,6,417.46,10.6,4.43
2017-06-01,MG,fashio_female_clothing,1,80.1,12.0,3.0
2017-06-01,MG,fashion_bags_accessories,14,1659.53,13.9,4.13
2017-06-01,MG,fashion_shoes,4,224.64,17.0,4.25
2017-06-01,MG,fashion_sport,1,55.0,6.0,5.0
2017-06-01,MG,fixed_telephony,2,96.18,9.0,5.0
2017-06-01,MG,furniture_decor,14,1376.61,14.4,4.06
2017-06-01,MG,garden_tools,13,2628.15,12.3,4.25
2017-06-01,MG,health_beauty,26,5705.73,13.1,4.54
2017-06-01,MG,home_appliances,1,174.96,7.0,5.0
2017-06-01,MG,home_appliances_2,1,317.35,9.0,5.0
2017-06-01,MG,home_confort,2,403.5,14.5,3.5
2017-06-01,MG,home_construction,1,74.97,15.0,3.0
2017-06-01,MG,housewares,42,4722.82,11.8,4.38
2017-06-01,MG,luggage_accessories,8,1317.9,9.9,4.63
2017-06-01,MG,market_place,2,153.06,12.5,4.0
2017-06-01,MG,music,1,350.54,14.0,5.0
2017-06-01,MG,musical_instruments,2,201.29,14.5,4.5
2017-06-01,MG,office_furniture,6,1522.66,15.6,4.0
2017-06-01,MG,perfumery,14,3195.99,12.5,3.93
2017-06-01,MG,pet_shop,6,711.76,9.3,4.67
2017-06-01,MG,small_appliances,2,469.04,11.0,4.0
2017-06-01,MG,small_appliances_home_oven_and_coffee,1,88.65,12.0,5.0
2017-06-01,MG,sports_leisure,33,6002.8,10.9,4.58
2017-06-01,MG,stationery,2,140.07,13.0,3.0
2017-06-01,MG,telephony,14,805.06,10.3,3.8
2017-06-01,MG,toys,15,2044.1,9.1,4.41
2017-06-01,MG,watches_gifts,14,4236.31,12.2,4.38
2017-06-01,MS,(unknown),1,55.0,12.0,5.0
2017-06-01,MS,bed_bath_table,2,231.08,15.7,5.0
2017-06-01,MS,computers_accessories,3,395.99,11.7,4.67
2017-06-01,MS,consoles_games,1,180.1,18.0,5.0
2017-06-01,MS,construction_tools_construction,1,55.02,14.0,4.0
2017-06-01,MS,cool_stuff,1,291.32,14.0,5.0
2017-06-01,MS,dvds_blu_ray,1,35.69,15.0,5.0
2017-06-01,MS,electronics,1,191.99,13.0,5.0
2017-06-01,MS,fashion_bags_accessories,1,64.0,19.0,5.0
2017-06-01,MS,furniture_decor,1,76.69,24.0,5.0
2017-06-01,MS,garden_tools,2,1603.26,15.5,3.0
2017-06-01,MS,health_beauty,3,408.86,13.5,4.0
2017-06-01,MS,home_appliances_2,1,216.07,18.0,3.0
2017-06-01,MS,housewares,2,297.14,16.5,4.0
2017-06-01,MS,perfumery,1,44.69,16.0,5.0
2017-06-01,MS,sports_leisure,3,234.84,13.3,4.67
2017-06-01,MS,toys,2,206.58,12.0,3.0
2017-06-01,MT,(unknown),1,55.79,13.0,5.0
2017-06-01,MT,auto,1,1247.29,28.0,5.0
2017-06-01,MT,bed_bath_table,1,243.87,18.0,4.0
2017-06-01,MT,computers_accessories,1,56.69,14.0,3.0
2017-06-01,MT,cool_stuff,2,286.09,14.5,4.5
2017-06-01,MT,electronics,1,108.1,19.0,4.0
2017-06-01,MT,fashion_bags_accessories,1,60.53,17.0,4.0
2017-06-01,MT,garden_tools,1,146.58,12.0,1.0
2017-06-01,MT,home_appliances,1,42.94,17.0,5.0
2017-06-01,MT,home_appliances_2,1,257.3,15.0,4.0
2017-06-01,MT,luggage_accessories,1,279.38,13.0,5.0
2017-06-01,MT,office_furniture,1,118.07,14.0,3.0
2017-06-01,MT,perfumery,2,363.99,13.0,5.0
2017-06-01,MT,sports_leisure,2,213.45,15.0,4.5
2017-06-01,MT,telephony,2,93.56,12.5,4.5
2017-06-01,MT,toys,2,245.42,32.0,4.5
2017-06-01,MT,watches_gifts,3,1002.86,15.7,3.67
2017-06-01,PA,computers_accessories,3,322.95,19.7,5.0
2017-06-01,PA,consoles_games,1,418.04,14.0,5.0
2017-06-01,PA,cool_stuff,2,456.54,23.5,4.5
2017-06-01,PA,fashion_male_clothing,1,186.79,29.0,5.0
2017-06-01,PA,furniture_decor,1,67.53,7.0,5.0
2017-06-01,PA,health_beauty,4,572.59,11.3,4.25
2017-06-01,PA,home_appliances,1,78.9,24.0,3.0
2017-06-01,PA,housewares,2,166.21,15.5,4.5
2017-06-01,PA,kitchen_dining_laundry_garden_furniture,1,86.8,21.0,5.0
2017-06-01,PA,luggage_accessories,2,547.99,14.5,5.0
2017-06-01,PA,market_place,1,104.91,14.0,5.0
2017-06-01,PA,perfumery,2,157.34,16.5,5.0
2017-06-01,PA,pet_shop,1,117.62,21.0,4.0
2017-06-01,PA,sports_leisure,4,890.66,21.0,4.0
2017-06-01,PA,telephony,7,662.31,22.0,4.0
2017-06-01,PA,toys,2,236.13,20.5,5.0
2017-06-01,PA,watches_gifts,1,1537.04,48.0,1.0
2017-06-01,PB,(unknown),1,107.03,14.0,5.0
2017-06-01,PB,auto,1,120.04,23.0,4.0
2017-06-01,PB,baby,1,87.9,19.0,5.0
2017-06-01,PB,computers_accessories,1,376.92,22.0,5.0
2017-06-01,PB,cool_stuff,2,1303.1,10.5,4.0
2017-06-01,PB,fashion_bags_accessories,2,178.33,11.5,4.0
2017-06-01,PB,fashion_shoes,1,219.74,24.0,1.0
2017-06-01,PB,furniture_decor,2,391.74,22.5,5.0
2017-06-01,PB,garden_tools,1,1217.78,20.0,5.0
2017-06-01,PB,health_beauty,3,2041.42,31.7,4.67
2017-06-01,PB,housewares,1,98.06,30.0,3.0
2017-06-01,PB,perfumery,3,424.62,12.3,4.33
2017-06-01,PB,telephony,2,250.63,22.5,1.5
2017-06-01,PB,toys,1,95.68,21.0,4.0
2017-06-01,PE,auto,1,60.63,10.0,5.0
2017-06-01,PE,baby,1,57.53,10.0,5.0
2017-06-01,PE,bed_bath_table,4,342.87,20.5,4.25
2017-06-01,PE,books_technical,1,93.21,11.0,5.0
2017-06-01,PE,computers_accessories,1,144.2,53.0,1.0
2017-06-01,PE,cool_stuff,3,569.25,19.3,2.33
2017-06-01,PE,electronics,1,64.63,39.0,4.0
2017-06-01,PE,fashion_bags_accessories,1,67.53,25.0,2.0
2017-06-01,PE,food,1,171.79,10.0,5.0
2017-06-01,PE,furniture_decor,2,163.2,28.0,3.0
2017-06-01,PE,garden_tools,1,140.75,15.0,5.0
2017-06-01,PE,health_beauty,4,2383.17,24.0,4.4
2017-06-01,PE,housewares,1,86.46,19.0,4.0
2017-06-01,PE,office_furniture,2,386.09,20.0,4.5
2017-06-01,PE,pc_gamer,1,156.18,15.0,4.0
2017-06-01,PE,perfumery,6,1287.43,17.1,4.71
2017-06-01,PE,sports_leisure,1,86.95,12.0,5.0
2017-06-01,PE,tablets_printing_image,1,124.97,25.0,5.0
2017-06-01,PE,telephony,2,167.0,17.5,4.0
2017-06-01,PE,toys,4,421.97,14.0,4.25
2017-06-01,PE,watches_gifts,2,338.74,11.5,5.0
2017-06-01,PI,auto,1,291.5,7.0,5.0
2017-06-01,PI,baby,1,101.26,3.0,5.0
2017-06-01,PI,cool_stuff,1,259.08,9.0,5.0
2017-06-01,PI,electronics,1,151.61,18.0,4.0
2017-06-01,PI,health_beauty,1,139.29,13.0,5.0
2017-06-01,PI,housewares,1,185.57,30.0,5.0
2017-06-01,PI,luggage_accessories,1,179.35,13.0,1.0
2017-06-01,PI,musical_instruments,1,475.2,12.0,5.0
2017-06-01,PI,perfumery,1,130.47,11.0,4.0
2017-06-01,PI,pet_shop,1,156.16,12.0,5.0
2017-06-01,PI,sports_leisure,2,219.5,17.0,5.0
2017-06-01,PI,toys,1,163.29,14.0,4.0
2017-06-01,PI,watches_gifts,1,174.68,14.0,5.0
2017-06-01,PR,(unknown),3,430.54,5.3,5.0
2017-06-01,PR,agro_industry_and_commerce,1,1422.05,10.0,1.0
2017-06-01,PR,auto,6,1005.64,11.8,4.5
2017-06-01,PR,baby,2,197.59,12.5,4.0
2017-06-01,PR,bed_bath_table,20,2509.92,11.8,4.05
2017-06-01,PR,books_general_interest,3,347.31,8.3,4.67
2017-06-01,PR,computers_accessories,11,1322.45,13.6,3.85
2017-06-01,PR,cool_stuff,11,1515.19,11.1,4.82
2017-06-01,PR,electronics,4,123.14,13.3,4.25
2017-06-01,PR,fashio_female_clothing,2,119.2,13.0,4.0
2017-06-01,PR,fashion_bags_accessories,1,95.21,15.0,3.0
2017-06-01,PR,furniture_decor,12,2321.49,11.9,2.94
2017-06-01,PR,garden_tools,4,405.49,11.0,4.5
2017-06-01,PR,health_beauty,8,2094.89,11.3,4.0
2017-06-01,PR,home_appliances,2,146.5,7.0,5.0
2017-06-01,PR,home_comfort_2,1,28.0,12.0,5.0
2017-06-01,PR,home_construction,1,624.79,7.0,4.0
2017-06-01,PR,housewares,19,1589.07,13.9,4.47
2017-06-01,PR,industry_commerce_and_business,1,187.38,8.0,4.0
2017-06-01,PR,luggage_accessories,1,245.35,7.0,5.0
2017-06-01,PR,market_place,1,127.92,10.0,5.0
2017-06-01,PR,music,1,344.32,3.0,3.0
2017-06-01,PR,office_furniture,2,651.14,5.8,5.0
2017-06-01,PR,perfumery,6,829.37,10.1,3.43
2017-06-01,PR,pet_shop,1,152.43,3.0,5.0
2017-06-01,PR,signaling_and_security,1,186.95,12.0,4.0
2017-06-01,PR,small_appliances,1,911.65,15.0,5.0
2017-06-01,PR,sports_leisure,14,2162.1,7.9,4.87
2017-06-01,PR,stationery,2,222.22,12.5,4.5
2017-06-01,PR,telephony,8,722.3,13.8,4.63
2017-06-01,PR,toys,8,612.7,10.5,4.5
2017-06-01,PR,watches_gifts,9,1857.32,11.4,4.6
2017-06-01,RJ,(unknown),8,1668.34,11.0,4.5
2017-06-01,RJ,air_conditioning,4,1226.47,8.3,4.0
2017-06-01,RJ,audio,1,285.64,8.0,5.0
2017-06-01,RJ,auto,12,3274.26,13.3,3.8
2017-06-01,RJ,baby,8,1197.46,10.1,3.5
2017-06-01,RJ,bed_bath_table,39,4820.82,15.3,4.13
2017-06-01,RJ,books_general_interest,2,102.29,12.0,4.5
2017-06-01,RJ,christmas_supplies,1,150.61,9.0,5.0
2017-06-01,RJ,computers_accessories,27,4833.14,12.5,4.06
2017-06-01,RJ,consoles_games,7,1912.37,16.6,4.5
2017-06-01,RJ,construction_tools_construction,2,255.23,4.8,2.0
2017-06-01,RJ,cool_stuff,27,3943.76,10.8,4.5
2017-06-01,RJ,costruction_tools_garden,1,212.02,9.0,4.0
2017-06-01,RJ,dvds_blu_ray,1,89.02,25.0,5.0
2017-06-01,RJ,electronics,6,407.86,11.5,4.83
2017-06-01,RJ,fashion_bags_accessories,5,805.98,9.6,4.6
2017-06-01,RJ,fashion_shoes,2,180.95,14.7,1.0
2017-06-01,RJ,fixed_telephony,1,416.36,10.0,4.0
2017-06-01,RJ,food_drink,1,55.1,11.0,5.0
2017-06-01,RJ,furniture_bedroom,1,249.56,8.0,5.0
2017-06-01,RJ,furniture_decor,16,2111.32,15.8,4.29
2017-06-01,RJ,furniture_living_room,3,383.53,22.0,4.0
2017-06-01,RJ,garden_tools,18,1728.86,10.8,4.78
2017-06-01,RJ,health_beauty,32,4167.04,12.5,4.24
2017-06-01,RJ,home_appliances,5,381.54,11.9,4.29
2017-06-01,RJ,home_confort,3,438.98,12.0,4.0
2017-06-01,RJ,housewares,33,3356.06,12.1,3.86
2017-06-01,RJ,industry_commerce_and_business,1,154.79,10.0,5.0
2017-06-01,RJ,luggage_accessories,9,1647.56,12.1,4.22
2017-06-01,RJ,market_place,3,262.98,12.0,2.75
2017-06-01,RJ,musical_instruments,1,443.33,9.0,4.0
2017-06-01,RJ,office_furniture,6,1175.96,16.5,4.17
2017-06-01,RJ,perfumery,19,2691.9,10.2,4.0
2017-06-01,RJ,pet_shop,7,861.23,12.1,3.86
2017-06-01,RJ,small_appliances,2,214.35,17.0,3.0
2017-06-01,RJ,sports_leisure,26,6580.91,12.9,4.31
2017-06-01,RJ,stationery,7,931.0,8.7,4.29
2017-06-01,RJ,tablets_printing_image,2,228.88,11.0,5.0
2017-06-01,RJ,telephony,13,669.62,10.1,4.25
2017-06-01,RJ,toys,21,2976.71,10.3,4.5
2017-06-01,RJ,watches_gifts,17,4457.61,14.2,3.76
2017-06-01,RN,(unknown),1,65.28,13.0,1.0
2017-06-01,RN,baby,1,188.5,24.0,5.0
2017-06-01,RN,furniture_decor,1,220.19,13.0,5.0
2017-06-01,RN,health_beauty,1,81.21,14.0,5.0
2017-06-01,RN,housewares,2,169.05,11.5,4.0
2017-06-01,RN,perfumery,3,533.48,36.7,3.33
2017-06-01,RN,small_appliances,1,142.27,10.0,3.0
2017-06-01,RN,sports_leisure,1,142.43,9.0,5.0
2017-06-01,RN,telephony,1,50.65,26.0,5.0
2017-06-01,RO,art,1,95.53,23.0,5.0
2017-06-01,RO,computers_accessories,1,106.56,9.0,4.0
2017-06-01,RO,furniture_decor,1,166.63,22.0,5.0
2017-06-01,RO,health_beauty,2,237.37,19.0,5.0
2017-06-01,RO,luggage_accessories,1,366.6,26.0,5.0
2017-06-01,RO,sports_leisure,2,826.41,19.5,4.5
2017-06-01,RO,toys,1,387.76,11.0,5.0
2017-06-01,RO,watches_gifts,1,124.2,11.0,5.0
2017-06-01,RR,computers_accessories,1,62.92,21.0,5.0
2017-06-01,RR,furniture_decor,1,70.38,8.0,5.0
2017-06-01,RR,telephony,1,41.88,30.0,4.0
2017-06-01,RS,(unknown),3,297.01,10.0,5.0
2017-06-01,RS,air_conditioning,1,38.47,9.0,5.0
2017-06-01,RS,audio,2,391.01,10.0,4.5
2017-06-01,RS,auto,6,1046.67,10.0,4.43
2017-06-01,RS,baby,7,847.39,10.6,4.71
2017-06-01,RS,bed_bath_table,21,2828.69,13.5,4.48
2017-06-01,RS,books_general_interest,4,501.74,14.0,4.75
2017-06-01,RS,computers_accessories,20,3255.37,10.6,4.5
2017-06-01,RS,consoles_games,3,1019.51,14.3,4.0
2017-06-01,RS,cool_stuff,17,2471.76,10.2,4.67
2017-06-01,RS,electronics,1,91.26,6.0,5.0
2017-06-01,RS,fashion_bags_accessories,4,367.63,9.5,4.5
2017-06-01,RS,fixed_telephony,3,131.27,12.7,5.0
2017-06-01,RS,furniture_decor,21,2101.29,12.3,4.62
2017-06-01,RS,garden_tools,6,754.73,12.1,4.86
2017-06-01,RS,health_beauty,15,1670.32,11.2,4.53
2017-06-01,RS,home_appliances,5,315.64,9.4,4.6
2017-06-01,RS,home_construction,1,1315.9,16.0,4.0
2017-06-01,RS,housewares,17,2156.02,15.1,4.29
2017-06-01,RS,luggage_accessories,4,370.47,17.3,5.0
2017-06-01,RS,market_place,1,204.25,11.0,4.0
2017-06-01,RS,office_furniture,2,433.09,14.0,4.5
2017-06-01,RS,perfumery,5,882.07,11.0,3.83
2017-06-01,RS,pet_shop,4,612.29,10.8,5.0
2017-06-01,RS,small_appliances,1,126.59,9.0,2.0
2017-06-01,RS,sports_leisure,13,1961.6,11.5,4.53
2017-06-01,RS,stationery,1,76.79,19.0,4.0
2017-06-01,RS,telephony,14,523.56,15.1,4.67
2017-06-01,RS,toys,9,1027.5,12.8,4.4
2017-06-01,RS,watches_gifts,7,568.98,11.7,4.43
2017-06-01,SC,(unknown),1,46.69,13.0,5.0
2017-06-01,SC,auto,6,868.55,11.0,4.33
2017-06-01,SC,baby,3,825.14,7.0,3.67
2017-06-01,SC,bed_bath_table,7,2136.18,13.3,3.33
2017-06-01,SC,books_general_interest,1,128.06,17.0,5.0
2017-06-01,SC,christmas_supplies,1,95.64,23.0,4.0
2017-06-01,SC,computers_accessories,11,1825.46,16.7,3.54
2017-06-01,SC,cool_stuff,10,1852.08,13.1,4.0
2017-06-01,SC,electronics,3,198.47,13.7,5.0
2017-06-01,SC,fashion_bags_accessories,3,227.12,10.3,3.33
2017-06-01,SC,furniture_decor,8,834.78,22.1,5.0
2017-06-01,SC,furniture_living_room,1,379.73,21.0,5.0
2017-06-01,SC,garden_tools,4,507.36,19.3,3.75
2017-06-01,SC,health_beauty,7,520.48,11.4,4.43
2017-06-01,SC,home_appliances,2,84.22,11.5,4.5
2017-06-01,SC,housewares,11,822.39,14.1,4.33
2017-06-01,SC,luggage_accessories,1,346.88,15.0,5.0
2017-06-01,SC,musical_instruments,1,755.57,9.0,5.0
2017-06-01,SC,office_furniture,3,521.31,22.0,1.0
2017-06-01,SC,perfumery,3,285.56,9.0,3.5
2017-06-01,SC,pet_shop,2,238.45,10.3,5.0
2017-06-01,SC,small_appliances,1,402.32,13.0,5.0
2017-06-01,SC,sports_leisure,6,507.41,11.1,4.43
2017-06-01,SC,stationery,1,116.94,10.0,4.0
2017-06-01,SC,telephony,4,213.99,11.6,4.6
2017-06-01,SC,toys,5,656.09,14.4,4.6
2017-06-01,SC,watches_gifts,3,614.71,13.0,5.0
2017-06-01,SE,auto,1,107.96,20.0,5.0
2017-06-01,SE,bed_bath_table,1,253.87,15.0,5.0
2017-06-01,SE,books_general_interest,1,156.35,11.0,5.0
2017-06-01,SE,health_beauty,2,393.54,20.5,5.0
2017-06-01,SE,perfumery,1,364.57,14.0,2.0
2017-06-01,SE,toys,2,342.94,30.0,1.0
2017-06-01,SP,(unknown),22,2403.82,8.8,3.3
2017-06-01,SP,air_conditioning,3,910.76,17.6,4.2
2017-06-01,SP,art,3,189.82,6.7,3.67
2017-06-01,SP,audio,4,556.24,7.0,3.75
2017-06-01,SP,auto,49,16868.98,10.2,3.79
2017-06-01,SP,baby,38,4345.43,10.4,3.28
2017-06-01,SP,bed_bath_table,154,18482.46,10.3,4.1
2017-06-01,SP,books_general_interest,4,325.93,13.3,5.0
2017-06-01,SP,cine_photo,1,112.91,11.0,5.0
2017-06-01,SP,computers_accessories,76,13682.06,9.2,4.02
2017-06-01,SP,consoles_games,8,1639.78,7.3,4.09
2017-06-01,SP,cool_stuff,62,16471.29,9.0,4.38
2017-06-01,SP,costruction_tools_garden,1,52.68,11.0,5.0
2017-06-01,SP,drinks,1,69.2,12.0,4.0
2017-06-01,SP,dvds_blu_ray,1,45.53,9.0,5.0
2017-06-01,SP,electronics,12,561.44,9.7,3.54
2017-06-01,SP,fashion_bags_accessories,30,2894.38,7.0,4.13
2017-06-01,SP,fashion_childrens_clothes,1,118.96,5.0,5.0
2017-06-01,SP,fashion_male_clothing,3,231.31,9.0,4.8
2017-06-01,SP,fashion_shoes,9,1053.82,14.3,4.0
2017-06-01,SP,fashion_sport,4,512.4,5.8,5.0
2017-06-01,SP,fixed_telephony,2,250.87,11.0,4.5
2017-06-01,SP,food_drink,1,27.68,1.0,5.0
2017-06-01,SP,furniture_bedroom,1,102.12,13.0,5.0
2017-06-01,SP,furniture_decor,83,9761.79,9.2,4.38
2017-06-01,SP,furniture_living_room,6,1032.17,13.0,4.5
2017-06-01,SP,garden_tools,36,6519.98,9.2,4.38
2017-06-01,SP,health_beauty,90,11360.85,8.9,4.27
2017-06-01,SP,home_appliances,18,1339.13,6.6,3.68
2017-06-01,SP,home_appliances_2,3,644.35,10.7,3.0
2017-06-01,SP,home_confort,12,2257.54,10.1,4.0
2017-06-01,SP,home_construction,1,125.52,6.0,5.0
2017-06-01,SP,housewares,127,11701.1,9.5,4.22
2017-06-01,SP,kitchen_dining_laundry_garden_furniture,2,388.2,23.0,5.0
2017-06-01,SP,luggage_accessories,21,3460.81,9.8,4.71
2017-06-01,SP,market_place,7,638.74,7.4,3.86
2017-06-01,SP,music,2,446.26,28.5,2.5
2017-06-01,SP,musical_instruments,8,2145.44,10.1,3.67
2017-06-01,SP,office_furniture,14,2467.42,11.7,4.07
2017-06-01,SP,perfumery,54,11537.77,10.0,4.36
2017-06-01,SP,pet_shop,32,3033.75,8.6,4.45
2017-06-01,SP,small_appliances,12,4779.09,8.0,4.25
2017-06-01,SP,sports_leisure,109,14228.79,10.4,4.35
2017-06-01,SP,stationery,14,1539.63,9.1,4.64
2017-06-01,SP,tablets_printing_image,3,325.32,4.0,5.0
2017-06-01,SP,telephony,52,3103.85,8.0,4.02
2017-06-01,SP,toys,48,5907.47,7.7,4.5
2017-06-01,SP,watches_gifts,47,11711.51,8.0,4.27
2017-06-01,TO,(unknown),1,153.38,11.0,4.0
2017-06-01,TO,baby,1,267.12,22.0,5.0
2017-06-01,TO,computers_accessories,2,2947.02,11.5,4.5
2017-06-01,TO,cool_stuff,1,662.62,14.0,5.0
2017-06-01,TO,housewares,1,109.78,13.0,5.0
2017-06-01,TO,sports_leisure,1,122.76,14.0,5.0
2017-06-01,TO,toys,1,178.44,22.0,5.0
2017-07-01,AC,baby,1,147.59,16.0,5.0
2017-07-01,AC,computers_accessories,1,62.92,18.0,2.0
2017-07-01,AC,luggage_accessories,1,361.27,25.0,5.0
2017-07-01,AC,perfumery,1,82.42,16.0,5.0
2017-07-01,AC,toys,1,140.2,15.0,5.0
2017-07-01,AL,audio,1,266.92,41.0,
2017-07-01,AL,bed_bath_table,2,624.59,20.7,3.67
2017-07-01,AL,consoles_games,1,74.05,14.0,5.0
2017-07-01,AL,fashion_shoes,1,109.87,52.0,1.0
2017-07-01,AL,furniture_decor,1,138.15,27.0,4.0
2017-07-01,AL,health_beauty,3,255.07,34.3,3.0
2017-07-01,AL,luggage_accessories,2,503.48,23.3,3.67
2017-07-01,AL,pet_shop,1,300.36,42.0,3.0
2017-07-01,AL,sports_leisure,1,153.36,23.0,5.0
2017-07-01,AL,toys,1,152.25,22.0,5.0
2017-07-01,AL,watches_gifts,1,261.47,30.0,4.0
2017-07-01,AM,bed_bath_table,2,209.14,25.5,4.5
2017-07-01,AM,computers_accessories,1,447.09,13.0,4.0
2017-07-01,AM,sports_leisure,1,166.28,20.0,1.0
2017-07-01,AM,telephony,1,212.03,9.0,5.0
2017-07-01,AP,health_beauty,1,292.39,17.0,4.0
2017-07-01,BA,(unknown),1,25.79,22.0,4.0
2017-07-01,BA,auto,5,371.42,28.2,3.8
2017-07-01,BA,baby,4,667.77,14.8,4.25
2017-07-01,BA,bed_bath_table,17,2220.21,16.1,4.24
2017-07-01,BA,christmas_supplies,1,22.98,11.0,5.0
2017-07-01,BA,computers_accessories,9,746.68,18.6,3.7
2017-07-01,BA,consoles_games,1,136.28,23.0,4.0
2017-07-01,BA,cool_stuff,9,1199.97,17.4,4.55
2017-07-01,BA,electronics,3,614.58,18.3,4.67
2017-07-01,BA,fashion_bags_accessories,5,409.35,20.3,2.83
2017-07-01,BA,fixed_telephony,1,36.78,9.0,4.0
2017-07-01,BA,furniture_bedroom,1,406.65,30.0,4.0
2017-07-01,BA,furniture_decor,6,1357.32,17.6,4.67
2017-07-01,BA,furniture_living_room,1,376.29,21.0,5.0
2017-07-01,BA,garden_tools,3,875.02,16.0,4.5
2017-07-01,BA,health_beauty,7,2787.83,12.7,4.57
2017-07-01,BA,home_appliances,3,136.2,16.0,2.67
2017-07-01,BA,home_appliances_2,1,228.82,27.0,3.0
2017-07-01,BA,home_confort,1,213.94,6.0,2.0
2017-07-01,BA,housewares,3,229.48,17.0,4.0
2017-07-01,BA,musical_instruments,2,330.41,10.0,3.5
2017-07-01,BA,office_furniture,9,1724.76,21.8,4.33
2017-07-01,BA,perfumery,4,317.48,18.8,3.5
2017-07-01,BA,pet_shop,6,581.62,16.7,4.33
2017-07-01,BA,small_appliances,4,639.31,26.8,3.75
2017-07-01,BA,sports_leisure,16,2273.63,18.7,4.13
2017-07-01,BA,stationery,2,203.42,12.5,3.5
2017-07-01,BA,telephony,8,667.66,17.4,4.13
2017-07-01,BA,toys,4,261.44,16.5,4.5
2017-07-01,BA,watches_gifts,9,2270.72,14.8,3.89
2017-07-01,CE,auto,3,361.94,19.7,4.67
2017-07-01,CE,baby,1,70.75,14.0,4.0
2017-07-01,CE,bed_bath_table,4,1071.37,12.8,3.33
2017-07-01,CE,computers_accessories,3,178.47,14.3,2.75
2017-07-01,CE,cool_stuff,4,704.33,11.3,5.0
2017-07-01,CE,electronics,1,532.77,13.0,5.0
2017-07-01,CE,fashion_bags_accessories,1,75.53,15.0,5.0
2017-07-01,CE,fixed_telephony,1,73.06,20.0,1.0
2017-07-01,CE,furniture_decor,1,76.79,15.0,4.0
2017-07-01,CE,garden_tools,1,372.16,21.0,3.0
2017-07-01,CE,health_beauty,9,2930.42,17.2,3.7
2017-07-01,CE,home_confort,1,115.81,20.0,4.0
2017-07-01,CE,housewares,1,96.93,29.0,5.0
2017-07-01,CE,luggage_accessories,1,196.35,12.0,5.0
2017-07-01,CE,office_furniture,3,584.1,22.7,4.0
2017-07-01,CE,perfumery,3,282.31,18.7,4.67
2017-07-01,CE,pet_shop,1,147.38,18.0,3.0
2017-07-01,CE,sports_leisure,5,324.49,17.0,4.8
2017-07-01,CE,telephony,1,57.62,20.0,5.0
2017-07-01,CE,toys,8,1580.63,14.8,4.88
2017-07-01,DF,(unknown),1,75.07,19.0,4.0
2017-07-01,DF,art,1,249.16,3.0,5.0
2017-07-01,DF,auto,3,542.58,12.0,4.0
2017-07-01,DF,baby,4,1392.35,10.3,4.25
2017-07-01,DF,bed_bath_table,6,799.64,14.7,4.83
2017-07-01,DF,computers_accessories,5,1328.04,8.2,3.33
2017-07-01,DF,cool_stuff,3,685.48,16.7,4.0
2017-07-01,DF,fashio_female_clothing,1,148.06,15.0,4.0
2017-07-01,DF,fashion_bags_accessories,3,163.66,10.3,3.67
2017-07-01,DF,furniture_decor,4,809.12,13.3,4.67
2017-07-01,DF,furniture_living_room,1,160.23,15.0,5.0
2017-07-01,DF,garden_tools,5,1383.19,12.5,2.73
2017-07-01,DF,health_beauty,10,1082.77,11.1,4.33
2017-07-01,DF,home_appliances,1,35.05,14.0,5.0
2017-07-01,DF,housewares,4,588.83,11.5,4.9
2017-07-01,DF,office_furniture,4,766.76,16.8,4.5
2017-07-01,DF,perfumery,4,294.46,9.5,4.25
2017-07-01,DF,small_appliances,2,505.87,13.5,5.0
2017-07-01,DF,sports_leisure,4,509.23,12.2,4.4
2017-07-01,DF,stationery,1,55.0,8.0,5.0
2017-07-01,DF,telephony,2,104.65,15.5,5.0
2017-07-01,DF,toys,5,625.72,12.2,5.0
2017-07-01,DF,watches_gifts,2,532.77,17.0,4.0
2017-07-01,ES,auto,2,158.79,10.0,3.5
2017-07-01,ES,bed_bath_table,12,1399.84,15.7,4.46
2017-07-01,ES,computers_accessories,7,606.19,21.1,3.86
2017-07-01,ES,consoles_games,1,35.0,18.0,5.0
2017-07-01,ES,cool_stuff,1,190.89,24.0,3.0
2017-07-01,ES,electronics,3,326.01,9.8,4.0
2017-07-01,ES,fashion_bags_accessories,1,65.09,9.0,1.0
2017-07-01,ES,fashion_shoes,1,218.35,14.0,5.0
2017-07-01,ES,furniture_decor,4,278.83,16.3,5.0
2017-07-01,ES,garden_tools,2,155.14,14.5,4.5
2017-07-01,ES,health_beauty,4,408.2,13.3,3.75
2017-07-01,ES,home_appliances,2,223.84,12.5,3.0
2017-07-01,ES,home_confort,1,210.56,18.0,1.0
2017-07-01,ES,housewares,6,640.52,12.6,5.0
2017-07-01,ES,luggage_accessories,1,134.94,14.0,2.0
2017-07-01,ES,musical_instruments,2,193.41,20.5,3.0
2017-07-01,ES,perfumery,2,213.28,15.7,2.33
2017-07-01,ES,pet_shop,2,117.62,13.7,2.33
2017-07-01,ES,signaling_and_security,1,373.9,6.0,4.0
2017-07-01,ES,small_appliances,1,75.03,14.0,5.0
2017-07-01,ES,sports_leisure,7,748.93,13.9,4.29
2017-07-01,ES,stationery,2,270.48,5.7,2.33
2017-07-01,ES,telephony,6,622.15,13.7,4.14
2017-07-01,ES,toys,5,502.37,18.4,4.75
2017-07-01,ES,watches_gifts,7,709.81,12.0,3.57
2017-07-01,GO,(unknown),1,51.09,20.0,4.0
2017-07-01,GO,baby,1,137.28,10.0,5.0
2017-07-01,GO,bed_bath_table,13,1994.93,14.7,4.4
2017-07-01,GO,books_general_interest,2,284.99,10.5,5.0
2017-07-01,GO,computers_accessories,7,930.75,21.3,3.75
2017-07-01,GO,consoles_games,1,35.0,56.0,5.0
2017-07-01,GO,construction_tools_lights,1,401.45,9.0,5.0
2017-07-01,GO,cool_stuff,3,461.05,12.3,5.0
2017-07-01,GO,fashion_bags_accessories,1,65.09,10.0,5.0
2017-07-01,GO,furniture_decor,4,560.22,13.8,4.25
2017-07-01,GO,furniture_living_room,2,469.79,17.0,2.5
2017-07-01,GO,garden_tools,1,77.57,14.0,5.0
2017-07-01,GO,health_beauty,3,400.22,7.0,5.0
2017-07-01,GO,home_confort,1,105.28,21.0,5.0
2017-07-01,GO,housewares,4,256.87,6.2,5.0
2017-07-01,GO,luggage_accessories,1,126.89,23.0,5.0
2017-07-01,GO,market_place,1,50.0,8.0,5.0
2017-07-01,GO,office_furniture,1,154.19,13.0,5.0
2017-07-01,GO,perfumery,3,486.23,19.7,5.0
2017-07-01,GO,pet_shop,3,491.48,11.5,4.5
2017-07-01,GO,sports_leisure,7,783.19,11.3,4.43
2017-07-01,GO,stationery,2,298.0,13.5,3.5
2017-07-01,GO,telephony,6,491.9,11.2,4.67
2017-07-01,GO,toys,6,548.19,14.5,4.33
2017-07-01,GO,watches_gifts,3,915.32,12.0,4.67
2017-07-01,MA,auto,1,183.84,26.0,3.0
2017-07-01,MA,baby,5,948.17,17.8,3.8
2017-07-01,MA,bed_bath_table,1,86.27,28.0,5.0
2017-07-01,MA,books_general_interest,1,157.84,25.0,5.0
2017-07-01,MA,computers_accessories,2,890.66,27.0,4.0
2017-07-01,MA,cool_stuff,4,784.78,15.5,4.0
2017-07-01,MA,electronics,1,125.43,18.0,5.0
2017-07-01,MA,fashion_bags_accessories,2,286.67,19.0,4.0
2017-07-01,MA,furniture_decor,2,216.8,20.0,4.5
2017-07-01,MA,health_beauty,2,440.09,23.5,4.5
2017-07-01,MA,luggage_accessories,1,196.35,27.0,3.0
2017-07-01,MA,market_place,1,184.7,26.0,5.0
2017-07-01,MA,musical_instruments,1,1172.26,13.0,5.0
2017-07-01,MA,office_furniture,1,557.62,21.0,2.0
2017-07-01,MA,perfumery,3,624.11,19.7,2.67
2017-07-01,MA,sports_leisure,2,121.1,18.0,5.0
2017-07-01,MA,stationery,2,238.92,21.0,4.0
2017-07-01,MA,telephony,2,128.83,19.3,3.67
2017-07-01,MA,toys,2,185.31,21.5,5.0
2017-07-01,MA,watches_gifts,1,70.15,31.0,3.0
2017-07-01,MG,(unknown),7,431.97,8.3,4.57
2017-07-01,MG,art,1,123.79,8.0,4.0
2017-07-01,MG,arts_and_craftmanship,1,145.56,5.0,5.0
2017-07-01,MG,auto,14,1820.35,9.8,4.35
2017-07-01,MG,baby,14,1387.31,9.8,4.79
2017-07-01,MG,bed_bath_table,62,11265.9,13.1,3.64
2017-07-01,MG,books_general_interest,2,219.91,11.5,5.0
2017-07-01,MG,computers_accessories,23,3411.75,9.4,3.96
2017-07-01,MG,consoles_games,5,273.5,8.2,4.6
2017-07-01,MG,construction_tools_construction,1,140.02,9.0,4.0
2017-07-01,MG,cool_stuff,25,6022.2,11.4,4.46
2017-07-01,MG,drinks,1,132.48,6.0,4.0
2017-07-01,MG,electronics,13,1053.31,10.2,4.0
2017-07-01,MG,fashion_bags_accessories,8,537.58,9.1,4.75
2017-07-01,MG,fashion_male_clothing,1,155.63,14.0,1.0
2017-07-01,MG,fashion_shoes,4,397.09,16.3,4.25
2017-07-01,MG,fashion_underwear_beach,1,170.84,9.0,4.0
2017-07-01,MG,food,1,111.91,7.0,5.0
2017-07-01,MG,furniture_decor,28,3410.68,11.3,3.88
2017-07-01,MG,furniture_living_room,5,872.68,13.2,3.83
2017-07-01,MG,garden_tools,19,2758.57,12.3,4.0
2017-07-01,MG,health_beauty,33,4087.45,9.2,4.15
2017-07-01,MG,home_appliances,6,1110.92,15.2,3.17
2017-07-01,MG,home_comfort_2,1,28.0,17.0,4.0
2017-07-01,MG,home_confort,6,1244.68,14.0,4.33
2017-07-01,MG,housewares,24,2657.38,13.5,4.23
2017-07-01,MG,kitchen_dining_laundry_garden_furniture,3,301.8,10.0,5.0
2017-07-01,MG,la_cuisine,1,155.18,9.0,5.0
2017-07-01,MG,luggage_accessories,10,1140.8,6.7,4.6
2017-07-01,MG,market_place,1,196.01,10.0,1.0
2017-07-01,MG,musical_instruments,2,414.36,13.0,5.0
2017-07-01,MG,office_furniture,8,1501.88,15.5,3.5
2017-07-01,MG,perfumery,13,1759.94,9.2,4.71
2017-07-01,MG,pet_shop,8,893.47,10.3,4.22
2017-07-01,MG,small_appliances,6,828.43,8.7,3.83
2017-07-01,MG,sports_leisure,21,3586.37,12.2,4.2
2017-07-01,MG,stationery,7,812.05,7.0,4.57
2017-07-01,MG,telephony,15,1202.19,10.0,4.18
2017-07-01,MG,toys,22,3136.98,8.9,4.46
2017-07-01,MG,watches_gifts,16,3818.1,10.8,4.19
2017-07-01,MS,baby,1,66.6,15.0,5.0
2017-07-01,MS,bed_bath_table,5,1059.95,12.9,4.09
2017-07-01,MS,computers_accessories,1,171.85,20.0,5.0
2017-07-01,MS,cool_stuff,1,116.94,8.0,2.0
2017-07-01,MS,fashion_shoes,1,176.26,17.0,5.0
2017-07-01,MS,furniture_decor,2,119.97,10.5,5.0
2017-07-01,MS,garden_tools,2,1417.64,9.5,5.0
2017-07-01,MS,health_beauty,3,319.72,12.0,4.67
2017-07-01,MS,housewares,1,54.82,16.0,5.0
2017-07-01,MS,luggage_accessories,2,242.93,22.0,4.0
2017-07-01,MS,small_appliances,1,33.78,13.0,5.0
2017-07-01,MS,sports_leisure,3,515.79,12.4,2.6
2017-07-01,MS,toys,1,167.29,17.0,4.0
2017-07-01,MT,baby,1,210.64,16.0,4.0
2017-07-01,MT,bed_bath_table,5,688.56,16.2,4.6
2017-07-01,MT,computers_accessories,1,204.98,10.0,
2017-07-01,MT,consoles_games,2,310.8,14.0,5.0
2017-07-01,MT,food,1,208.74,17.0,5.0
2017-07-01,MT,furniture_decor,5,629.39,18.8,3.8
2017-07-01,MT,garden_tools,1,327.82,15.0,5.0
2017-07-01,MT,health_beauty,4,3552.37,14.2,5.0
2017-07-01,MT,home_appliances,2,258.74,19.0,4.5
2017-07-01,MT,market_place,1,79.68,18.0,4.0
2017-07-01,MT,sports_leisure,2,213.78,12.5,4.5
2017-07-01,MT,stationery,2,169.17,15.3,4.67
2017-07-01,MT,telephony,4,256.12,13.5,3.5
2017-07-01,MT,watches_gifts,7,4191.32,13.6,4.43
2017-07-01,PA,auto,1,179.35,18.0,3.0
2017-07-01,PA,bed_bath_table,1,245.12,13.0,4.0
2017-07-01,PA,computers_accessories,5,700.19,19.4,4.0
2017-07-01,PA,consoles_games,1,43.14,36.0,4.0
2017-07-01,PA,cool_stuff,2,206.86,16.5,3.5
2017-07-01,PA,electronics,2,247.27,26.5,3.5
2017-07-01,PA,fashion_bags_accessories,1,135.95,19.0,3.0
2017-07-01,PA,garden_tools,2,460.88,19.0,4.5
2017-07-01,PA,health_beauty,4,678.26,18.5,3.5
2017-07-01,PA,housewares,1,82.8,21.0,5.0
2017-07-01,PA,office_furniture,2,548.38,15.0,2.5
2017-07-01,PA,perfumery,1,410.0,15.0,5.0
2017-07-01,PA,sports_leisure,4,679.48,16.8,5.0
2017-07-01,PA,stationery,1,168.37,37.0,4.0
2017-07-01,PA,telephony,4,209.12,12.0,5.0
2017-07-01,PA,toys,3,516.39,13.0,4.0
2017-07-01,PA,watches_gifts,1,189.42,45.0,2.0
2017-07-01,PB,auto,2,241.07,25.5,4.5
2017-07-01,PB,bed_bath_table,3,598.83,19.8,3.75
2017-07-01,PB,computers_accessories,4,1793.86,39.3,4.14
2017-07-01,PB,cool_stuff,3,442.68,20.3,4.67
2017-07-01,PB,electronics,1,100.77,33.0,4.0
2017-07-01,PB,furniture_decor,1,153.15,35.0,1.0
2017-07-01,PB,garden_tools,1,107.03,22.0,5.0
2017-07-01,PB,health_beauty,2,268.02,25.5,3.0
2017-07-01,PB,industry_commerce_and_business,1,236.12,22.0,5.0
2017-07-01,PB,luggage_accessories,2,201.35,9.5,4.5
2017-07-01,PB,pet_shop,1,188.32,20.0,4.0
2017-07-01,PB,sports_leisure,2,673.82,22.3,4.33
2017-07-01,PB,telephony,1,84.14,62.0,1.0
2017-07-01,PB,toys,1,115.89,33.0,5.0
2017-07-01,PB,watches_gifts,1,321.98,17.0,5.0
2017-07-01,PE,auto,2,462.56,34.0,3.0
2017-07-01,PE,baby,1,149.14,26.0,5.0
2017-07-01,PE,bed_bath_table,8,1102.66,19.6,4.11
2017-07-01,PE,books_general_interest,1,159.39,9.0,5.0
2017-07-01,PE,computers_accessories,6,1016.46,16.0,4.0
2017-07-01,PE,consoles_games,2,1186.68,38.0,2.0
2017-07-01,PE,cool_stuff,3,553.43,21.2,4.33
2017-07-01,PE,electronics,2,274.44,13.0,4.33
2017-07-01,PE,fashion_bags_accessories,1,65.53,39.0,1.0
2017-07-01,PE,fashion_shoes,1,54.13,11.0,5.0
2017-07-01,PE,fixed_telephony,1,37.62,22.0,3.0
2017-07-01,PE,furniture_decor,1,77.6,32.0,3.0
2017-07-01,PE,garden_tools,2,914.45,14.5,4.5
2017-07-01,PE,health_beauty,11,1367.84,22.9,3.82
2017-07-01,PE,housewares,1,228.79,13.0,5.0
2017-07-01,PE,luggage_accessories,1,136.14,49.0,2.0
2017-07-01,PE,office_furniture,1,289.95,18.0,4.0
2017-07-01,PE,perfumery,3,566.91,40.3,3.33
2017-07-01,PE,pet_shop,3,198.21,30.7,3.67
2017-07-01,PE,small_appliances,1,51.14,23.0,2.0
2017-07-01,PE,sports_leisure,9,1371.9,22.1,2.75
2017-07-01,PE,stationery,3,374.2,24.7,3.67
2017-07-01,PE,telephony,2,242.02,17.5,5.0
2017-07-01,PE,toys,3,455.68,15.7,4.0
2017-07-01,PE,watches_gifts,2,186.52,14.5,4.5
2017-07-01,PI,auto,1,671.8,13.0,2.0
2017-07-01,PI,baby,1,145.29,5.0,5.0
2017-07-01,PI,bed_bath_table,2,275.01,17.0,3.0
2017-07-01,PI,computers_accessories,3,221.38,13.3,3.33
2017-07-01,PI,cool_stuff,2,313.83,12.0,4.5
2017-07-01,PI,furniture_decor,2,143.31,11.0,5.0
2017-07-01,PI,garden_tools,3,447.1,19.0,4.67
2017-07-01,PI,health_beauty,1,107.02,14.0,5.0
2017-07-01,PI,home_appliances,1,50.75,11.0,5.0
2017-07-01,PI,housewares,1,175.5,14.0,
2017-07-01,PI,office_furniture,1,165.51,44.0,1.0
2017-07-01,PI,perfumery,1,106.38,10.0,5.0
2017-07-01,PI,toys,1,115.89,10.0,5.0
2017-07-01,PR,(unknown),5,434.77,9.5,5.0
2017-07-01,PR,audio,1,45.0,12.0,5.0
2017-07-01,PR,auto,9,1658.75,11.9,3.9
2017-07-01,PR,baby,6,947.91,10.3,4.86
2017-07-01,PR,bed_bath_table,18,3260.92,10.8,4.19
2017-07-01,PR,books_general_interest,1,140.61,12.0,5.0
2017-07-01,PR,books_technical,1,357.62,9.0,5.0
2017-07-01,PR,computers_accessories,14,1731.45,11.8,4.43
2017-07-01,PR,consoles_games,2,232.37,10.5,4.0
2017-07-01,PR,construction_tools_construction,1,156.92,8.0,5.0
2017-07-01,PR,cool_stuff,11,2308.59,10.0,4.9
2017-07-01,PR,electronics,4,114.52,11.8,4.25
2017-07-01,PR,fashion_bags_accessories,5,446.85,9.3,5.0
2017-07-01,PR,fashion_male_clothing,2,371.44,11.3,4.33
2017-07-01,PR,fashion_shoes,2,136.95,16.5,4.5
2017-07-01,PR,fixed_telephony,1,34.09,8.0,5.0
2017-07-01,PR,food_drink,1,34.01,8.0,5.0
2017-07-01,PR,furniture_decor,13,1256.24,12.8,3.83
2017-07-01,PR,furniture_living_room,1,90.72,13.0,3.0
2017-07-01,PR,garden_tools,8,1137.55,12.8,4.78
2017-07-01,PR,health_beauty,13,1133.75,11.5,4.71
2017-07-01,PR,home_appliances,2,1000.4,10.0,5.0
2017-07-01,PR,home_appliances_2,1,197.95,15.0,4.0
2017-07-01,PR,housewares,10,1047.98,9.6,4.23
2017-07-01,PR,luggage_accessories,5,799.72,12.2,4.6
2017-07-01,PR,musical_instruments,2,893.03,11.7,5.0
2017-07-01,PR,office_furniture,2,823.02,19.0,2.5
2017-07-01,PR,perfumery,3,331.92,8.0,2.75
2017-07-01,PR,pet_shop,4,400.75,11.3,4.5
2017-07-01,PR,small_appliances,1,261.16,7.0,5.0
2017-07-01,PR,sports_leisure,25,4023.5,8.7,4.83
2017-07-01,PR,stationery,4,671.18,8.0,5.0
2017-07-01,PR,telephony,5,613.58,9.4,3.6
2017-07-01,PR,toys,10,1431.08,9.1,4.6
2017-07-01,PR,watches_gifts,4,758.81,11.8,4.75
2017-07-01,RJ,(unknown),8,483.07,11.7,2.88
2017-07-01,RJ,air_conditioning,3,1323.1,7.3,5.0
2017-07-01,RJ,auto,8,2867.33,12.0,4.13
2017-07-01,RJ,baby,17,2570.88,11.5,4.56
2017-07-01,RJ,bed_bath_table,72,9955.99,12.6,4.2
2017-07-01,RJ,books_general_interest,1,144.4,11.0,5.0
2017-07-01,RJ,cds_dvds_musicals,2,122.22,10.0,4.0
2017-07-01,RJ,computers_accessories,49,11953.48,13.6,4.23
2017-07-01,RJ,consoles_games,5,285.56,10.8,5.0
2017-07-01,RJ,cool_stuff,38,7592.16,10.4,3.89
2017-07-01,RJ,costruction_tools_garden,1,92.62,12.0,5.0
2017-07-01,RJ,drinks,1,215.6,10.0,4.0
2017-07-01,RJ,dvds_blu_ray,1,34.53,15.0,5.0
2017-07-01,RJ,electronics,16,2281.34,11.6,4.07
2017-07-01,RJ,fashion_bags_accessories,13,1316.51,12.5,4.62
2017-07-01,RJ,fashion_male_clothing,2,162.91,12.5,5.0
2017-07-01,RJ,fashion_shoes,2,97.38,10.0,4.5
2017-07-01,RJ,fixed_telephony,2,83.18,6.5,5.0
2017-07-01,RJ,food,1,78.68,10.0,5.0
2017-07-01,RJ,food_drink,1,50.2,11.0,5.0
2017-07-01,RJ,furniture_decor,31,4285.85,11.2,3.83
2017-07-01,RJ,furniture_living_room,5,1027.43,16.0,4.5
2017-07-01,RJ,garden_tools,31,4057.23,13.1,4.24
2017-07-01,RJ,health_beauty,26,4210.29,9.9,4.16
2017-07-01,RJ,home_appliances,5,430.98,7.6,4.8
2017-07-01,RJ,home_appliances_2,1,202.48,16.0,4.0
2017-07-01,RJ,home_confort,2,256.05,11.0,4.33
2017-07-01,RJ,housewares,26,2805.22,14.5,4.32
2017-07-01,RJ,kitchen_dining_laundry_garden_furniture,3,756.84,16.7,3.67
2017-07-01,RJ,luggage_accessories,7,1210.34,15.6,4.67
2017-07-01,RJ,music,1,350.54,13.0,3.0
2017-07-01,RJ,musical_instruments,4,777.14,12.8,5.0
2017-07-01,RJ,office_furniture,16,3934.82,16.7,4.0
2017-07-01,RJ,perfumery,21,2273.34,10.5,4.24
2017-07-01,RJ,pet_shop,7,968.72,8.2,2.7
2017-07-01,RJ,sports_leisure,52,8702.4,12.7,3.51
2017-07-01,RJ,stationery,5,508.86,8.2,4.83
2017-07-01,RJ,telephony,16,975.41,9.6,4.31
2017-07-01,RJ,toys,23,2454.09,10.3,4.39
2017-07-01,RJ,watches_gifts,27,6036.81,11.1,4.2
2017-07-01,RN,bed_bath_table,4,841.53,31.4,3.6
2017-07-01,RN,computers_accessories,2,238.06,12.5,4.5
2017-07-01,RN,cool_stuff,3,408.47,25.3,5.0
2017-07-01,RN,dvds_blu_ray,1,42.28,12.0,4.0
2017-07-01,RN,fashion_bags_accessories,1,152.7,14.0,5.0
2017-07-01,RN,furniture_decor,1,87.44,41.0,1.0
2017-07-01,RN,garden_tools,1,35.61,17.0,5.0
2017-07-01,RN,health_beauty,1,84.14,35.0,3.0
2017-07-01,RN,housewares,2,181.99,25.7,4.0
2017-07-01,RN,market_place,2,176.2,24.5,4.5
2017-07-01,RN,perfumery,1,142.56,61.0,1.0
2017-07-01,RN,pet_shop,1,109.22,16.0,4.0
2017-07-01,RN,small_appliances,1,129.97,10.0,5.0
2017-07-01,RN,stationery,1,741.44,43.0,1.0
2017-07-01,RN,toys,2,260.44,12.5,4.0
2017-07-01,RN,watches_gifts,3,546.2,23.3,4.33
2017-07-01,RO,auto,1,182.6,16.0,5.0
2017-07-01,RO,computers_accessories,1,80.8,21.0,5.0
2017-07-01,RO,electronics,3,302.93,17.3,3.67
2017-07-01,RO,health_beauty,1,282.43,10.0,5.0
2017-07-01,RO,housewares,1,61.74,29.0,3.0
2017-07-01,RO,luggage_accessories,1,164.71,18.0,5.0
2017-07-01,RO,pet_shop,1,91.05,21.0,5.0
2017-07-01,RO,watches_gifts,1,262.38,17.0,5.0
2017-07-01,RR,garden_tools,1,225.01,8.0,5.0
2017-07-01,RS,(unknown),4,220.3,11.0,4.4
2017-07-01,RS,air_conditioning,1,26.0,8.0,1.0
2017-07-01,RS,auto,4,447.71,12.3,3.75
2017-07-01,RS,baby,10,1518.83,10.5,4.6
2017-07-01,RS,bed_bath_table,33,4614.34,16.8,4.43
2017-07-01,RS,cds_dvds_musicals,1,122.22,12.0,4.0
2017-07-01,RS,computers_accessories,18,2754.58,12.2,4.18
2017-07-01,RS,consoles_games,3,317.93,17.3,2.67
2017-07-01,RS,construction_tools_construction,1,303.64,25.0,5.0
2017-07-01,RS,cool_stuff,14,2472.77,12.4,4.29
2017-07-01,RS,electronics,4,170.54,12.8,4.5
2017-07-01,RS,fashion_bags_accessories,1,45.1,10.0,5.0
2017-07-01,RS,fashion_male_clothing,2,97.69,15.0,5.0
2017-07-01,RS,food,1,70.04,16.0,5.0
2017-07-01,RS,food_drink,1,57.61,8.0,5.0
2017-07-01,RS,furniture_decor,13,1524.76,13.8,4.33
2017-07-01,RS,furniture_living_room,3,421.21,13.0,4.33
2017-07-01,RS,garden_tools,8,960.8,15.5,4.75
2017-07-01,RS,health_beauty,13,1716.66,9.6,4.08
2017-07-01,RS,home_appliances,2,126.58,11.0,4.5
2017-07-01,RS,home_appliances_2,1,197.95,23.0,2.0
2017-07-01,RS,home_confort,3,521.43,14.5,4.0
2017-07-01,RS,housewares,14,2313.33,10.3,3.75
2017-07-01,RS,la_cuisine,2,284.45,9.0,5.0
2017-07-01,RS,luggage_accessories,4,403.51,13.5,3.5
2017-07-01,RS,musical_instruments,2,1014.67,13.0,5.0
2017-07-01,RS,office_furniture,7,1926.34,21.1,3.8
2017-07-01,RS,perfumery,9,817.7,14.9,4.7
2017-07-01,RS,pet_shop,5,786.17,11.7,3.43
2017-07-01,RS,small_appliances,1,125.52,12.0,3.0
2017-07-01,RS,sports_leisure,25,3006.08,12.9,4.5
2017-07-01,RS,stationery,9,782.09,9.1,3.9
2017-07-01,RS,telephony,8,445.56,15.2,4.33
2017-07-01,RS,toys,13,2653.61,11.9,4.23
2017-07-01,RS,watches_gifts,8,1820.26,16.5,4.29
2017-07-01,SC,(unknown),1,96.22,12.0,5.0
2017-07-01,SC,auto,6,499.4,15.2,3.83
2017-07-01,SC,baby,3,228.45,7.3,5.0
2017-07-01,SC,bed_bath_table,17,2540.43,12.7,3.96
2017-07-01,SC,computers_accessories,19,2564.01,14.4,4.59
2017-07-01,SC,consoles_games,3,750.19,15.7,3.0
2017-07-01,SC,construction_tools_construction,1,156.92,10.0,4.0
2017-07-01,SC,cool_stuff,12,2558.47,15.8,4.17
2017-07-01,SC,electronics,2,226.81,13.3,4.67
2017-07-01,SC,fashion_bags_accessories,5,371.64,10.6,4.0
2017-07-01,SC,furniture_decor,15,1895.53,13.3,4.65
2017-07-01,SC,furniture_living_room,2,221.88,11.0,4.5
2017-07-01,SC,garden_tools,3,232.71,17.0,5.0
2017-07-01,SC,health_beauty,9,1278.49,11.9,4.5
2017-07-01,SC,home_confort,1,105.28,11.0,1.0
2017-07-01,SC,home_construction,1,123.8,11.0,5.0
2017-07-01,SC,housewares,10,1524.13,10.2,4.26
2017-07-01,SC,la_cuisine,1,119.6,5.0,5.0
2017-07-01,SC,luggage_accessories,2,413.7,13.5,4.0
2017-07-01,SC,market_place,2,151.46,7.0,4.0
2017-07-01,SC,office_furniture,3,495.68,20.0,5.0
2017-07-01,SC,perfumery,1,106.97,13.0,5.0
2017-07-01,SC,pet_shop,4,490.21,10.8,4.75
2017-07-01,SC,sports_leisure,13,1561.38,12.8,4.69
2017-07-01,SC,telephony,5,504.81,14.8,3.8
2017-07-01,SC,toys,9,2422.34,9.0,4.56
2017-07-01,SC,watches_gifts,4,299.08,11.8,3.75
2017-07-01,SE,baby,1,146.12,19.0,5.0
2017-07-01,SE,electronics,1,100.77,17.0,5.0
2017-07-01,SE,fashion_bags_accessories,1,70.15,16.0,1.0
2017-07-01,SE,furniture_bedroom,1,118.1,19.0,5.0
2017-07-01,SE,furniture_decor,1,140.08,17.0,5.0
2017-07-01,SE,garden_tools,1,97.87,15.0,5.0
2017-07-01,SE,health_beauty,1,379.2,34.0,4.0
2017-07-01,SE,housewares,1,208.74,19.0,5.0
2017-07-01,SE,sports_leisure,4,394.15,16.0,3.75
2017-07-01,SE,toys,1,118.01,25.0,1.0
2017-07-01,SP,(unknown),24,2049.07,6.5,4.54
2017-07-01,SP,agro_industry_and_commerce,1,1199.47,5.0,5.0
2017-07-01,SP,air_conditioning,1,144.03,7.0,1.0
2017-07-01,SP,art,1,51.95,9.0,4.0
2017-07-01,SP,audio,4,455.37,5.8,3.75
2017-07-01,SP,auto,41,5678.61,7.1,4.52
2017-07-01,SP,baby,50,7212.01,7.2,4.37
2017-07-01,SP,bed_bath_table,216,30195.1,8.4,4.11
2017-07-01,SP,books_general_interest,4,438.14,10.8,5.0
2017-07-01,SP,books_technical,1,223.26,7.0,5.0
2017-07-01,SP,cds_dvds_musicals,1,54.94,15.0,4.0
2017-07-01,SP,christmas_supplies,1,75.07,9.0,4.0
2017-07-01,SP,computers_accessories,87,11915.18,8.2,4.29
2017-07-01,SP,consoles_games,18,2584.71,7.1,4.5
2017-07-01,SP,construction_tools_construction,1,65.47,7.0,5.0
2017-07-01,SP,cool_stuff,82,14406.53,6.8,4.29
2017-07-01,SP,costruction_tools_garden,6,380.75,6.0,4.43
2017-07-01,SP,dvds_blu_ray,1,719.65,15.0,1.0
2017-07-01,SP,electronics,28,2468.41,8.5,4.45
2017-07-01,SP,fashio_female_clothing,3,295.04,6.0,4.25
2017-07-01,SP,fashion_bags_accessories,31,2108.05,6.9,4.56
2017-07-01,SP,fashion_male_clothing,1,72.66,6.0,5.0
2017-07-01,SP,fashion_shoes,6,416.68,7.9,4.86
2017-07-01,SP,fashion_sport,1,77.68,2.0,4.0
2017-07-01,SP,fashion_underwear_beach,2,143.64,9.0,4.0
2017-07-01,SP,fixed_telephony,2,83.54,6.5,3.5
2017-07-01,SP,food,3,284.82,5.0,5.0
2017-07-01,SP,food_drink,4,119.86,7.8,4.25
2017-07-01,SP,furniture_bedroom,2,843.9,11.5,4.0
2017-07-01,SP,furniture_decor,114,12722.49,7.5,4.16
2017-07-01,SP,furniture_living_room,6,1098.5,9.5,4.38
2017-07-01,SP,furniture_mattress_and_upholstery,1,178.53,16.0,1.0
2017-07-01,SP,garden_tools,58,6865.53,8.8,4.1
2017-07-01,SP,health_beauty,109,11855.34,8.2,3.64
2017-07-01,SP,home_appliances,13,962.72,6.0,4.54
2017-07-01,SP,home_appliances_2,3,479.68,13.7,3.67
2017-07-01,SP,home_confort,20,2735.37,8.0,4.04
2017-07-01,SP,housewares,110,11839.46,7.6,4.27
2017-07-01,SP,industry_commerce_and_business,1,116.13,6.0,5.0
2017-07-01,SP,kitchen_dining_laundry_garden_furniture,3,598.92,6.5,4.5
2017-07-01,SP,luggage_accessories,31,4010.52,9.8,4.61
2017-07-01,SP,market_place,5,961.9,8.0,3.2
2017-07-01,SP,musical_instruments,11,3234.99,10.8,4.0
2017-07-01,SP,office_furniture,39,8057.59,12.5,4.33
2017-07-01,SP,party_supplies,1,83.41,6.0,5.0
2017-07-01,SP,perfumery,42,5806.97,9.9,4.43
2017-07-01,SP,pet_shop,23,2507.58,6.1,3.73
2017-07-01,SP,signaling_and_security,3,244.88,6.0,5.0
2017-07-01,SP,small_appliances,12,1659.79,10.9,3.85
2017-07-01,SP,sports_leisure,123,14577.87,7.1,4.49
2017-07-01,SP,stationery,31,2963.22,6.7,4.36
2017-07-01,SP,tablets_printing_image,2,219.63,5.5,3.5
2017-07-01,SP,telephony,49,4397.63,7.0,4.19
2017-07-01,SP,toys,76,9766.67,6.4,4.55
2017-07-01,SP,watches_gifts,54,13141.75,7.7,3.98
2017-07-01,TO,sports_leisure,1,126.58,18.0,4.0
2017-08-01,AC,consoles_games,1,321.92,14.0,5.0
2017-08-01,AC,cool_stuff,1,130.22,12.0,1.0
2017-08-01,AC,market_place,1,88.27,34.0,4.0
2017-08-01,AC,telephony,1,225.42,11.0,5.0
2017-08-01,AL,computers,1,1227.89,11.0,5.0
2017-08-01,AL,computers_accessories,1,2269.98,15.0,5.0
2017-08-01,AL,furniture_decor,1,239.6,15.0,5.0
2017-08-01,AL,garden_tools,2,195.74,19.0,4.5
2017-08-01,AL,health_beauty,3,2882.98,30.7,3.33
2017-08-01,AL,home_appliances,1,104.55,28.0,5.0
2017-08-01,AL,luggage_accessories,1,136.5,30.0,5.0
2017-08-01,AL,sports_leisure,1,140.2,16.0,5.0
2017-08-01,AL,telephony,2,631.52,27.5,3.0
2017-08-01,AL,toys,2,205.45,41.5,1.0
2017-08-01,AL,watches_gifts,2,1523.91,20.0,5.0
2017-08-01,AM,baby,1,93.21,30.0,4.0
2017-08-01,AM,health_beauty,1,281.82,26.0,4.0
2017-08-01,AM,luggage_accessories,1,190.22,4.0,5.0
2017-08-01,AM,sports_leisure,1,313.4,24.0,5.0
2017-08-01,AM,watches_gifts,1,604.76,33.0,5.0
2017-08-01,AP,bed_bath_table,1,232.84,17.0,4.0
2017-08-01,AP,garden_tools,1,64.14,22.0,5.0
2017-08-01,AP,pet_shop,1,87.8,27.0,4.0
2017-08-01,BA,(unknown),2,251.05,14.8,5.0
2017-08-01,BA,auto,2,756.43,18.0,5.0
2017-08-01,BA,baby,4,592.87,13.3,5.0
2017-08-01,BA,bed_bath_table,14,2497.35,14.4,2.87
2017-08-01,BA,books_technical,1,65.14,10.0,5.0
2017-08-01,BA,christmas_supplies,1,76.88,15.0,5.0
2017-08-01,BA,computers,3,3671.62,5.7,5.0
2017-08-01,BA,computers_accessories,14,1969.75,17.1,4.5
2017-08-01,BA,consoles_games,1,73.37,7.0,3.0
2017-08-01,BA,construction_tools_construction,1,158.08,15.0,4.0
2017-08-01,BA,construction_tools_safety,1,24.69,16.0,1.0
2017-08-01,BA,cool_stuff,7,2099.9,15.6,4.71
2017-08-01,BA,electronics,2,129.65,16.5,5.0
2017-08-01,BA,fashion_bags_accessories,4,334.63,12.0,4.75
2017-08-01,BA,fixed_telephony,2,228.13,19.0,3.5
2017-08-01,BA,furniture_decor,17,3107.77,17.2,4.39
2017-08-01,BA,furniture_living_room,3,559.91,19.3,4.75
2017-08-01,BA,garden_tools,7,757.51,15.3,3.71
2017-08-01,BA,health_beauty,12,2866.83,15.2,3.92
2017-08-01,BA,home_appliances,2,227.03,15.0,4.0
2017-08-01,BA,home_appliances_2,1,271.01,25.0,5.0
2017-08-01,BA,home_confort,2,203.61,7.7,5.0
2017-08-01,BA,housewares,5,700.84,13.4,3.6
2017-08-01,BA,luggage_accessories,1,123.47,12.0,5.0
2017-08-01,BA,office_furniture,1,458.59,24.0,1.0
2017-08-01,BA,perfumery,4,402.01,13.0,4.75
2017-08-01,BA,pet_shop,1,91.95,8.0,5.0
2017-08-01,BA,sports_leisure,16,2439.34,14.0,4.2
2017-08-01,BA,stationery,3,327.58,12.3,4.67
2017-08-01,BA,telephony,8,1170.79,14.0,3.3
2017-08-01,BA,toys,5,556.25,15.0,4.8
2017-08-01,BA,watches_gifts,7,2293.28,14.7,4.14
2017-08-01,CE,(unknown),1,119.04,18.0,5.0
2017-08-01,CE,air_conditioning,1,209.94,27.0,5.0
2017-08-01,CE,auto,2,106.25,20.0,5.0
2017-08-01,CE,baby,1,98.88,13.0,4.0
2017-08-01,CE,bed_bath_table,4,346.55,17.5,4.5
2017-08-01,CE,computers_accessories,5,1899.78,11.9,3.33
2017-08-01,CE,consoles_games,3,227.57,19.0,4.67
2017-08-01,CE,construction_tools_construction,1,496.4,6.0,4.0
2017-08-01,CE,cool_stuff,2,184.14,9.0,5.0
2017-08-01,CE,fashion_bags_accessories,1,105.74,20.0,4.0
2017-08-01,CE,fashion_male_clothing,1,55.62,22.0,5.0
2017-08-01,CE,furniture_decor,1,107.98,21.0,4.0
2017-08-01,CE,garden_tools,7,1012.27,15.0,5.0
2017-08-01,CE,health_beauty,7,1073.45,19.9,4.29
2017-08-01,CE,home_appliances,1,52.33,27.0,4.0
2017-08-01,CE,housewares,2,395.52,16.5,5.0
2017-08-01,CE,luggage_accessories,4,478.17,12.0,5.0
2017-08-01,CE,market_place,1,88.52,24.0,2.0
2017-08-01,CE,perfumery,6,1630.19,11.1,4.43
2017-08-01,CE,sports_leisure,6,729.14,18.7,4.5
2017-08-01,CE,stationery,1,80.57,6.0,5.0
2017-08-01,CE,tablets_printing_image,1,47.62,11.0,5.0
2017-08-01,CE,telephony,4,464.3,15.3,4.25
2017-08-01,CE,toys,6,976.84,13.4,4.29
2017-08-01,CE,watches_gifts,6,2752.05,14.0,4.83
2017-08-01,DF,auto,5,750.05,10.8,4.6
2017-08-01,DF,baby,1,133.2,13.0,5.0
2017-08-01,DF,bed_bath_table,5,738.98,9.4,2.86
2017-08-01,DF,books_general_interest,1,110.93,9.0,5.0
2017-08-01,DF,computers,1,1232.85,8.0,5.0
2017-08-01,DF,computers_accessories,3,386.16,12.7,2.33
2017-08-01,DF,consoles_games,2,184.56,9.5,5.0
2017-08-01,DF,cool_stuff,5,647.3,10.4,4.4
2017-08-01,DF,costruction_tools_garden,1,94.63,30.0,3.0
2017-08-01,DF,dvds_blu_ray,1,32.5,29.0,1.0
2017-08-01,DF,fashion_bags_accessories,4,413.32,6.7,4.43
2017-08-01,DF,fashion_shoes,2,405.78,13.5,5.0
2017-08-01,DF,food_drink,1,54.1,9.0,3.0
2017-08-01,DF,furniture_decor,3,484.83,10.2,4.5
2017-08-01,DF,furniture_living_room,1,153.1,18.0,3.0
2017-08-01,DF,garden_tools,2,155.14,10.0,4.0
2017-08-01,DF,health_beauty,8,933.16,11.0,4.11
2017-08-01,DF,housewares,3,165.25,9.3,4.33
2017-08-01,DF,luggage_accessories,2,206.49,15.0,4.5
2017-08-01,DF,market_place,1,76.99,9.0,4.0
2017-08-01,DF,musical_instruments,1,383.83,7.0,5.0
2017-08-01,DF,office_furniture,2,379.14,15.5,5.0
2017-08-01,DF,perfumery,3,446.46,11.3,4.67
2017-08-01,DF,pet_shop,2,197.4,11.5,5.0
2017-08-01,DF,small_appliances,1,116.94,7.0,5.0
2017-08-01,DF,sports_leisure,11,994.87,13.3,4.58
2017-08-01,DF,stationery,1,60.1,10.0,4.0
2017-08-01,DF,telephony,3,353.34,10.0,5.0
2017-08-01,DF,toys,2,322.93,6.5,5.0
2017-08-01,DF,watches_gifts,5,782.6,10.9,3.14
2017-08-01,ES,auto,3,311.44,11.0,4.67
2017-08-01,ES,baby,6,1649.86,16.5,4.0
2017-08-01,ES,bed_bath_table,11,2591.03,10.3,3.54
2017-08-01,ES,computers_accessories,5,278.46,11.4,4.4
2017-08-01,ES,consoles_games,1,101.35,5.0,5.0
2017-08-01,ES,construction_tools_lights,1,269.53,10.0,5.0
2017-08-01,ES,cool_stuff,2,255.31,16.5,4.0
2017-08-01,ES,electronics,1,40.53,22.0,5.0
2017-08-01,ES,fashion_bags_accessories,1,64.14,6.0,5.0
2017-08-01,ES,furniture_decor,5,866.73,11.0,2.71
2017-08-01,ES,furniture_living_room,1,155.82,13.0,5.0
2017-08-01,ES,garden_tools,5,803.14,11.4,3.0
2017-08-01,ES,health_beauty,8,890.67,14.7,3.78
2017-08-01,ES,home_appliances,2,433.86,9.0,4.5
2017-08-01,ES,housewares,9,1067.61,13.9,4.56
2017-08-01,ES,luggage_accessories,2,169.56,13.0,4.0
2017-08-01,ES,office_furniture,2,582.7,17.5,5.0
2017-08-01,ES,perfumery,2,348.68,9.0,5.0
2017-08-01,ES,sports_leisure,11,1543.28,15.4,4.43
2017-08-01,ES,tablets_printing_image,1,30.0,14.0,5.0
2017-08-01,ES,telephony,5,768.25,16.8,4.0
2017-08-01,ES,toys,2,446.83,6.5,5.0
2017-08-01,ES,watches_gifts,8,1675.77,12.6,4.5
2017-08-01,GO,(unknown),2,153.84,16.5,3.0
2017-08-01,GO,auto,2,2402.78,10.3,5.0
2017-08-01,GO,baby,2,95.19,14.0,5.0
2017-08-01,GO,bed_bath_table,15,3080.79,12.7,3.79
2017-08-01,GO,books_general_interest,1,174.59,8.0,5.0
2017-08-01,GO,computers_accessories,6,601.64,8.4,4.86
2017-08-01,GO,consoles_games,1,374.15,13.0,5.0
2017-08-01,GO,cool_stuff,7,1386.82,8.1,4.5
2017-08-01,GO,electronics,1,44.1,12.0,5.0
2017-08-01,GO,fashio_female_clothing,1,69.03,12.0,5.0
2017-08-01,GO,fashion_bags_accessories,1,55.09,11.0,5.0
2017-08-01,GO,fashion_male_clothing,1,64.0,12.0,1.0
2017-08-01,GO,furniture_decor,3,1021.98,15.0,4.0
2017-08-01,GO,furniture_living_room,1,161.24,14.0,1.0
2017-08-01,GO,garden_tools,6,1077.97,15.9,4.71
2017-08-01,GO,health_beauty,6,1437.6,16.9,4.13
2017-08-01,GO,home_appliances,2,155.42,10.0,5.0
2017-08-01,GO,housewares,8,774.69,13.0,4.25
2017-08-01,GO,luggage_accessories,1,360.29,8.0,5.0
2017-08-01,GO,musical_instruments,1,51.05,13.0,5.0
2017-08-01,GO,perfumery,2,97.1,9.5,4.0
2017-08-01,GO,pet_shop,2,445.37,9.0,4.5
2017-08-01,GO,sports_leisure,9,1405.38,17.6,4.56
2017-08-01,GO,telephony,1,22.1,11.0,5.0
2017-08-01,GO,toys,4,218.21,11.8,3.0
2017-08-01,GO,watches_gifts,4,1195.37,14.4,4.2
2017-08-01,MA,auto,2,170.2,20.0,5.0
2017-08-01,MA,bed_bath_table,6,1145.97,18.6,3.71
2017-08-01,MA,computers,1,1240.85,13.0,5.0
2017-08-01,MA,computers_accessories,4,320.35,19.4,3.4
2017-08-01,MA,consoles_games,2,532.03,32.5,4.0
2017-08-01,MA,cool_stuff,1,195.43,16.0,5.0
2017-08-01,MA,fashion_sport,1,314.37,20.0,1.0
2017-08-01,MA,food_drink,1,132.34,6.0,4.5
2017-08-01,MA,furniture_decor,1,60.57,21.0,4.0
2017-08-01,MA,garden_tools,1,97.87,22.0,2.0
2017-08-01,MA,health_beauty,5,485.35,13.2,4.33
2017-08-01,MA,home_confort,1,665.87,17.0,5.0
2017-08-01,MA,luggage_accessories,1,435.23,25.0,1.0
2017-08-01,MA,market_place,1,63.14,13.0,1.0
2017-08-01,MA,musical_instruments,1,689.91,25.0,5.0
2017-08-01,MA,perfumery,1,106.38,17.0,4.0
2017-08-01,MA,pet_shop,1,156.16,13.0,5.0
2017-08-01,MA,sports_leisure,5,498.71,19.8,4.0
2017-08-01,MA,telephony,1,131.57,17.0,4.0
2017-08-01,MA,watches_gifts,2,295.18,17.0,4.5
2017-08-01,MG,(unknown),10,1105.21,8.9,4.42
2017-08-01,MG,air_conditioning,1,146.02,9.0,5.0
2017-08-01,MG,art,1,70.53,10.0,5.0
2017-08-01,MG,audio,1,103.37,11.0,3.0
2017-08-01,MG,auto,12,1483.07,12.5,3.92
2017-08-01,MG,baby,16,3333.1,9.7,4.24
2017-08-01,MG,bed_bath_table,37,5006.2,10.7,4.02
2017-08-01,MG,books_general_interest,1,144.4,13.0,5.0
2017-08-01,MG,computers,4,4502.25,10.3,3.5
2017-08-01,MG,computers_accessories,28,3181.53,10.2,4.03
2017-08-01,MG,consoles_games,10,407.91,12.9,4.64
2017-08-01,MG,construction_tools_construction,1,411.63,20.0,1.0
2017-08-01,MG,cool_stuff,31,5495.31,10.1,4.78
2017-08-01,MG,costruction_tools_garden,2,332.05,10.3,2.33
2017-08-01,MG,electronics,4,519.08,9.4,2.8
2017-08-01,MG,fashion_bags_accessories,11,1843.84,7.7,4.33
2017-08-01,MG,fashion_male_clothing,3,625.5,11.2,4.2
2017-08-01,MG,fashion_shoes,2,151.43,17.0,4.5
2017-08-01,MG,food_drink,1,153.3,8.0,5.0
2017-08-01,MG,furniture_decor,33,3783.2,11.6,4.33
2017-08-01,MG,furniture_living_room,1,160.22,15.0,5.0
2017-08-01,MG,furniture_mattress_and_upholstery,1,482.69,17.0,4.0
2017-08-01,MG,garden_tools,20,2674.23,11.7,4.38
2017-08-01,MG,health_beauty,39,7234.61,10.1,4.46
2017-08-01,MG,home_appliances,1,177.48,9.0,5.0
2017-08-01,MG,home_appliances_2,2,585.96,10.5,4.0
2017-08-01,MG,home_confort,4,586.33,14.0,4.25
2017-08-01,MG,home_construction,1,141.43,12.0,5.0
2017-08-01,MG,housewares,25,2628.04,10.5,4.46
2017-08-01,MG,industry_commerce_and_business,1,152.28,8.0,3.0
2017-08-01,MG,kitchen_dining_laundry_garden_furniture,1,370.92,9.0,4.0
2017-08-01,MG,luggage_accessories,11,1234.4,7.3,4.67
2017-08-01,MG,market_place,2,413.16,6.3,4.67
2017-08-01,MG,musical_instruments,8,2055.17,13.8,4.0
2017-08-01,MG,office_furniture,7,1585.78,18.9,3.38
2017-08-01,MG,perfumery,15,1700.55,10.3,4.44
2017-08-01,MG,pet_shop,10,1503.79,12.5,3.6
2017-08-01,MG,signaling_and_security,1,42.38,2.0,5.0
2017-08-01,MG,small_appliances,4,528.95,9.3,4.75
2017-08-01,MG,sports_leisure,43,4565.98,11.7,4.43
2017-08-01,MG,stationery,9,805.4,8.0,4.22
2017-08-01,MG,tablets_printing_image,2,232.27,13.0,3.5
2017-08-01,MG,telephony,13,1540.01,9.6,4.46
2017-08-01,MG,toys,21,2964.67,8.4,4.77
2017-08-01,MG,watches_gifts,14,2022.92,9.7,4.27
2017-08-01,MS,auto,1,107.78,14.0,4.0
2017-08-01,MS,baby,3,1307.24,9.8,3.75
2017-08-01,MS,bed_bath_table,2,689.81,9.3,3.0
2017-08-01,MS,computers_accessories,1,147.28,9.0,5.0
2017-08-01,MS,cool_stuff,3,393.07,9.0,2.5
2017-08-01,MS,costruction_tools_garden,1,162.77,11.0,5.0
2017-08-01,MS,dvds_blu_ray,1,35.69,11.0,4.0
2017-08-01,MS,fashion_bags_accessories,1,157.32,11.0,5.0
2017-08-01,MS,fashion_underwear_beach,1,206.08,16.0,5.0
2017-08-01,MS,furniture_decor,2,368.18,13.0,4.5
2017-08-01,MS,health_beauty,3,341.15,14.7,3.0
2017-08-01,MS,housewares,1,175.56,20.0,5.0
2017-08-01,MS,industry_commerce_and_business,1,113.4,22.0,4.0
2017-08-01,MS,perfumery,1,100.33,15.0,4.0
2017-08-01,MS,small_appliances,1,66.02,15.0,5.0
2017-08-01,MS,stationery,1,58.82,17.0,5.0
2017-08-01,MS,telephony,1,71.15,12.0,5.0
2017-08-01,MT,auto,1,1942.6,21.0,4.0
2017-08-01,MT,baby,3,414.81,12.3,3.33
2017-08-01,MT,bed_bath_table,2,295.52,15.5,5.0
2017-08-01,MT,computers_accessories,3,272.77,15.3,3.67
2017-08-01,MT,cool_stuff,1,88.72,9.0,4.0
2017-08-01,MT,electronics,2,115.79,9.0,2.5
2017-08-01,MT,fashion_bags_accessories,1,61.79,9.0,5.0
2017-08-01,MT,furniture_decor,4,624.98,19.4,4.0
2017-08-01,MT,garden_tools,3,1202.63,15.0,3.67
2017-08-01,MT,health_beauty,4,403.55,19.0,3.75
2017-08-01,MT,housewares,2,121.69,14.0,5.0
2017-08-01,MT,small_appliances,1,35.82,4.0,4.0
2017-08-01,MT,sports_leisure,2,222.75,16.0,4.5
2017-08-01,MT,stationery,2,671.58,23.0,4.5
2017-08-01,MT,telephony,1,34.78,11.0,4.0
2017-08-01,MT,toys,3,651.57,17.3,5.0
2017-08-01,MT,watches_gifts,4,670.54,13.0,3.5
2017-08-01,PA,(unknown),2,268.91,22.0,3.0
2017-08-01,PA,baby,3,1287.43,14.7,3.0
2017-08-01,PA,bed_bath_table,3,588.67,21.0,3.67
2017-08-01,PA,computers,1,1250.81,16.0,5.0
2017-08-01,PA,computers_accessories,4,904.38,17.0,5.0
2017-08-01,PA,consoles_games,2,227.45,13.5,4.5
2017-08-01,PA,cool_stuff,4,579.92,12.8,4.5
2017-08-01,PA,electronics,1,57.28,21.0,5.0
2017-08-01,PA,fashion_bags_accessories,1,57.63,11.0,1.0
2017-08-01,PA,food_drink,1,85.85,19.0,5.0
2017-08-01,PA,furniture_decor,3,1194.85,12.2,4.2
2017-08-01,PA,health_beauty,6,4229.9,19.4,4.88
2017-08-01,PA,home_appliances,1,40.53,16.0,1.0
2017-08-01,PA,housewares,5,812.6,15.0,4.33
2017-08-01,PA,market_place,1,296.51,20.0,4.0
2017-08-01,PA,musical_instruments,1,66.79,18.0,4.0
2017-08-01,PA,office_furniture,2,614.19,20.0,4.5
2017-08-01,PA,perfumery,1,100.11,12.0,5.0
2017-08-01,PA,pet_shop,2,903.5,16.5,3.0
2017-08-01,PA,small_appliances,1,1052.49,11.0,5.0
2017-08-01,PA,sports_leisure,4,433.32,15.8,3.75
2017-08-01,PA,stationery,1,183.43,11.0,3.0
2017-08-01,PA,telephony,5,1062.08,22.4,3.4
2017-08-01,PA,toys,1,107.81,14.0,5.0
2017-08-01,PA,watches_gifts,2,712.66,13.0,5.0
2017-08-01,PB,bed_bath_table,1,519.29,15.0,4.0
2017-08-01,PB,computers_accessories,1,71.05,12.0,5.0
2017-08-01,PB,consoles_games,1,79.15,18.0,3.0
2017-08-01,PB,cool_stuff,2,887.87,16.5,5.0
2017-08-01,PB,fashion_bags_accessories,1,69.05,16.0,4.0
2017-08-01,PB,fixed_telephony,1,245.84,21.0,5.0
2017-08-01,PB,furniture_decor,4,585.31,26.6,4.0
2017-08-01,PB,health_beauty,1,67.28,35.0,5.0
2017-08-01,PB,perfumery,1,78.19,13.0,5.0
2017-08-01,PB,pet_shop,1,228.87,17.0,5.0
2017-08-01,PB,sports_leisure,2,221.21,12.0,5.0
2017-08-01,PE,(unknown),1,192.98,13.0,5.0
2017-08-01,PE,auto,4,291.12,12.8,5.0
2017-08-01,PE,baby,1,105.03,20.0,5.0
2017-08-01,PE,bed_bath_table,7,1395.79,28.7,3.57
2017-08-01,PE,computers,1,1129.57,52.0,1.0
2017-08-01,PE,computers_accessories,3,200.78,22.0,2.33
2017-08-01,PE,consoles_games,2,222.91,21.0,3.5
2017-08-01,PE,cool_stuff,6,1472.6,22.5,4.5
2017-08-01,PE,dvds_blu_ray,1,41.05,39.0,1.0
2017-08-01,PE,fashion_bags_accessories,2,192.59,14.7,5.0
2017-08-01,PE,fashion_shoes,1,98.79,17.0,4.0
2017-08-01,PE,fashion_underwear_beach,2,253.87,33.5,3.0
2017-08-01,PE,food,2,201.21,15.5,5.0
2017-08-01,PE,furniture_decor,4,603.07,27.6,4.14
2017-08-01,PE,furniture_living_room,1,105.74,22.0,5.0
2017-08-01,PE,garden_tools,5,528.8,19.0,4.2
2017-08-01,PE,health_beauty,8,1988.12,17.1,3.0
2017-08-01,PE,home_appliances,1,72.88,14.0,5.0
2017-08-01,PE,home_confort,1,255.05,10.0,2.0
2017-08-01,PE,housewares,1,157.22,20.0,5.0
2017-08-01,PE,luggage_accessories,2,267.23,28.5,3.5
2017-08-01,PE,market_place,2,156.21,10.0,4.5
2017-08-01,PE,musical_instruments,1,2065.35,40.0,2.0
2017-08-01,PE,perfumery,2,159.72,29.0,3.0
2017-08-01,PE,pet_shop,1,100.7,7.0,3.0
2017-08-01,PE,sports_leisure,6,668.22,24.0,4.33
2017-08-01,PE,telephony,4,515.36,29.0,3.25
2017-08-01,PE,toys,2,310.59,16.7,4.33
2017-08-01,PE,watches_gifts,9,1764.88,17.5,4.4
2017-08-01,PI,(unknown),1,149.61,23.0,4.0
2017-08-01,PI,auto,1,403.05,16.0,5.0
2017-08-01,PI,baby,1,87.17,21.0,4.0
2017-08-01,PI,bed_bath_table,2,1226.93,21.4,4.6
2017-08-01,PI,computers_accessories,1,168.46,14.0,5.0
2017-08-01,PI,consoles_games,2,634.14,15.5,4.5
2017-08-01,PI,furniture_living_room,1,114.26,21.0,5.0
2017-08-01,PI,health_beauty,1,111.42,15.0,3.0
2017-08-01,PI,industry_commerce_and_business,1,778.27,9.0,5.0
2017-08-01,PI,office_furniture,1,229.92,28.0,5.0
2017-08-01,PI,perfumery,1,206.41,15.0,1.0
2017-08-01,PI,sports_leisure,1,191.11,14.0,3.0
2017-08-01,PI,tablets_printing_image,1,133.49,16.0,3.0
2017-08-01,PI,telephony,1,97.83,21.0,5.0
2017-08-01,PI,toys,2,271.99,17.5,3.5
2017-08-01,PI,watches_gifts,2,486.65,11.0,4.5
2017-08-01,PR,(unknown),1,114.22,4.0,5.0
2017-08-01,PR,audio,1,44.0,14.0,5.0
2017-08-01,PR,auto,7,847.18,11.7,4.29
2017-08-01,PR,baby,6,1036.39,10.7,4.83
2017-08-01,PR,bed_bath_table,15,2931.13,10.1,4.33
2017-08-01,PR,books_general_interest,2,231.57,8.0,5.0
2017-08-01,PR,books_technical,1,401.37,9.0,5.0
2017-08-01,PR,computers_accessories,12,858.73,8.7,4.15
2017-08-01,PR,consoles_games,4,225.48,8.3,5.0
2017-08-01,PR,cool_stuff,19,4050.73,9.7,4.52
2017-08-01,PR,electronics,6,355.68,8.7,4.14
2017-08-01,PR,fashion_bags_accessories,1,45.09,9.0,5.0
2017-08-01,PR,fashion_male_clothing,1,144.05,4.0,4.0
2017-08-01,PR,fashion_shoes,2,205.48,17.5,4.0
2017-08-01,PR,fashion_underwear_beach,1,75.07,15.0,5.0
2017-08-01,PR,furniture_decor,16,2970.13,10.7,3.96
2017-08-01,PR,furniture_living_room,1,161.31,9.0,3.0
2017-08-01,PR,garden_tools,6,764.8,10.8,4.67
2017-08-01,PR,health_beauty,18,2907.61,8.2,4.58
2017-08-01,PR,home_appliances,7,1349.2,8.6,4.89
2017-08-01,PR,housewares,10,1246.83,8.5,4.15
2017-08-01,PR,luggage_accessories,1,66.82,16.0,4.0
2017-08-01,PR,market_place,2,134.2,9.0,5.0
2017-08-01,PR,musical_instruments,1,90.17,10.0,4.0
2017-08-01,PR,office_furniture,2,985.15,11.3,2.75
2017-08-01,PR,perfumery,4,1008.63,5.2,5.0
2017-08-01,PR,pet_shop,4,1114.16,9.7,3.5
2017-08-01,PR,small_appliances,3,199.37,16.0,4.75
2017-08-01,PR,sports_leisure,24,3683.35,10.5,4.75
2017-08-01,PR,stationery,5,341.29,12.8,4.0
2017-08-01,PR,tablets_printing_image,1,114.44,8.0,5.0
2017-08-01,PR,telephony,8,274.44,9.3,4.63
2017-08-01,PR,toys,14,1534.39,9.1,4.71
2017-08-01,PR,watches_gifts,14,3041.6,8.1,4.25
2017-08-01,RJ,(unknown),7,917.17,12.1,4.29
2017-08-01,RJ,air_conditioning,3,3092.2,8.3,4.67
2017-08-01,RJ,art,1,126.53,10.0,3.0
2017-08-01,RJ,audio,2,740.82,11.0,4.5
2017-08-01,RJ,auto,12,1549.8,9.5,4.23
2017-08-01,RJ,baby,13,1921.83,7.4,4.56
2017-08-01,RJ,bed_bath_table,69,8835.99,13.9,4.03
2017-08-01,RJ,books_general_interest,5,555.63,8.0,5.0
2017-08-01,RJ,books_technical,1,103.37,5.0,5.0
2017-08-01,RJ,computers,3,3714.55,9.7,5.0
2017-08-01,RJ,computers_accessories,30,2675.04,12.5,4.49
2017-08-01,RJ,consoles_games,10,1211.13,11.0,4.78
2017-08-01,RJ,construction_tools_construction,3,328.22,10.7,4.67
2017-08-01,RJ,construction_tools_lights,1,401.45,12.0,5.0
2017-08-01,RJ,cool_stuff,36,6684.47,10.1,4.13
2017-08-01,RJ,drinks,1,126.92,10.0,5.0
2017-08-01,RJ,dvds_blu_ray,1,42.53,11.0,1.0
2017-08-01,RJ,electronics,7,1020.58,9.0,3.25
2017-08-01,RJ,fashion_bags_accessories,9,1008.95,9.2,3.2
2017-08-01,RJ,fashion_shoes,5,582.35,8.9,4.78
2017-08-01,RJ,fixed_telephony,1,176.7,4.0,5.0
2017-08-01,RJ,food,1,84.07,4.0,5.0
2017-08-01,RJ,food_drink,2,66.16,9.5,5.0
2017-08-01,RJ,furniture_decor,49,6309.0,13.4,3.66
2017-08-01,RJ,furniture_living_room,1,160.23,15.0,5.0
2017-08-01,RJ,furniture_mattress_and_upholstery,1,150.97,3.0,5.0
2017-08-01,RJ,garden_tools,34,5337.74,12.0,4.2
2017-08-01,RJ,health_beauty,37,8727.83,14.0,4.24
2017-08-01,RJ,home_appliances,4,327.82,12.8,4.6
2017-08-01,RJ,home_appliances_2,2,1129.55,17.5,4.0
2017-08-01,RJ,home_confort,5,721.84,11.4,5.0
2017-08-01,RJ,housewares,35,4759.58,10.5,4.15
2017-08-01,RJ,luggage_accessories,6,892.62,12.6,4.86
2017-08-01,RJ,market_place,4,432.2,10.3,4.25
2017-08-01,RJ,musical_instruments,4,1372.45,13.0,4.75
2017-08-01,RJ,office_furniture,12,2980.44,13.5,3.77
2017-08-01,RJ,perfumery,19,1976.13,18.3,4.4
2017-08-01,RJ,pet_shop,7,793.68,10.7,4.57
2017-08-01,RJ,small_appliances,7,1796.35,13.6,4.14
2017-08-01,RJ,sports_leisure,34,5634.23,12.3,4.37
2017-08-01,RJ,stationery,11,1143.31,10.8,4.85
2017-08-01,RJ,telephony,6,805.14,11.3,4.0
2017-08-01,RJ,toys,22,3541.28,8.9,4.15
2017-08-01,RJ,watches_gifts,22,3848.44,11.0,4.5
2017-08-01,RN,baby,1,99.57,13.0,5.0
2017-08-01,RN,computers_accessories,2,238.91,24.0,4.5
2017-08-01,RN,consoles_games,1,141.64,17.0,3.0
2017-08-01,RN,cool_stuff,1,138.24,14.0,4.0
2017-08-01,RN,food,1,77.67,19.0,5.0
2017-08-01,RN,garden_tools,1,97.87,19.0,5.0
2017-08-01,RN,health_beauty,1,361.07,13.0,4.0
2017-08-01,RN,home_appliances,1,339.37,19.0,2.0
2017-08-01,RN,perfumery,1,305.57,24.0,5.0
2017-08-01,RN,sports_leisure,5,797.5,22.4,4.8
2017-08-01,RN,stationery,1,170.94,19.0,5.0
2017-08-01,RN,telephony,1,190.66,32.0,5.0
2017-08-01,RN,toys,3,314.34,10.5,5.0
2017-08-01,RO,agro_industry_and_commerce,1,224.6,19.0,5.0
2017-08-01,RO,auto,1,56.15,13.0,4.0
2017-08-01,RO,baby,1,420.13,16.0,1.0
2017-08-01,RO,bed_bath_table,1,161.23,21.0,5.0
2017-08-01,RO,computers,1,1260.76,27.0,5.0
2017-08-01,RO,computers_accessories,1,57.28,14.0,4.0
2017-08-01,RO,consoles_games,1,54.05,20.0,4.0
2017-08-01,RO,fashion_bags_accessories,2,136.42,13.5,5.0
2017-08-01,RO,perfumery,1,157.27,20.0,5.0
2017-08-01,RO,pet_shop,1,61.7,12.0,5.0
2017-08-01,RO,sports_leisure,1,104.19,16.0,5.0
2017-08-01,RO,telephony,1,51.14,25.0,4.0
2017-08-01,RO,toys,1,71.05,15.0,4.0
2017-08-01,RS,(unknown),4,338.29,12.8,2.4
2017-08-01,RS,air_conditioning,1,138.16,35.0,4.0
2017-08-01,RS,art,1,60.0,11.0,5.0
2017-08-01,RS,auto,5,461.33,14.2,4.6
2017-08-01,RS,baby,12,1047.73,13.9,4.69
2017-08-01,RS,bed_bath_table,39,5886.78,17.9,3.52
2017-08-01,RS,books_general_interest,1,46.6,11.0,5.0
2017-08-01,RS,cds_dvds_musicals,1,122.22,7.0,5.0
2017-08-01,RS,computers,2,2169.07,14.5,4.5
2017-08-01,RS,computers_accessories,22,3014.64,11.8,4.64
2017-08-01,RS,consoles_games,4,230.66,12.0,5.0
2017-08-01,RS,cool_stuff,19,4041.49,14.3,4.68
2017-08-01,RS,electronics,8,413.61,17.6,4.63
2017-08-01,RS,fashion_bags_accessories,3,274.8,10.0,4.67
2017-08-01,RS,fashion_shoes,1,47.0,7.0,5.0
2017-08-01,RS,fixed_telephony,1,34.09,18.0,5.0
2017-08-01,RS,furniture_decor,21,2553.94,18.7,3.5
2017-08-01,RS,furniture_living_room,1,220.24,17.0,5.0
2017-08-01,RS,garden_tools,15,1748.26,18.4,4.63
2017-08-01,RS,health_beauty,17,1557.74,12.3,4.24
2017-08-01,RS,home_appliances,1,200.84,11.0,4.0
2017-08-01,RS,home_confort,1,107.78,25.0,5.0
2017-08-01,RS,housewares,24,2629.85,12.6,4.33
2017-08-01,RS,luggage_accessories,2,294.15,19.0,5.0
2017-08-01,RS,market_place,1,42.03,13.0,5.0
2017-08-01,RS,office_furniture,4,767.12,21.0,4.5
2017-08-01,RS,perfumery,4,753.52,10.8,3.75
2017-08-01,RS,pet_shop,3,760.26,10.7,5.0
2017-08-01,RS,small_appliances,1,35.01,9.0,1.0
2017-08-01,RS,sports_leisure,33,4880.77,11.4,4.26
2017-08-01,RS,stationery,5,479.79,17.0,3.6
2017-08-01,RS,telephony,18,1334.78,14.3,4.06
2017-08-01,RS,toys,10,798.42,16.4,4.2
2017-08-01,RS,watches_gifts,12,2587.07,18.8,4.33
2017-08-01,SC,(unknown),2,194.62,11.0,5.0
2017-08-01,SC,audio,1,128.0,16.0,1.5
2017-08-01,SC,auto,9,4338.77,18.3,3.83
2017-08-01,SC,baby,4,511.91,16.8,3.5
2017-08-01,SC,bed_bath_table,13,2313.11,14.1,4.19
2017-08-01,SC,computers_accessories,13,1742.88,10.8,4.31
2017-08-01,SC,consoles_games,1,96.99,12.0,5.0
2017-08-01,SC,cool_stuff,7,926.94,10.6,4.57
2017-08-01,SC,electronics,1,25.1,7.0,4.0
2017-08-01,SC,fashio_female_clothing,1,35.0,22.0,4.0
2017-08-01,SC,fashion_bags_accessories,4,238.32,12.8,4.0
2017-08-01,SC,fashion_sport,1,75.07,10.0,5.0
2017-08-01,SC,fashion_underwear_beach,1,65.0,12.0,3.0
2017-08-01,SC,fixed_telephony,1,1404.41,17.0,5.0
2017-08-01,SC,food,1,35.0,6.0,5.0
2017-08-01,SC,furniture_bedroom,1,263.66,15.0,4.0
2017-08-01,SC,furniture_decor,14,1573.34,16.1,4.63
2017-08-01,SC,garden_tools,10,1379.27,7.5,4.69
2017-08-01,SC,health_beauty,11,1598.41,13.5,4.0
2017-08-01,SC,home_appliances,1,177.48,22.0,1.0
2017-08-01,SC,home_appliances_2,3,916.09,14.3,5.0
2017-08-01,SC,home_confort,2,427.17,8.5,3.0
2017-08-01,SC,housewares,8,814.46,11.0,4.1
2017-08-01,SC,luggage_accessories,1,161.34,10.0,5.0
2017-08-01,SC,market_place,2,346.5,10.5,4.5
2017-08-01,SC,musical_instruments,2,434.1,9.0,5.0
2017-08-01,SC,office_furniture,1,250.02,20.0,5.0
2017-08-01,SC,perfumery,4,325.6,11.8,3.5
2017-08-01,SC,pet_shop,4,430.31,11.3,4.75
2017-08-01,SC,signaling_and_security,1,144.65,31.0,2.0
2017-08-01,SC,small_appliances,1,115.94,11.0,5.0
2017-08-01,SC,sports_leisure,16,2428.6,13.8,4.35
2017-08-01,SC,stationery,2,141.84,14.5,5.0
2017-08-01,SC,telephony,4,165.87,16.5,4.0
2017-08-01,SC,toys,2,238.59,3.7,5.0
2017-08-01,SC,watches_gifts,5,1105.31,7.7,4.29
2017-08-01,SE,auto,4,310.58,13.3,4.75
2017-08-01,SE,baby,1,519.25,24.0,5.0
2017-08-01,SE,bed_bath_table,2,714.52,15.3,5.0
2017-08-01,SE,computers,1,1220.0,17.0,1.0
2017-08-01,SE,computers_accessories,1,84.05,13.0,5.0
2017-08-01,SE,garden_tools,1,195.74,9.0,5.0
2017-08-01,SE,health_beauty,2,480.15,19.0,4.0
2017-08-01,SE,luggage_accessories,1,156.28,18.0,4.0
2017-08-01,SE,pet_shop,1,53.79,9.0,5.0
2017-08-01,SE,sports_leisure,2,183.71,30.0,3.0
2017-08-01,SE,stationery,1,107.76,31.0,4.0
2017-08-01,SE,telephony,1,99.25,7.0,5.0
2017-08-01,SE,toys,1,203.96,22.0,4.0
2017-08-01,SP,(unknown),31,2397.79,7.8,4.0
2017-08-01,SP,air_conditioning,6,977.17,8.0,4.6
2017-08-01,SP,art,1,60.0,7.0,4.0
2017-08-01,SP,audio,2,194.25,2.0,4.0
2017-08-01,SP,auto,54,5884.91,6.3,4.33
2017-08-01,SP,baby,40,7515.73,7.1,4.46
2017-08-01,SP,bed_bath_table,193,25746.6,8.4,4.32
2017-08-01,SP,books_general_interest,15,1368.73,8.3,4.57
2017-08-01,SP,books_imported,1,70.34,2.0,5.0
2017-08-01,SP,books_technical,6,755.1,4.0,4.5
2017-08-01,SP,cds_dvds_musicals,1,54.94,7.0,5.0
2017-08-01,SP,computers,8,9639.38,7.5,4.5
2017-08-01,SP,computers_accessories,128,18909.2,7.6,4.31
2017-08-01,SP,consoles_games,30,4753.34,8.4,4.21
2017-08-01,SP,cool_stuff,78,13454.35,6.4,4.5
2017-08-01,SP,costruction_tools_garden,3,893.55,5.6,4.8
2017-08-01,SP,drinks,1,21.85,3.0,5.0
2017-08-01,SP,dvds_blu_ray,2,80.06,7.0,5.0
2017-08-01,SP,electronics,19,1044.46,9.9,4.0
2017-08-01,SP,fashio_female_clothing,2,131.62,5.5,4.0
2017-08-01,SP,fashion_bags_accessories,38,2815.82,5.6,4.5
2017-08-01,SP,fashion_male_clothing,6,511.06,7.8,2.5
2017-08-01,SP,fashion_shoes,5,365.54,10.8,4.6
2017-08-01,SP,fashion_underwear_beach,8,708.85,4.8,4.75
2017-08-01,SP,fixed_telephony,8,1551.14,8.6,4.69
2017-08-01,SP,food,3,102.28,5.3,4.33
2017-08-01,SP,food_drink,6,303.37,5.4,4.71
2017-08-01,SP,furniture_bedroom,2,438.7,13.5,5.0
2017-08-01,SP,furniture_decor,142,16413.43,8.1,4.31
2017-08-01,SP,furniture_living_room,9,1205.99,10.7,4.33
2017-08-01,SP,garden_tools,68,9605.91,8.3,4.46
2017-08-01,SP,health_beauty,137,14991.49,6.9,4.51
2017-08-01,SP,home_appliances,17,1244.83,7.2,4.24
2017-08-01,SP,home_appliances_2,7,1452.67,13.1,4.86
2017-08-01,SP,home_comfort_2,2,69.91,4.3,5.0
2017-08-01,SP,home_confort,8,1568.47,6.6,4.3
2017-08-01,SP,housewares,107,12177.38,6.9,4.03
2017-08-01,SP,kitchen_dining_laundry_garden_furniture,6,860.37,6.7,3.83
2017-08-01,SP,la_cuisine,2,373.52,6.5,5.0
2017-08-01,SP,luggage_accessories,20,3013.03,6.9,4.36
2017-08-01,SP,market_place,4,223.2,7.8,4.25
2017-08-01,SP,musical_instruments,3,494.38,5.3,5.0
2017-08-01,SP,office_furniture,12,3555.99,10.9,3.84
2017-08-01,SP,perfumery,45,5160.01,6.4,4.58
2017-08-01,SP,pet_shop,34,5199.34,6.0,4.36
2017-08-01,SP,signaling_and_security,2,256.44,9.0,5.0
2017-08-01,SP,small_appliances,12,924.3,2.9,4.27
2017-08-01,SP,small_appliances_home_oven_and_coffee,1,33.75,6.0,3.0
2017-08-01,SP,sports_leisure,142,16528.66,7.9,4.3
2017-08-01,SP,stationery,31,3189.95,5.8,4.67
2017-08-01,SP,telephony,37,2733.65,6.6,4.21
2017-08-01,SP,toys,65,7062.56,6.6,4.42
2017-08-01,SP,watches_gifts,73,12062.74,6.1,4.47
2017-08-01,TO,auto,1,130.16,10.0,4.0
2017-08-01,TO,books_general_interest,1,48.0,10.0,5.0
2017-08-01,TO,computers,1,1237.81,13.0,5.0
2017-08-01,TO,computers_accessories,2,130.32,13.5,5.0
2017-08-01,TO,cool_stuff,3,439.78,20.3,4.67
2017-08-01,TO,health_beauty,3,208.47,10.3,5.0
2017-08-01,TO,stationery,1,123.14,13.0,5.0
2017-08-01,TO,telephony,1,47.62,17.0,5.0
2017-08-01,TO,watches_gifts,2,153.22,14.5,5.0
2017-09-01,AC,bed_bath_table,1,186.83,21.0,4.0
2017-09-01,AC,computers,1,1251.7,67.0,1.0
2017-09-01,AC,electronics,1,241.08,20.0,5.0
2017-09-01,AC,small_appliances,1,100.91,13.0,5.0
2017-09-01,AC,sports_leisure,1,248.71,12.0,5.0
2017-09-01,AL,audio,1,110.42,29.0,5.0
2017-09-01,AL,auto,1,149.56,33.0,1.0
2017-09-01,AL,bed_bath_table,2,155.99,21.5,3.5
2017-09-01,AL,consoles_games,1,54.05,36.0,4.0
2017-09-01,AL,cool_stuff,2,237.68,27.0,5.0
2017-09-01,AL,electronics,1,109.08,12.0,5.0
2017-09-01,AL,health_beauty,4,1174.42,40.8,3.25
2017-09-01,AL,perfumery,1,78.19,43.0,1.0
2017-09-01,AL,pet_shop,1,1942.0,26.0,4.0
2017-09-01,AL,sports_leisure,2,530.06,29.5,2.5
2017-09-01,AL,telephony,2,420.86,34.5,4.5
2017-09-01,AL,toys,1,131.47,27.0,4.0
2017-09-01,AM,(unknown),1,638.66,31.0,3.0
2017-09-01,AM,auto,1,58.67,27.0,2.0
2017-09-01,AM,computers_accessories,1,109.4,18.0,5.0
2017-09-01,AM,health_beauty,1,58.14,17.0,4.0
2017-09-01,AM,housewares,1,50.05,26.0,4.0
2017-09-01,AM,office_furniture,1,184.29,25.0,5.0
2017-09-01,AM,sports_leisure,1,218.71,13.0,5.0
2017-09-01,AM,toys,1,105.01,23.0,5.0
2017-09-01,AM,watches_gifts,1,95.51,36.0,
2017-09-01,AP,bed_bath_table,1,372.99,20.0,5.0
2017-09-01,AP,musical_instruments,1,126.23,19.0,5.0
2017-09-01,BA,(unknown),5,638.66,18.9,3.0
2017-09-01,BA,air_conditioning,1,200.36,14.0,5.0
2017-09-01,BA,audio,1,137.18,35.0,2.0
2017-09-01,BA,auto,4,524.48,19.3,4.5
2017-09-01,BA,baby,10,2622.12,16.3,4.0
2017-09-01,BA,bed_bath_table,18,2397.16,17.2,3.94
2017-09-01,BA,computers,1,872.6,13.0,5.0
2017-09-01,BA,computers_accessories,6,565.11,17.7,4.71
2017-09-01,BA,consoles_games,4,580.33,14.3,4.75
2017-09-01,BA,cool_stuff,8,1639.0,17.4,4.4
2017-09-01,BA,fashion_bags_accessories,6,640.46,16.4,4.29
2017-09-01,BA,fashion_childrens_clothes,1,107.06,30.0,5.0
2017-09-01,BA,fashion_male_clothing,2,474.32,27.8,2.0
2017-09-01,BA,fashion_shoes,1,104.73,20.0,5.0
2017-09-01,BA,fashion_underwear_beach,1,99.7,29.0,1.0
2017-09-01,BA,furniture_decor,6,628.35,24.3,4.29
2017-09-01,BA,garden_tools,6,801.62,17.0,4.75
2017-09-01,BA,health_beauty,21,3966.52,20.9,3.73
2017-09-01,BA,home_appliances_2,1,465.11,15.0,5.0
2017-09-01,BA,home_comfort_2,1,29.69,36.0,3.0
2017-09-01,BA,home_confort,2,499.14,21.5,5.0
2017-09-01,BA,housewares,8,1432.86,16.4,3.57
2017-09-01,BA,luggage_accessories,2,148.74,27.5,3.5
2017-09-01,BA,musical_instruments,1,396.03,19.0,4.0
2017-09-01,BA,office_furniture,3,619.84,18.3,4.67
2017-09-01,BA,perfumery,6,599.03,28.0,3.33
2017-09-01,BA,pet_shop,1,132.64,7.0,5.0
2017-09-01,BA,small_appliances,1,34.72,17.0,5.0
2017-09-01,BA,sports_leisure,13,2129.13,14.7,4.4
2017-09-01,BA,stationery,1,111.1,24.0,5.0
2017-09-01,BA,telephony,9,1881.98,21.5,3.27
2017-09-01,BA,toys,8,851.5,19.2,3.33
2017-09-01,BA,watches_gifts,9,1650.05,21.7,3.91
2017-09-01,CE,auto,2,1575.09,11.0,1.8
2017-09-01,CE,baby,2,513.63,18.0,4.5
2017-09-01,CE,bed_bath_table,3,322.03,16.3,4.33
2017-09-01,CE,books_technical,1,124.14,11.0,5.0
2017-09-01,CE,computers,2,2783.6,13.5,5.0
2017-09-01,CE,computers_accessories,5,1667.19,9.8,2.78
2017-09-01,CE,cool_stuff,1,176.24,23.0,5.0
2017-09-01,CE,electronics,1,185.56,14.0,5.0
2017-09-01,CE,fashion_bags_accessories,2,461.27,13.3,4.33
2017-09-01,CE,food,1,37.24,6.0,5.0
2017-09-01,CE,furniture_decor,7,1075.26,13.7,4.27
2017-09-01,CE,garden_tools,1,313.43,15.0,1.0
2017-09-01,CE,health_beauty,5,911.1,16.0,4.2
2017-09-01,CE,home_confort,1,105.84,18.0,5.0
2017-09-01,CE,housewares,2,282.29,18.5,5.0
2017-09-01,CE,perfumery,4,617.27,21.3,3.75
2017-09-01,CE,pet_shop,2,167.81,14.0,4.0
2017-09-01,CE,small_appliances,1,982.85,18.0,4.0
2017-09-01,CE,sports_leisure,6,865.89,17.3,3.43
2017-09-01,CE,telephony,4,643.15,13.4,5.0
2017-09-01,CE,toys,9,871.92,12.7,4.5
2017-09-01,CE,watches_gifts,12,4604.2,16.8,3.85
2017-09-01,DF,(unknown),1,180.1,8.0,4.0
2017-09-01,DF,audio,1,95.31,25.0,1.0
2017-09-01,DF,auto,4,270.03,11.0,3.75
2017-09-01,DF,baby,2,212.91,8.5,3.0
2017-09-01,DF,bed_bath_table,9,1056.86,13.2,3.11
2017-09-01,DF,books_general_interest,3,241.5,16.7,4.0
2017-09-01,DF,christmas_supplies,1,150.14,13.0,5.0
2017-09-01,DF,computers,2,2969.19,11.5,5.0
2017-09-01,DF,computers_accessories,5,760.2,9.6,3.13
2017-09-01,DF,consoles_games,1,35.0,16.0,5.0
2017-09-01,DF,cool_stuff,2,395.2,15.0,5.0
2017-09-01,DF,drinks,1,45.1,11.0,5.0
2017-09-01,DF,electronics,1,215.05,10.0,5.0
2017-09-01,DF,fashion_bags_accessories,1,42.4,22.0,2.0
2017-09-01,DF,furniture_decor,6,1160.32,15.8,4.15
2017-09-01,DF,garden_tools,2,730.34,11.0,5.0
2017-09-01,DF,health_beauty,11,1404.62,9.9,4.55
2017-09-01,DF,home_appliances_2,1,194.07,20.0,5.0
2017-09-01,DF,home_confort,2,199.62,10.3,3.67
2017-09-01,DF,home_construction,1,240.74,14.0,4.0
2017-09-01,DF,housewares,5,502.66,11.8,4.33
2017-09-01,DF,kitchen_dining_laundry_garden_furniture,1,229.69,16.0,5.0
2017-09-01,DF,luggage_accessories,2,197.72,10.5,3.5
2017-09-01,DF,perfumery,3,507.52,15.0,4.67
2017-09-01,DF,security_and_services,1,115.45,11.0,1.0
2017-09-01,DF,small_appliances,1,121.78,25.0,3.0
2017-09-01,DF,sports_leisure,14,2086.39,12.9,4.4
2017-09-01,DF,stationery,1,85.16,24.0,1.0
2017-09-01,DF,telephony,5,503.85,10.5,4.83
2017-09-01,DF,toys,4,473.84,12.5,3.75
2017-09-01,DF,watches_gifts,2,156.01,10.5,5.0
2017-09-01,ES,(unknown),1,299.2,11.0,4.0
2017-09-01,ES,air_conditioning,1,118.93,14.0,4.0
2017-09-01,ES,auto,3,476.5,17.7,4.33
2017-09-01,ES,baby,3,207.67,9.7,4.33
2017-09-01,ES,bed_bath_table,11,1495.05,13.1,4.18
2017-09-01,ES,books_technical,1,101.84,23.0,1.0
2017-09-01,ES,computers_accessories,1,48.69,7.0,5.0
2017-09-01,ES,construction_tools_construction,1,71.04,7.0,4.0
2017-09-01,ES,cool_stuff,4,715.24,11.5,3.5
2017-09-01,ES,costruction_tools_tools,1,36.78,12.0,4.0
2017-09-01,ES,electronics,1,44.53,13.0,5.0
2017-09-01,ES,fashion_bags_accessories,6,792.74,10.8,4.67
2017-09-01,ES,furniture_decor,6,1148.4,9.6,4.44
2017-09-01,ES,garden_tools,8,976.84,15.6,4.38
2017-09-01,ES,health_beauty,4,318.75,16.8,5.0
2017-09-01,ES,home_appliances,2,175.28,13.0,5.0
2017-09-01,ES,home_construction,1,107.4,10.0,4.0
2017-09-01,ES,housewares,3,195.48,16.3,4.0
2017-09-01,ES,market_place,2,459.89,16.0,4.0
2017-09-01,ES,perfumery,9,1058.7,10.6,2.5
2017-09-01,ES,pet_shop,1,309.05,14.0,1.0
2017-09-01,ES,sports_leisure,6,1532.87,12.2,4.33
2017-09-01,ES,stationery,2,264.9,8.5,4.0
2017-09-01,ES,telephony,6,867.24,11.1,4.29
2017-09-01,ES,toys,6,910.96,12.7,4.67
2017-09-01,ES,watches_gifts,3,580.22,10.3,4.0
2017-09-01,GO,(unknown),3,506.95,13.5,3.0
2017-09-01,GO,audio,1,115.94,15.0,5.0
2017-09-01,GO,auto,2,207.4,7.0,5.0
2017-09-01,GO,baby,2,228.41,11.5,5.0
2017-09-01,GO,bed_bath_table,13,2259.47,12.7,3.06
2017-09-01,GO,computers,1,1770.72,17.0,5.0
2017-09-01,GO,computers_accessories,2,577.19,17.3,4.0
2017-09-01,GO,construction_tools_safety,2,346.17,14.0,2.33
2017-09-01,GO,cool_stuff,7,2800.04,11.4,3.13
2017-09-01,GO,fashion_bags_accessories,3,200.13,12.3,4.67
2017-09-01,GO,fixed_telephony,1,31.09,12.0,3.0
2017-09-01,GO,furniture_decor,4,564.78,7.8,5.0
2017-09-01,GO,garden_tools,3,282.37,16.0,5.0
2017-09-01,GO,health_beauty,12,963.41,12.2,4.92
2017-09-01,GO,home_construction,1,695.38,9.0,1.0
2017-09-01,GO,housewares,3,300.92,11.3,5.0
2017-09-01,GO,musical_instruments,1,544.9,14.0,3.0
2017-09-01,GO,perfumery,3,537.36,11.3,4.0
2017-09-01,GO,sports_leisure,7,954.61,12.7,4.57
2017-09-01,GO,telephony,2,121.77,16.3,4.67
2017-09-01,GO,toys,6,974.82,13.0,4.13
2017-09-01,GO,watches_gifts,8,977.19,15.5,4.38
2017-09-01,MA,(unknown),1,64.05,24.0,5.0
2017-09-01,MA,baby,3,1042.83,24.0,3.67
2017-09-01,MA,bed_bath_table,3,521.76,22.8,4.25
2017-09-01,MA,computers,2,2624.74,16.0,5.0
2017-09-01,MA,consoles_games,1,74.05,17.0,5.0
2017-09-01,MA,cool_stuff,1,158.38,21.0,5.0
2017-09-01,MA,fashion_bags_accessories,1,122.1,9.0,5.0
2017-09-01,MA,fashion_shoes,1,53.28,16.0,5.0
2017-09-01,MA,furniture_decor,4,926.35,17.2,4.4
2017-09-01,MA,garden_tools,2,643.9,16.5,2.5
2017-09-01,MA,health_beauty,3,880.51,15.0,4.67
2017-09-01,MA,home_appliances,2,1432.63,14.0,5.0
2017-09-01,MA,luggage_accessories,1,108.73,16.0,5.0
2017-09-01,MA,perfumery,1,106.38,22.0,4.0
2017-09-01,MA,pet_shop,1,188.32,17.0,5.0
2017-09-01,MA,sports_leisure,4,766.84,17.8,3.5
2017-09-01,MA,telephony,5,925.59,16.5,4.17
2017-09-01,MA,toys,2,234.99,14.5,4.0
2017-09-01,MA,watches_gifts,3,348.26,16.7,4.0
2017-09-01,MG,(unknown),11,955.75,9.8,4.18
2017-09-01,MG,agro_industry_and_commerce,1,847.32,9.0,4.0
2017-09-01,MG,audio,1,104.37,8.0,5.0
2017-09-01,MG,auto,13,1805.1,9.4,4.69
2017-09-01,MG,baby,23,3223.62,10.0,4.23
2017-09-01,MG,bed_bath_table,62,9594.08,10.6,4.05
2017-09-01,MG,books_technical,1,125.39,13.0,5.0
2017-09-01,MG,christmas_supplies,1,96.87,11.0,4.0
2017-09-01,MG,computers,1,1341.55,11.0,5.0
2017-09-01,MG,computers_accessories,29,3104.11,8.5,4.32
2017-09-01,MG,consoles_games,3,1172.83,11.7,4.67
2017-09-01,MG,construction_tools_construction,1,190.09,5.0,5.0
2017-09-01,MG,cool_stuff,25,5223.44,11.0,4.08
2017-09-01,MG,electronics,8,1023.23,11.1,4.0
2017-09-01,MG,fashio_female_clothing,1,62.1,9.0,5.0
2017-09-01,MG,fashion_bags_accessories,10,1098.32,7.1,4.36
2017-09-01,MG,fashion_male_clothing,1,130.0,11.0,1.0
2017-09-01,MG,fashion_shoes,3,441.99,14.3,4.0
2017-09-01,MG,fashion_sport,1,238.7,7.0,5.0
2017-09-01,MG,fashion_underwear_beach,3,373.37,11.0,4.75
2017-09-01,MG,fixed_telephony,1,35.09,8.0,5.0
2017-09-01,MG,food,1,73.13,8.0,5.0
2017-09-01,MG,food_drink,1,32.03,6.0,3.0
2017-09-01,MG,furniture_bedroom,1,108.98,11.0,5.0
2017-09-01,MG,furniture_decor,21,2803.66,9.7,4.48
2017-09-01,MG,furniture_living_room,1,121.0,19.0,5.0
2017-09-01,MG,garden_tools,26,3598.81,10.3,4.62
2017-09-01,MG,health_beauty,38,5646.21,11.1,4.03
2017-09-01,MG,home_confort,6,1074.05,13.3,4.67
2017-09-01,MG,home_construction,1,107.87,5.0,5.0
2017-09-01,MG,housewares,27,5294.19,9.3,4.29
2017-09-01,MG,luggage_accessories,9,1257.13,7.2,5.0
2017-09-01,MG,musical_instruments,4,4622.26,11.0,5.0
2017-09-01,MG,office_furniture,3,3046.48,12.0,4.6
2017-09-01,MG,perfumery,15,1743.81,7.1,4.67
2017-09-01,MG,pet_shop,11,799.57,9.6,4.55
2017-09-01,MG,signaling_and_security,1,131.56,13.0,5.0
2017-09-01,MG,small_appliances,3,2210.96,13.3,4.67
2017-09-01,MG,sports_leisure,51,7148.07,9.1,4.22
2017-09-01,MG,stationery,8,1129.82,7.7,4.4
2017-09-01,MG,tablets_printing_image,1,51.0,8.0,2.0
2017-09-01,MG,telephony,17,2219.21,9.9,4.65
2017-09-01,MG,toys,31,3753.53,10.2,4.64
2017-09-01,MG,watches_gifts,20,4789.61,11.1,4.37
2017-09-01,MS,baby,1,913.7,10.0,1.0
2017-09-01,MS,bed_bath_table,4,678.79,16.4,4.2
2017-09-01,MS,computers_accessories,1,312.31,9.0,5.0
2017-09-01,MS,consoles_games,1,46.69,11.0,4.0
2017-09-01,MS,construction_tools_construction,1,346.39,16.0,5.0
2017-09-01,MS,cool_stuff,1,157.32,11.0,5.0
2017-09-01,MS,fashion_bags_accessories,1,47.62,6.0,4.0
2017-09-01,MS,fashion_underwear_beach,1,208.09,10.0,5.0
2017-09-01,MS,health_beauty,2,150.19,12.0,3.0
2017-09-01,MS,housewares,2,330.52,8.5,4.5
2017-09-01,MS,luggage_accessories,1,136.3,10.0,5.0
2017-09-01,MS,perfumery,1,28.09,5.0,1.0
2017-09-01,MS,sports_leisure,7,1030.8,11.7,4.86
2017-09-01,MS,stationery,2,106.64,13.0,3.0
2017-09-01,MS,toys,4,820.05,14.0,3.5
2017-09-01,MS,watches_gifts,2,255.98,8.5,4.0
2017-09-01,MT,(unknown),1,65.56,22.0,4.0
2017-09-01,MT,auto,1,173.85,29.0,4.0
2017-09-01,MT,baby,4,1615.97,10.0,3.75
2017-09-01,MT,bed_bath_table,1,62.74,20.0,5.0
2017-09-01,MT,books_technical,1,97.12,16.0,4.0
2017-09-01,MT,computers,1,1603.25,20.0,5.0
2017-09-01,MT,computers_accessories,1,65.53,20.0,5.0
2017-09-01,MT,consoles_games,1,115.91,24.0,3.0
2017-09-01,MT,cool_stuff,2,175.39,11.0,5.0
2017-09-01,MT,furniture_bedroom,1,627.66,19.0,5.0
2017-09-01,MT,furniture_decor,6,940.11,19.7,2.91
2017-09-01,MT,garden_tools,2,139.21,15.7,4.67
2017-09-01,MT,health_beauty,2,477.08,12.0,5.0
2017-09-01,MT,housewares,1,214.56,12.0,5.0
2017-09-01,MT,perfumery,1,145.66,10.0,5.0
2017-09-01,MT,pet_shop,1,143.22,29.0,5.0
2017-09-01,MT,sports_leisure,4,592.11,13.4,3.0
2017-09-01,MT,toys,2,764.95,14.0,2.0
2017-09-01,MT,watches_gifts,1,147.34,10.0,3.0
2017-09-01,PA,auto,3,1213.32,43.7,3.0
2017-09-01,PA,baby,2,394.1,21.5,5.0
2017-09-01,PA,bed_bath_table,3,406.27,22.3,5.0
2017-09-01,PA,computers_accessories,4,388.48,24.3,4.5
2017-09-01,PA,cool_stuff,3,402.38,30.7,2.67
2017-09-01,PA,electronics,1,320.54,19.0,5.0
2017-09-01,PA,fashion_bags_accessories,2,276.57,15.3,4.0
2017-09-01,PA,fashion_sport,1,262.12,22.0,4.0
2017-09-01,PA,garden_tools,2,145.37,23.0,5.0
2017-09-01,PA,health_beauty,3,394.76,16.7,4.67
2017-09-01,PA,musical_instruments,1,285.45,23.0,5.0
2017-09-01,PA,small_appliances,2,1278.83,11.5,2.5
2017-09-01,PA,sports_leisure,6,1043.09,22.2,4.83
2017-09-01,PA,telephony,3,383.02,25.0,3.33
2017-09-01,PA,toys,1,50.65,59.0,1.0
2017-09-01,PA,watches_gifts,4,569.46,17.6,5.0
2017-09-01,PB,(unknown),1,165.32,16.0,5.0
2017-09-01,PB,auto,2,576.49,28.5,4.5
2017-09-01,PB,baby,1,87.9,39.0,5.0
2017-09-01,PB,bed_bath_table,1,143.01,25.0,4.0
2017-09-01,PB,consoles_games,1,355.03,20.0,5.0
2017-09-01,PB,fashio_female_clothing,1,152.16,26.0,5.0
2017-09-01,PB,fashion_bags_accessories,2,447.6,15.5,4.5
2017-09-01,PB,furniture_decor,4,760.8,23.0,5.0
2017-09-01,PB,garden_tools,2,1363.7,63.0,5.0
2017-09-01,PB,health_beauty,6,1697.16,20.8,4.0
2017-09-01,PB,sports_leisure,1,65.57,19.0,5.0
2017-09-01,PB,stationery,1,208.56,35.0,1.0
2017-09-01,PB,watches_gifts,2,260.97,23.5,3.5
2017-09-01,PE,(unknown),1,133.58,27.0,1.0
2017-09-01,PE,bed_bath_table,4,1425.95,21.0,2.57
2017-09-01,PE,books_general_interest,1,55.28,24.0,4.0
2017-09-01,PE,books_technical,1,144.41,10.0,5.0
2017-09-01,PE,computers,3,3843.84,13.0,5.0
2017-09-01,PE,computers_accessories,5,849.85,22.8,3.6
2017-09-01,PE,cool_stuff,2,920.17,16.5,3.5
2017-09-01,PE,fashion_bags_accessories,3,585.88,13.6,4.14
2017-09-01,PE,fashion_shoes,2,301.3,19.5,5.0
2017-09-01,PE,furniture_decor,6,1006.01,14.0,5.0
2017-09-01,PE,garden_tools,5,591.27,19.5,4.5
2017-09-01,PE,health_beauty,8,722.02,14.8,4.25
2017-09-01,PE,home_appliances,1,71.65,17.0,3.0
2017-09-01,PE,housewares,2,120.54,13.0,3.0
2017-09-01,PE,office_furniture,1,296.86,14.0,5.0
2017-09-01,PE,pet_shop,2,215.99,14.0,4.0
2017-09-01,PE,small_appliances_home_oven_and_coffee,1,673.47,10.0,1.0
2017-09-01,PE,sports_leisure,10,1303.95,11.7,4.08
2017-09-01,PE,stationery,1,102.07,10.0,1.0
2017-09-01,PE,telephony,6,1245.62,16.7,5.0
2017-09-01,PE,toys,6,672.22,18.3,3.83
2017-09-01,PE,watches_gifts,3,436.45,13.3,5.0
2017-09-01,PI,books_technical,1,105.39,22.0,5.0
2017-09-01,PI,computers,1,810.13,13.0,5.0
2017-09-01,PI,computers_accessories,1,104.19,11.0,5.0
2017-09-01,PI,cool_stuff,2,313.77,17.0,3.0
2017-09-01,PI,electronics,1,130.56,22.0,5.0
2017-09-01,PI,health_beauty,2,181.38,12.5,4.5
2017-09-01,PI,market_place,1,64.14,10.0,4.0
2017-09-01,PI,musical_instruments,1,203.36,16.0,1.0
2017-09-01,PI,perfumery,2,184.57,18.5,4.5
2017-09-01,PI,sports_leisure,1,231.9,20.0,5.0
2017-09-01,PI,stationery,1,168.81,24.0,5.0
2017-09-01,PI,telephony,2,94.19,17.5,3.5
2017-09-01,PI,toys,4,737.87,18.0,4.0
2017-09-01,PI,watches_gifts,2,243.91,11.5,3.5
2017-09-01,PR,(unknown),1,19.95,11.0,4.0
2017-09-01,PR,audio,1,145.56,11.0,3.0
2017-09-01,PR,auto,2,1994.53,12.0,1.6
2017-09-01,PR,baby,5,585.96,10.8,4.6
2017-09-01,PR,bed_bath_table,12,1996.2,13.7,3.21
2017-09-01,PR,computers_accessories,10,1277.11,12.2,4.5
2017-09-01,PR,consoles_games,3,92.78,14.3,4.33
2017-09-01,PR,cool_stuff,11,1807.95,10.2,4.17
2017-09-01,PR,electronics,6,482.11,12.0,3.33
2017-09-01,PR,fashion_bags_accessories,7,1582.78,11.1,3.88
2017-09-01,PR,fashion_male_clothing,1,85.14,20.0,1.0
2017-09-01,PR,fashion_shoes,1,102.74,14.0,
2017-09-01,PR,fashion_underwear_beach,1,104.28,9.0,5.0
2017-09-01,PR,food,2,146.26,16.5,4.5
2017-09-01,PR,furniture_decor,10,1263.1,12.2,3.6
2017-09-01,PR,garden_tools,12,1578.4,13.9,3.41
2017-09-01,PR,health_beauty,19,2412.08,11.6,4.48
2017-09-01,PR,housewares,8,492.66,13.3,4.13
2017-09-01,PR,luggage_accessories,6,461.36,10.0,4.83
2017-09-01,PR,market_place,1,75.07,7.0,5.0
2017-09-01,PR,office_furniture,2,480.81,16.0,4.5
2017-09-01,PR,perfumery,3,285.98,9.0,5.0
2017-09-01,PR,pet_shop,1,76.17,9.0,4.0
2017-09-01,PR,small_appliances,1,916.02,11.0,5.0
2017-09-01,PR,sports_leisure,21,3129.64,9.1,4.56
2017-09-01,PR,stationery,3,319.07,14.0,3.33
2017-09-01,PR,telephony,8,349.01,10.9,4.25
2017-09-01,PR,toys,9,874.25,11.5,4.83
2017-09-01,PR,watches_gifts,11,1669.02,9.5,4.2
2017-09-01,RJ,(unknown),5,578.97,11.5,3.83
2017-09-01,RJ,agro_industry_and_commerce,1,854.33,13.0,1.0
2017-09-01,RJ,air_conditioning,3,1232.07,9.7,5.0
2017-09-01,RJ,auto,14,2379.39,15.0,4.47
2017-09-01,RJ,baby,20,3065.6,12.4,4.48
2017-09-01,RJ,bed_bath_table,72,9397.8,13.6,4.27
2017-09-01,RJ,books_general_interest,1,144.4,6.0,5.0
2017-09-01,RJ,computers_accessories,32,7089.46,12.7,4.13
2017-09-01,RJ,consoles_games,11,2470.16,12.4,4.38
2017-09-01,RJ,construction_tools_construction,1,47.17,3.0,5.0
2017-09-01,RJ,cool_stuff,31,6279.25,9.9,4.45
2017-09-01,RJ,costruction_tools_garden,1,83.86,8.0,5.0
2017-09-01,RJ,drinks,1,102.36,11.0,5.0
2017-09-01,RJ,dvds_blu_ray,1,45.53,12.0,4.0
2017-09-01,RJ,electronics,10,725.21,16.7,4.27
2017-09-01,RJ,fashion_bags_accessories,9,635.2,9.1,4.09
2017-09-01,RJ,fashion_male_clothing,1,87.96,15.0,5.0
2017-09-01,RJ,fashion_shoes,1,45.69,7.0,5.0
2017-09-01,RJ,fashion_underwear_beach,1,398.06,11.0,5.0
2017-09-01,RJ,fixed_telephony,2,13711.17,16.7,1.44
2017-09-01,RJ,food,4,461.46,11.6,3.43
2017-09-01,RJ,food_drink,2,264.96,37.8,1.8
2017-09-01,RJ,furniture_decor,48,7001.13,15.9,3.87
2017-09-01,RJ,furniture_living_room,4,526.19,11.5,4.0
2017-09-01,RJ,furniture_mattress_and_upholstery,1,133.82,7.0,5.0
2017-09-01,RJ,garden_tools,26,2968.67,14.5,4.25
2017-09-01,RJ,health_beauty,56,10190.21,12.3,4.13
2017-09-01,RJ,home_appliances,2,288.68,8.5,5.0
2017-09-01,RJ,home_appliances_2,1,167.35,21.0,5.0
2017-09-01,RJ,home_confort,6,939.33,13.7,4.71
2017-09-01,RJ,home_construction,2,176.88,8.5,5.0
2017-09-01,RJ,housewares,30,2933.85,12.3,3.82
2017-09-01,RJ,luggage_accessories,3,333.0,3.7,3.67
2017-09-01,RJ,market_place,2,149.15,13.0,3.0
2017-09-01,RJ,musical_instruments,2,1137.41,12.5,5.0
2017-09-01,RJ,office_furniture,7,1636.82,18.5,2.9
2017-09-01,RJ,perfumery,18,2178.48,10.2,4.0
2017-09-01,RJ,pet_shop,10,1041.96,9.6,4.42
2017-09-01,RJ,signaling_and_security,1,131.56,17.0,3.0
2017-09-01,RJ,small_appliances,3,679.21,9.3,4.0
2017-09-01,RJ,sports_leisure,45,5549.06,12.6,4.36
2017-09-01,RJ,stationery,9,779.91,15.2,4.78
2017-09-01,RJ,tablets_printing_image,2,228.88,9.0,4.5
2017-09-01,RJ,telephony,17,2387.16,11.9,3.84
2017-09-01,RJ,toys,34,4951.84,9.6,4.69
2017-09-01,RJ,watches_gifts,46,10528.59,12.5,4.19
2017-09-01,RN,(unknown),1,65.28,11.0,5.0
2017-09-01,RN,computers_accessories,1,84.05,22.0,3.0
2017-09-01,RN,consoles_games,2,145.24,19.5,5.0
2017-09-01,RN,costruction_tools_garden,1,75.07,19.0,5.0
2017-09-01,RN,furniture_decor,1,56.14,20.0,1.0
2017-09-01,RN,health_beauty,5,741.38,20.8,5.0
2017-09-01,RN,housewares,2,109.23,22.5,4.5
2017-09-01,RN,perfumery,2,172.43,29.0,1.5
2017-09-01,RN,pet_shop,2,975.94,16.2,4.17
2017-09-01,RN,sports_leisure,1,418.92,21.0,5.0
2017-09-01,RN,toys,2,180.39,28.0,1.5
2017-09-01,RN,watches_gifts,3,995.79,20.3,2.67
2017-09-01,RO,(unknown),1,47.05,9.0,1.0
2017-09-01,RO,baby,2,169.4,21.0,3.0
2017-09-01,RO,bed_bath_table,2,337.98,17.5,5.0
2017-09-01,RO,computers,1,1344.36,29.0,4.0
2017-09-01,RO,costruction_tools_garden,1,90.75,12.0,5.0
2017-09-01,RO,furniture_decor,2,447.47,21.5,5.0
2017-09-01,RO,health_beauty,2,233.49,12.5,5.0
2017-09-01,RO,sports_leisure,3,1324.52,16.2,2.6
2017-09-01,RO,toys,2,866.07,18.0,2.33
2017-09-01,RO,watches_gifts,1,77.19,15.0,5.0
2017-09-01,RR,stationery,1,65.37,17.0,4.0
2017-09-01,RS,(unknown),1,64.72,31.0,1.0
2017-09-01,RS,art,1,66.25,17.0,4.0
2017-09-01,RS,auto,4,614.21,17.0,5.0
2017-09-01,RS,baby,12,1895.1,14.0,4.15
2017-09-01,RS,bed_bath_table,29,3377.22,15.5,4.03
2017-09-01,RS,books_general_interest,1,58.41,18.0,5.0
2017-09-01,RS,computers,2,2588.12,19.0,5.0
2017-09-01,RS,computers_accessories,19,2409.37,10.6,4.14
2017-09-01,RS,consoles_games,4,304.0,11.5,3.25
2017-09-01,RS,construction_tools_construction,1,90.0,11.0,3.0
2017-09-01,RS,cool_stuff,18,4190.9,12.2,4.47
2017-09-01,RS,drinks,1,24.1,23.0,5.0
2017-09-01,RS,electronics,6,237.1,12.5,4.17
2017-09-01,RS,fashion_bags_accessories,6,965.72,13.2,4.5
2017-09-01,RS,fashion_male_clothing,1,80.0,29.0,1.0
2017-09-01,RS,fashion_underwear_beach,1,199.03,18.0,5.0
2017-09-01,RS,fixed_telephony,1,47.09,10.0,3.0
2017-09-01,RS,food,2,146.26,22.5,5.0
2017-09-01,RS,furniture_decor,28,6001.06,14.2,4.68
2017-09-01,RS,furniture_living_room,1,388.44,20.0,5.0
2017-09-01,RS,garden_tools,12,2128.8,15.0,3.87
2017-09-01,RS,health_beauty,15,2802.27,11.4,3.69
2017-09-01,RS,home_construction,1,262.07,8.0,5.0
2017-09-01,RS,housewares,18,1421.1,13.1,4.74
2017-09-01,RS,luggage_accessories,2,192.88,22.0,5.0
2017-09-01,RS,party_supplies,1,303.2,12.0,1.0
2017-09-01,RS,perfumery,9,1328.63,13.9,4.78
2017-09-01,RS,pet_shop,2,272.78,15.0,5.0
2017-09-01,RS,small_appliances,1,421.2,9.0,5.0
2017-09-01,RS,sports_leisure,32,3947.85,10.8,4.03
2017-09-01,RS,stationery,5,555.47,14.2,3.8
2017-09-01,RS,telephony,11,782.16,15.5,4.64
2017-09-01,RS,toys,15,2544.34,15.2,4.13
2017-09-01,RS,watches_gifts,12,2523.75,14.6,4.08
2017-09-01,SC,(unknown),1,158.65,17.0,5.0
2017-09-01,SC,audio,1,247.36,4.0,5.0
2017-09-01,SC,auto,4,229.24,10.8,5.0
2017-09-01,SC,baby,5,791.09,11.4,4.6
2017-09-01,SC,bed_bath_table,16,1966.64,14.5,3.6
2017-09-01,SC,christmas_supplies,1,71.27,13.0,5.0
2017-09-01,SC,computers,3,4306.26,14.3,4.33
2017-09-01,SC,computers_accessories,10,1662.84,13.9,4.38
2017-09-01,SC,consoles_games,2,519.63,20.0,4.5
2017-09-01,SC,cool_stuff,7,1118.08,14.7,4.0
2017-09-01,SC,costruction_tools_garden,1,89.29,11.0,5.0
2017-09-01,SC,electronics,2,99.1,19.0,5.0
2017-09-01,SC,fashion_bags_accessories,4,742.44,10.8,4.75
2017-09-01,SC,fashion_shoes,1,102.74,24.0,5.0
2017-09-01,SC,fashion_underwear_beach,1,96.71,12.0,4.0
2017-09-01,SC,furniture_decor,10,1543.68,16.7,2.83
2017-09-01,SC,garden_tools,10,1096.31,15.6,4.15
2017-09-01,SC,health_beauty,16,4356.49,13.6,4.33
2017-09-01,SC,home_appliances_2,1,320.67,10.0,5.0
2017-09-01,SC,home_confort,1,107.78,19.0,4.0
2017-09-01,SC,home_construction,1,102.26,17.0,5.0
2017-09-01,SC,housewares,8,568.51,15.8,4.0
2017-09-01,SC,industry_commerce_and_business,1,125.51,12.0,5.0
2017-09-01,SC,musical_instruments,1,331.66,7.0,5.0
2017-09-01,SC,office_furniture,3,1000.96,22.7,2.0
2017-09-01,SC,perfumery,5,478.37,15.4,4.8
2017-09-01,SC,pet_shop,1,208.57,20.0,5.0
2017-09-01,SC,sports_leisure,12,2429.85,15.2,4.46
2017-09-01,SC,stationery,5,637.1,13.8,4.83
2017-09-01,SC,telephony,8,848.54,14.5,4.25
2017-09-01,SC,toys,6,1287.4,14.2,3.67
2017-09-01,SC,watches_gifts,5,1505.07,11.2,4.6
2017-09-01,SE,auto,1,182.6,50.0,3.0
2017-09-01,SE,baby,1,433.13,13.0,5.0
2017-09-01,SE,computers_accessories,3,706.9,18.8,3.5
2017-09-01,SE,cool_stuff,1,723.72,15.0,5.0
2017-09-01,SE,electronics,1,62.28,21.0,4.0
2017-09-01,SE,fashion_bags_accessories,1,104.58,6.0,4.0
2017-09-01,SE,garden_tools,1,97.87,26.0,3.0
2017-09-01,SE,health_beauty,2,454.34,20.0,5.0
2017-09-01,SE,small_appliances,1,104.8,14.0,5.0
2017-09-01,SE,sports_leisure,2,323.61,30.5,4.0
2017-09-01,SE,telephony,1,229.65,15.0,5.0
2017-09-01,SE,toys,1,118.01,10.0,1.0
2017-09-01,SP,(unknown),25,2647.52,8.7,4.6
2017-09-01,SP,agro_industry_and_commerce,1,418.04,9.0,4.0
2017-09-01,SP,air_conditioning,2,230.73,9.0,3.5
2017-09-01,SP,art,2,369.6,6.0,3.0
2017-09-01,SP,audio,3,235.65,7.0,5.0
2017-09-01,SP,auto,34,3821.87,6.3,4.31
2017-09-01,SP,baby,63,8918.4,7.9,3.98
2017-09-01,SP,bed_bath_table,189,24022.73,8.4,4.19
2017-09-01,SP,books_general_interest,8,650.18,8.5,3.63
2017-09-01,SP,books_imported,3,327.56,2.8,5.0
2017-09-01,SP,books_technical,2,438.62,5.0,4.5
2017-09-01,SP,cine_photo,1,102.84,14.0,5.0
2017-09-01,SP,computers,18,24838.09,10.8,4.17
2017-09-01,SP,computers_accessories,74,11073.07,9.3,3.89
2017-09-01,SP,consoles_games,23,3248.68,8.7,4.48
2017-09-01,SP,construction_tools_construction,2,675.53,4.0,5.0
2017-09-01,SP,construction_tools_lights,1,258.98,4.0,1.0
2017-09-01,SP,construction_tools_safety,2,856.12,11.0,5.0
2017-09-01,SP,cool_stuff,67,14304.29,7.5,4.36
2017-09-01,SP,costruction_tools_tools,2,939.3,7.0,5.0
2017-09-01,SP,drinks,2,142.87,4.7,4.67
2017-09-01,SP,dvds_blu_ray,1,45.53,10.0,5.0
2017-09-01,SP,electronics,25,1681.92,10.7,4.08
2017-09-01,SP,fashio_female_clothing,1,216.05,28.0,2.0
2017-09-01,SP,fashion_bags_accessories,36,5166.09,8.1,4.11
2017-09-01,SP,fashion_male_clothing,4,530.77,7.8,2.17
2017-09-01,SP,fashion_shoes,2,197.02,24.0,3.0
2017-09-01,SP,fashion_underwear_beach,5,378.94,7.6,4.4
2017-09-01,SP,fixed_telephony,1,165.75,6.0,5.0
2017-09-01,SP,food,3,374.85,2.3,5.0
2017-09-01,SP,food_drink,3,147.79,9.0,4.0
2017-09-01,SP,furniture_bedroom,1,187.34,6.0,5.0
2017-09-01,SP,furniture_decor,100,10436.73,9.2,4.22
2017-09-01,SP,furniture_living_room,5,527.2,10.6,4.8
2017-09-01,SP,garden_tools,54,8950.35,9.9,4.45
2017-09-01,SP,health_beauty,118,18263.02,8.0,4.33
2017-09-01,SP,home_appliances,3,229.04,6.3,3.67
2017-09-01,SP,home_appliances_2,1,200.12,15.0,3.0
2017-09-01,SP,home_confort,7,1651.99,11.0,4.25
2017-09-01,SP,home_construction,1,66.76,6.0,2.0
2017-09-01,SP,housewares,97,10398.93,7.3,4.35
2017-09-01,SP,industry_commerce_and_business,1,126.2,8.0,5.0
2017-09-01,SP,kitchen_dining_laundry_garden_furniture,3,298.19,8.7,4.67
2017-09-01,SP,luggage_accessories,15,2023.83,7.6,4.5
2017-09-01,SP,market_place,5,601.37,9.6,3.8
2017-09-01,SP,musical_instruments,10,1502.58,7.9,4.44
2017-09-01,SP,office_furniture,15,4697.04,15.7,4.28
2017-09-01,SP,perfumery,52,6214.91,7.5,4.49
2017-09-01,SP,pet_shop,26,3401.14,6.6,4.24
2017-09-01,SP,signaling_and_security,3,273.43,6.7,4.86
2017-09-01,SP,small_appliances,14,4061.8,7.4,4.64
2017-09-01,SP,sports_leisure,156,19656.77,9.0,4.3
2017-09-01,SP,stationery,29,2668.1,7.6,4.29
2017-09-01,SP,telephony,54,7281.66,8.6,4.54
2017-09-01,SP,toys,110,12732.47,8.0,4.2
2017-09-01,SP,watches_gifts,99,16243.76,6.4,4.48
2017-09-01,TO,auto,1,233.75,14.0,5.0
2017-09-01,TO,computers_accessories,1,117.16,20.0,4.0
2017-09-01,TO,cool_stuff,1,864.69,19.0,5.0
2017-09-01,TO,fashion_bags_accessories,1,91.86,16.0,3.0
2017-09-01,TO,furniture_decor,1,167.45,20.0,4.0
2017-09-01,TO,garden_tools,2,354.88,21.3,4.75
2017-09-01,TO,health_beauty,1,344.55,25.0,2.0
2017-09-01,TO,home_appliances_2,1,581.3,27.0,5.0
2017-09-01,TO,home_confort,1,695.61,14.0,3.0
2017-09-01,TO,office_furniture,1,166.87,22.0,5.0
2017-09-01,TO,sports_leisure,2,255.51,20.0,4.5
2017-09-01,TO,toys,1,108.86,20.0,5.0
2017-09-01,TO,watches_gifts,2,417.23,11.0,5.0
2017-10-01,AC,auto,2,403.5,12.0,4.5
2017-10-01,AC,furniture_living_room,1,132.82,13.0,5.0
2017-10-01,AC,sports_leisure,2,327.48,14.5,2.5
2017-10-01,AL,(unknown),1,309.25,27.0,5.0
2017-10-01,AL,auto,2,597.84,25.0,4.67
2017-10-01,AL,baby,1,234.56,13.0,5.0
2017-10-01,AL,bed_bath_table,1,69.88,19.0,5.0
2017-10-01,AL,cool_stuff,2,321.9,19.0,3.5
2017-10-01,AL,electronics,1,62.28,18.0,5.0
2017-10-01,AL,fixed_telephony,1,56.05,23.0,1.0
2017-10-01,AL,furniture_decor,1,218.55,18.0,5.0
2017-10-01,AL,health_beauty,4,951.79,21.4,3.2
2017-10-01,AL,office_furniture,1,622.5,21.0,4.0
2017-10-01,AL,perfumery,2,469.87,23.0,4.0
2017-10-01,AL,sports_leisure,5,757.6,18.8,3.8
2017-10-01,AL,stationery,2,174.31,18.0,5.0
2017-10-01,AL,telephony,1,305.77,24.0,5.0
2017-10-01,AL,watches_gifts,3,1315.37,16.0,5.0
2017-10-01,AM,garden_tools,1,65.14,12.0,5.0
2017-10-01,AM,telephony,1,45.28,31.0,5.0
2017-10-01,AM,toys,1,54.14,15.0,5.0
2017-10-01,AP,computers,1,1482.42,16.0,5.0
2017-10-01,AP,health_beauty,1,148.22,18.0,5.0
2017-10-01,AP,toys,1,66.1,23.0,3.0
2017-10-01,BA,(unknown),2,329.16,10.5,3.0
2017-10-01,BA,art,1,138.41,14.0,5.0
2017-10-01,BA,audio,2,76.38,28.5,2.0
2017-10-01,BA,auto,4,529.14,15.5,3.5
2017-10-01,BA,baby,3,520.28,16.7,4.0
2017-10-01,BA,bed_bath_table,7,1348.69,24.6,3.11
2017-10-01,BA,books_general_interest,1,132.53,36.0,
2017-10-01,BA,computers,2,2393.62,6.5,5.0
2017-10-01,BA,computers_accessories,4,425.17,12.8,4.25
2017-10-01,BA,consoles_games,4,240.69,12.5,4.25
2017-10-01,BA,construction_tools_construction,1,127.11,19.0,4.0
2017-10-01,BA,cool_stuff,4,568.22,19.5,3.5
2017-10-01,BA,costruction_tools_tools,1,46.69,14.0,4.0
2017-10-01,BA,electronics,1,77.98,12.0,3.0
2017-10-01,BA,fashion_bags_accessories,2,245.67,15.7,1.67
2017-10-01,BA,fashion_shoes,2,325.07,13.5,5.0
2017-10-01,BA,food_drink,1,129.22,7.0,4.0
2017-10-01,BA,furniture_decor,12,1283.59,18.5,3.24
2017-10-01,BA,garden_tools,9,2008.26,13.0,4.93
2017-10-01,BA,health_beauty,12,1822.21,18.6,3.83
2017-10-01,BA,housewares,4,737.03,21.3,3.0
2017-10-01,BA,kitchen_dining_laundry_garden_furniture,1,71.63,14.0,5.0
2017-10-01,BA,luggage_accessories,3,281.31,17.3,4.33
2017-10-01,BA,market_place,1,45.78,15.0,5.0
2017-10-01,BA,musical_instruments,1,618.82,8.0,5.0
2017-10-01,BA,office_furniture,5,1038.57,36.8,3.2
2017-10-01,BA,perfumery,5,720.68,14.4,4.4
2017-10-01,BA,pet_shop,3,305.19,19.5,2.75
2017-10-01,BA,signaling_and_security,1,133.25,30.0,5.0
2017-10-01,BA,sports_leisure,14,3259.41,14.9,4.07
2017-10-01,BA,stationery,7,799.4,20.1,3.71
2017-10-01,BA,telephony,18,2655.31,18.5,3.57
2017-10-01,BA,toys,11,1848.12,19.6,4.18
2017-10-01,BA,watches_gifts,10,2502.3,17.5,3.82
2017-10-01,CE,(unknown),1,313.39,17.0,5.0
2017-10-01,CE,air_conditioning,1,327.31,30.0,1.0
2017-10-01,CE,auto,4,1013.19,14.5,4.0
2017-10-01,CE,bed_bath_table,7,1157.47,24.2,3.9
2017-10-01,CE,computers,1,1373.83,11.0,4.0
2017-10-01,CE,computers_accessories,3,236.7,24.7,5.0
2017-10-01,CE,construction_tools_safety,1,177.2,17.0,5.0
2017-10-01,CE,cool_stuff,3,357.93,17.5,4.5
2017-10-01,CE,costruction_tools_garden,1,57.53,13.0,1.0
2017-10-01,CE,electronics,3,563.24,17.7,3.67
2017-10-01,CE,fashion_bags_accessories,2,182.18,12.0,3.0
2017-10-01,CE,food_drink,1,237.47,7.0,5.0
2017-10-01,CE,furniture_decor,1,139.28,17.0,5.0
2017-10-01,CE,garden_tools,2,479.27,21.5,4.0
2017-10-01,CE,health_beauty,5,2415.31,24.2,3.8
2017-10-01,CE,housewares,2,356.75,25.7,5.0
2017-10-01,CE,luggage_accessories,2,526.81,17.3,5.0
2017-10-01,CE,market_place,1,139.9,29.0,1.0
2017-10-01,CE,office_furniture,2,610.69,21.0,2.5
2017-10-01,CE,perfumery,1,110.86,23.0,5.0
2017-10-01,CE,pet_shop,1,229.91,19.0,5.0
2017-10-01,CE,small_appliances,1,65.79,13.0,5.0
2017-10-01,CE,sports_leisure,4,625.57,20.8,2.5
2017-10-01,CE,telephony,6,814.4,18.0,4.0
2017-10-01,CE,watches_gifts,7,1826.61,18.4,4.5
2017-10-01,DF,audio,1,85.99,3.0,3.0
2017-10-01,DF,auto,4,555.47,16.9,3.43
2017-10-01,DF,baby,3,243.13,12.7,4.67
2017-10-01,DF,bed_bath_table,10,1182.41,15.4,3.0
2017-10-01,DF,computers_accessories,4,639.31,12.8,3.75
2017-10-01,DF,consoles_games,6,650.49,12.3,4.5
2017-10-01,DF,cool_stuff,3,847.93,8.0,4.0
2017-10-01,DF,electronics,1,85.6,12.0,5.0
2017-10-01,DF,fashion_bags_accessories,3,220.61,10.7,3.0
2017-10-01,DF,fashion_shoes,2,265.88,16.5,5.0
2017-10-01,DF,furniture_bedroom,1,565.58,8.0,4.0
2017-10-01,DF,furniture_decor,2,444.37,7.5,4.5
2017-10-01,DF,garden_tools,3,669.23,11.0,4.4
2017-10-01,DF,health_beauty,4,646.81,8.8,4.2
2017-10-01,DF,home_appliances,1,756.49,23.0,5.0
2017-10-01,DF,housewares,3,222.47,9.0,4.33
2017-10-01,DF,perfumery,4,564.47,7.0,5.0
2017-10-01,DF,pet_shop,2,296.67,11.5,5.0
2017-10-01,DF,sports_leisure,9,762.5,11.0,4.6
2017-10-01,DF,stationery,2,120.18,25.5,3.0
2017-10-01,DF,telephony,5,840.39,7.0,4.29
2017-10-01,DF,toys,5,530.11,11.4,4.0
2017-10-01,DF,watches_gifts,14,3602.71,15.0,3.36
2017-10-01,ES,agro_industry_and_commerce,1,61.93,15.0,5.0
2017-10-01,ES,auto,4,317.09,10.8,4.5
2017-10-01,ES,baby,3,286.57,9.0,4.67
2017-10-01,ES,bed_bath_table,12,1371.04,16.0,3.79
2017-10-01,ES,books_general_interest,1,141.09,17.0,5.0
2017-10-01,ES,computers_accessories,7,577.99,14.9,3.71
2017-10-01,ES,consoles_games,3,304.09,15.0,4.0
2017-10-01,ES,cool_stuff,8,1659.03,15.4,4.5
2017-10-01,ES,electronics,2,124.57,11.0,3.0
2017-10-01,ES,food,1,73.13,23.0,4.0
2017-10-01,ES,furniture_decor,4,352.89,15.3,4.5
2017-10-01,ES,garden_tools,7,1061.86,18.2,4.27
2017-10-01,ES,health_beauty,5,554.0,13.8,4.8
2017-10-01,ES,home_appliances,1,87.64,16.0,5.0
2017-10-01,ES,home_appliances_2,1,525.32,44.0,2.0
2017-10-01,ES,home_construction,1,1025.24,16.0,5.0
2017-10-01,ES,housewares,5,412.38,14.2,4.8
2017-10-01,ES,luggage_accessories,3,397.77,13.7,4.0
2017-10-01,ES,office_furniture,2,728.93,18.7,3.33
2017-10-01,ES,perfumery,6,543.25,14.0,4.67
2017-10-01,ES,sports_leisure,8,626.56,12.2,3.89
2017-10-01,ES,stationery,4,423.84,14.0,4.5
2017-10-01,ES,telephony,1,39.09,8.0,4.0
2017-10-01,ES,toys,7,953.38,14.6,4.57
2017-10-01,ES,watches_gifts,3,221.57,8.0,3.67
2017-10-01,GO,(unknown),3,158.62,14.0,5.0
2017-10-01,GO,audio,1,104.37,19.0,3.0
2017-10-01,GO,auto,2,593.12,15.5,4.5
2017-10-01,GO,baby,3,1530.15,18.0,3.67
2017-10-01,GO,bed_bath_table,8,1246.66,13.8,3.55
2017-10-01,GO,christmas_supplies,1,71.04,21.0,5.0
2017-10-01,GO,computers_accessories,3,663.58,10.8,4.0
2017-10-01,GO,consoles_games,4,387.2,10.8,4.5
2017-10-01,GO,cool_stuff,10,3401.96,12.8,4.69
2017-10-01,GO,fashion_bags_accessories,5,565.99,12.2,4.4
2017-10-01,GO,fashion_shoes,1,84.05,15.0,5.0
2017-10-01,GO,furniture_decor,5,453.45,16.1,3.86
2017-10-01,GO,garden_tools,5,620.56,15.0,2.88
2017-10-01,GO,health_beauty,10,2091.97,12.5,4.7
2017-10-01,GO,home_comfort_2,1,28.0,13.0,5.0
2017-10-01,GO,home_construction,2,394.59,15.5,3.5
2017-10-01,GO,housewares,1,86.15,12.0,4.0
2017-10-01,GO,luggage_accessories,1,96.8,7.0,5.0
2017-10-01,GO,office_furniture,1,259.68,24.0,5.0
2017-10-01,GO,perfumery,5,409.85,14.2,4.8
2017-10-01,GO,pet_shop,2,338.94,15.0,2.5
2017-10-01,GO,sports_leisure,11,2023.35,12.8,4.67
2017-10-01,GO,stationery,1,202.76,8.0,4.0
2017-10-01,GO,telephony,3,176.09,14.0,4.4
2017-10-01,GO,toys,13,2247.48,13.7,4.75
2017-10-01,GO,watches_gifts,5,1041.28,15.4,4.6
2017-10-01,MA,(unknown),2,1098.98,19.0,4.5
2017-10-01,MA,baby,2,334.29,19.5,5.0
2017-10-01,MA,bed_bath_table,1,252.97,12.0,5.0
2017-10-01,MA,christmas_supplies,1,155.27,18.0,4.0
2017-10-01,MA,computers,2,3123.15,16.0,5.0
2017-10-01,MA,computers_accessories,2,458.83,29.3,3.67
2017-10-01,MA,consoles_games,1,54.05,46.0,1.0
2017-10-01,MA,construction_tools_lights,1,331.2,32.0,2.0
2017-10-01,MA,cool_stuff,5,1036.36,23.6,3.8
2017-10-01,MA,fashion_bags_accessories,3,265.94,15.0,4.67
2017-10-01,MA,fashion_male_clothing,1,95.64,20.0,4.0
2017-10-01,MA,furniture_decor,2,520.46,22.3,4.25
2017-10-01,MA,garden_tools,1,97.87,30.0,5.0
2017-10-01,MA,health_beauty,6,828.14,12.7,3.5
2017-10-01,MA,home_construction,1,417.45,20.0,2.0
2017-10-01,MA,office_furniture,1,1223.7,36.0,3.0
2017-10-01,MA,perfumery,3,334.91,27.7,3.33
2017-10-01,MA,pet_shop,1,115.92,40.0,3.0
2017-10-01,MA,sports_leisure,5,483.99,15.2,4.4
2017-10-01,MA,telephony,7,1297.86,20.4,2.33
2017-10-01,MG,(unknown),8,2162.68,13.4,4.63
2017-10-01,MG,air_conditioning,1,94.31,5.0,5.0
2017-10-01,MG,audio,3,203.52,12.3,2.33
2017-10-01,MG,auto,18,2973.24,8.9,4.36
2017-10-01,MG,baby,9,1306.53,10.9,4.56
2017-10-01,MG,bed_bath_table,62,7392.59,10.8,3.88
2017-10-01,MG,books_general_interest,3,367.7,18.5,5.0
2017-10-01,MG,christmas_supplies,1,74.05,9.0,5.0
2017-10-01,MG,cine_photo,1,107.0,14.0,3.0
2017-10-01,MG,computers,6,8191.68,9.2,4.67
2017-10-01,MG,computers_accessories,38,7563.33,10.6,3.85
2017-10-01,MG,consoles_games,8,1544.15,9.6,4.33
2017-10-01,MG,construction_tools_construction,1,153.17,10.0,5.0
2017-10-01,MG,cool_stuff,33,7730.26,10.0,4.24
2017-10-01,MG,costruction_tools_garden,2,619.61,7.7,5.0
2017-10-01,MG,drinks,3,257.61,15.8,4.5
2017-10-01,MG,electronics,5,761.85,11.5,5.0
2017-10-01,MG,fashion_bags_accessories,13,1426.62,9.2,4.46
2017-10-01,MG,fashion_male_clothing,1,163.11,13.0,5.0
2017-10-01,MG,fashion_shoes,2,192.31,22.5,4.5
2017-10-01,MG,fashion_underwear_beach,1,65.0,10.0,5.0
2017-10-01,MG,food,1,73.13,9.0,5.0
2017-10-01,MG,food_drink,2,481.08,8.0,5.0
2017-10-01,MG,furniture_bedroom,1,225.62,12.0,5.0
2017-10-01,MG,furniture_decor,29,3886.08,11.4,4.19
2017-10-01,MG,furniture_living_room,1,121.74,46.0,1.0
2017-10-01,MG,garden_tools,25,3478.97,10.2,4.7
2017-10-01,MG,health_beauty,35,5340.03,9.6,4.65
2017-10-01,MG,home_confort,3,278.67,9.7,4.0
2017-10-01,MG,home_construction,2,732.58,20.5,3.0
2017-10-01,MG,housewares,18,2123.91,9.7,4.52
2017-10-01,MG,kitchen_dining_laundry_garden_furniture,2,321.03,13.0,4.5
2017-10-01,MG,la_cuisine,1,160.83,5.0,5.0
2017-10-01,MG,luggage_accessories,7,734.84,8.0,4.86
2017-10-01,MG,market_place,2,67.1,9.5,4.5
2017-10-01,MG,musical_instruments,2,867.55,6.5,5.0
2017-10-01,MG,office_furniture,7,1797.36,14.9,3.86
2017-10-01,MG,perfumery,17,2110.51,9.3,4.4
2017-10-01,MG,pet_shop,9,2325.31,10.9,4.18
2017-10-01,MG,signaling_and_security,1,131.56,5.0,5.0
2017-10-01,MG,small_appliances,5,2397.23,12.5,4.0
2017-10-01,MG,sports_leisure,58,5930.94,9.6,4.32
2017-10-01,MG,stationery,5,571.04,7.3,4.33
2017-10-01,MG,telephony,29,2469.9,9.6,4.13
2017-10-01,MG,toys,33,4710.49,9.7,4.21
2017-10-01,MG,watches_gifts,32,9052.52,8.7,4.03
2017-10-01,MS,(unknown),1,45.09,11.0,4.0
2017-10-01,MS,auto,2,3210.28,10.5,4.5
2017-10-01,MS,baby,1,149.13,14.0,5.0
2017-10-01,MS,bed_bath_table,6,526.08,13.3,4.83
2017-10-01,MS,books_technical,1,84.24,7.0,4.0
2017-10-01,MS,computers_accessories,3,209.09,14.3,5.0
2017-10-01,MS,consoles_games,1,117.13,12.0,5.0
2017-10-01,MS,construction_tools_safety,1,138.51,8.0,1.0
2017-10-01,MS,cool_stuff,2,607.62,24.5,5.0
2017-10-01,MS,furniture_decor,3,394.98,15.7,5.0
2017-10-01,MS,furniture_living_room,1,175.4,17.0,5.0
2017-10-01,MS,health_beauty,2,201.45,8.6,5.0
2017-10-01,MS,housewares,1,40.1,13.0,4.0
2017-10-01,MS,luggage_accessories,1,104.73,12.0,5.0
2017-10-01,MS,office_furniture,1,154.19,16.0,5.0
2017-10-01,MS,perfumery,1,168.2,6.0,5.0
2017-10-01,MS,sports_leisure,3,391.96,13.8,2.75
2017-10-01,MS,watches_gifts,2,583.59,12.7,3.29
2017-10-01,MT,auto,3,939.7,17.0,5.0
2017-10-01,MT,baby,1,330.52,15.0,5.0
2017-10-01,MT,bed_bath_table,4,415.89,17.3,4.5
2017-10-01,MT,computers,1,1391.79,16.0,5.0
2017-10-01,MT,computers_accessories,3,1190.17,16.5,4.75
2017-10-01,MT,construction_tools_lights,1,319.9,15.0,5.0
2017-10-01,MT,cool_stuff,5,811.75,13.6,4.8
2017-10-01,MT,electronics,4,389.06,17.3,3.0
2017-10-01,MT,furniture_decor,5,800.11,18.3,3.86
2017-10-01,MT,garden_tools,1,238.68,15.0,5.0
2017-10-01,MT,health_beauty,2,202.98,15.0,4.5
2017-10-01,MT,housewares,1,41.79,16.0,5.0
2017-10-01,MT,kitchen_dining_laundry_garden_furniture,1,801.84,16.0,3.0
2017-10-01,MT,luggage_accessories,1,117.92,16.0,3.0
2017-10-01,MT,office_furniture,2,1694.06,16.3,3.67
2017-10-01,MT,perfumery,2,176.98,14.0,5.0
2017-10-01,MT,sports_leisure,3,283.89,17.3,4.67
2017-10-01,MT,stationery,1,88.72,14.0,3.0
2017-10-01,MT,toys,1,106.79,16.0,5.0
2017-10-01,MT,watches_gifts,8,2550.34,17.0,4.13
2017-10-01,PA,auto,4,400.44,31.0,3.25
2017-10-01,PA,baby,3,600.05,16.0,2.75
2017-10-01,PA,bed_bath_table,1,133.05,19.0,3.0
2017-10-01,PA,computers,1,803.92,21.0,1.0
2017-10-01,PA,computers_accessories,7,886.5,27.7,4.0
2017-10-01,PA,consoles_games,1,146.46,34.0,5.0
2017-10-01,PA,cool_stuff,3,991.26,22.7,4.33
2017-10-01,PA,electronics,1,120.06,29.0,4.0
2017-10-01,PA,furniture_decor,4,341.63,24.0,3.75
2017-10-01,PA,garden_tools,5,1037.49,24.8,3.5
2017-10-01,PA,health_beauty,2,241.15,19.0,2.0
2017-10-01,PA,housewares,1,82.58,19.0,5.0
2017-10-01,PA,luggage_accessories,1,321.49,9.0,5.0
2017-10-01,PA,perfumery,3,433.71,17.3,5.0
2017-10-01,PA,pet_shop,1,337.27,27.0,5.0
2017-10-01,PA,sports_leisure,5,1150.16,31.4,5.0
2017-10-01,PA,telephony,4,196.48,20.0,4.75
2017-10-01,PA,toys,3,305.53,30.0,4.67
2017-10-01,PA,watches_gifts,2,192.58,27.0,4.0
2017-10-01,PB,(unknown),2,2227.65,13.5,4.5
2017-10-01,PB,auto,1,869.09,29.0,3.0
2017-10-01,PB,baby,1,198.57,35.0,3.0
2017-10-01,PB,bed_bath_table,3,336.43,12.3,3.33
2017-10-01,PB,computers,1,1372.25,19.0,1.0
2017-10-01,PB,computers_accessories,1,1229.19,17.0,5.0
2017-10-01,PB,cool_stuff,2,916.68,12.7,5.0
2017-10-01,PB,furniture_decor,1,82.87,11.0,5.0
2017-10-01,PB,health_beauty,5,1334.95,20.8,5.0
2017-10-01,PB,luggage_accessories,1,364.64,18.0,5.0
2017-10-01,PB,market_place,1,382.0,12.0,5.0
2017-10-01,PB,musical_instruments,1,856.95,16.0,5.0
2017-10-01,PB,office_furniture,1,178.25,25.0,5.0
2017-10-01,PB,perfumery,2,496.1,30.5,4.0
2017-10-01,PB,sports_leisure,1,274.47,16.0,3.0
2017-10-01,PB,telephony,3,214.58,18.7,5.0
2017-10-01,PB,watches_gifts,1,180.82,28.0,5.0
2017-10-01,PE,(unknown),1,2066.34,14.0,4.0
2017-10-01,PE,agro_industry_and_commerce,1,948.35,15.0,5.0
2017-10-01,PE,audio,1,156.09,25.0,4.0
2017-10-01,PE,auto,3,460.15,16.0,4.67
2017-10-01,PE,baby,1,193.56,68.0,
2017-10-01,PE,bed_bath_table,1,142.76,13.0,1.0
2017-10-01,PE,consoles_games,3,1849.81,23.3,4.67
2017-10-01,PE,cool_stuff,5,1155.31,19.0,5.0
2017-10-01,PE,fashion_bags_accessories,2,130.25,7.0,4.5
2017-10-01,PE,fashion_shoes,1,113.89,17.0,5.0
2017-10-01,PE,food,1,171.79,13.0,5.0
2017-10-01,PE,furniture_decor,2,382.16,15.5,5.0
2017-10-01,PE,garden_tools,4,425.75,15.8,4.5
2017-10-01,PE,health_beauty,10,1785.93,18.9,4.5
2017-10-01,PE,home_appliances_2,1,292.28,21.0,3.0
2017-10-01,PE,housewares,3,703.15,12.3,5.0
2017-10-01,PE,industry_commerce_and_business,1,425.85,12.0,5.0
2017-10-01,PE,kitchen_dining_laundry_garden_furniture,1,255.0,12.0,4.0
2017-10-01,PE,luggage_accessories,2,521.97,15.0,5.0
2017-10-01,PE,musical_instruments,1,61.88,19.0,4.0
2017-10-01,PE,office_furniture,2,362.93,29.5,2.5
2017-10-01,PE,perfumery,2,293.39,11.5,3.0
2017-10-01,PE,pet_shop,1,466.81,10.0,5.0
2017-10-01,PE,sports_leisure,10,3162.89,14.2,4.2
2017-10-01,PE,stationery,2,449.58,20.0,4.0
2017-10-01,PE,telephony,7,1125.25,16.6,4.5
2017-10-01,PE,toys,3,1003.19,22.0,3.67
2017-10-01,PE,watches_gifts,5,990.94,19.1,4.38
2017-10-01,PI,auto,2,196.21,24.5,4.5
2017-10-01,PI,bed_bath_table,1,268.88,26.0,5.0
2017-10-01,PI,computers_accessories,1,344.03,25.0,5.0
2017-10-01,PI,cool_stuff,2,335.81,15.5,5.0
2017-10-01,PI,food_drink,1,237.47,6.0,4.0
2017-10-01,PI,furniture_decor,1,330.69,18.0,5.0
2017-10-01,PI,garden_tools,1,130.13,10.0,5.0
2017-10-01,PI,health_beauty,3,661.87,16.7,5.0
2017-10-01,PI,home_appliances_2,1,674.83,19.0,5.0
2017-10-01,PI,home_confort,1,128.08,13.0,5.0
2017-10-01,PI,housewares,1,187.69,8.0,2.0
2017-10-01,PI,sports_leisure,1,162.44,17.0,5.0
2017-10-01,PI,telephony,2,759.94,9.7,5.0
2017-10-01,PI,toys,5,618.19,14.4,3.0
2017-10-01,PR,(unknown),4,492.09,11.6,3.8
2017-10-01,PR,air_conditioning,1,395.96,28.0,3.0
2017-10-01,PR,auto,6,814.96,12.8,4.5
2017-10-01,PR,baby,4,905.8,15.0,4.0
2017-10-01,PR,bed_bath_table,18,2839.76,12.1,3.86
2017-10-01,PR,books_technical,1,50.1,16.0,5.0
2017-10-01,PR,computers,3,6269.57,16.0,4.33
2017-10-01,PR,computers_accessories,11,1690.32,13.3,4.36
2017-10-01,PR,consoles_games,2,86.54,13.5,3.0
2017-10-01,PR,construction_tools_safety,2,710.68,11.4,1.6
2017-10-01,PR,cool_stuff,11,2456.35,12.1,4.45
2017-10-01,PR,electronics,1,45.82,10.0,4.0
2017-10-01,PR,fashion_bags_accessories,4,581.3,7.0,3.2
2017-10-01,PR,fashion_male_clothing,2,310.26,12.0,5.0
2017-10-01,PR,food,2,146.26,14.5,5.0
2017-10-01,PR,furniture_decor,22,4004.14,11.9,3.71
2017-10-01,PR,furniture_living_room,1,241.73,27.0,4.0
2017-10-01,PR,garden_tools,11,1644.13,12.4,3.19
2017-10-01,PR,health_beauty,11,1607.36,13.2,4.25
2017-10-01,PR,home_confort,2,399.5,9.5,4.0
2017-10-01,PR,housewares,8,548.4,10.2,4.44
2017-10-01,PR,kitchen_dining_laundry_garden_furniture,2,1485.51,8.7,4.0
2017-10-01,PR,luggage_accessories,1,255.44,7.0,5.0
2017-10-01,PR,office_furniture,3,815.69,19.3,5.0
2017-10-01,PR,perfumery,9,1072.26,9.4,4.89
2017-10-01,PR,pet_shop,4,483.73,22.0,2.33
2017-10-01,PR,small_appliances,3,581.7,10.3,4.33
2017-10-01,PR,sports_leisure,15,1986.77,11.6,3.93
2017-10-01,PR,stationery,5,497.96,12.1,2.57
2017-10-01,PR,telephony,11,1692.54,13.4,4.0
2017-10-01,PR,toys,10,1433.15,12.8,4.6
2017-10-01,PR,watches_gifts,9,1687.01,9.7,4.4
2017-10-01,RJ,(unknown),10,1309.13,9.4,4.56
2017-10-01,RJ,air_conditioning,1,171.84,14.0,5.0
2017-10-01,RJ,art,2,262.04,12.0,4.5
2017-10-01,RJ,audio,6,736.43,13.5,4.0
2017-10-01,RJ,auto,17,2770.07,10.4,4.32
2017-10-01,RJ,baby,24,2811.01,13.9,4.38
2017-10-01,RJ,bed_bath_table,86,11564.73,12.8,3.86
2017-10-01,RJ,books_general_interest,1,132.25,13.0,4.0
2017-10-01,RJ,books_technical,1,290.37,3.0,5.0
2017-10-01,RJ,computers,6,10714.63,9.3,4.2
2017-10-01,RJ,computers_accessories,39,8056.45,10.9,4.48
2017-10-01,RJ,consoles_games,13,1204.52,13.6,3.79
2017-10-01,RJ,construction_tools_construction,4,658.12,11.5,4.0
2017-10-01,RJ,construction_tools_safety,1,165.7,18.0,5.0
2017-10-01,RJ,cool_stuff,29,4196.69,9.6,4.4
2017-10-01,RJ,costruction_tools_garden,1,51.2,7.0,5.0
2017-10-01,RJ,drinks,2,190.99,10.0,4.33
2017-10-01,RJ,dvds_blu_ray,1,37.53,8.0,5.0
2017-10-01,RJ,electronics,7,621.72,12.4,4.63
2017-10-01,RJ,fashion_bags_accessories,6,739.82,10.3,4.43
2017-10-01,RJ,fashion_shoes,2,249.27,20.7,4.33
2017-10-01,RJ,fixed_telephony,1,819.32,17.0,3.0
2017-10-01,RJ,food,2,146.26,16.5,4.5
2017-10-01,RJ,food_drink,4,196.65,17.0,5.0
2017-10-01,RJ,furniture_bedroom,1,308.16,24.0,5.0
2017-10-01,RJ,furniture_decor,46,8207.18,14.1,3.42
2017-10-01,RJ,garden_tools,30,5181.44,14.0,4.18
2017-10-01,RJ,health_beauty,46,6836.7,10.1,4.31
2017-10-01,RJ,home_appliances,1,92.67,18.0,5.0
2017-10-01,RJ,home_appliances_2,2,245.65,19.0,3.5
2017-10-01,RJ,home_comfort_2,2,112.0,10.5,5.0
2017-10-01,RJ,home_confort,5,781.57,13.0,3.0
2017-10-01,RJ,home_construction,2,267.67,9.3,4.33
2017-10-01,RJ,housewares,24,1974.0,12.3,3.64
2017-10-01,RJ,kitchen_dining_laundry_garden_furniture,4,721.46,14.8,2.0
2017-10-01,RJ,luggage_accessories,4,525.78,11.0,4.2
2017-10-01,RJ,market_place,1,76.99,6.0,5.0
2017-10-01,RJ,musical_instruments,4,1255.27,13.5,3.75
2017-10-01,RJ,office_furniture,11,2621.6,17.7,3.54
2017-10-01,RJ,party_supplies,1,84.63,5.0,5.0
2017-10-01,RJ,perfumery,21,3094.32,16.2,4.04
2017-10-01,RJ,pet_shop,7,787.45,11.0,4.14
2017-10-01,RJ,signaling_and_security,2,264.13,20.0,4.0
2017-10-01,RJ,small_appliances,5,732.05,7.2,4.4
2017-10-01,RJ,sports_leisure,60,8031.18,13.6,4.24
2017-10-01,RJ,stationery,16,2154.28,11.3,3.69
2017-10-01,RJ,telephony,22,3617.15,17.5,4.27
2017-10-01,RJ,toys,45,7263.69,10.6,4.14
2017-10-01,RJ,watches_gifts,34,7949.69,12.8,4.31
2017-10-01,RN,auto,1,178.47,9.0,5.0
2017-10-01,RN,bed_bath_table,2,649.22,27.0,4.0
2017-10-01,RN,christmas_supplies,1,53.98,18.0,4.0
2017-10-01,RN,computers_accessories,1,74.28,14.0,5.0
2017-10-01,RN,cool_stuff,2,916.7,23.0,4.0
2017-10-01,RN,fashion_bags_accessories,1,285.55,32.0,2.0
2017-10-01,RN,food_drink,2,337.92,12.0,5.0
2017-10-01,RN,furniture_decor,1,52.05,21.0,5.0
2017-10-01,RN,garden_tools,1,97.87,11.0,3.0
2017-10-01,RN,health_beauty,3,359.16,16.7,4.67
2017-10-01,RN,home_construction,1,528.62,10.0,5.0
2017-10-01,RN,housewares,2,400.15,15.5,3.0
2017-10-01,RN,luggage_accessories,1,470.01,15.0,4.0
2017-10-01,RN,office_furniture,1,192.05,23.0,4.0
2017-10-01,RN,stationery,1,137.24,18.0,3.0
2017-10-01,RN,telephony,1,307.46,13.0,4.0
2017-10-01,RN,watches_gifts,2,311.29,27.5,4.0
2017-10-01,RO,baby,1,207.73,16.0,5.0
2017-10-01,RO,computers_accessories,2,403.65,18.0,4.5
2017-10-01,RO,cool_stuff,2,391.97,14.0,4.0
2017-10-01,RO,dvds_blu_ray,1,46.05,18.0,5.0
2017-10-01,RO,furniture_decor,1,361.2,15.0,5.0
2017-10-01,RO,furniture_living_room,1,212.73,23.0,5.0
2017-10-01,RO,garden_tools,1,188.82,9.0,3.0
2017-10-01,RO,telephony,1,51.14,15.0,5.0
2017-10-01,RO,toys,2,247.58,21.0,4.0
2017-10-01,RO,watches_gifts,1,180.82,14.0,5.0
2017-10-01,RR,cool_stuff,1,89.94,15.0,5.0
2017-10-01,RR,health_beauty,1,227.24,71.0,1.0
2017-10-01,RR,home_appliances,1,207.97,14.0,5.0
2017-10-01,RS,(unknown),1,966.4,11.0,1.0
2017-10-01,RS,agro_industry_and_commerce,1,37.1,10.0,5.0
2017-10-01,RS,audio,2,318.42,18.0,3.0
2017-10-01,RS,auto,6,841.08,13.7,4.0
2017-10-01,RS,baby,10,2332.25,13.2,4.6
2017-10-01,RS,bed_bath_table,25,3268.69,12.8,3.81
2017-10-01,RS,books_technical,2,272.17,11.0,5.0
2017-10-01,RS,cds_dvds_musicals,1,61.11,10.0,5.0
2017-10-01,RS,computers_accessories,19,6567.17,11.5,4.03
2017-10-01,RS,consoles_games,5,307.22,21.4,3.8
2017-10-01,RS,construction_tools_construction,2,259.21,13.5,4.0
2017-10-01,RS,cool_stuff,8,2053.73,12.2,4.0
2017-10-01,RS,costruction_tools_tools,1,229.7,19.0,5.0
2017-10-01,RS,dvds_blu_ray,1,144.47,15.0,5.0
2017-10-01,RS,electronics,6,508.64,15.7,3.83
2017-10-01,RS,fashion_bags_accessories,9,950.16,15.7,3.78
2017-10-01,RS,fixed_telephony,2,1302.04,11.0,5.0
2017-10-01,RS,furniture_decor,16,2492.94,15.6,4.26
2017-10-01,RS,furniture_living_room,2,433.85,12.3,5.0
2017-10-01,RS,garden_tools,19,3011.48,19.0,4.08
2017-10-01,RS,health_beauty,14,1948.75,13.8,3.24
2017-10-01,RS,home_construction,1,175.27,11.0,5.0
2017-10-01,RS,housewares,8,1062.96,12.6,3.9
2017-10-01,RS,industry_commerce_and_business,2,210.6,13.5,4.5
2017-10-01,RS,luggage_accessories,1,112.89,15.0,4.0
2017-10-01,RS,market_place,1,48.09,13.0,
2017-10-01,RS,musical_instruments,2,103.69,37.0,3.0
2017-10-01,RS,office_furniture,2,285.71,19.5,3.0
2017-10-01,RS,perfumery,8,832.79,16.6,3.56
2017-10-01,RS,pet_shop,1,157.22,11.0,5.0
2017-10-01,RS,small_appliances,2,910.01,10.0,5.0
2017-10-01,RS,sports_leisure,21,3194.48,12.3,4.52
2017-10-01,RS,stationery,6,633.37,15.0,5.0
2017-10-01,RS,telephony,11,726.05,12.9,4.0
2017-10-01,RS,toys,10,1751.06,12.2,4.22
2017-10-01,RS,watches_gifts,20,4695.3,13.4,4.55
2017-10-01,SC,(unknown),1,56.69,10.0,5.0
2017-10-01,SC,auto,6,1421.23,13.0,3.17
2017-10-01,SC,baby,5,533.56,15.0,4.0
2017-10-01,SC,bed_bath_table,12,1216.31,10.3,4.0
2017-10-01,SC,books_technical,1,291.37,17.0,5.0
2017-10-01,SC,computers_accessories,10,1975.16,14.6,3.91
2017-10-01,SC,consoles_games,1,100.21,19.0,4.0
2017-10-01,SC,construction_tools_construction,1,868.54,12.0,3.0
2017-10-01,SC,cool_stuff,6,1393.25,15.3,4.17
2017-10-01,SC,costruction_tools_tools,1,45.0,10.0,5.0
2017-10-01,SC,dvds_blu_ray,1,41.05,13.0,5.0
2017-10-01,SC,electronics,5,217.79,13.6,4.14
2017-10-01,SC,fashion_bags_accessories,2,98.19,9.5,5.0
2017-10-01,SC,fashion_shoes,1,218.35,32.0,1.0
2017-10-01,SC,furniture_decor,15,2165.58,13.8,3.85
2017-10-01,SC,garden_tools,11,1259.24,16.2,4.67
2017-10-01,SC,health_beauty,16,1956.82,13.8,4.39
2017-10-01,SC,home_appliances,1,164.26,20.0,5.0
2017-10-01,SC,home_appliances_2,1,105.28,3.0,4.0
2017-10-01,SC,home_construction,1,257.44,11.0,5.0
2017-10-01,SC,housewares,11,1269.17,13.6,4.08
2017-10-01,SC,luggage_accessories,2,145.1,10.5,3.5
2017-10-01,SC,office_furniture,1,206.84,12.0,5.0
2017-10-01,SC,perfumery,4,220.37,9.0,4.5
2017-10-01,SC,pet_shop,4,377.5,14.5,4.75
2017-10-01,SC,small_appliances,3,379.02,9.3,4.5
2017-10-01,SC,sports_leisure,17,2202.09,9.6,4.33
2017-10-01,SC,stationery,2,183.04,10.0,4.5
2017-10-01,SC,telephony,6,474.04,13.5,4.83
2017-10-01,SC,toys,14,1751.77,12.4,4.79
2017-10-01,SC,watches_gifts,12,3179.5,9.3,3.85
2017-10-01,SE,bed_bath_table,2,281.16,18.0,5.0
2017-10-01,SE,computers_accessories,2,84.02,16.0,5.0
2017-10-01,SE,cool_stuff,3,1758.56,29.0,4.33
2017-10-01,SE,electronics,1,61.28,34.0,1.0
2017-10-01,SE,furniture_decor,1,114.89,15.0,5.0
2017-10-01,SE,garden_tools,2,371.78,16.5,2.5
2017-10-01,SE,health_beauty,4,1255.42,26.5,3.0
2017-10-01,SE,home_construction,1,496.16,15.0,1.0
2017-10-01,SE,luggage_accessories,1,142.05,14.0,5.0
2017-10-01,SE,small_appliances,1,91.5,12.0,5.0
2017-10-01,SE,telephony,2,217.26,31.0,1.0
2017-10-01,SE,toys,1,106.39,18.0,3.0
2017-10-01,SE,watches_gifts,2,142.82,32.5,1.0
2017-10-01,SP,(unknown),20,6211.98,8.0,3.85
2017-10-01,SP,agro_industry_and_commerce,2,2511.05,6.5,3.0
2017-10-01,SP,air_conditioning,5,1880.48,10.4,4.29
2017-10-01,SP,audio,15,1019.85,6.6,4.07
2017-10-01,SP,auto,39,5805.7,6.8,3.83
2017-10-01,SP,baby,59,6908.04,8.1,4.39
2017-10-01,SP,bed_bath_table,173,21207.9,8.8,3.79
2017-10-01,SP,books_general_interest,2,156.3,11.0,4.0
2017-10-01,SP,christmas_supplies,3,176.9,7.9,4.63
2017-10-01,SP,computers,2,4567.08,13.7,3.67
2017-10-01,SP,computers_accessories,90,14630.53,8.1,4.17
2017-10-01,SP,consoles_games,47,5038.45,8.9,4.12
2017-10-01,SP,construction_tools_construction,6,958.68,10.4,4.56
2017-10-01,SP,construction_tools_safety,4,726.46,5.8,4.75
2017-10-01,SP,cool_stuff,90,15953.85,7.8,4.27
2017-10-01,SP,costruction_tools_garden,4,159.82,8.8,3.75
2017-10-01,SP,costruction_tools_tools,2,798.57,10.5,4.5
2017-10-01,SP,drinks,5,304.12,9.6,4.0
2017-10-01,SP,electronics,17,828.04,10.6,3.94
2017-10-01,SP,fashion_bags_accessories,41,3488.53,5.3,4.17
2017-10-01,SP,fashion_childrens_clothes,1,54.09,8.0,5.0
2017-10-01,SP,fashion_male_clothing,4,548.22,7.0,4.0
2017-10-01,SP,fashion_shoes,4,516.26,9.4,3.6
2017-10-01,SP,fashion_sport,1,68.62,21.0,5.0
2017-10-01,SP,fashion_underwear_beach,2,157.95,5.0,4.5
2017-10-01,SP,fixed_telephony,1,312.82,11.0,5.0
2017-10-01,SP,food,5,411.85,3.6,4.75
2017-10-01,SP,food_drink,4,1108.34,11.8,5.0
2017-10-01,SP,furniture_decor,91,11468.62,7.6,3.98
2017-10-01,SP,furniture_living_room,6,690.71,10.7,4.8
2017-10-01,SP,garden_tools,74,10235.87,9.0,4.25
2017-10-01,SP,health_beauty,120,14240.97,6.9,4.31
2017-10-01,SP,home_appliances,2,782.68,9.0,4.5
2017-10-01,SP,home_appliances_2,3,601.28,12.3,3.0
2017-10-01,SP,home_confort,15,2484.83,7.7,4.2
2017-10-01,SP,home_construction,3,457.19,8.6,4.6
2017-10-01,SP,housewares,95,9831.35,7.4,4.25
2017-10-01,SP,industry_commerce_and_business,2,1831.73,13.5,5.0
2017-10-01,SP,kitchen_dining_laundry_garden_furniture,3,638.94,9.0,3.33
2017-10-01,SP,luggage_accessories,20,2597.81,8.3,4.55
2017-10-01,SP,market_place,3,418.26,11.0,3.0
2017-10-01,SP,music,1,70.03,7.0,5.0
2017-10-01,SP,musical_instruments,8,3001.66,9.5,4.5
2017-10-01,SP,office_furniture,26,9387.13,12.8,2.46
2017-10-01,SP,party_supplies,1,79.24,3.0,4.0
2017-10-01,SP,perfumery,79,7867.73,7.1,4.35
2017-10-01,SP,pet_shop,28,3402.06,7.3,4.0
2017-10-01,SP,signaling_and_security,3,378.76,8.3,4.33
2017-10-01,SP,small_appliances,10,1967.34,6.1,4.4
2017-10-01,SP,sports_leisure,165,21449.24,8.5,4.14
2017-10-01,SP,stationery,35,3206.31,8.1,4.05
2017-10-01,SP,tablets_printing_image,1,111.19,14.0,4.0
2017-10-01,SP,telephony,78,6550.8,7.5,4.3
2017-10-01,SP,toys,107,13269.45,8.5,4.3
2017-10-01,SP,watches_gifts,110,27563.88,7.6,4.02
2017-10-01,TO,(unknown),1,319.09,20.0,5.0
2017-10-01,TO,computers_accessories,3,280.86,10.3,3.0
2017-10-01,TO,cool_stuff,3,572.35,13.0,3.33
2017-10-01,TO,fashion_shoes,1,229.5,15.0,5.0
2017-10-01,TO,fixed_telephony,1,1415.8,17.0,2.0
2017-10-01,TO,furniture_decor,1,155.7,12.0,5.0
2017-10-01,TO,health_beauty,1,112.12,16.0,5.0
2017-10-01,TO,perfumery,1,112.12,16.0,5.0
2017-10-01,TO,telephony,1,40.53,11.0,5.0
2017-11-01,AC,auto,2,258.41,17.0,2.5
2017-11-01,AC,baby,1,298.3,31.0,5.0
2017-11-01,AC,furniture_decor,1,343.08,41.0,3.0
2017-11-01,AC,telephony,1,45.37,14.0,5.0
2017-11-01,AL,audio,1,36.05,12.0,5.0
2017-11-01,AL,auto,1,137.65,11.0,3.0
2017-11-01,AL,computers_accessories,4,1584.48,37.9,5.0
2017-11-01,AL,construction_tools_construction,1,1359.4,27.0,4.0
2017-11-01,AL,drinks,1,49.64,35.0,4.0
2017-11-01,AL,furniture_decor,2,810.71,29.6,1.6
2017-11-01,AL,garden_tools,1,97.87,22.0,5.0
2017-11-01,AL,health_beauty,3,632.1,25.3,2.33
2017-11-01,AL,home_confort,1,128.08,36.0,3.0
2017-11-01,AL,housewares,1,213.5,16.0,2.0
2017-11-01,AL,perfumery,1,148.04,22.0,5.0
2017-11-01,AL,sports_leisure,3,192.82,19.3,5.0
2017-11-01,AL,telephony,2,364.91,22.0,5.0
2017-11-01,AL,watches_gifts,4,1686.22,20.8,4.25
2017-11-01,AM,baby,1,55.28,29.0,5.0
2017-11-01,AM,computers,1,1384.74,33.0,4.0
2017-11-01,AM,computers_accessories,1,325.47,25.0,5.0
2017-11-01,AM,electronics,2,68.85,38.5,4.0
2017-11-01,AM,market_place,1,202.06,38.0,5.0
2017-11-01,AM,musical_instruments,1,517.2,32.0,5.0
2017-11-01,AM,sports_leisure,1,220.54,42.0,5.0
2017-11-01,AM,telephony,1,46.05,29.0,5.0
2017-11-01,AM,watches_gifts,1,180.82,38.0,5.0
2017-11-01,AP,electronics,1,277.96,35.0,5.0
2017-11-01,AP,health_beauty,2,176.08,24.0,4.5
2017-11-01,AP,housewares,1,235.13,29.0,4.0
2017-11-01,BA,(unknown),1,30.09,19.0,5.0
2017-11-01,BA,agro_industry_and_commerce,1,860.4,22.0,4.0
2017-11-01,BA,audio,2,131.4,30.5,1.0
2017-11-01,BA,auto,5,424.08,16.0,4.4
2017-11-01,BA,baby,7,747.85,29.1,3.14
2017-11-01,BA,bed_bath_table,19,2625.59,21.7,4.0
2017-11-01,BA,books_general_interest,1,55.53,19.0,5.0
2017-11-01,BA,computers_accessories,11,3025.58,17.4,3.68
2017-11-01,BA,consoles_games,3,199.72,21.3,4.33
2017-11-01,BA,construction_tools_construction,1,112.58,12.0,5.0
2017-11-01,BA,cool_stuff,12,2252.43,19.7,4.0
2017-11-01,BA,costruction_tools_garden,2,616.33,18.7,2.33
2017-11-01,BA,costruction_tools_tools,1,93.38,14.0,5.0
2017-11-01,BA,electronics,5,445.69,23.2,3.6
2017-11-01,BA,fashion_bags_accessories,5,478.9,25.2,3.8
2017-11-01,BA,fashion_shoes,1,104.73,32.0,4.0
2017-11-01,BA,fashion_underwear_beach,2,373.25,23.0,4.5
2017-11-01,BA,fixed_telephony,1,32.78,21.0,5.0
2017-11-01,BA,food_drink,1,129.95,2.0,5.0
2017-11-01,BA,furniture_bedroom,1,209.98,31.0,1.0
2017-11-01,BA,furniture_decor,19,2319.81,19.4,4.08
2017-11-01,BA,furniture_living_room,1,124.07,16.0,5.0
2017-11-01,BA,garden_tools,20,2759.9,17.2,3.54
2017-11-01,BA,health_beauty,18,1772.63,18.8,4.47
2017-11-01,BA,home_confort,1,140.4,26.0,5.0
2017-11-01,BA,home_construction,1,139.38,15.0,5.0
2017-11-01,BA,housewares,8,1040.02,19.3,4.2
2017-11-01,BA,luggage_accessories,3,407.7,20.0,4.67
2017-11-01,BA,musical_instruments,1,99.7,13.0,5.0
2017-11-01,BA,office_furniture,3,672.58,29.3,3.5
2017-11-01,BA,perfumery,6,942.63,30.2,3.83
2017-11-01,BA,pet_shop,1,165.48,13.0,5.0
2017-11-01,BA,sports_leisure,26,4427.47,17.2,3.5
2017-11-01,BA,stationery,2,335.76,18.5,4.5
2017-11-01,BA,telephony,25,3095.93,20.9,3.27
2017-11-01,BA,toys,13,2531.14,20.6,4.14
2017-11-01,BA,watches_gifts,15,2210.86,19.9,3.56
2017-11-01,CE,auto,6,681.99,26.1,3.71
2017-11-01,CE,baby,1,466.19,50.0,1.0
2017-11-01,CE,bed_bath_table,6,719.64,25.8,4.25
2017-11-01,CE,books_technical,1,153.17,17.0,5.0
2017-11-01,CE,computers,1,1479.51,23.0,3.0
2017-11-01,CE,computers_accessories,4,803.35,26.0,3.5
2017-11-01,CE,construction_tools_safety,1,377.63,18.0,4.0
2017-11-01,CE,cool_stuff,3,1682.84,21.3,3.33
2017-11-01,CE,costruction_tools_garden,1,83.14,14.0,5.0
2017-11-01,CE,electronics,2,573.29,20.0,4.0
2017-11-01,CE,furniture_decor,8,1526.83,31.2,2.55
2017-11-01,CE,garden_tools,7,780.53,21.1,4.0
2017-11-01,CE,health_beauty,11,4059.92,20.9,3.82
2017-11-01,CE,home_construction,1,102.78,34.0,1.0
2017-11-01,CE,housewares,3,234.69,16.3,4.0
2017-11-01,CE,luggage_accessories,3,496.36,21.7,3.0
2017-11-01,CE,office_furniture,3,950.08,25.2,2.2
2017-11-01,CE,perfumery,3,421.55,30.0,3.67
2017-11-01,CE,small_appliances,1,76.33,12.0,5.0
2017-11-01,CE,sports_leisure,2,519.31,19.3,4.67
2017-11-01,CE,stationery,6,741.82,27.4,3.43
2017-11-01,CE,telephony,9,1467.98,21.8,3.0
2017-11-01,CE,toys,11,1691.31,25.4,2.83
2017-11-01,CE,watches_gifts,10,2038.13,22.9,3.9
2017-11-01,DF,(unknown),4,479.28,12.8,4.5
2017-11-01,DF,audio,1,34.0,7.0,5.0
2017-11-01,DF,auto,6,896.15,9.2,4.0
2017-11-01,DF,baby,5,791.72,21.8,2.2
2017-11-01,DF,bed_bath_table,10,1489.95,18.0,3.82
2017-11-01,DF,books_technical,1,378.63,10.0,1.0
2017-11-01,DF,computers,1,1373.83,21.0,5.0
2017-11-01,DF,computers_accessories,12,3955.68,10.5,3.56
2017-11-01,DF,consoles_games,4,329.22,11.3,4.5
2017-11-01,DF,construction_tools_construction,1,310.21,9.0,4.0
2017-11-01,DF,construction_tools_lights,1,300.49,20.0,5.0
2017-11-01,DF,cool_stuff,9,1967.88,14.2,4.1
2017-11-01,DF,costruction_tools_garden,2,191.09,8.0,4.0
2017-11-01,DF,electronics,2,97.06,13.5,5.0
2017-11-01,DF,fashion_bags_accessories,1,54.0,9.0,5.0
2017-11-01,DF,food_drink,1,139.28,7.0,4.0
2017-11-01,DF,furniture_decor,8,752.25,12.5,4.13
2017-11-01,DF,garden_tools,6,1513.96,17.1,4.14
2017-11-01,DF,health_beauty,20,2185.31,23.7,3.32
2017-11-01,DF,home_appliances,1,31.4,8.0,5.0
2017-11-01,DF,home_construction,1,95.22,17.0,1.0
2017-11-01,DF,housewares,8,1678.15,12.4,5.0
2017-11-01,DF,kitchen_dining_laundry_garden_furniture,2,569.44,13.5,2.0
2017-11-01,DF,luggage_accessories,1,309.28,10.0,5.0
2017-11-01,DF,office_furniture,1,226.46,40.0,1.0
2017-11-01,DF,perfumery,9,1205.95,21.3,3.44
2017-11-01,DF,pet_shop,2,186.48,10.5,5.0
2017-11-01,DF,small_appliances,2,1510.63,19.3,3.67
2017-11-01,DF,sports_leisure,9,1167.48,11.1,4.8
2017-11-01,DF,telephony,6,943.26,14.7,4.57
2017-11-01,DF,toys,7,2175.56,15.0,3.29
2017-11-01,DF,watches_gifts,14,3550.4,16.9,3.64
2017-11-01,ES,(unknown),3,147.21,21.3,3.67
2017-11-01,ES,agro_industry_and_commerce,1,425.24,28.0,1.0
2017-11-01,ES,audio,1,29.0,10.0,3.0
2017-11-01,ES,auto,4,475.9,19.8,4.5
2017-11-01,ES,baby,3,422.73,14.0,4.0
2017-11-01,ES,bed_bath_table,21,3251.21,19.1,3.5
2017-11-01,ES,computers_accessories,11,2236.08,13.4,4.1
2017-11-01,ES,consoles_games,3,133.21,25.0,2.67
2017-11-01,ES,cool_stuff,7,1660.26,14.0,4.57
2017-11-01,ES,electronics,7,454.51,19.8,3.88
2017-11-01,ES,fashion_bags_accessories,4,404.78,17.2,2.83
2017-11-01,ES,food,1,79.69,22.0,5.0
2017-11-01,ES,food_drink,1,67.49,8.0,4.0
2017-11-01,ES,furniture_decor,13,1614.83,15.1,4.07
2017-11-01,ES,garden_tools,10,1404.24,13.8,3.31
2017-11-01,ES,health_beauty,8,2142.37,15.9,4.0
2017-11-01,ES,home_appliances,1,51.0,8.0,5.0
2017-11-01,ES,home_comfort_2,1,28.0,23.0,5.0
2017-11-01,ES,home_confort,2,217.18,25.5,5.0
2017-11-01,ES,housewares,11,1442.53,16.5,4.27
2017-11-01,ES,luggage_accessories,2,623.49,18.3,3.0
2017-11-01,ES,musical_instruments,1,784.07,25.0,5.0
2017-11-01,ES,office_furniture,3,996.7,24.0,4.33
2017-11-01,ES,perfumery,8,1060.37,15.3,3.0
2017-11-01,ES,sports_leisure,12,1893.59,18.5,3.92
2017-11-01,ES,stationery,5,693.32,19.3,4.33
2017-11-01,ES,tablets_printing_image,1,85.14,12.0,5.0
2017-11-01,ES,telephony,2,98.78,11.0,3.0
2017-11-01,ES,toys,12,2013.26,14.4,4.0
2017-11-01,ES,watches_gifts,12,3466.65,18.8,3.08
2017-11-01,GO,(unknown),4,378.48,14.8,2.25
2017-11-01,GO,auto,2,489.04,12.0,4.0
2017-11-01,GO,baby,2,216.08,14.0,4.5
2017-11-01,GO,bed_bath_table,17,1769.33,28.8,3.0
2017-11-01,GO,christmas_supplies,1,295.63,9.0,5.0
2017-11-01,GO,computers_accessories,11,1749.81,15.4,4.23
2017-11-01,GO,consoles_games,2,96.39,14.0,4.5
2017-11-01,GO,construction_tools_construction,2,646.13,13.5,5.0
2017-11-01,GO,construction_tools_lights,1,312.49,20.0,5.0
2017-11-01,GO,construction_tools_safety,1,146.57,23.0,5.0
2017-11-01,GO,cool_stuff,6,1716.36,17.0,5.0
2017-11-01,GO,electronics,2,90.05,18.0,3.0
2017-11-01,GO,fashion_bags_accessories,6,541.71,17.8,3.67
2017-11-01,GO,furniture_decor,12,1885.92,19.2,4.0
2017-11-01,GO,garden_tools,6,953.98,16.2,5.0
2017-11-01,GO,health_beauty,14,1798.49,16.4,3.6
2017-11-01,GO,home_appliances,1,60.23,13.0,5.0
2017-11-01,GO,home_comfort_2,1,28.0,10.0,5.0
2017-11-01,GO,home_confort,1,125.42,36.0,1.0
2017-11-01,GO,home_construction,2,349.0,24.5,4.0
2017-11-01,GO,housewares,3,280.39,13.8,3.2
2017-11-01,GO,industry_commerce_and_business,1,842.96,18.0,5.0
2017-11-01,GO,la_cuisine,1,137.11,14.0,
2017-11-01,GO,luggage_accessories,1,323.68,15.0,1.0
2017-11-01,GO,market_place,1,54.2,13.0,5.0
2017-11-01,GO,musical_instruments,1,300.76,18.0,4.0
2017-11-01,GO,office_furniture,1,243.4,26.0,5.0
2017-11-01,GO,perfumery,12,1469.52,16.8,3.62
2017-11-01,GO,pet_shop,1,113.13,7.0,5.0
2017-11-01,GO,sports_leisure,14,1902.85,17.2,4.4
2017-11-01,GO,stationery,6,734.24,17.0,4.43
2017-11-01,GO,telephony,5,270.58,15.0,4.4
2017-11-01,GO,toys,7,1121.8,17.9,3.57
2017-11-01,GO,watches_gifts,9,3219.83,15.4,4.7
2017-11-01,MA,(unknown),1,157.65,22.0,5.0
2017-11-01,MA,air_conditioning,1,222.71,20.0,5.0
2017-11-01,MA,auto,2,954.2,21.0,4.0
2017-11-01,MA,baby,3,1067.67,25.7,3.33
2017-11-01,MA,bed_bath_table,2,250.04,51.0,2.0
2017-11-01,MA,books_general_interest,1,56.15,27.0,4.0
2017-11-01,MA,computers_accessories,3,1520.35,22.4,3.8
2017-11-01,MA,cool_stuff,5,3022.58,28.8,1.2
2017-11-01,MA,electronics,1,51.57,23.0,5.0
2017-11-01,MA,fashion_bags_accessories,2,141.62,21.0,4.0
2017-11-01,MA,food_drink,1,103.0,55.0,1.0
2017-11-01,MA,furniture_decor,7,870.85,30.6,4.0
2017-11-01,MA,furniture_living_room,1,190.54,49.0,1.0
2017-11-01,MA,garden_tools,2,291.17,34.0,1.0
2017-11-01,MA,health_beauty,2,437.48,40.7,1.0
2017-11-01,MA,housewares,3,349.02,25.8,1.75
2017-11-01,MA,perfumery,1,181.55,18.0,5.0
2017-11-01,MA,sports_leisure,5,470.11,32.8,2.2
2017-11-01,MA,stationery,1,37.14,25.0,4.0
2017-11-01,MA,telephony,2,372.49,26.7,4.67
2017-11-01,MA,watches_gifts,8,1643.27,27.2,4.25
2017-11-01,MG,(unknown),14,1762.04,12.1,3.41
2017-11-01,MG,agro_industry_and_commerce,1,6081.54,19.0,1.0
2017-11-01,MG,air_conditioning,1,46.48,5.0,3.0
2017-11-01,MG,art,1,92.78,17.0,5.0
2017-11-01,MG,audio,3,349.36,16.0,5.0
2017-11-01,MG,auto,24,2663.15,12.7,4.21
2017-11-01,MG,baby,25,3051.31,14.5,3.96
2017-11-01,MG,bed_bath_table,101,13234.9,18.9,3.62
2017-11-01,MG,books_general_interest,1,89.28,8.0,5.0
2017-11-01,MG,christmas_supplies,4,521.76,8.0,2.8
2017-11-01,MG,computers,3,4430.53,12.7,5.0
2017-11-01,MG,computers_accessories,51,11529.72,14.0,3.96
2017-11-01,MG,consoles_games,16,2116.46,15.9,4.06
2017-11-01,MG,construction_tools_construction,9,1787.3,14.9,4.3
2017-11-01,MG,construction_tools_lights,3,937.47,16.7,5.0
2017-11-01,MG,construction_tools_safety,3,385.33,8.3,4.33
2017-11-01,MG,cool_stuff,37,7627.3,12.6,4.46
2017-11-01,MG,costruction_tools_garden,2,209.5,9.8,2.0
2017-11-01,MG,drinks,1,59.59,12.0,5.0
2017-11-01,MG,dvds_blu_ray,1,54.09,30.0,1.0
2017-11-01,MG,electronics,17,1276.59,17.9,3.83
2017-11-01,MG,fashio_female_clothing,1,45.09,8.0,4.0
2017-11-01,MG,fashion_bags_accessories,24,3222.11,12.3,3.96
2017-11-01,MG,fashion_male_clothing,2,140.08,9.5,2.5
2017-11-01,MG,fashion_shoes,5,543.58,15.5,4.6
2017-11-01,MG,flowers,1,31.9,13.0,4.0
2017-11-01,MG,food_drink,1,66.23,5.0,4.0
2017-11-01,MG,furniture_bedroom,1,578.38,15.0,5.0
2017-11-01,MG,furniture_decor,61,8718.15,15.1,3.94
2017-11-01,MG,furniture_living_room,7,2410.13,15.7,4.5
2017-11-01,MG,garden_tools,69,7614.54,15.5,4.17
2017-11-01,MG,health_beauty,68,11142.94,12.0,4.32
2017-11-01,MG,home_appliances,3,307.07,10.7,5.0
2017-11-01,MG,home_appliances_2,4,1128.77,17.0,3.2
2017-11-01,MG,home_confort,5,822.24,19.5,3.33
2017-11-01,MG,home_construction,5,1023.69,11.4,3.8
2017-11-01,MG,housewares,46,6824.19,11.6,3.73
2017-11-01,MG,kitchen_dining_laundry_garden_furniture,1,244.73,16.0,5.0
2017-11-01,MG,luggage_accessories,8,790.36,10.0,4.78
2017-11-01,MG,market_place,1,147.06,15.0,3.0
2017-11-01,MG,musical_instruments,9,5469.97,16.6,4.33
2017-11-01,MG,office_furniture,7,2536.6,23.1,3.56
2017-11-01,MG,party_supplies,1,602.58,20.0,4.0
2017-11-01,MG,perfumery,48,7030.86,13.3,4.18
2017-11-01,MG,pet_shop,13,2120.31,12.4,4.18
2017-11-01,MG,small_appliances,2,183.76,23.5,4.0
2017-11-01,MG,sports_leisure,51,7989.51,11.6,4.26
2017-11-01,MG,stationery,15,2229.13,12.9,4.35
2017-11-01,MG,tablets_printing_image,2,190.42,11.5,5.0
2017-11-01,MG,telephony,52,4827.71,12.9,4.09
2017-11-01,MG,toys,56,9108.71,14.3,4.4
2017-11-01,MG,watches_gifts,45,8587.26,12.3,4.23
2017-11-01,MS,audio,1,206.99,20.0,5.0
2017-11-01,MS,auto,1,24.3,12.0,5.0
2017-11-01,MS,baby,2,462.21,12.0,5.0
2017-11-01,MS,bed_bath_table,4,632.13,24.0,3.0
2017-11-01,MS,christmas_supplies,1,68.49,24.0,1.0
2017-11-01,MS,computers_accessories,4,339.0,11.0,3.8
2017-11-01,MS,consoles_games,2,176.28,10.5,5.0
2017-11-01,MS,cool_stuff,1,168.61,23.0,5.0
2017-11-01,MS,fashion_bags_accessories,1,47.62,6.0,4.0
2017-11-01,MS,food_drink,1,33.7,12.0,4.0
2017-11-01,MS,furniture_decor,2,312.67,14.3,4.25
2017-11-01,MS,furniture_living_room,1,224.75,13.0,5.0
2017-11-01,MS,garden_tools,3,943.4,20.0,4.0
2017-11-01,MS,health_beauty,5,1658.37,16.2,4.67
2017-11-01,MS,housewares,2,110.21,14.0,4.0
2017-11-01,MS,musical_instruments,1,418.04,19.0,5.0
2017-11-01,MS,pet_shop,1,118.17,25.0,4.0
2017-11-01,MS,sports_leisure,5,497.95,11.1,3.71
2017-11-01,MS,telephony,3,117.25,18.0,3.67
2017-11-01,MS,toys,2,215.56,25.0,3.0
2017-11-01,MS,watches_gifts,1,206.76,16.0,5.0
2017-11-01,MT,(unknown),2,188.33,26.0,3.5
2017-11-01,MT,auto,4,467.69,13.0,5.0
2017-11-01,MT,baby,2,460.28,15.5,5.0
2017-11-01,MT,bed_bath_table,6,797.3,16.9,4.86
2017-11-01,MT,computers_accessories,6,3346.38,19.6,3.43
2017-11-01,MT,consoles_games,1,473.62,16.0,5.0
2017-11-01,MT,cool_stuff,2,340.17,18.5,5.0
2017-11-01,MT,fashion_bags_accessories,2,150.91,23.0,5.0
2017-11-01,MT,fashion_shoes,1,178.25,12.0,5.0
2017-11-01,MT,furniture_decor,2,156.66,22.0,5.0
2017-11-01,MT,garden_tools,3,1190.12,19.2,2.33
2017-11-01,MT,health_beauty,8,930.37,16.1,3.0
2017-11-01,MT,home_confort,1,199.68,21.0,5.0
2017-11-01,MT,home_construction,1,400.65,25.0,4.0
2017-11-01,MT,housewares,3,331.91,12.7,4.33
2017-11-01,MT,musical_instruments,1,139.98,30.0,3.0
2017-11-01,MT,office_furniture,1,749.44,19.0,1.0
2017-11-01,MT,pet_shop,2,234.99,15.7,5.0
2017-11-01,MT,small_appliances,1,206.63,14.0,5.0
2017-11-01,MT,sports_leisure,8,629.36,24.8,3.75
2017-11-01,MT,stationery,3,463.91,32.3,3.0
2017-11-01,MT,tablets_printing_image,1,51.69,18.0,1.0
2017-11-01,MT,telephony,4,131.65,28.5,2.75
2017-11-01,MT,toys,4,430.9,18.3,4.0
2017-11-01,MT,watches_gifts,5,712.72,19.6,4.6
2017-11-01,PA,(unknown),2,2778.12,21.5,4.5
2017-11-01,PA,auto,1,238.0,20.0,5.0
2017-11-01,PA,baby,1,328.24,37.0,1.0
2017-11-01,PA,bed_bath_table,1,249.76,31.0,1.0
2017-11-01,PA,computers_accessories,3,472.36,27.0,2.67
2017-11-01,PA,consoles_games,1,96.82,24.0,5.0
2017-11-01,PA,cool_stuff,5,761.28,21.4,5.0
2017-11-01,PA,electronics,2,92.56,20.5,2.5
2017-11-01,PA,fashion_bags_accessories,4,341.64,41.5,2.0
2017-11-01,PA,fashion_shoes,1,113.89,39.0,2.0
2017-11-01,PA,fixed_telephony,1,614.49,37.0,
2017-11-01,PA,furniture_decor,3,510.41,16.4,3.8
2017-11-01,PA,garden_tools,2,417.06,22.3,4.0
2017-11-01,PA,health_beauty,8,1642.54,22.9,4.56
2017-11-01,PA,home_appliances,1,61.53,24.0,3.0
2017-11-01,PA,housewares,2,203.97,22.0,4.5
2017-11-01,PA,office_furniture,4,1408.41,24.5,1.67
2017-11-01,PA,perfumery,3,724.63,24.0,5.0
2017-11-01,PA,sports_leisure,4,891.31,35.5,2.5
2017-11-01,PA,stationery,1,128.09,21.0,5.0
2017-11-01,PA,telephony,7,551.57,25.7,3.43
2017-11-01,PA,toys,2,530.52,42.0,1.5
2017-11-01,PA,watches_gifts,10,1215.33,23.8,3.55
2017-11-01,PB,baby,2,443.76,21.5,3.0
2017-11-01,PB,bed_bath_table,1,344.34,28.0,1.0
2017-11-01,PB,computers_accessories,1,287.64,50.0,5.0
2017-11-01,PB,consoles_games,1,58.65,23.0,3.0
2017-11-01,PB,cool_stuff,2,333.97,13.0,5.0
2017-11-01,PB,electronics,2,124.85,19.0,3.5
2017-11-01,PB,fixed_telephony,1,273.06,19.0,5.0
2017-11-01,PB,garden_tools,1,97.87,16.0,5.0
2017-11-01,PB,health_beauty,3,354.74,24.7,3.33
2017-11-01,PB,home_construction,1,371.87,13.0,5.0
2017-11-01,PB,housewares,2,199.96,42.5,2.0
2017-11-01,PB,industry_commerce_and_business,1,117.14,21.0,1.0
2017-11-01,PB,kitchen_dining_laundry_garden_furniture,1,660.39,22.0,4.0
2017-11-01,PB,market_place,1,97.04,22.0,5.0
2017-11-01,PB,small_appliances,1,455.11,11.0,5.0
2017-11-01,PB,sports_leisure,1,118.1,29.0,5.0
2017-11-01,PB,stationery,2,399.48,42.0,2.5
2017-11-01,PB,toys,1,103.28,9.0,5.0
2017-11-01,PB,watches_gifts,2,874.97,15.5,2.5
2017-11-01,PE,(unknown),2,154.2,25.5,4.5
2017-11-01,PE,agro_industry_and_commerce,1,3184.55,52.0,2.0
2017-11-01,PE,auto,7,886.08,12.0,3.22
2017-11-01,PE,baby,2,224.73,10.5,4.0
2017-11-01,PE,bed_bath_table,9,1277.06,22.4,3.8
2017-11-01,PE,computers_accessories,10,1452.97,22.6,4.0
2017-11-01,PE,consoles_games,2,266.38,26.0,2.5
2017-11-01,PE,construction_tools_construction,1,1427.25,11.0,5.0
2017-11-01,PE,cool_stuff,2,327.84,10.5,3.0
2017-11-01,PE,electronics,2,122.16,21.0,5.0
2017-11-01,PE,fashion_bags_accessories,4,493.16,14.5,3.75
2017-11-01,PE,food_drink,2,470.62,19.5,4.0
2017-11-01,PE,furniture_decor,9,1605.79,13.8,2.56
2017-11-01,PE,garden_tools,6,576.68,24.6,3.0
2017-11-01,PE,health_beauty,14,2357.83,15.7,4.62
2017-11-01,PE,home_confort,1,317.51,26.0,1.0
2017-11-01,PE,housewares,2,92.32,12.0,2.0
2017-11-01,PE,luggage_accessories,1,84.57,13.0,5.0
2017-11-01,PE,office_furniture,2,429.67,35.0,1.5
2017-11-01,PE,perfumery,4,779.96,12.6,2.8
2017-11-01,PE,pet_shop,4,652.2,21.3,4.0
2017-11-01,PE,sports_leisure,10,1421.12,15.8,4.0
2017-11-01,PE,stationery,5,1005.13,27.2,4.17
2017-11-01,PE,telephony,4,435.78,15.8,3.75
2017-11-01,PE,toys,7,1354.25,19.9,4.71
2017-11-01,PE,watches_gifts,13,3011.44,20.3,3.67
2017-11-01,PI,air_conditioning,1,134.5,21.0,5.0
2017-11-01,PI,auto,2,687.88,38.5,1.0
2017-11-01,PI,baby,1,269.25,25.0,3.0
2017-11-01,PI,bed_bath_table,1,75.57,30.0,4.0
2017-11-01,PI,computers_accessories,3,450.74,24.3,4.0
2017-11-01,PI,cool_stuff,1,155.45,17.0,5.0
2017-11-01,PI,costruction_tools_garden,1,85.95,13.0,5.0
2017-11-01,PI,electronics,2,97.13,27.5,2.5
2017-11-01,PI,fashion_underwear_beach,1,186.86,26.0,1.0
2017-11-01,PI,furniture_decor,2,232.23,23.3,2.33
2017-11-01,PI,garden_tools,2,195.74,31.5,3.5
2017-11-01,PI,health_beauty,3,239.39,31.3,2.67
2017-11-01,PI,housewares,2,126.29,23.0,5.0
2017-11-01,PI,luggage_accessories,1,163.58,16.0,5.0
2017-11-01,PI,musical_instruments,1,94.1,47.0,1.0
2017-11-01,PI,perfumery,1,107.9,40.0,1.0
2017-11-01,PI,telephony,4,307.26,23.0,4.25
2017-11-01,PI,toys,1,112.42,27.0,3.0
2017-11-01,PI,watches_gifts,1,83.15,29.0,2.0
2017-11-01,PR,(unknown),2,221.95,31.5,1.0
2017-11-01,PR,agro_industry_and_commerce,1,435.59,15.0,5.0
2017-11-01,PR,audio,1,34.0,27.0,2.0
2017-11-01,PR,auto,16,3169.1,15.5,3.71
2017-11-01,PR,baby,8,1491.87,11.6,3.8
2017-11-01,PR,bed_bath_table,45,6015.92,15.4,3.98
2017-11-01,PR,books_general_interest,3,409.6,17.7,5.0
2017-11-01,PR,christmas_supplies,3,182.72,17.7,3.67
2017-11-01,PR,computers_accessories,26,5035.56,11.1,3.84
2017-11-01,PR,consoles_games,3,392.12,12.0,5.0
2017-11-01,PR,construction_tools_construction,3,305.08,13.8,4.5
2017-11-01,PR,construction_tools_safety,1,216.05,10.0,5.0
2017-11-01,PR,cool_stuff,11,1871.65,10.5,4.77
2017-11-01,PR,electronics,16,552.47,13.4,4.31
2017-11-01,PR,fashion_bags_accessories,5,359.57,16.0,3.8
2017-11-01,PR,fashion_shoes,1,102.74,14.0,5.0
2017-11-01,PR,food,1,73.13,16.0,5.0
2017-11-01,PR,food_drink,3,354.87,17.3,3.25
2017-11-01,PR,furniture_decor,32,6759.79,14.4,3.82
2017-11-01,PR,furniture_living_room,1,53.83,11.0,4.0
2017-11-01,PR,garden_tools,21,2110.35,17.0,3.89
2017-11-01,PR,health_beauty,23,3756.28,13.4,4.26
2017-11-01,PR,home_confort,1,107.78,17.0,4.0
2017-11-01,PR,housewares,13,1443.04,12.8,3.94
2017-11-01,PR,kitchen_dining_laundry_garden_furniture,3,373.93,12.0,4.67
2017-11-01,PR,luggage_accessories,3,287.18,9.7,4.67
2017-11-01,PR,musical_instruments,3,641.97,13.3,4.75
2017-11-01,PR,office_furniture,5,1596.71,22.4,2.71
2017-11-01,PR,perfumery,14,1611.58,13.8,4.31
2017-11-01,PR,pet_shop,5,537.51,17.2,4.6
2017-11-01,PR,signaling_and_security,1,51.89,17.0,1.0
2017-11-01,PR,sports_leisure,27,3728.8,13.4,4.32
2017-11-01,PR,stationery,9,1320.6,15.8,4.67
2017-11-01,PR,telephony,21,1115.76,17.4,3.67
2017-11-01,PR,toys,23,4030.69,13.7,4.43
2017-11-01,PR,watches_gifts,13,3973.58,11.5,4.73
2017-11-01,RJ,(unknown),13,3385.55,27.1,4.21
2017-11-01,RJ,agro_industry_and_commerce,2,1413.17,14.5,3.5
2017-11-01,RJ,air_conditioning,3,722.85,19.7,3.0
2017-11-01,RJ,audio,7,1139.55,23.0,4.14
2017-11-01,RJ,auto,36,9275.62,16.8,3.73
2017-11-01,RJ,baby,17,2254.62,19.6,3.61
2017-11-01,RJ,bed_bath_table,158,21593.66,22.2,3.33
2017-11-01,RJ,books_general_interest,4,252.6,12.8,5.0
2017-11-01,RJ,books_technical,1,141.64,8.0,5.0
2017-11-01,RJ,christmas_supplies,2,132.18,7.0,4.33
2017-11-01,RJ,cine_photo,1,259.94,24.0,1.0
2017-11-01,RJ,computers_accessories,56,8213.58,17.3,3.75
2017-11-01,RJ,consoles_games,18,1506.33,18.0,3.79
2017-11-01,RJ,construction_tools_construction,5,865.26,26.7,2.71
2017-11-01,RJ,construction_tools_lights,2,491.4,13.3,1.67
2017-11-01,RJ,construction_tools_safety,1,97.22,10.0,5.0
2017-11-01,RJ,cool_stuff,41,9080.8,19.5,3.49
2017-11-01,RJ,costruction_tools_garden,1,36.51,12.0,4.0
2017-11-01,RJ,costruction_tools_tools,1,168.2,29.0,1.0
2017-11-01,RJ,dvds_blu_ray,1,37.53,10.0,5.0
2017-11-01,RJ,electronics,19,1814.18,19.3,4.32
2017-11-01,RJ,fashion_bags_accessories,15,1397.59,14.8,3.59
2017-11-01,RJ,fashion_male_clothing,1,76.08,50.0,1.0
2017-11-01,RJ,fashion_shoes,1,218.35,18.0,5.0
2017-11-01,RJ,fashion_underwear_beach,3,328.02,25.0,2.33
2017-11-01,RJ,flowers,3,109.53,14.0,4.67
2017-11-01,RJ,food,1,65.1,15.0,5.0
2017-11-01,RJ,food_drink,6,601.08,11.8,4.67
2017-11-01,RJ,furniture_decor,76,10681.99,21.4,3.39
2017-11-01,RJ,furniture_living_room,3,1120.39,17.3,3.0
2017-11-01,RJ,furniture_mattress_and_upholstery,1,124.52,13.0,5.0
2017-11-01,RJ,garden_tools,75,9683.35,20.0,3.44
2017-11-01,RJ,health_beauty,49,7201.57,14.9,3.88
2017-11-01,RJ,home_appliances,2,797.69,21.0,2.5
2017-11-01,RJ,home_confort,7,1285.52,21.0,3.43
2017-11-01,RJ,home_construction,1,99.34,4.0,5.0
2017-11-01,RJ,housewares,43,5908.32,17.4,3.64
2017-11-01,RJ,industry_commerce_and_business,1,84.59,17.0,5.0
2017-11-01,RJ,kitchen_dining_laundry_garden_furniture,3,845.67,22.3,4.0
2017-11-01,RJ,luggage_accessories,8,1416.34,12.4,4.0
2017-11-01,RJ,market_place,1,99.95,12.0,5.0
2017-11-01,RJ,musical_instruments,4,2016.35,13.3,4.75
2017-11-01,RJ,office_furniture,16,5688.48,27.0,2.67
2017-11-01,RJ,party_supplies,1,29.84,5.0,5.0
2017-11-01,RJ,perfumery,34,4507.07,15.1,3.56
2017-11-01,RJ,pet_shop,10,2402.95,19.3,4.0
2017-11-01,RJ,signaling_and_security,1,473.28,14.0,1.0
2017-11-01,RJ,small_appliances,4,1174.09,10.8,3.8
2017-11-01,RJ,sports_leisure,72,12425.07,16.8,3.87
2017-11-01,RJ,stationery,22,3073.24,16.6,4.38
2017-11-01,RJ,tablets_printing_image,2,115.14,17.0,4.0
2017-11-01,RJ,telephony,29,4040.6,17.1,3.84
2017-11-01,RJ,toys,75,14105.89,15.5,3.73
2017-11-01,RJ,watches_gifts,59,17629.23,18.8,3.31
2017-11-01,RN,baby,1,86.24,18.0,5.0
2017-11-01,RN,bed_bath_table,1,143.1,37.0,1.0
2017-11-01,RN,books_general_interest,2,84.54,5.0,5.0
2017-11-01,RN,computers_accessories,4,506.63,20.0,3.0
2017-11-01,RN,consoles_games,2,839.73,17.5,5.0
2017-11-01,RN,cool_stuff,2,319.61,13.5,4.5
2017-11-01,RN,costruction_tools_garden,1,87.66,14.0,4.0
2017-11-01,RN,furniture_decor,4,1043.4,29.5,2.75
2017-11-01,RN,furniture_mattress_and_upholstery,1,288.29,50.0,1.0
2017-11-01,RN,garden_tools,1,173.94,47.0,2.0
2017-11-01,RN,health_beauty,5,1976.38,18.6,3.6
2017-11-01,RN,home_appliances_2,1,781.74,18.0,1.0
2017-11-01,RN,housewares,1,107.94,34.0,1.0
2017-11-01,RN,kitchen_dining_laundry_garden_furniture,1,294.19,45.0,1.0
2017-11-01,RN,perfumery,1,137.0,20.0,5.0
2017-11-01,RN,pet_shop,2,960.94,14.0,4.5
2017-11-01,RN,sports_leisure,2,274.14,15.5,4.5
2017-11-01,RN,stationery,1,133.22,19.0,4.0
2017-11-01,RN,telephony,6,1232.2,15.2,3.67
2017-11-01,RN,toys,1,92.8,28.0,1.0
2017-11-01,RN,watches_gifts,1,176.34,15.0,4.0
2017-11-01,RO,auto,2,1071.57,13.5,4.0
2017-11-01,RO,bed_bath_table,1,218.91,21.0,1.0
2017-11-01,RO,books_general_interest,1,67.66,18.0,5.0
2017-11-01,RO,construction_tools_construction,1,453.5,19.0,3.0
2017-11-01,RO,cool_stuff,1,259.94,13.0,4.0
2017-11-01,RO,garden_tools,1,202.51,13.0,5.0
2017-11-01,RO,health_beauty,2,481.79,11.0,5.0
2017-11-01,RO,luggage_accessories,1,455.37,25.0,4.0
2017-11-01,RO,market_place,1,209.48,25.0,5.0
2017-11-01,RO,office_furniture,1,172.09,17.0,1.0
2017-11-01,RO,pet_shop,1,323.82,20.0,5.0
2017-11-01,RO,sports_leisure,1,105.26,12.0,4.0
2017-11-01,RO,watches_gifts,3,3035.57,19.3,4.0
2017-11-01,RR,electronics,1,39.03,15.0,5.0
2017-11-01,RR,health_beauty,1,112.43,53.0,1.0
2017-11-01,RS,(unknown),3,258.42,18.7,3.67
2017-11-01,RS,agro_industry_and_commerce,1,442.75,8.0,5.0
2017-11-01,RS,air_conditioning,1,329.38,16.0,5.0
2017-11-01,RS,audio,4,300.99,15.5,3.5
2017-11-01,RS,auto,6,1176.88,21.7,2.43
2017-11-01,RS,baby,19,2308.95,16.5,3.7
2017-11-01,RS,bed_bath_table,48,5944.44,21.6,3.26
2017-11-01,RS,books_general_interest,3,316.02,33.7,2.33
2017-11-01,RS,books_imported,1,92.29,26.0,5.0
2017-11-01,RS,christmas_supplies,1,162.91,41.0,4.0
2017-11-01,RS,computers_accessories,28,4986.97,17.4,3.42
2017-11-01,RS,consoles_games,7,889.42,22.9,4.0
2017-11-01,RS,construction_tools_construction,3,630.63,24.0,4.25
2017-11-01,RS,cool_stuff,20,5430.75,22.9,3.0
2017-11-01,RS,drinks,1,162.42,68.0,1.0
2017-11-01,RS,dvds_blu_ray,1,54.05,13.0,5.0
2017-11-01,RS,electronics,8,289.8,21.1,3.63
2017-11-01,RS,fashion_bags_accessories,10,1009.56,17.4,3.83
2017-11-01,RS,fashion_shoes,2,205.48,21.5,5.0
2017-11-01,RS,fashion_underwear_beach,1,170.84,25.0,2.0
2017-11-01,RS,furniture_decor,27,3995.76,23.9,3.22
2017-11-01,RS,garden_tools,29,6872.77,18.3,3.91
2017-11-01,RS,health_beauty,26,4283.11,20.2,3.59
2017-11-01,RS,home_appliances,3,1261.67,11.7,5.0
2017-11-01,RS,home_appliances_2,1,701.47,11.0,3.0
2017-11-01,RS,home_confort,4,377.72,30.8,3.0
2017-11-01,RS,home_construction,5,687.37,15.4,4.8
2017-11-01,RS,housewares,20,3501.44,12.9,3.59
2017-11-01,RS,kitchen_dining_laundry_garden_furniture,3,444.81,13.5,4.0
2017-11-01,RS,luggage_accessories,3,353.37,13.0,5.0
2017-11-01,RS,musical_instruments,4,352.51,13.8,3.25
2017-11-01,RS,office_furniture,3,734.4,21.3,4.67
2017-11-01,RS,perfumery,13,1354.88,14.8,4.69
2017-11-01,RS,pet_shop,3,298.05,15.0,4.2
2017-11-01,RS,small_appliances,4,748.88,23.5,3.75
2017-11-01,RS,sports_leisure,32,4327.05,17.6,4.4
2017-11-01,RS,stationery,7,912.03,14.0,4.71
2017-11-01,RS,telephony,24,1289.48,16.9,3.88
2017-11-01,RS,toys,23,5633.9,15.7,4.13
2017-11-01,RS,watches_gifts,15,4081.12,15.6,4.67
2017-11-01,SC,(unknown),8,1193.71,18.0,3.0
2017-11-01,SC,audio,1,206.99,22.0,5.0
2017-11-01,SC,auto,13,2267.41,17.4,3.33
2017-11-01,SC,baby,9,1214.04,14.0,3.8
2017-11-01,SC,bed_bath_table,19,2199.64,21.7,3.26
2017-11-01,SC,books_general_interest,2,281.45,28.5,3.0
2017-11-01,SC,christmas_supplies,2,87.41,11.5,3.5
2017-11-01,SC,computers,1,1391.79,14.0,3.0
2017-11-01,SC,computers_accessories,18,2314.72,15.9,4.32
2017-11-01,SC,consoles_games,4,570.91,25.8,3.0
2017-11-01,SC,construction_tools_safety,1,92.19,56.0,1.0
2017-11-01,SC,cool_stuff,9,2437.55,20.5,2.73
2017-11-01,SC,drinks,2,87.68,17.5,4.0
2017-11-01,SC,electronics,8,562.11,16.3,2.5
2017-11-01,SC,fashion_bags_accessories,9,636.29,25.9,3.33
2017-11-01,SC,fashion_male_clothing,1,76.08,23.0,5.0
2017-11-01,SC,furniture_decor,12,1311.76,18.8,3.41
2017-11-01,SC,garden_tools,22,2635.12,20.3,3.74
2017-11-01,SC,health_beauty,19,3304.19,12.6,4.84
2017-11-01,SC,home_appliances,1,267.13,10.0,5.0
2017-11-01,SC,home_appliances_2,2,617.97,14.0,5.0
2017-11-01,SC,home_confort,1,66.01,46.0,1.0
2017-11-01,SC,home_construction,2,644.01,12.0,3.0
2017-11-01,SC,housewares,10,914.85,11.6,4.82
2017-11-01,SC,kitchen_dining_laundry_garden_furniture,1,138.0,18.0,5.0
2017-11-01,SC,luggage_accessories,4,417.61,14.5,4.5
2017-11-01,SC,market_place,1,45.0,11.0,5.0
2017-11-01,SC,musical_instruments,1,2032.04,24.0,4.0
2017-11-01,SC,office_furniture,2,764.97,16.0,4.0
2017-11-01,SC,perfumery,13,1609.02,19.1,4.0
2017-11-01,SC,pet_shop,4,385.07,17.3,4.0
2017-11-01,SC,small_appliances,1,739.49,6.0,5.0
2017-11-01,SC,sports_leisure,32,4160.32,13.8,4.38
2017-11-01,SC,stationery,8,1615.32,17.2,4.44
2017-11-01,SC,telephony,21,2268.06,17.9,3.54
2017-11-01,SC,toys,13,1743.99,14.6,4.21
2017-11-01,SC,watches_gifts,13,3149.85,15.2,4.83
2017-11-01,SE,auto,1,96.38,36.0,4.0
2017-11-01,SE,baby,2,350.41,41.0,2.5
2017-11-01,SE,bed_bath_table,1,137.24,34.0,1.0
2017-11-01,SE,computers_accessories,1,67.28,36.0,2.0
2017-11-01,SE,consoles_games,1,146.3,22.0,5.0
2017-11-01,SE,cool_stuff,3,1349.81,15.0,5.0
2017-11-01,SE,food_drink,1,135.5,18.0,4.0
2017-11-01,SE,furniture_decor,2,1185.5,22.0,1.0
2017-11-01,SE,garden_tools,2,173.91,23.0,4.0
2017-11-01,SE,health_beauty,3,913.03,35.0,3.67
2017-11-01,SE,market_place,1,392.1,22.0,3.0
2017-11-01,SE,perfumery,1,164.3,18.0,4.0
2017-11-01,SE,telephony,4,548.75,16.5,3.75
2017-11-01,SE,toys,1,51.05,15.0,5.0
2017-11-01,SE,watches_gifts,2,901.83,48.5,1.0
2017-11-01,SP,(unknown),52,4702.57,9.6,3.93
2017-11-01,SP,agro_industry_and_commerce,5,1767.08,11.2,3.8
2017-11-01,SP,air_conditioning,9,3057.64,10.0,4.0
2017-11-01,SP,audio,11,1726.81,11.3,3.07
2017-11-01,SP,auto,100,13415.21,10.2,4.29
2017-11-01,SP,baby,70,7922.68,11.1,4.0
2017-11-01,SP,bed_bath_table,332,42961.33,12.3,3.77
2017-11-01,SP,books_general_interest,19,1572.44,10.3,4.26
2017-11-01,SP,books_imported,1,188.92,4.0,5.0
2017-11-01,SP,books_technical,2,190.38,4.0,5.0
2017-11-01,SP,cds_dvds_musicals,3,224.82,10.0,5.0
2017-11-01,SP,christmas_supplies,4,289.86,6.8,4.6
2017-11-01,SP,computers_accessories,163,27275.18,11.1,4.04
2017-11-01,SP,consoles_games,53,5581.2,12.0,4.29
2017-11-01,SP,construction_tools_construction,9,698.95,9.8,4.73
2017-11-01,SP,construction_tools_lights,2,565.14,22.5,2.0
2017-11-01,SP,construction_tools_safety,4,2192.72,7.8,5.0
2017-11-01,SP,cool_stuff,106,19615.26,8.5,4.47
2017-11-01,SP,costruction_tools_garden,4,268.47,10.3,4.0
2017-11-01,SP,costruction_tools_tools,2,87.96,13.0,5.0
2017-11-01,SP,drinks,9,677.7,9.8,4.69
2017-11-01,SP,electronics,62,5695.14,8.1,4.09
2017-11-01,SP,fashio_female_clothing,1,39.08,7.0,1.0
2017-11-01,SP,fashion_bags_accessories,84,6123.44,9.0,3.63
2017-11-01,SP,fashion_male_clothing,6,749.44,8.4,4.29
2017-11-01,SP,fashion_shoes,5,565.51,12.7,4.17
2017-11-01,SP,fashion_sport,1,67.68,8.0,5.0
2017-11-01,SP,fashion_underwear_beach,3,332.89,12.3,4.33
2017-11-01,SP,fixed_telephony,2,116.15,7.0,3.0
2017-11-01,SP,flowers,2,127.86,8.5,4.0
2017-11-01,SP,food,7,444.13,7.0,3.18
2017-11-01,SP,food_drink,10,929.63,9.1,3.07
2017-11-01,SP,furniture_bedroom,1,262.1,25.0,4.0
2017-11-01,SP,furniture_decor,233,30768.48,12.5,3.8
2017-11-01,SP,furniture_living_room,15,3534.19,14.7,3.08
2017-11-01,SP,garden_tools,139,15410.92,11.7,4.12
2017-11-01,SP,health_beauty,201,34578.69,9.4,4.3
2017-11-01,SP,home_appliances,12,2232.26,13.6,3.08
2017-11-01,SP,home_appliances_2,5,2341.85,22.0,4.0
2017-11-01,SP,home_comfort_2,1,24.75,20.0,1.0
2017-11-01,SP,home_confort,15,2457.59,13.3,3.19
2017-11-01,SP,home_construction,13,1813.23,10.3,3.6
2017-11-01,SP,housewares,161,18359.87,10.0,4.26
2017-11-01,SP,industry_commerce_and_business,3,1200.59,9.0,4.67
2017-11-01,SP,kitchen_dining_laundry_garden_furniture,13,2815.97,14.0,4.0
2017-11-01,SP,luggage_accessories,24,4343.55,8.6,4.52
2017-11-01,SP,market_place,3,435.72,8.0,4.14
2017-11-01,SP,musical_instruments,13,4193.78,10.1,3.85
2017-11-01,SP,office_furniture,23,5517.88,16.0,3.25
2017-11-01,SP,party_supplies,1,274.15,8.0,5.0
2017-11-01,SP,perfumery,114,13044.25,9.4,4.12
2017-11-01,SP,pet_shop,33,4736.47,11.4,4.22
2017-11-01,SP,signaling_and_security,1,267.62,8.0,1.0
2017-11-01,SP,small_appliances,11,3184.79,8.3,4.17
2017-11-01,SP,sports_leisure,225,26979.41,9.3,4.44
2017-11-01,SP,stationery,56,5982.42,11.0,4.44
2017-11-01,SP,telephony,109,8245.33,9.1,3.88
2017-11-01,SP,toys,184,25233.29,10.2,4.22
2017-11-01,SP,watches_gifts,167,37284.37,8.6,4.07
2017-11-01,TO,auto,1,625.59,16.0,5.0
2017-11-01,TO,bed_bath_table,1,242.14,25.0,5.0
2017-11-01,TO,cool_stuff,1,253.98,15.0,3.0
2017-11-01,TO,electronics,2,160.15,12.3,5.0
2017-11-01,TO,fashion_bags_accessories,2,146.3,18.5,4.5
2017-11-01,TO,furniture_decor,1,154.45,16.0,4.0
2017-11-01,TO,garden_tools,2,451.06,31.5,3.5
2017-11-01,TO,health_beauty,3,568.42,19.0,2.75
2017-11-01,TO,perfumery,1,169.49,19.0,4.0
2017-11-01,TO,telephony,2,91.74,26.5,4.0
2017-11-01,TO,watches_gifts,1,215.6,15.0,4.0
2017-12-01,AC,baby,1,426.08,27.0,5.0
2017-12-01,AC,christmas_supplies,1,130.85,36.0,4.0
2017-12-01,AC,electronics,1,316.19,17.0,5.0
2017-12-01,AC,housewares,2,536.46,14.0,5.0
2017-12-01,AL,auto,1,42.67,14.0,5.0
2017-12-01,AL,bed_bath_table,2,305.69,26.0,4.5
2017-12-01,AL,cool_stuff,1,246.92,27.0,4.0
2017-12-01,AL,electronics,1,33.45,12.0,5.0
2017-12-01,AL,fixed_telephony,1,670.77,13.0,4.0
2017-12-01,AL,furniture_decor,1,249.67,30.0,4.0
2017-12-01,AL,health_beauty,3,619.17,23.0,4.67
2017-12-01,AL,perfumery,1,354.2,22.0,4.0
2017-12-01,AL,sports_leisure,1,158.22,19.0,4.0
2017-12-01,AM,computers_accessories,1,49.14,34.0,5.0
2017-12-01,AM,fashion_bags_accessories,1,725.69,34.0,4.0
2017-12-01,AM,health_beauty,1,203.57,39.0,5.0
2017-12-01,AM,pet_shop,1,72.2,34.0,5.0
2017-12-01,AM,stationery,1,71.88,41.0,5.0
2017-12-01,AM,telephony,1,51.14,38.0,4.0
2017-12-01,AP,auto,1,266.69,41.0,4.0
2017-12-01,AP,computers_accessories,1,152.0,24.0,5.0
2017-12-01,AP,telephony,1,216.26,26.0,3.0
2017-12-01,AP,watches_gifts,1,135.61,30.0,4.0
2017-12-01,BA,(unknown),2,222.55,20.5,4.0
2017-12-01,BA,auto,8,918.51,20.8,4.6
2017-12-01,BA,baby,6,787.91,24.7,4.4
2017-12-01,BA,bed_bath_table,9,920.67,19.5,4.1
2017-12-01,BA,books_general_interest,2,110.35,14.5,5.0
2017-12-01,BA,books_imported,1,93.98,26.0,3.0
2017-12-01,BA,books_technical,1,154.35,25.0,5.0
2017-12-01,BA,computers,5,6506.75,11.3,3.88
2017-12-01,BA,computers_accessories,13,2253.74,29.5,3.71
2017-12-01,BA,consoles_games,4,427.5,14.6,4.6
2017-12-01,BA,cool_stuff,8,1062.78,16.3,4.0
2017-12-01,BA,costruction_tools_garden,1,151.14,11.0,5.0
2017-12-01,BA,electronics,9,425.9,20.0,4.45
2017-12-01,BA,fashion_bags_accessories,3,626.35,14.7,5.0
2017-12-01,BA,fashion_male_clothing,1,329.87,15.0,3.0
2017-12-01,BA,fashion_sport,1,76.76,16.0,5.0
2017-12-01,BA,food_drink,1,193.98,22.0,5.0
2017-12-01,BA,furniture_decor,9,1309.45,28.4,3.1
2017-12-01,BA,furniture_living_room,3,454.35,18.3,2.0
2017-12-01,BA,garden_tools,17,1949.9,26.2,3.21
2017-12-01,BA,health_beauty,13,1914.83,18.4,4.29
2017-12-01,BA,home_construction,2,1070.6,19.7,3.67
2017-12-01,BA,housewares,1,55.92,18.0,5.0
2017-12-01,BA,musical_instruments,2,224.98,29.0,5.0
2017-12-01,BA,office_furniture,2,553.21,27.5,5.0
2017-12-01,BA,perfumery,4,356.87,29.0,3.0
2017-12-01,BA,pet_shop,1,56.69,26.0,5.0
2017-12-01,BA,sports_leisure,11,941.14,29.5,4.7
2017-12-01,BA,stationery,8,1019.73,26.1,3.63
2017-12-01,BA,telephony,10,605.61,17.8,3.36
2017-12-01,BA,toys,10,2585.34,22.6,3.6
2017-12-01,BA,watches_gifts,20,4624.07,23.7,4.24
2017-12-01,CE,(unknown),2,255.08,20.5,3.5
2017-12-01,CE,auto,2,745.11,40.5,2.5
2017-12-01,CE,baby,1,62.79,20.0,3.0
2017-12-01,CE,bed_bath_table,4,453.04,17.3,4.75
2017-12-01,CE,computers_accessories,3,605.2,23.3,3.67
2017-12-01,CE,consoles_games,1,135.58,10.0,5.0
2017-12-01,CE,cool_stuff,3,805.71,16.7,4.0
2017-12-01,CE,electronics,2,71.16,42.0,4.0
2017-12-01,CE,fashion_bags_accessories,1,67.53,25.0,4.0
2017-12-01,CE,furniture_decor,3,502.19,18.6,4.8
2017-12-01,CE,garden_tools,6,719.5,24.3,4.14
2017-12-01,CE,health_beauty,11,1747.88,20.1,3.82
2017-12-01,CE,home_appliances,1,270.28,22.0,5.0
2017-12-01,CE,housewares,5,600.1,25.4,4.2
2017-12-01,CE,luggage_accessories,2,476.79,19.5,4.0
2017-12-01,CE,perfumery,8,948.96,25.0,4.25
2017-12-01,CE,sports_leisure,4,913.62,31.5,4.5
2017-12-01,CE,stationery,3,374.2,18.7,4.67
2017-12-01,CE,telephony,6,761.63,22.7,3.67
2017-12-01,CE,toys,4,448.26,22.3,4.25
2017-12-01,CE,watches_gifts,7,1675.59,18.8,4.25
2017-12-01,DF,(unknown),5,631.18,16.6,4.8
2017-12-01,DF,audio,1,74.16,10.0,5.0
2017-12-01,DF,auto,6,711.09,14.2,4.83
2017-12-01,DF,baby,1,939.9,5.0,1.0
2017-12-01,DF,bed_bath_table,11,1045.2,17.4,4.0
2017-12-01,DF,christmas_supplies,2,104.03,11.5,4.5
2017-12-01,DF,computers_accessories,3,597.73,24.8,2.5
2017-12-01,DF,consoles_games,1,39.59,10.0,5.0
2017-12-01,DF,cool_stuff,7,1155.29,13.7,4.14
2017-12-01,DF,electronics,7,397.65,12.1,4.86
2017-12-01,DF,fashion_bags_accessories,3,177.7,14.7,3.33
2017-12-01,DF,food,1,219.39,12.0,
2017-12-01,DF,furniture_decor,5,607.66,22.3,4.78
2017-12-01,DF,furniture_mattress_and_upholstery,1,258.33,6.0,5.0
2017-12-01,DF,garden_tools,1,110.36,17.0,
2017-12-01,DF,health_beauty,19,2208.36,14.5,3.73
2017-12-01,DF,home_appliances,1,164.26,16.0,5.0
2017-12-01,DF,housewares,7,1053.97,15.7,4.43
2017-12-01,DF,musical_instruments,1,95.22,9.0,5.0
2017-12-01,DF,office_furniture,1,253.4,32.0,3.0
2017-12-01,DF,perfumery,4,374.04,20.5,4.0
2017-12-01,DF,pet_shop,2,286.76,14.5,5.0
2017-12-01,DF,small_appliances,1,65.1,4.0,1.0
2017-12-01,DF,sports_leisure,11,2134.94,15.1,4.4
2017-12-01,DF,stationery,5,870.03,14.8,4.0
2017-12-01,DF,telephony,5,560.3,21.3,4.83
2017-12-01,DF,toys,13,3365.11,12.8,4.0
2017-12-01,DF,watches_gifts,5,1265.9,11.7,4.5
2017-12-01,ES,(unknown),1,275.34,8.0,4.0
2017-12-01,ES,art,1,76.79,5.0,5.0
2017-12-01,ES,auto,5,1339.98,15.6,4.0
2017-12-01,ES,baby,6,666.28,19.3,4.17
2017-12-01,ES,bed_bath_table,12,1292.14,21.7,3.42
2017-12-01,ES,christmas_supplies,1,24.42,17.0,
2017-12-01,ES,computers,1,648.03,25.0,1.0
2017-12-01,ES,computers_accessories,3,213.76,14.3,4.67
2017-12-01,ES,consoles_games,1,66.79,22.0,2.0
2017-12-01,ES,cool_stuff,3,539.47,18.7,4.33
2017-12-01,ES,electronics,2,52.1,13.0,4.5
2017-12-01,ES,fashion_bags_accessories,3,265.3,15.7,5.0
2017-12-01,ES,fashion_shoes,1,75.74,25.0,5.0
2017-12-01,ES,fashion_underwear_beach,1,125.52,16.0,4.0
2017-12-01,ES,flowers,1,74.07,11.0,5.0
2017-12-01,ES,food,1,164.1,14.0,5.0
2017-12-01,ES,food_drink,2,115.44,17.5,4.5
2017-12-01,ES,furniture_decor,12,1426.3,22.9,4.54
2017-12-01,ES,furniture_living_room,2,317.28,25.3,5.0
2017-12-01,ES,garden_tools,3,709.33,21.0,5.0
2017-12-01,ES,health_beauty,6,619.41,19.5,4.33
2017-12-01,ES,home_appliances_2,1,143.15,22.0,4.0
2017-12-01,ES,home_construction,1,69.54,12.0,5.0
2017-12-01,ES,housewares,4,479.92,28.2,2.2
2017-12-01,ES,luggage_accessories,1,103.73,14.0,5.0
2017-12-01,ES,musical_instruments,2,200.7,13.0,4.0
2017-12-01,ES,perfumery,5,540.7,20.2,4.6
2017-12-01,ES,pet_shop,2,192.23,16.0,4.5
2017-12-01,ES,sports_leisure,6,692.31,19.0,4.83
2017-12-01,ES,stationery,2,407.68,16.5,5.0
2017-12-01,ES,telephony,4,199.46,18.2,4.0
2017-12-01,ES,toys,4,707.73,16.8,3.75
2017-12-01,ES,watches_gifts,8,1753.9,21.5,4.38
2017-12-01,GO,(unknown),3,489.02,24.3,5.0
2017-12-01,GO,auto,6,490.93,14.3,3.83
2017-12-01,GO,baby,2,1062.02,18.0,5.0
2017-12-01,GO,bed_bath_table,9,1265.01,17.0,4.0
2017-12-01,GO,computers_accessories,4,299.76,20.8,4.5
2017-12-01,GO,consoles_games,1,110.02,10.0,1.0
2017-12-01,GO,cool_stuff,6,924.42,16.0,3.5
2017-12-01,GO,costruction_tools_garden,1,31.71,21.0,4.0
2017-12-01,GO,costruction_tools_tools,1,46.69,20.0,4.0
2017-12-01,GO,drinks,1,61.6,11.0,4.0
2017-12-01,GO,electronics,3,133.85,21.0,2.33
2017-12-01,GO,fashion_bags_accessories,2,98.23,18.5,3.5
2017-12-01,GO,fashion_underwear_beach,1,167.81,18.0,5.0
2017-12-01,GO,furniture_decor,1,95.02,16.0,5.0
2017-12-01,GO,furniture_mattress_and_upholstery,1,147.41,19.0,5.0
2017-12-01,GO,garden_tools,3,866.62,20.7,3.0
2017-12-01,GO,health_beauty,19,2642.62,19.6,3.5
2017-12-01,GO,home_confort,1,109.4,19.0,4.0
2017-12-01,GO,housewares,5,420.53,16.8,4.17
2017-12-01,GO,kitchen_dining_laundry_garden_furniture,1,151.96,13.0,5.0
2017-12-01,GO,luggage_accessories,1,64.1,15.0,5.0
2017-12-01,GO,market_place,1,49.09,23.0,
2017-12-01,GO,perfumery,9,1064.35,15.9,3.7
2017-12-01,GO,pet_shop,2,170.94,19.5,5.0
2017-12-01,GO,signaling_and_security,1,719.15,14.0,5.0
2017-12-01,GO,sports_leisure,11,1553.78,22.0,3.82
2017-12-01,GO,stationery,7,724.21,21.0,3.71
2017-12-01,GO,telephony,10,706.75,17.9,5.0
2017-12-01,GO,toys,7,786.61,18.1,4.29
2017-12-01,GO,watches_gifts,9,2932.87,16.9,4.22
2017-12-01,MA,(unknown),1,83.92,15.0,1.0
2017-12-01,MA,audio,1,636.98,17.0,5.0
2017-12-01,MA,auto,3,501.26,34.3,3.33
2017-12-01,MA,baby,1,146.66,21.0,4.0
2017-12-01,MA,bed_bath_table,3,810.74,25.5,2.5
2017-12-01,MA,computers_accessories,3,396.42,21.7,3.0
2017-12-01,MA,garden_tools,2,286.64,23.0,1.67
2017-12-01,MA,health_beauty,5,915.85,29.0,3.2
2017-12-01,MA,home_construction,1,80.09,23.0,1.0
2017-12-01,MA,housewares,1,337.51,30.0,3.0
2017-12-01,MA,luggage_accessories,1,382.14,17.0,5.0
2017-12-01,MA,musical_instruments,3,738.28,28.3,4.0
2017-12-01,MA,perfumery,1,168.36,25.0,5.0
2017-12-01,MA,pet_shop,1,78.69,20.0,3.0
2017-12-01,MA,sports_leisure,2,403.1,18.5,4.0
2017-12-01,MA,stationery,3,453.86,22.7,3.0
2017-12-01,MA,telephony,5,279.7,22.8,3.6
2017-12-01,MA,toys,3,387.83,24.3,3.0
2017-12-01,MA,watches_gifts,1,193.91,16.0,5.0
2017-12-01,MG,(unknown),11,1441.32,14.6,3.64
2017-12-01,MG,agro_industry_and_commerce,1,442.26,13.0,5.0
2017-12-01,MG,audio,2,156.18,15.0,5.0
2017-12-01,MG,auto,34,8197.1,19.0,3.32
2017-12-01,MG,baby,14,2908.58,17.1,3.71
2017-12-01,MG,bed_bath_table,54,7312.31,15.9,4.25
2017-12-01,MG,books_general_interest,6,543.09,14.3,5.0
2017-12-01,MG,christmas_supplies,4,227.02,18.5,3.75
2017-12-01,MG,computers,1,672.41,17.0,4.0
2017-12-01,MG,computers_accessories,45,6260.19,13.9,4.11
2017-12-01,MG,consoles_games,8,1004.65,12.9,4.75
2017-12-01,MG,construction_tools_construction,2,1994.52,42.3,3.0
2017-12-01,MG,cool_stuff,30,4608.92,12.8,3.95
2017-12-01,MG,costruction_tools_garden,2,268.54,16.0,5.0
2017-12-01,MG,costruction_tools_tools,2,87.96,12.0,4.5
2017-12-01,MG,drinks,2,711.45,26.0,3.0
2017-12-01,MG,dvds_blu_ray,1,135.49,16.0,4.0
2017-12-01,MG,electronics,25,1179.36,13.9,3.45
2017-12-01,MG,fashion_bags_accessories,19,1555.89,8.2,4.14
2017-12-01,MG,fashion_male_clothing,1,55.29,12.0,5.0
2017-12-01,MG,fashion_shoes,3,323.67,13.0,4.33
2017-12-01,MG,fashion_underwear_beach,1,167.81,9.0,5.0
2017-12-01,MG,food,1,143.93,8.0,3.0
2017-12-01,MG,food_drink,2,110.25,7.0,4.5
2017-12-01,MG,furniture_decor,33,3994.15,12.3,4.1
2017-12-01,MG,furniture_living_room,1,355.01,12.0,5.0
2017-12-01,MG,garden_tools,33,4444.0,12.9,4.23
2017-12-01,MG,health_beauty,49,8147.15,14.3,4.24
2017-12-01,MG,home_appliances,1,110.42,20.0,3.0
2017-12-01,MG,home_appliances_2,1,268.13,13.0,5.0
2017-12-01,MG,home_confort,1,189.38,18.0,5.0
2017-12-01,MG,home_construction,1,56.92,6.0,1.0
2017-12-01,MG,housewares,33,3841.03,15.0,3.88
2017-12-01,MG,kitchen_dining_laundry_garden_furniture,3,538.5,9.3,4.33
2017-12-01,MG,luggage_accessories,7,886.48,10.9,3.75
2017-12-01,MG,market_place,1,68.0,9.0,5.0
2017-12-01,MG,musical_instruments,2,2397.65,20.0,4.0
2017-12-01,MG,office_furniture,5,747.29,25.0,3.6
2017-12-01,MG,perfumery,29,4378.73,15.1,4.52
2017-12-01,MG,pet_shop,6,665.61,10.5,4.33
2017-12-01,MG,sports_leisure,54,7338.08,13.8,3.98
2017-12-01,MG,stationery,21,2854.37,12.8,4.58
2017-12-01,MG,telephony,27,1879.61,12.1,3.72
2017-12-01,MG,toys,59,9024.11,14.1,4.27
2017-12-01,MG,watches_gifts,37,13342.13,15.2,3.92
2017-12-01,MS,(unknown),1,137.6,18.0,1.0
2017-12-01,MS,auto,2,720.63,34.0,3.67
2017-12-01,MS,baby,2,302.35,21.0,5.0
2017-12-01,MS,bed_bath_table,4,600.85,22.2,4.8
2017-12-01,MS,books_general_interest,1,131.57,21.0,3.0
2017-12-01,MS,computers_accessories,3,338.12,17.3,5.0
2017-12-01,MS,drinks,1,73.65,17.0,4.0
2017-12-01,MS,fashion_bags_accessories,1,386.79,31.0,2.0
2017-12-01,MS,furniture_decor,1,378.91,7.0,4.0
2017-12-01,MS,health_beauty,5,1002.51,24.6,4.2
2017-12-01,MS,housewares,1,45.69,12.0,5.0
2017-12-01,MS,perfumery,1,72.14,12.0,5.0
2017-12-01,MS,pet_shop,2,323.08,17.0,4.5
2017-12-01,MS,stationery,3,379.51,12.7,5.0
2017-12-01,MS,toys,4,625.88,17.2,3.0
2017-12-01,MS,watches_gifts,2,594.45,13.3,5.0
2017-12-01,MT,(unknown),1,127.99,29.0,1.0
2017-12-01,MT,air_conditioning,1,217.96,11.0,4.0
2017-12-01,MT,auto,4,873.63,19.5,4.75
2017-12-01,MT,baby,2,495.38,20.0,3.0
2017-12-01,MT,bed_bath_table,1,559.92,16.0,1.0
2017-12-01,MT,computers_accessories,4,1531.9,13.0,4.5
2017-12-01,MT,consoles_games,1,379.08,36.0,4.0
2017-12-01,MT,construction_tools_construction,1,87.96,11.0,4.0
2017-12-01,MT,cool_stuff,3,542.88,20.7,5.0
2017-12-01,MT,electronics,1,40.49,33.0,5.0
2017-12-01,MT,furniture_decor,1,108.86,9.0,5.0
2017-12-01,MT,garden_tools,3,330.08,25.7,4.33
2017-12-01,MT,health_beauty,5,424.66,27.2,4.2
2017-12-01,MT,home_appliances,1,188.56,27.0,5.0
2017-12-01,MT,luggage_accessories,2,266.62,24.0,4.5
2017-12-01,MT,office_furniture,1,425.07,80.0,
2017-12-01,MT,perfumery,4,1034.25,21.0,4.0
2017-12-01,MT,small_appliances,1,618.75,26.0,5.0
2017-12-01,MT,sports_leisure,3,319.72,26.7,3.67
2017-12-01,MT,stationery,3,594.28,12.0,4.33
2017-12-01,MT,telephony,2,87.56,21.5,3.0
2017-12-01,MT,toys,4,1207.14,29.0,2.0
2017-12-01,MT,watches_gifts,1,85.69,21.0,5.0
2017-12-01,PA,(unknown),1,133.75,26.0,4.0
2017-12-01,PA,auto,5,829.95,30.0,3.4
2017-12-01,PA,baby,4,820.66,27.5,3.0
2017-12-01,PA,bed_bath_table,4,389.65,29.8,3.75
2017-12-01,PA,books_general_interest,1,31.63,24.0,4.0
2017-12-01,PA,computers_accessories,3,819.87,32.3,5.0
2017-12-01,PA,cool_stuff,4,519.56,24.5,2.67
2017-12-01,PA,electronics,2,182.6,23.5,3.0
2017-12-01,PA,fashion_bags_accessories,2,113.68,25.5,5.0
2017-12-01,PA,fashion_underwear_beach,1,81.02,29.0,4.0
2017-12-01,PA,furniture_decor,2,339.9,34.0,3.0
2017-12-01,PA,garden_tools,1,261.42,30.0,4.0
2017-12-01,PA,health_beauty,7,2655.35,24.1,3.71
2017-12-01,PA,housewares,1,1476.8,13.0,5.0
2017-12-01,PA,perfumery,4,788.53,18.8,4.25
2017-12-01,PA,pet_shop,1,55.74,34.0,4.0
2017-12-01,PA,sports_leisure,3,347.79,38.7,3.0
2017-12-01,PA,stationery,3,155.77,19.0,5.0
2017-12-01,PA,telephony,4,833.96,24.2,3.83
2017-12-01,PA,toys,3,382.33,25.7,4.33
2017-12-01,PA,watches_gifts,3,1162.44,24.3,4.67
2017-12-01,PB,(unknown),1,144.65,12.0,5.0
2017-12-01,PB,auto,2,714.48,32.5,3.0
2017-12-01,PB,baby,1,135.22,47.0,1.0
2017-12-01,PB,bed_bath_table,3,323.22,24.7,4.67
2017-12-01,PB,books_general_interest,1,195.84,19.0,5.0
2017-12-01,PB,computers,2,1315.26,22.5,3.0
2017-12-01,PB,computers_accessories,4,610.26,20.5,3.67
2017-12-01,PB,construction_tools_safety,1,165.62,17.0,4.0
2017-12-01,PB,cool_stuff,1,267.92,20.0,5.0
2017-12-01,PB,fashion_bags_accessories,1,168.36,14.0,4.0
2017-12-01,PB,furniture_decor,1,60.42,23.0,5.0
2017-12-01,PB,garden_tools,1,96.96,24.0,5.0
2017-12-01,PB,health_beauty,4,553.31,14.3,4.0
2017-12-01,PB,housewares,2,576.38,21.7,1.0
2017-12-01,PB,perfumery,2,150.88,18.0,5.0
2017-12-01,PB,pet_shop,1,74.05,24.0,3.0
2017-12-01,PB,sports_leisure,3,533.94,15.0,4.0
2017-12-01,PB,stationery,2,433.4,17.0,4.5
2017-12-01,PB,toys,1,169.5,44.0,1.0
2017-12-01,PB,watches_gifts,3,326.58,19.7,3.33
2017-12-01,PE,(unknown),1,141.13,17.0,4.0
2017-12-01,PE,agro_industry_and_commerce,1,485.76,13.0,5.0
2017-12-01,PE,audio,1,98.23,24.0,5.0
2017-12-01,PE,auto,3,986.33,18.3,2.0
2017-12-01,PE,baby,5,693.06,22.4,4.2
2017-12-01,PE,bed_bath_table,6,585.08,25.1,5.0
2017-12-01,PE,books_general_interest,1,157.84,18.0,5.0
2017-12-01,PE,computers,1,657.63,26.0,4.0
2017-12-01,PE,computers_accessories,6,1151.72,21.7,4.33
2017-12-01,PE,consoles_games,3,265.41,20.3,4.67
2017-12-01,PE,construction_tools_construction,1,631.59,30.0,4.0
2017-12-01,PE,construction_tools_safety,1,229.8,19.0,4.0
2017-12-01,PE,cool_stuff,4,1293.46,26.5,4.5
2017-12-01,PE,electronics,2,144.96,12.0,4.5
2017-12-01,PE,fashion_bags_accessories,3,373.46,17.0,4.67
2017-12-01,PE,furniture_decor,4,496.85,15.9,2.14
2017-12-01,PE,garden_tools,3,323.82,23.5,4.75
2017-12-01,PE,health_beauty,11,2399.88,21.0,4.21
2017-12-01,PE,home_confort,1,328.16,18.0,5.0
2017-12-01,PE,home_construction,2,703.52,15.5,4.0
2017-12-01,PE,housewares,3,269.74,18.3,4.33
2017-12-01,PE,kitchen_dining_laundry_garden_furniture,1,450.24,27.0,4.0
2017-12-01,PE,office_furniture,2,242.02,53.5,3.0
2017-12-01,PE,perfumery,3,303.66,11.8,3.0
2017-12-01,PE,pet_shop,1,630.95,20.0,2.0
2017-12-01,PE,sports_leisure,12,2349.88,23.6,3.43
2017-12-01,PE,stationery,6,731.54,14.3,4.83
2017-12-01,PE,telephony,6,394.39,18.7,4.5
2017-12-01,PE,toys,4,1251.77,29.8,3.6
2017-12-01,PE,watches_gifts,3,385.25,19.7,2.67
2017-12-01,PI,agro_industry_and_commerce,1,301.76,11.0,3.0
2017-12-01,PI,bed_bath_table,1,240.09,13.0,1.0
2017-12-01,PI,computers_accessories,1,54.28,22.0,5.0
2017-12-01,PI,cool_stuff,3,552.38,21.3,5.0
2017-12-01,PI,electronics,2,103.5,22.0,5.0
2017-12-01,PI,health_beauty,1,107.9,19.0,4.0
2017-12-01,PI,home_construction,1,356.51,38.0,5.0
2017-12-01,PI,market_place,1,108.73,24.0,5.0
2017-12-01,PI,sports_leisure,3,297.14,14.0,4.67
2017-12-01,PI,stationery,3,708.13,14.8,5.0
2017-12-01,PI,telephony,2,107.28,30.5,4.0
2017-12-01,PI,toys,2,377.22,22.5,4.5
2017-12-01,PI,watches_gifts,2,193.56,25.0,4.0
2017-12-01,PR,(unknown),5,544.5,10.4,4.2
2017-12-01,PR,auto,11,1271.2,16.3,4.0
2017-12-01,PR,baby,7,900.05,12.0,4.29
2017-12-01,PR,bed_bath_table,21,2242.45,12.6,3.17
2017-12-01,PR,books_general_interest,2,233.06,9.5,5.0
2017-12-01,PR,books_imported,1,92.29,13.0,4.0
2017-12-01,PR,books_technical,1,146.47,26.0,1.0
2017-12-01,PR,christmas_supplies,1,23.2,19.0,5.0
2017-12-01,PR,computers_accessories,13,1677.09,17.6,4.64
2017-12-01,PR,consoles_games,1,39.6,19.0,4.0
2017-12-01,PR,construction_tools_construction,1,112.73,19.0,5.0
2017-12-01,PR,cool_stuff,9,1662.99,11.8,4.67
2017-12-01,PR,electronics,11,458.77,12.3,4.36
2017-12-01,PR,fashion_bags_accessories,8,846.5,11.3,4.38
2017-12-01,PR,fashion_shoes,1,102.74,20.0,5.0
2017-12-01,PR,fashion_underwear_beach,1,75.07,28.0,1.0
2017-12-01,PR,food_drink,1,72.62,23.0,4.0
2017-12-01,PR,furniture_decor,13,3290.46,15.9,2.93
2017-12-01,PR,furniture_living_room,1,171.48,15.0,5.0
2017-12-01,PR,garden_tools,14,2016.28,15.2,4.23
2017-12-01,PR,health_beauty,22,2192.08,12.1,4.5
2017-12-01,PR,home_appliances,1,46.5,9.0,5.0
2017-12-01,PR,home_confort,2,167.87,9.5,3.5
2017-12-01,PR,home_construction,2,637.97,12.0,3.33
2017-12-01,PR,housewares,7,740.23,12.6,2.91
2017-12-01,PR,luggage_accessories,1,116.36,8.0,4.0
2017-12-01,PR,musical_instruments,4,278.52,29.8,3.5
2017-12-01,PR,office_furniture,1,161.65,34.0,4.0
2017-12-01,PR,party_supplies,1,273.27,7.0,5.0
2017-12-01,PR,perfumery,14,1479.17,10.6,4.36
2017-12-01,PR,pet_shop,5,412.5,22.2,4.2
2017-12-01,PR,small_appliances,1,206.06,3.0,5.0
2017-12-01,PR,sports_leisure,20,4560.13,17.4,4.0
2017-12-01,PR,stationery,9,991.5,17.6,3.9
2017-12-01,PR,telephony,12,521.5,9.3,4.33
2017-12-01,PR,toys,20,2980.1,15.6,3.79
2017-12-01,PR,watches_gifts,16,3349.45,16.6,4.44
2017-12-01,RJ,(unknown),31,4619.32,20.9,3.43
2017-12-01,RJ,agro_industry_and_commerce,1,2315.83,19.0,5.0
2017-12-01,RJ,air_conditioning,1,315.9,5.0,4.0
2017-12-01,RJ,audio,2,269.28,28.0,2.0
2017-12-01,RJ,auto,20,5046.55,21.5,3.5
2017-12-01,RJ,baby,21,2756.68,31.3,2.55
2017-12-01,RJ,bed_bath_table,76,11307.21,24.6,2.98
2017-12-01,RJ,books_general_interest,3,180.82,22.7,3.33
2017-12-01,RJ,computers,5,4707.88,18.2,3.33
2017-12-01,RJ,computers_accessories,31,8245.04,24.4,3.83
2017-12-01,RJ,consoles_games,10,1189.45,23.5,3.8
2017-12-01,RJ,construction_tools_construction,6,2163.42,26.3,2.67
2017-12-01,RJ,construction_tools_lights,1,107.91,18.0,3.0
2017-12-01,RJ,construction_tools_safety,1,418.17,10.0,5.0
2017-12-01,RJ,cool_stuff,37,7279.96,24.9,3.5
2017-12-01,RJ,costruction_tools_garden,1,523.31,38.0,1.0
2017-12-01,RJ,drinks,5,337.66,17.4,4.0
2017-12-01,RJ,electronics,33,2872.98,20.7,3.46
2017-12-01,RJ,fashion_bags_accessories,11,912.77,18.0,3.58
2017-12-01,RJ,fashion_shoes,1,218.35,32.0,5.0
2017-12-01,RJ,fashion_underwear_beach,2,245.91,16.5,3.5
2017-12-01,RJ,fixed_telephony,1,55.69,15.0,5.0
2017-12-01,RJ,food_drink,2,99.64,14.0,4.5
2017-12-01,RJ,furniture_bedroom,1,230.75,17.0,5.0
2017-12-01,RJ,furniture_decor,29,3998.89,18.6,3.52
2017-12-01,RJ,furniture_living_room,4,1233.96,18.3,4.33
2017-12-01,RJ,furniture_mattress_and_upholstery,1,74.21,7.0,2.0
2017-12-01,RJ,garden_tools,43,5493.87,23.6,3.52
2017-12-01,RJ,health_beauty,47,8544.84,14.1,3.73
2017-12-01,RJ,home_appliances,2,286.78,49.5,2.5
2017-12-01,RJ,home_appliances_2,2,500.61,33.0,2.0
2017-12-01,RJ,home_confort,2,658.68,28.5,3.0
2017-12-01,RJ,home_construction,2,161.2,24.0,3.67
2017-12-01,RJ,housewares,22,2549.15,19.1,3.0
2017-12-01,RJ,industry_commerce_and_business,1,196.6,28.0,1.0
2017-12-01,RJ,kitchen_dining_laundry_garden_furniture,1,390.32,17.0,3.0
2017-12-01,RJ,luggage_accessories,3,434.55,21.0,4.67
2017-12-01,RJ,musical_instruments,7,2639.41,25.3,3.17
2017-12-01,RJ,office_furniture,8,2125.16,30.4,2.07
2017-12-01,RJ,perfumery,27,3849.88,17.8,3.54
2017-12-01,RJ,pet_shop,6,688.1,27.8,2.83
2017-12-01,RJ,small_appliances,3,1344.94,21.3,4.0
2017-12-01,RJ,sports_leisure,57,9750.0,19.7,3.72
2017-12-01,RJ,stationery,43,6362.23,24.1,3.08
2017-12-01,RJ,telephony,21,2050.06,16.9,4.18
2017-12-01,RJ,toys,72,11571.6,21.4,3.47
2017-12-01,RJ,watches_gifts,44,9299.08,20.6,3.32
2017-12-01,RN,(unknown),1,144.65,12.0,5.0
2017-12-01,RN,auto,1,639.98,42.0,5.0
2017-12-01,RN,bed_bath_table,1,188.32,25.0,5.0
2017-12-01,RN,books_general_interest,7,338.16,4.9,5.0
2017-12-01,RN,cool_stuff,3,503.65,16.7,4.67
2017-12-01,RN,electronics,1,159.89,22.0,4.0
2017-12-01,RN,garden_tools,1,154.17,28.0,5.0
2017-12-01,RN,health_beauty,3,300.78,19.7,4.33
2017-12-01,RN,musical_instruments,1,148.22,15.0,4.0
2017-12-01,RN,perfumery,1,177.34,15.0,5.0
2017-12-01,RN,pet_shop,1,101.77,26.0,4.0
2017-12-01,RN,sports_leisure,3,604.53,17.2,4.8
2017-12-01,RN,stationery,1,187.59,28.0,4.0
2017-12-01,RN,telephony,2,152.0,27.0,2.0
2017-12-01,RN,toys,3,297.45,12.3,4.67
2017-12-01,RO,bed_bath_table,1,51.05,21.0,3.0
2017-12-01,RO,fashion_bags_accessories,1,168.1,28.0,4.0
2017-12-01,RO,furniture_decor,2,162.73,18.0,3.0
2017-12-01,RO,health_beauty,1,107.9,16.0,5.0
2017-12-01,RO,luggage_accessories,1,288.38,21.0,2.0
2017-12-01,RO,musical_instruments,1,62.57,26.0,5.0
2017-12-01,RO,sports_leisure,1,102.18,24.0,5.0
2017-12-01,RO,stationery,1,147.31,32.0,2.0
2017-12-01,RO,telephony,1,41.04,16.0,4.0
2017-12-01,RO,toys,1,1279.1,11.0,5.0
2017-12-01,RS,(unknown),6,969.99,19.7,5.0
2017-12-01,RS,auto,7,1889.11,23.4,3.57
2017-12-01,RS,baby,11,1622.83,18.0,4.33
2017-12-01,RS,bed_bath_table,22,2447.52,22.4,3.32
2017-12-01,RS,books_general_interest,2,178.56,10.5,5.0
2017-12-01,RS,books_technical,1,142.64,29.0,5.0
2017-12-01,RS,computers,2,1362.84,35.0,5.0
2017-12-01,RS,computers_accessories,10,1126.86,20.6,4.6
2017-12-01,RS,consoles_games,5,1072.04,22.6,3.8
2017-12-01,RS,construction_tools_construction,1,319.25,34.0,5.0
2017-12-01,RS,construction_tools_safety,1,41.35,28.0,3.0
2017-12-01,RS,cool_stuff,16,3805.15,23.3,3.94
2017-12-01,RS,costruction_tools_tools,1,58.65,28.0,1.0
2017-12-01,RS,drinks,1,57.6,18.0,5.0
2017-12-01,RS,electronics,13,1067.56,17.2,3.92
2017-12-01,RS,fashion_bags_accessories,8,1317.1,20.4,4.11
2017-12-01,RS,flowers,1,38.91,30.0,5.0
2017-12-01,RS,food_drink,2,229.87,18.0,5.0
2017-12-01,RS,furniture_decor,18,2106.8,20.2,4.24
2017-12-01,RS,garden_tools,16,2650.82,23.4,3.19
2017-12-01,RS,health_beauty,17,5190.17,13.7,4.44
2017-12-01,RS,home_construction,1,511.37,36.0,5.0
2017-12-01,RS,housewares,14,2555.05,17.9,3.67
2017-12-01,RS,industry_commerce_and_business,4,1420.1,16.3,3.75
2017-12-01,RS,kitchen_dining_laundry_garden_furniture,1,135.56,3.0,5.0
2017-12-01,RS,luggage_accessories,1,112.89,15.0,5.0
2017-12-01,RS,market_place,1,27.1,28.0,5.0
2017-12-01,RS,musical_instruments,1,44.11,17.0,3.0
2017-12-01,RS,office_furniture,2,616.61,25.5,3.5
2017-12-01,RS,perfumery,8,1382.15,18.3,3.56
2017-12-01,RS,small_appliances,2,2158.71,1.0,4.5
2017-12-01,RS,sports_leisure,21,3671.51,25.2,3.83
2017-12-01,RS,stationery,7,946.67,15.7,2.33
2017-12-01,RS,telephony,11,1311.8,15.3,3.73
2017-12-01,RS,toys,27,3714.7,18.4,3.79
2017-12-01,RS,watches_gifts,17,2492.84,16.6,4.18
2017-12-01,SC,(unknown),2,203.6,18.5,4.5
2017-12-01,SC,audio,1,617.93,9.0,5.0
2017-12-01,SC,auto,9,1673.43,17.0,4.22
2017-12-01,SC,baby,1,76.18,14.0,5.0
2017-12-01,SC,bed_bath_table,13,1269.22,20.7,4.0
2017-12-01,SC,books_general_interest,1,93.99,13.0,1.0
2017-12-01,SC,computers_accessories,8,884.65,16.1,4.5
2017-12-01,SC,consoles_games,4,339.06,20.0,4.25
2017-12-01,SC,construction_tools_safety,1,396.35,5.0,1.0
2017-12-01,SC,cool_stuff,11,1986.92,16.5,4.0
2017-12-01,SC,costruction_tools_tools,1,220.54,24.0,5.0
2017-12-01,SC,drinks,3,212.9,16.0,4.33
2017-12-01,SC,electronics,10,442.48,15.7,4.0
2017-12-01,SC,fashion_bags_accessories,5,493.47,26.2,4.0
2017-12-01,SC,furniture_decor,9,1581.19,21.1,3.5
2017-12-01,SC,garden_tools,8,2262.3,21.0,3.62
2017-12-01,SC,health_beauty,12,1142.16,20.0,3.62
2017-12-01,SC,home_construction,2,486.32,11.5,4.5
2017-12-01,SC,housewares,6,1172.04,18.3,4.0
2017-12-01,SC,kitchen_dining_laundry_garden_furniture,1,407.19,34.0,5.0
2017-12-01,SC,luggage_accessories,1,147.15,17.0,5.0
2017-12-01,SC,musical_instruments,1,150.29,4.0,5.0
2017-12-01,SC,office_furniture,2,499.35,17.0,4.0
2017-12-01,SC,perfumery,9,1060.58,18.6,4.11
2017-12-01,SC,pet_shop,3,347.45,11.7,5.0
2017-12-01,SC,small_appliances,3,615.09,18.7,4.67
2017-12-01,SC,sports_leisure,20,4208.6,20.7,3.83
2017-12-01,SC,stationery,8,769.31,17.3,4.63
2017-12-01,SC,telephony,10,432.81,17.3,3.78
2017-12-01,SC,toys,13,1686.01,12.6,4.85
2017-12-01,SC,watches_gifts,14,2660.07,13.2,4.47
2017-12-01,SE,auto,1,111.43,18.0,5.0
2017-12-01,SE,bed_bath_table,1,132.94,52.0,2.0
2017-12-01,SE,cool_stuff,1,96.33,12.0,4.0
2017-12-01,SE,electronics,1,86.1,15.0,4.0
2017-12-01,SE,food,1,37.34,25.0,5.0
2017-12-01,SE,furniture_decor,2,465.38,32.0,4.25
2017-12-01,SE,garden_tools,2,578.16,23.7,5.0
2017-12-01,SE,health_beauty,2,494.82,22.0,5.0
2017-12-01,SE,home_construction,1,449.92,27.0,3.0
2017-12-01,SE,housewares,1,204.84,32.0,2.0
2017-12-01,SE,musical_instruments,1,155.36,28.0,5.0
2017-12-01,SE,pet_shop,1,81.38,19.0,5.0
2017-12-01,SE,sports_leisure,1,270.45,18.0,5.0
2017-12-01,SE,telephony,2,151.96,21.0,5.0
2017-12-01,SE,watches_gifts,2,735.51,26.5,4.5
2017-12-01,SP,(unknown),57,6893.4,9.3,3.35
2017-12-01,SP,agro_industry_and_commerce,5,2118.43,11.7,4.71
2017-12-01,SP,air_conditioning,1,188.48,13.0,5.0
2017-12-01,SP,art,2,86.6,7.5,5.0
2017-12-01,SP,audio,9,1088.36,10.0,4.11
2017-12-01,SP,auto,105,16666.62,9.6,4.33
2017-12-01,SP,baby,49,7595.92,10.8,4.22
2017-12-01,SP,bed_bath_table,217,26393.66,10.7,4.13
2017-12-01,SP,books_general_interest,10,794.31,10.5,4.9
2017-12-01,SP,books_imported,1,84.79,8.0,3.0
2017-12-01,SP,books_technical,1,292.5,10.0,5.0
2017-12-01,SP,cds_dvds_musicals,1,74.94,9.0,5.0
2017-12-01,SP,christmas_supplies,5,285.45,10.2,4.8
2017-12-01,SP,computers,2,2045.47,24.0,3.0
2017-12-01,SP,computers_accessories,90,16128.45,11.4,3.9
2017-12-01,SP,consoles_games,47,5135.63,13.6,4.32
2017-12-01,SP,construction_tools_construction,10,1257.03,10.4,3.86
2017-12-01,SP,construction_tools_lights,1,98.55,27.0,5.0
2017-12-01,SP,construction_tools_safety,2,274.17,6.5,5.0
2017-12-01,SP,cool_stuff,80,14576.04,10.0,4.28
2017-12-01,SP,costruction_tools_garden,1,123.05,2.0,5.0
2017-12-01,SP,costruction_tools_tools,1,43.98,15.0,5.0
2017-12-01,SP,diapers_and_hygiene,1,99.7,16.0,1.0
2017-12-01,SP,drinks,18,1119.55,7.2,4.19
2017-12-01,SP,electronics,63,3792.78,8.6,4.39
2017-12-01,SP,fashion_bags_accessories,50,3691.38,8.5,4.06
2017-12-01,SP,fashion_male_clothing,2,146.98,14.5,3.5
2017-12-01,SP,fashion_shoes,6,683.47,14.6,4.0
2017-12-01,SP,fashion_underwear_beach,6,496.48,9.8,4.83
2017-12-01,SP,fixed_telephony,3,369.35,9.7,4.33
2017-12-01,SP,food,7,552.48,8.4,4.57
2017-12-01,SP,food_drink,8,581.36,10.6,4.9
2017-12-01,SP,furniture_decor,157,17563.93,10.2,4.06
2017-12-01,SP,furniture_living_room,5,567.44,13.8,4.6
2017-12-01,SP,furniture_mattress_and_upholstery,5,608.45,5.6,4.8
2017-12-01,SP,garden_tools,86,10888.9,12.6,4.08
2017-12-01,SP,health_beauty,162,25027.31,9.4,4.38
2017-12-01,SP,home_appliances,9,606.04,11.1,4.33
2017-12-01,SP,home_appliances_2,4,1360.56,8.3,5.0
2017-12-01,SP,home_confort,7,1186.09,11.3,3.71
2017-12-01,SP,home_construction,13,3184.29,10.3,4.11
2017-12-01,SP,housewares,126,14118.96,9.7,4.21
2017-12-01,SP,industry_commerce_and_business,4,393.16,8.5,4.5
2017-12-01,SP,kitchen_dining_laundry_garden_furniture,8,3191.25,9.3,3.45
2017-12-01,SP,luggage_accessories,23,3833.29,10.8,4.58
2017-12-01,SP,market_place,9,631.34,8.2,3.89
2017-12-01,SP,musical_instruments,14,4483.23,10.4,4.07
2017-12-01,SP,office_furniture,14,2791.94,21.5,3.94
2017-12-01,SP,party_supplies,1,276.65,11.0,5.0
2017-12-01,SP,perfumery,90,11377.61,9.7,4.42
2017-12-01,SP,pet_shop,33,4373.75,10.8,4.4
2017-12-01,SP,signaling_and_security,1,123.29,1.0,5.0
2017-12-01,SP,small_appliances,15,3054.42,9.6,3.81
2017-12-01,SP,sports_leisure,183,27262.98,9.4,4.31
2017-12-01,SP,stationery,90,10244.95,10.2,4.39
2017-12-01,SP,tablets_printing_image,6,475.02,5.5,4.67
2017-12-01,SP,telephony,95,5108.0,8.4,4.24
2017-12-01,SP,toys,159,20614.75,10.8,4.12
2017-12-01,SP,watches_gifts,136,27299.7,8.1,4.28
2017-12-01,TO,auto,2,138.9,16.5,4.5
2017-12-01,TO,bed_bath_table,1,122.58,24.0,1.0
2017-12-01,TO,cool_stuff,1,274.12,12.0,4.0
2017-12-01,TO,fashion_bags_accessories,1,105.86,14.0,5.0
2017-12-01,TO,furniture_decor,1,70.15,30.0,5.0
2017-12-01,TO,health_beauty,1,207.79,11.0,5.0
2017-12-01,TO,housewares,2,131.17,15.0,5.0
2017-12-01,TO,musical_instruments,1,71.05,27.0,4.0
2017-12-01,TO,perfumery,1,214.56,21.0,5.0
2017-12-01,TO,sports_leisure,1,95.67,24.0,3.0
2017-12-01,TO,watches_gifts,2,460.31,19.0,4.5
2018-01-01,AC,books_general_interest,1,162.02,17.0,5.0
2018-01-01,AC,fashion_bags_accessories,1,121.2,15.0,5.0
2018-01-01,AC,furniture_decor,1,141.32,23.0,4.0
2018-01-01,AC,garden_tools,1,548.93,13.0,4.0
2018-01-01,AC,luggage_accessories,1,105.14,25.0,3.0
2018-01-01,AC,musical_instruments,1,79.28,19.0,4.0
2018-01-01,AL,(unknown),1,144.65,46.0,2.0
2018-01-01,AL,auto,1,171.84,37.0,1.0
2018-01-01,AL,bed_bath_table,2,328.58,16.5,4.5
2018-01-01,AL,computers_accessories,2,136.82,15.5,4.0
2018-01-01,AL,consoles_games,1,738.57,34.0,1.0
2018-01-01,AL,cool_stuff,1,179.7,10.0,4.0
2018-01-01,AL,electronics,1,43.05,14.0,5.0
2018-01-01,AL,furniture_decor,2,199.6,22.5,2.0
2018-01-01,AL,garden_tools,1,87.8,31.0,5.0
2018-01-01,AL,health_beauty,4,712.04,34.8,4.25
2018-01-01,AL,home_construction,1,449.92,31.0,4.0
2018-01-01,AL,luggage_accessories,1,381.76,37.0,1.0
2018-01-01,AL,office_furniture,1,398.63,36.0,5.0
2018-01-01,AL,perfumery,1,150.34,41.0,1.0
2018-01-01,AL,pet_shop,1,184.36,29.0,5.0
2018-01-01,AL,sports_leisure,5,827.35,25.4,3.6
2018-01-01,AL,stationery,2,238.5,27.5,3.0
2018-01-01,AL,telephony,6,385.96,25.9,3.86
2018-01-01,AL,toys,1,286.75,34.0,2.0
2018-01-01,AL,watches_gifts,1,247.37,23.0,4.0
2018-01-01,AM,baby,1,420.13,6.0,3.0
2018-01-01,AM,computers_accessories,1,54.28,40.0,4.0
2018-01-01,AM,fixed_telephony,1,41.14,34.0,5.0
2018-01-01,AM,garden_tools,1,1853.75,33.0,4.0
2018-01-01,AM,luggage_accessories,1,371.19,20.0,2.0
2018-01-01,AM,office_furniture,1,83.05,40.0,3.0
2018-01-01,AM,sports_leisure,2,232.03,32.0,3.0
2018-01-01,AM,stationery,1,179.45,31.0,5.0
2018-01-01,AM,telephony,2,122.27,35.5,3.0
2018-01-01,AM,toys,1,76.17,34.0,4.0
2018-01-01,AP,computers_accessories,3,1716.1,26.5,3.5
2018-01-01,AP,electronics,1,34.8,30.0,4.0
2018-01-01,AP,musical_instruments,1,222.71,14.0,5.0
2018-01-01,AP,sports_leisure,2,259.11,28.0,4.5
2018-01-01,AP,telephony,2,132.19,25.0,5.0
2018-01-01,AP,watches_gifts,2,423.83,17.7,2.0
2018-01-01,BA,(unknown),8,1503.63,16.3,2.77
2018-01-01,BA,audio,2,142.25,16.0,3.5
2018-01-01,BA,auto,11,1921.31,21.8,3.1
2018-01-01,BA,baby,8,1237.54,18.4,4.0
2018-01-01,BA,bed_bath_table,5,720.48,21.6,3.0
2018-01-01,BA,books_general_interest,2,152.8,17.5,4.5
2018-01-01,BA,christmas_supplies,3,328.5,20.7,4.33
2018-01-01,BA,computers,1,702.97,4.0,5.0
2018-01-01,BA,computers_accessories,19,2688.05,18.0,2.91
2018-01-01,BA,consoles_games,1,144.33,21.0,5.0
2018-01-01,BA,construction_tools_construction,2,891.54,10.7,3.67
2018-01-01,BA,cool_stuff,13,2119.23,12.2,4.15
2018-01-01,BA,costruction_tools_garden,1,151.14,10.0,5.0
2018-01-01,BA,drinks,1,58.59,29.0,4.0
2018-01-01,BA,electronics,17,1280.86,16.1,4.22
2018-01-01,BA,fashion_bags_accessories,6,859.47,14.5,4.5
2018-01-01,BA,fashion_shoes,1,118.63,18.0,5.0
2018-01-01,BA,fashion_underwear_beach,1,172.53,12.0,3.0
2018-01-01,BA,fixed_telephony,1,43.69,42.0,1.0
2018-01-01,BA,furniture_decor,13,1881.24,18.5,3.94
2018-01-01,BA,furniture_living_room,1,55.21,18.0,3.0
2018-01-01,BA,garden_tools,10,3423.82,28.9,4.0
2018-01-01,BA,health_beauty,14,4299.18,16.6,4.21
2018-01-01,BA,home_appliances,1,64.38,12.0,1.0
2018-01-01,BA,home_construction,1,1206.34,22.0,5.0
2018-01-01,BA,housewares,9,1142.88,22.6,4.0
2018-01-01,BA,musical_instruments,6,1121.08,15.5,4.83
2018-01-01,BA,office_furniture,5,1420.02,47.4,3.91
2018-01-01,BA,perfumery,2,144.55,19.5,4.0
2018-01-01,BA,pet_shop,5,535.3,14.5,4.0
2018-01-01,BA,signaling_and_security,1,45.78,11.0,5.0
2018-01-01,BA,small_appliances,1,86.8,23.0,5.0
2018-01-01,BA,sports_leisure,17,6972.24,17.1,3.7
2018-01-01,BA,stationery,10,1155.38,21.6,4.5
2018-01-01,BA,telephony,14,789.86,22.5,3.38
2018-01-01,BA,toys,2,483.17,18.5,3.5
2018-01-01,BA,watches_gifts,13,3429.82,14.7,4.14
2018-01-01,CE,(unknown),1,347.77,19.0,5.0
2018-01-01,CE,auto,2,446.68,18.0,4.0
2018-01-01,CE,baby,2,233.61,24.5,4.0
2018-01-01,CE,bed_bath_table,3,404.63,21.5,3.75
2018-01-01,CE,books_general_interest,1,142.11,12.0,5.0
2018-01-01,CE,computers_accessories,5,929.81,33.0,3.6
2018-01-01,CE,construction_tools_safety,1,209.05,24.0,1.0
2018-01-01,CE,cool_stuff,2,531.24,12.3,2.33
2018-01-01,CE,costruction_tools_garden,1,42.23,20.0,4.0
2018-01-01,CE,drinks,2,231.18,25.7,5.0
2018-01-01,CE,electronics,5,301.96,18.0,4.6
2018-01-01,CE,fashion_bags_accessories,3,192.99,22.3,4.67
2018-01-01,CE,food_drink,1,53.24,16.0,3.0
2018-01-01,CE,furniture_decor,6,895.87,27.9,4.14
2018-01-01,CE,garden_tools,1,147.13,16.0,5.0
2018-01-01,CE,health_beauty,11,2525.94,28.9,3.42
2018-01-01,CE,home_construction,1,613.85,24.0,1.0
2018-01-01,CE,housewares,3,1956.94,11.6,2.63
2018-01-01,CE,kitchen_dining_laundry_garden_furniture,1,221.8,37.0,3.0
2018-01-01,CE,musical_instruments,2,994.14,14.5,5.0
2018-01-01,CE,perfumery,1,82.28,6.0,1.0
2018-01-01,CE,pet_shop,1,38.88,23.0,5.0
2018-01-01,CE,small_appliances,1,333.54,22.0,5.0
2018-01-01,CE,sports_leisure,3,314.48,13.0,5.0
2018-01-01,CE,stationery,5,702.72,48.0,2.5
2018-01-01,CE,telephony,6,311.71,18.5,4.83
2018-01-01,CE,watches_gifts,7,1551.48,21.3,4.14
2018-01-01,DF,(unknown),5,526.96,11.2,4.8
2018-01-01,DF,audio,3,392.17,17.0,5.0
2018-01-01,DF,auto,9,1764.37,7.3,4.78
2018-01-01,DF,baby,3,181.84,22.0,3.67
2018-01-01,DF,bed_bath_table,17,2201.94,14.8,3.78
2018-01-01,DF,computers_accessories,11,1125.27,8.9,4.67
2018-01-01,DF,cool_stuff,4,345.65,9.3,3.5
2018-01-01,DF,costruction_tools_garden,1,144.56,23.0,5.0
2018-01-01,DF,electronics,5,421.62,20.2,3.5
2018-01-01,DF,fashion_bags_accessories,2,93.3,22.5,3.5
2018-01-01,DF,furniture_decor,8,1088.79,9.3,4.67
2018-01-01,DF,garden_tools,1,121.0,13.0,3.0
2018-01-01,DF,health_beauty,11,1082.63,12.5,4.64
2018-01-01,DF,home_appliances_2,1,939.11,12.0,5.0
2018-01-01,DF,home_confort,1,89.0,9.0,4.0
2018-01-01,DF,housewares,6,596.97,14.1,3.13
2018-01-01,DF,luggage_accessories,4,756.99,11.3,4.0
2018-01-01,DF,market_place,1,42.03,14.0,5.0
2018-01-01,DF,office_furniture,2,637.29,33.5,3.0
2018-01-01,DF,perfumery,6,828.99,8.7,4.14
2018-01-01,DF,pet_shop,4,1494.75,9.6,3.0
2018-01-01,DF,small_appliances,2,423.32,14.0,5.0
2018-01-01,DF,sports_leisure,7,1583.93,8.0,2.21
2018-01-01,DF,stationery,6,621.64,18.5,3.8
2018-01-01,DF,telephony,6,307.52,15.5,3.33
2018-01-01,DF,toys,3,239.6,12.7,3.33
2018-01-01,DF,watches_gifts,7,2344.11,11.9,4.75
2018-01-01,ES,(unknown),1,85.01,14.0,5.0
2018-01-01,ES,air_conditioning,1,216.15,8.0,4.0
2018-01-01,ES,auto,8,1365.41,17.2,3.0
2018-01-01,ES,baby,3,1507.54,22.3,3.67
2018-01-01,ES,bed_bath_table,14,1687.97,17.6,4.69
2018-01-01,ES,books_technical,2,456.12,11.5,5.0
2018-01-01,ES,christmas_supplies,1,136.96,15.0,4.0
2018-01-01,ES,computers_accessories,10,1281.75,17.7,4.0
2018-01-01,ES,cool_stuff,10,2430.81,18.5,4.85
2018-01-01,ES,electronics,11,980.26,17.7,4.18
2018-01-01,ES,fashion_bags_accessories,5,380.46,18.4,4.6
2018-01-01,ES,fashion_shoes,1,102.74,15.0,5.0
2018-01-01,ES,food_drink,1,57.72,8.0,5.0
2018-01-01,ES,furniture_decor,8,746.71,14.3,3.5
2018-01-01,ES,garden_tools,4,373.21,13.3,4.5
2018-01-01,ES,health_beauty,4,681.84,11.0,4.6
2018-01-01,ES,home_construction,1,110.2,22.0,5.0
2018-01-01,ES,housewares,5,845.39,16.6,4.2
2018-01-01,ES,luggage_accessories,2,1102.65,17.5,5.0
2018-01-01,ES,musical_instruments,2,677.56,28.5,2.0
2018-01-01,ES,office_furniture,2,330.46,49.5,3.0
2018-01-01,ES,perfumery,1,25.7,7.0,5.0
2018-01-01,ES,pet_shop,1,147.27,19.0,2.0
2018-01-01,ES,small_appliances,1,581.11,19.0,4.0
2018-01-01,ES,sports_leisure,13,2163.37,15.1,4.0
2018-01-01,ES,stationery,10,1269.11,16.0,4.1
2018-01-01,ES,telephony,10,954.27,13.8,4.6
2018-01-01,ES,toys,5,535.25,15.4,4.6
2018-01-01,ES,watches_gifts,8,2295.22,11.1,4.88
2018-01-01,GO,(unknown),7,993.4,15.3,4.14
2018-01-01,GO,auto,4,319.09,14.8,3.75
2018-01-01,GO,baby,6,863.91,15.6,3.5
2018-01-01,GO,bed_bath_table,11,1300.11,18.5,3.19
2018-01-01,GO,books_general_interest,1,172.01,14.0,2.0
2018-01-01,GO,books_technical,1,185.59,18.0,5.0
2018-01-01,GO,computers_accessories,10,1165.2,15.5,4.18
2018-01-01,GO,cool_stuff,6,755.24,13.3,3.67
2018-01-01,GO,costruction_tools_garden,2,171.39,12.5,4.5
2018-01-01,GO,costruction_tools_tools,1,170.19,20.0,5.0
2018-01-01,GO,drinks,1,175.48,9.0,4.0
2018-01-01,GO,electronics,5,146.1,10.8,4.8
2018-01-01,GO,fashion_bags_accessories,3,280.17,10.0,4.67
2018-01-01,GO,fashion_male_clothing,1,76.08,18.0,3.0
2018-01-01,GO,food,1,150.14,23.0,3.0
2018-01-01,GO,furniture_decor,10,1560.46,18.0,3.64
2018-01-01,GO,furniture_living_room,1,213.76,12.0,5.0
2018-01-01,GO,garden_tools,2,257.34,18.5,5.0
2018-01-01,GO,health_beauty,12,1743.97,12.4,4.21
2018-01-01,GO,home_appliances_2,1,53.0,13.0,4.0
2018-01-01,GO,home_confort,1,271.58,7.0,5.0
2018-01-01,GO,housewares,3,159.1,11.7,4.0
2018-01-01,GO,industry_commerce_and_business,2,502.43,17.5,5.0
2018-01-01,GO,luggage_accessories,1,41.09,9.0,5.0
2018-01-01,GO,office_furniture,3,363.16,27.0,4.33
2018-01-01,GO,perfumery,3,529.08,14.7,4.0
2018-01-01,GO,small_appliances,3,1945.06,24.3,4.0
2018-01-01,GO,sports_leisure,13,1870.26,15.2,4.25
2018-01-01,GO,stationery,7,1513.64,20.4,4.11
2018-01-01,GO,telephony,9,357.63,14.0,4.11
2018-01-01,GO,toys,3,302.95,11.0,4.67
2018-01-01,GO,watches_gifts,10,1553.57,19.5,4.0
2018-01-01,MA,auto,3,374.16,20.3,3.67
2018-01-01,MA,bed_bath_table,1,263.65,26.0,5.0
2018-01-01,MA,computers_accessories,6,1257.21,20.8,4.33
2018-01-01,MA,construction_tools_construction,1,71.14,11.0,5.0
2018-01-01,MA,cool_stuff,2,388.37,15.0,4.5
2018-01-01,MA,electronics,1,34.8,10.0,5.0
2018-01-01,MA,fashion_bags_accessories,1,212.99,20.0,5.0
2018-01-01,MA,furniture_decor,3,745.46,18.0,5.0
2018-01-01,MA,garden_tools,1,87.8,14.0,4.0
2018-01-01,MA,health_beauty,6,1659.03,21.2,3.78
2018-01-01,MA,housewares,2,294.95,25.0,5.0
2018-01-01,MA,musical_instruments,1,99.13,29.0,5.0
2018-01-01,MA,office_furniture,2,555.34,34.0,3.67
2018-01-01,MA,perfumery,1,173.77,15.0,5.0
2018-01-01,MA,pet_shop,1,177.52,22.0,4.0
2018-01-01,MA,sports_leisure,5,1208.48,20.1,1.44
2018-01-01,MA,stationery,4,534.89,22.3,3.5
2018-01-01,MA,telephony,5,632.71,18.0,3.4
2018-01-01,MA,toys,2,625.52,13.5,5.0
2018-01-01,MA,watches_gifts,7,1693.71,13.9,5.0
2018-01-01,MG,(unknown),18,2253.26,13.0,4.83
2018-01-01,MG,agro_industry_and_commerce,1,442.26,7.0,5.0
2018-01-01,MG,audio,2,240.07,8.0,5.0
2018-01-01,MG,auto,34,6883.29,12.4,4.28
2018-01-01,MG,baby,29,3389.58,16.2,3.33
2018-01-01,MG,bed_bath_table,91,12033.71,12.0,3.85
2018-01-01,MG,books_general_interest,4,258.0,9.8,4.5
2018-01-01,MG,books_imported,1,79.2,10.0,5.0
2018-01-01,MG,books_technical,1,102.36,12.0,3.0
2018-01-01,MG,computers,2,1326.82,10.0,5.0
2018-01-01,MG,computers_accessories,79,13352.61,12.6,3.92
2018-01-01,MG,consoles_games,9,2389.97,22.4,4.5
2018-01-01,MG,construction_tools_construction,5,567.3,10.8,3.0
2018-01-01,MG,construction_tools_safety,2,936.38,13.5,2.5
2018-01-01,MG,cool_stuff,28,3019.45,10.8,4.47
2018-01-01,MG,costruction_tools_tools,3,149.65,9.7,3.67
2018-01-01,MG,drinks,2,145.29,14.5,5.0
2018-01-01,MG,electronics,30,2409.91,13.5,3.08
2018-01-01,MG,fashion_bags_accessories,17,1530.03,15.8,4.35
2018-01-01,MG,fashion_male_clothing,1,270.98,15.0,5.0
2018-01-01,MG,fashion_shoes,2,149.43,28.0,1.5
2018-01-01,MG,fashion_underwear_beach,2,245.91,8.5,4.0
2018-01-01,MG,flowers,1,65.42,6.0,5.0
2018-01-01,MG,food_drink,1,27.69,33.0,2.0
2018-01-01,MG,furniture_decor,60,8389.05,11.7,4.26
2018-01-01,MG,furniture_living_room,2,197.66,9.5,4.5
2018-01-01,MG,furniture_mattress_and_upholstery,1,137.35,9.0,5.0
2018-01-01,MG,garden_tools,27,5177.36,11.4,4.53
2018-01-01,MG,health_beauty,58,8860.26,11.4,4.44
2018-01-01,MG,home_appliances,5,639.02,10.8,4.2
2018-01-01,MG,home_appliances_2,2,788.53,19.0,4.5
2018-01-01,MG,home_confort,2,970.09,14.5,5.0
2018-01-01,MG,home_construction,2,527.43,14.5,5.0
2018-01-01,MG,housewares,40,7060.71,12.9,4.28
2018-01-01,MG,industry_commerce_and_business,1,212.09,10.0,5.0
2018-01-01,MG,kitchen_dining_laundry_garden_furniture,2,430.92,11.7,5.0
2018-01-01,MG,luggage_accessories,23,4756.87,8.4,4.36
2018-01-01,MG,market_place,2,118.61,13.0,5.0
2018-01-01,MG,musical_instruments,7,2033.09,8.7,4.0
2018-01-01,MG,office_furniture,11,2847.98,27.3,2.71
2018-01-01,MG,perfumery,29,3465.74,13.8,4.28
2018-01-01,MG,pet_shop,11,2040.68,12.1,4.5
2018-01-01,MG,small_appliances,5,2328.52,17.0,3.4
2018-01-01,MG,sports_leisure,70,13093.85,12.8,4.09
2018-01-01,MG,stationery,41,5683.67,11.4,4.33
2018-01-01,MG,telephony,37,2636.64,15.4,3.9
2018-01-01,MG,toys,11,1224.63,11.0,4.33
2018-01-01,MG,watches_gifts,35,7110.9,10.2,4.32
2018-01-01,MS,(unknown),2,166.0,17.5,5.0
2018-01-01,MS,art,1,151.39,23.0,3.0
2018-01-01,MS,baby,4,381.1,15.0,4.25
2018-01-01,MS,bed_bath_table,3,296.37,14.7,5.0
2018-01-01,MS,computers,1,690.68,19.0,4.0
2018-01-01,MS,computers_accessories,6,524.5,12.9,4.43
2018-01-01,MS,cool_stuff,3,1726.37,14.8,4.5
2018-01-01,MS,drinks,2,127.2,21.0,4.0
2018-01-01,MS,electronics,3,401.72,17.5,4.75
2018-01-01,MS,fashion_bags_accessories,2,91.09,20.5,5.0
2018-01-01,MS,flowers,1,46.3,9.0,5.0
2018-01-01,MS,furniture_decor,3,581.23,18.3,5.0
2018-01-01,MS,garden_tools,3,422.12,14.7,5.0
2018-01-01,MS,health_beauty,4,1235.15,15.0,4.0
2018-01-01,MS,home_appliances,1,29.1,14.0,5.0
2018-01-01,MS,home_appliances_2,1,115.0,18.0,5.0
2018-01-01,MS,housewares,2,247.63,15.5,4.5
2018-01-01,MS,luggage_accessories,2,472.82,10.0,3.5
2018-01-01,MS,market_place,1,43.22,3.0,1.0
2018-01-01,MS,musical_instruments,1,187.53,23.0,3.0
2018-01-01,MS,perfumery,4,249.17,14.5,4.83
2018-01-01,MS,pet_shop,1,98.99,10.0,5.0
2018-01-01,MS,small_appliances,1,76.09,13.0,5.0
2018-01-01,MS,sports_leisure,8,2730.28,19.6,4.1
2018-01-01,MS,stationery,4,744.04,17.2,3.5
2018-01-01,MS,telephony,2,198.68,10.0,3.0
2018-01-01,MS,toys,4,643.13,9.8,4.25
2018-01-01,MS,watches_gifts,1,220.88,14.0,5.0
2018-01-01,MT,(unknown),2,215.55,20.0,4.0
2018-01-01,MT,air_conditioning,1,103.38,17.0,1.0
2018-01-01,MT,auto,5,803.14,18.8,3.2
2018-01-01,MT,baby,4,534.59,20.0,4.75
2018-01-01,MT,bed_bath_table,4,990.52,20.8,3.5
2018-01-01,MT,computers_accessories,2,121.59,15.5,5.0
2018-01-01,MT,consoles_games,1,49.29,20.0,5.0
2018-01-01,MT,construction_tools_construction,1,1403.66,27.0,3.0
2018-01-01,MT,cool_stuff,4,420.57,16.0,5.0
2018-01-01,MT,electronics,2,83.22,15.0,3.0
2018-01-01,MT,fashion_male_clothing,1,183.85,19.0,1.0
2018-01-01,MT,furniture_decor,6,630.38,17.7,3.5
2018-01-01,MT,garden_tools,4,407.29,21.2,4.8
2018-01-01,MT,health_beauty,8,1623.52,20.3,3.7
2018-01-01,MT,housewares,3,453.94,18.7,5.0
2018-01-01,MT,market_place,1,103.33,16.0,4.0
2018-01-01,MT,office_furniture,1,271.63,38.0,5.0
2018-01-01,MT,perfumery,3,316.19,20.0,3.33
2018-01-01,MT,pet_shop,1,209.46,13.0,5.0
2018-01-01,MT,small_appliances,1,445.5,21.0,5.0
2018-01-01,MT,sports_leisure,8,1317.26,24.0,3.89
2018-01-01,MT,stationery,5,1039.17,20.2,4.5
2018-01-01,MT,telephony,12,571.12,16.3,4.57
2018-01-01,MT,toys,1,88.05,13.0,5.0
2018-01-01,MT,watches_gifts,2,380.07,14.5,4.5
2018-01-01,PA,(unknown),5,638.18,24.8,3.4
2018-01-01,PA,agro_industry_and_commerce,1,465.23,18.0,5.0
2018-01-01,PA,auto,4,1416.39,31.3,3.5
2018-01-01,PA,baby,4,1097.7,27.3,3.75
2018-01-01,PA,bed_bath_table,6,615.52,24.3,4.67
2018-01-01,PA,computers,2,1549.7,30.5,3.0
2018-01-01,PA,computers_accessories,6,2130.45,25.6,3.25
2018-01-01,PA,cool_stuff,1,101.9,12.0,4.0
2018-01-01,PA,costruction_tools_tools,1,52.63,32.0,
2018-01-01,PA,electronics,3,906.88,14.7,4.67
2018-01-01,PA,fashion_bags_accessories,1,69.05,20.0,5.0
2018-01-01,PA,fashion_underwear_beach,1,85.6,31.0,4.0
2018-01-01,PA,furniture_decor,4,966.91,30.3,4.0
2018-01-01,PA,garden_tools,1,78.65,24.0,5.0
2018-01-01,PA,health_beauty,2,527.21,37.0,4.0
2018-01-01,PA,housewares,1,411.35,28.0,1.0
2018-01-01,PA,musical_instruments,1,84.69,14.0,5.0
2018-01-01,PA,office_furniture,1,200.33,44.0,2.0
2018-01-01,PA,perfumery,4,531.48,23.3,3.75
2018-01-01,PA,pet_shop,1,193.47,27.0,4.0
2018-01-01,PA,small_appliances,1,223.88,17.0,4.0
2018-01-01,PA,sports_leisure,5,2071.0,34.4,3.29
2018-01-01,PA,stationery,2,347.93,18.0,4.5
2018-01-01,PA,telephony,5,324.73,24.0,2.5
2018-01-01,PA,watches_gifts,6,1642.94,18.8,4.0
2018-01-01,PB,(unknown),2,235.71,20.5,5.0
2018-01-01,PB,baby,1,100.21,39.0,5.0
2018-01-01,PB,computers_accessories,4,489.73,21.3,4.5
2018-01-01,PB,cool_stuff,1,525.46,21.0,5.0
2018-01-01,PB,electronics,2,1959.55,16.0,5.0
2018-01-01,PB,fixed_telephony,1,1437.1,35.0,5.0
2018-01-01,PB,furniture_decor,1,441.62,25.0,4.0
2018-01-01,PB,garden_tools,1,87.8,14.0,5.0
2018-01-01,PB,health_beauty,4,927.85,14.3,4.75
2018-01-01,PB,luggage_accessories,1,90.9,31.0,5.0
2018-01-01,PB,pet_shop,1,151.7,34.0,1.0
2018-01-01,PB,sports_leisure,4,537.02,24.0,4.0
2018-01-01,PB,stationery,4,697.98,26.2,4.4
2018-01-01,PB,telephony,3,228.56,15.0,3.5
2018-01-01,PB,toys,1,111.33,13.0,5.0
2018-01-01,PE,(unknown),3,774.66,13.5,3.0
2018-01-01,PE,agro_industry_and_commerce,1,997.37,30.0,5.0
2018-01-01,PE,auto,3,533.54,18.0,3.33
2018-01-01,PE,baby,4,805.99,35.8,3.75
2018-01-01,PE,bed_bath_table,3,337.4,26.3,3.0
2018-01-01,PE,books_technical,1,91.99,14.0,5.0
2018-01-01,PE,computers_accessories,7,2003.57,14.6,4.5
2018-01-01,PE,cool_stuff,4,523.45,13.8,4.5
2018-01-01,PE,electronics,3,96.44,12.3,4.67
2018-01-01,PE,fashion_bags_accessories,3,153.2,14.7,4.67
2018-01-01,PE,flowers,1,145.12,16.0,
2018-01-01,PE,food,1,53.53,12.0,4.0
2018-01-01,PE,food_drink,1,43.62,13.0,5.0
2018-01-01,PE,furniture_decor,6,999.3,22.7,4.29
2018-01-01,PE,garden_tools,3,214.24,15.3,3.67
2018-01-01,PE,health_beauty,13,3172.35,20.4,3.92
2018-01-01,PE,housewares,6,653.76,17.1,5.0
2018-01-01,PE,luggage_accessories,1,138.15,14.0,5.0
2018-01-01,PE,musical_instruments,1,108.86,9.0,4.0
2018-01-01,PE,office_furniture,2,390.96,43.0,4.0
2018-01-01,PE,pet_shop,1,77.04,11.0,1.0
2018-01-01,PE,sports_leisure,4,2126.65,21.0,4.0
2018-01-01,PE,stationery,6,702.67,16.0,4.5
2018-01-01,PE,telephony,18,1369.98,19.3,4.11
2018-01-01,PE,toys,1,121.49,12.0,5.0
2018-01-01,PE,watches_gifts,5,562.83,22.0,3.0
2018-01-01,PI,(unknown),2,116.73,30.0,2.5
2018-01-01,PI,audio,1,54.05,8.0,3.0
2018-01-01,PI,auto,3,570.72,27.3,2.33
2018-01-01,PI,baby,1,98.56,25.0,5.0
2018-01-01,PI,bed_bath_table,4,610.63,13.3,5.0
2018-01-01,PI,computers_accessories,6,1113.23,24.7,4.17
2018-01-01,PI,consoles_games,1,46.05,24.0,3.0
2018-01-01,PI,costruction_tools_garden,2,214.07,13.0,5.0
2018-01-01,PI,electronics,2,96.08,14.5,4.5
2018-01-01,PI,furniture_decor,1,361.2,12.0,5.0
2018-01-01,PI,health_beauty,5,589.48,19.8,3.8
2018-01-01,PI,home_confort,2,511.65,16.5,4.5
2018-01-01,PI,home_construction,1,77.4,15.0,5.0
2018-01-01,PI,industry_commerce_and_business,2,194.25,12.5,5.0
2018-01-01,PI,office_furniture,1,325.75,30.0,5.0
2018-01-01,PI,perfumery,1,35.14,23.0,1.0
2018-01-01,PI,pet_shop,1,40.38,14.0,5.0
2018-01-01,PI,sports_leisure,4,2471.63,16.8,4.2
2018-01-01,PI,stationery,3,452.0,19.7,4.33
2018-01-01,PI,telephony,2,113.19,16.0,3.5
2018-01-01,PI,watches_gifts,2,485.09,13.5,3.5
2018-01-01,PR,(unknown),10,1061.55,15.1,3.91
2018-01-01,PR,agro_industry_and_commerce,2,466.1,12.0,4.5
2018-01-01,PR,air_conditioning,3,633.94,11.0,4.67
2018-01-01,PR,art,1,161.46,15.0,5.0
2018-01-01,PR,audio,1,206.74,14.0,5.0
2018-01-01,PR,auto,6,1489.42,27.5,3.2
2018-01-01,PR,baby,12,2373.74,14.2,4.08
2018-01-01,PR,bed_bath_table,30,3532.54,14.4,3.77
2018-01-01,PR,books_general_interest,3,233.87,12.0,5.0
2018-01-01,PR,computers_accessories,24,3680.71,12.8,4.28
2018-01-01,PR,consoles_games,3,525.04,19.3,3.33
2018-01-01,PR,construction_tools_construction,4,639.84,11.0,4.75
2018-01-01,PR,cool_stuff,15,2820.38,10.8,4.53
2018-01-01,PR,costruction_tools_garden,1,424.82,14.0,3.0
2018-01-01,PR,drinks,2,137.25,21.0,4.0
2018-01-01,PR,electronics,24,1062.22,12.5,3.56
2018-01-01,PR,fashion_bags_accessories,6,410.56,17.4,3.63
2018-01-01,PR,fashion_shoes,1,70.22,6.0,5.0
2018-01-01,PR,food_drink,1,52.59,6.0,5.0
2018-01-01,PR,furniture_decor,21,3344.95,12.7,3.62
2018-01-01,PR,furniture_living_room,1,75.16,21.0,5.0
2018-01-01,PR,garden_tools,10,1676.25,17.4,4.09
2018-01-01,PR,health_beauty,30,4280.1,11.5,4.15
2018-01-01,PR,home_appliances,1,180.9,32.0,3.0
2018-01-01,PR,home_appliances_2,1,1118.05,10.0,4.0
2018-01-01,PR,home_confort,1,224.39,20.0,1.0
2018-01-01,PR,home_construction,2,162.84,16.0,4.5
2018-01-01,PR,housewares,16,2679.9,17.7,3.53
2018-01-01,PR,luggage_accessories,5,677.3,13.6,5.0
2018-01-01,PR,musical_instruments,1,90.66,6.0,2.0
2018-01-01,PR,office_furniture,5,1551.27,36.6,2.67
2018-01-01,PR,perfumery,11,687.53,11.8,4.75
2018-01-01,PR,pet_shop,1,134.05,19.0,1.0
2018-01-01,PR,signaling_and_security,1,149.23,14.0,4.0
2018-01-01,PR,small_appliances,2,330.96,7.5,4.5
2018-01-01,PR,sports_leisure,35,4129.97,12.1,4.24
2018-01-01,PR,stationery,23,2637.94,15.1,4.87
2018-01-01,PR,telephony,31,1321.09,13.2,4.03
2018-01-01,PR,toys,12,1464.34,9.7,4.33
2018-01-01,PR,watches_gifts,13,5075.28,11.8,2.31
2018-01-01,RJ,(unknown),11,1638.38,12.0,2.94
2018-01-01,RJ,agro_industry_and_commerce,2,401.2,10.8,5.0
2018-01-01,RJ,air_conditioning,7,2784.79,22.0,3.7
2018-01-01,RJ,art,4,672.14,21.0,4.25
2018-01-01,RJ,audio,3,681.08,20.3,3.67
2018-01-01,RJ,auto,17,2188.04,17.3,3.35
2018-01-01,RJ,baby,28,4448.36,26.4,2.97
2018-01-01,RJ,bed_bath_table,98,13081.74,18.2,3.72
2018-01-01,RJ,books_general_interest,6,419.9,18.7,4.83
2018-01-01,RJ,books_imported,1,96.32,11.0,5.0
2018-01-01,RJ,books_technical,2,81.1,15.0,5.0
2018-01-01,RJ,computers,2,1308.82,13.0,5.0
2018-01-01,RJ,computers_accessories,85,13431.61,18.8,3.81
2018-01-01,RJ,consoles_games,5,1076.53,24.6,4.0
2018-01-01,RJ,construction_tools_construction,6,2454.73,17.7,3.0
2018-01-01,RJ,cool_stuff,38,7784.35,18.5,3.55
2018-01-01,RJ,costruction_tools_garden,5,2298.07,16.9,4.29
2018-01-01,RJ,costruction_tools_tools,1,208.48,8.0,1.0
2018-01-01,RJ,drinks,7,703.67,15.6,2.67
2018-01-01,RJ,electronics,52,3512.63,15.2,3.95
2018-01-01,RJ,fashion_bags_accessories,9,1321.92,14.2,4.0
2018-01-01,RJ,fixed_telephony,1,32.09,11.0,1.0
2018-01-01,RJ,flowers,2,75.61,20.0,3.0
2018-01-01,RJ,food,2,128.02,89.5,1.0
2018-01-01,RJ,food_drink,2,100.51,14.5,5.0
2018-01-01,RJ,furniture_decor,49,7752.25,21.1,3.58
2018-01-01,RJ,furniture_living_room,5,824.42,12.4,4.8
2018-01-01,RJ,garden_tools,35,4657.54,18.2,3.3
2018-01-01,RJ,health_beauty,60,7392.21,15.4,3.93
2018-01-01,RJ,home_appliances,4,387.32,15.4,4.4
2018-01-01,RJ,home_appliances_2,1,2152.92,4.0,5.0
2018-01-01,RJ,home_construction,1,110.0,43.0,1.0
2018-01-01,RJ,housewares,36,5863.26,16.2,3.88
2018-01-01,RJ,industry_commerce_and_business,1,127.05,17.0,5.0
2018-01-01,RJ,kitchen_dining_laundry_garden_furniture,3,460.8,18.7,3.33
2018-01-01,RJ,luggage_accessories,12,1980.42,19.2,3.83
2018-01-01,RJ,music,1,40.07,9.0,5.0
2018-01-01,RJ,musical_instruments,1,619.86,14.0,5.0
2018-01-01,RJ,office_furniture,17,4500.97,38.4,3.43
2018-01-01,RJ,party_supplies,1,84.63,8.0,2.0
2018-01-01,RJ,perfumery,26,2964.41,9.8,3.89
2018-01-01,RJ,pet_shop,4,915.36,13.0,5.0
2018-01-01,RJ,small_appliances,7,3441.89,17.0,4.38
2018-01-01,RJ,sports_leisure,68,11678.93,17.1,3.72
2018-01-01,RJ,stationery,43,5484.27,22.8,3.71
2018-01-01,RJ,telephony,24,1586.86,16.1,3.58
2018-01-01,RJ,toys,23,3160.34,23.3,3.52
2018-01-01,RJ,watches_gifts,43,11025.68,13.8,4.05
2018-01-01,RN,audio,1,224.12,13.0,5.0
2018-01-01,RN,baby,1,150.89,7.0,5.0
2018-01-01,RN,bed_bath_table,4,1007.31,21.0,4.6
2018-01-01,RN,books_general_interest,10,507.24,4.2,4.92
2018-01-01,RN,computers_accessories,3,599.47,20.0,5.0
2018-01-01,RN,construction_tools_construction,2,709.95,31.0,2.0
2018-01-01,RN,cool_stuff,2,479.57,12.0,4.5
2018-01-01,RN,electronics,1,62.28,19.0,5.0
2018-01-01,RN,food_drink,1,68.0,10.0,4.0
2018-01-01,RN,furniture_decor,2,360.78,15.5,4.0
2018-01-01,RN,garden_tools,1,87.8,19.0,4.0
2018-01-01,RN,health_beauty,4,889.8,19.5,4.25
2018-01-01,RN,perfumery,3,550.0,19.7,3.67
2018-01-01,RN,sports_leisure,1,215.55,8.0,5.0
2018-01-01,RN,stationery,2,264.41,23.0,4.5
2018-01-01,RN,toys,2,320.07,22.5,5.0
2018-01-01,RN,watches_gifts,2,336.31,19.3,5.0
2018-01-01,RO,auto,2,163.61,18.5,4.5
2018-01-01,RO,bed_bath_table,1,129.92,19.0,5.0
2018-01-01,RO,christmas_supplies,1,120.05,17.0,5.0
2018-01-01,RO,computers_accessories,2,348.28,18.0,3.0
2018-01-01,RO,cool_stuff,3,709.78,20.0,3.67
2018-01-01,RO,electronics,1,47.8,24.0,5.0
2018-01-01,RO,furniture_decor,1,192.45,22.0,5.0
2018-01-01,RO,health_beauty,1,159.52,17.0,4.0
2018-01-01,RO,industry_commerce_and_business,1,127.9,24.0,4.0
2018-01-01,RO,office_furniture,2,690.23,44.0,3.33
2018-01-01,RO,small_appliances,1,125.15,30.0,5.0
2018-01-01,RO,sports_leisure,1,75.08,45.0,1.0
2018-01-01,RO,stationery,1,99.15,15.0,5.0
2018-01-01,RO,telephony,2,101.18,26.5,5.0
2018-01-01,RR,sports_leisure,1,162.79,25.0,3.0
2018-01-01,RS,(unknown),8,912.34,17.6,3.88
2018-01-01,RS,agro_industry_and_commerce,1,243.35,8.0,5.0
2018-01-01,RS,art,1,85.24,21.0,1.0
2018-01-01,RS,auto,13,1670.41,18.9,4.54
2018-01-01,RS,baby,12,1988.97,20.8,3.5
2018-01-01,RS,bed_bath_table,38,5183.27,19.8,3.58
2018-01-01,RS,books_general_interest,4,306.62,14.8,5.0
2018-01-01,RS,christmas_supplies,2,327.62,20.3,2.33
2018-01-01,RS,computers,1,710.22,14.0,3.0
2018-01-01,RS,computers_accessories,26,3558.84,15.7,3.87
2018-01-01,RS,consoles_games,2,447.89,29.5,4.5
2018-01-01,RS,construction_tools_construction,1,319.53,19.0,5.0
2018-01-01,RS,construction_tools_safety,2,271.33,16.3,4.67
2018-01-01,RS,cool_stuff,18,2782.7,19.5,3.8
2018-01-01,RS,costruction_tools_garden,2,81.72,13.5,4.5
2018-01-01,RS,costruction_tools_tools,2,114.18,27.0,5.0
2018-01-01,RS,drinks,2,127.2,24.5,3.5
2018-01-01,RS,electronics,21,1063.74,16.0,3.91
2018-01-01,RS,fashion_bags_accessories,3,269.12,13.7,5.0
2018-01-01,RS,fashion_male_clothing,1,58.6,11.0,5.0
2018-01-01,RS,fixed_telephony,1,93.3,18.0,5.0
2018-01-01,RS,flowers,1,38.91,14.0,5.0
2018-01-01,RS,furniture_bedroom,1,230.75,17.0,1.0
2018-01-01,RS,furniture_decor,28,3905.17,17.6,4.03
2018-01-01,RS,garden_tools,14,3171.24,20.3,3.71
2018-01-01,RS,health_beauty,34,4161.99,19.0,4.28
2018-01-01,RS,home_appliances,1,69.06,17.0,1.0
2018-01-01,RS,home_confort,2,298.32,21.5,2.5
2018-01-01,RS,home_construction,2,829.29,14.5,4.0
2018-01-01,RS,housewares,15,1613.92,20.4,4.53
2018-01-01,RS,industry_commerce_and_business,1,131.05,12.0,5.0
2018-01-01,RS,kitchen_dining_laundry_garden_furniture,3,998.21,15.7,4.33
2018-01-01,RS,luggage_accessories,5,1149.81,15.4,3.0
2018-01-01,RS,musical_instruments,2,2221.66,19.0,5.0
2018-01-01,RS,office_furniture,6,1325.46,33.1,3.0
2018-01-01,RS,party_supplies,1,85.63,23.0,5.0
2018-01-01,RS,perfumery,17,2484.83,18.9,4.35
2018-01-01,RS,pet_shop,3,328.16,23.0,4.0
2018-01-01,RS,small_appliances,1,522.14,35.0,4.0
2018-01-01,RS,sports_leisure,26,3770.09,16.4,3.8
2018-01-01,RS,stationery,20,2819.47,21.8,4.15
2018-01-01,RS,telephony,13,634.06,17.6,3.85
2018-01-01,RS,toys,5,929.09,14.8,4.6
2018-01-01,RS,watches_gifts,10,2858.9,21.3,3.36
2018-01-01,SC,(unknown),12,1602.14,20.4,3.25
2018-01-01,SC,audio,1,83.22,14.0,5.0
2018-01-01,SC,auto,10,1380.56,14.6,4.18
2018-01-01,SC,baby,12,1762.77,18.1,3.85
2018-01-01,SC,bed_bath_table,21,3566.74,21.7,3.3
2018-01-01,SC,christmas_supplies,1,103.05,6.0,5.0
2018-01-01,SC,computers_accessories,21,4139.76,21.5,3.68
2018-01-01,SC,consoles_games,2,288.56,24.5,4.5
2018-01-01,SC,construction_tools_safety,1,273.22,25.0,4.0
2018-01-01,SC,cool_stuff,12,1756.29,17.0,4.42
2018-01-01,SC,costruction_tools_garden,1,101.84,27.0,4.0
2018-01-01,SC,drinks,1,73.65,6.0,5.0
2018-01-01,SC,dvds_blu_ray,1,46.05,22.0,5.0
2018-01-01,SC,electronics,13,589.85,16.5,3.79
2018-01-01,SC,fashion_bags_accessories,6,756.39,19.3,4.5
2018-01-01,SC,fashion_shoes,1,308.33,19.0,5.0
2018-01-01,SC,fashion_sport,1,75.07,14.0,5.0
2018-01-01,SC,food,2,107.72,22.5,4.5
2018-01-01,SC,furniture_decor,25,3171.39,19.9,3.5
2018-01-01,SC,furniture_living_room,1,82.73,10.0,5.0
2018-01-01,SC,furniture_mattress_and_upholstery,1,137.35,22.0,5.0
2018-01-01,SC,garden_tools,13,1944.9,18.1,3.06
2018-01-01,SC,health_beauty,19,3026.77,19.9,3.81
2018-01-01,SC,home_appliances,1,29.1,5.0,5.0
2018-01-01,SC,home_confort,1,41.5,14.0,4.0
2018-01-01,SC,home_construction,2,213.91,5.0,4.0
2018-01-01,SC,housewares,19,2664.76,23.8,3.57
2018-01-01,SC,industry_commerce_and_business,1,128.02,14.0,3.0
2018-01-01,SC,kitchen_dining_laundry_garden_furniture,2,292.29,19.0,4.5
2018-01-01,SC,luggage_accessories,3,388.24,22.3,3.33
2018-01-01,SC,musical_instruments,3,816.02,4.7,4.67
2018-01-01,SC,office_furniture,5,1334.72,36.3,2.57
2018-01-01,SC,perfumery,8,992.03,24.1,3.44
2018-01-01,SC,pet_shop,6,820.1,15.0,3.86
2018-01-01,SC,small_appliances,1,208.08,27.0,5.0
2018-01-01,SC,sports_leisure,28,4384.79,17.7,3.84
2018-01-01,SC,stationery,13,1496.4,20.8,4.83
2018-01-01,SC,telephony,15,692.81,22.7,3.73
2018-01-01,SC,toys,11,2249.28,12.7,4.0
2018-01-01,SC,watches_gifts,16,2738.86,18.6,4.19
2018-01-01,SE,(unknown),1,70.57,17.0,5.0
2018-01-01,SE,auto,1,203.3,14.0,5.0
2018-01-01,SE,bed_bath_table,1,168.18,24.0,5.0
2018-01-01,SE,computers_accessories,3,524.34,23.0,4.33
2018-01-01,SE,cool_stuff,2,872.38,19.5,3.0
2018-01-01,SE,electronics,1,249.67,41.0,1.0
2018-01-01,SE,garden_tools,2,175.6,14.0,4.5
2018-01-01,SE,health_beauty,1,860.95,9.0,5.0
2018-01-01,SE,luggage_accessories,1,75.59,14.0,5.0
2018-01-01,SE,perfumery,1,75.63,20.0,5.0
2018-01-01,SE,sports_leisure,2,210.09,17.0,4.5
2018-01-01,SE,telephony,2,125.28,20.5,5.0
2018-01-01,SE,watches_gifts,1,77.69,17.0,5.0
2018-01-01,SP,(unknown),72,10635.49,10.7,3.44
2018-01-01,SP,agro_industry_and_commerce,7,3281.0,14.6,3.86
2018-01-01,SP,air_conditioning,10,1439.26,12.0,4.54
2018-01-01,SP,art,12,1793.98,9.6,3.33
2018-01-01,SP,audio,11,2209.69,8.1,3.73
2018-01-01,SP,auto,106,17287.94,8.0,4.38
2018-01-01,SP,baby,73,13060.56,12.7,4.23
2018-01-01,SP,bed_bath_table,330,41498.53,8.8,4.02
2018-01-01,SP,books_general_interest,8,436.75,10.5,5.0
2018-01-01,SP,books_imported,4,473.15,5.8,3.25
2018-01-01,SP,books_technical,9,501.67,5.7,4.89
2018-01-01,SP,christmas_supplies,1,88.28,13.0,5.0
2018-01-01,SP,cine_photo,2,223.78,3.5,5.0
2018-01-01,SP,computers,2,1357.36,14.5,4.0
2018-01-01,SP,computers_accessories,232,38438.73,10.3,3.87
2018-01-01,SP,consoles_games,25,2438.82,9.6,4.13
2018-01-01,SP,construction_tools_construction,18,4567.07,10.1,4.68
2018-01-01,SP,construction_tools_lights,6,2554.77,7.1,4.14
2018-01-01,SP,construction_tools_safety,3,734.78,11.3,4.33
2018-01-01,SP,cool_stuff,116,15292.73,7.8,4.26
2018-01-01,SP,costruction_tools_garden,5,875.9,9.8,4.8
2018-01-01,SP,diapers_and_hygiene,1,188.45,11.0,1.0
2018-01-01,SP,drinks,19,1168.88,8.9,4.5
2018-01-01,SP,dvds_blu_ray,1,50.53,15.0,5.0
2018-01-01,SP,electronics,115,5847.77,8.5,4.12
2018-01-01,SP,fashio_female_clothing,3,196.48,8.0,5.0
2018-01-01,SP,fashion_bags_accessories,48,3168.96,7.1,4.58
2018-01-01,SP,fashion_male_clothing,1,72.66,10.0,5.0
2018-01-01,SP,fashion_shoes,1,72.96,8.0,5.0
2018-01-01,SP,fashion_sport,1,70.27,4.0,3.0
2018-01-01,SP,fashion_underwear_beach,4,372.98,8.5,5.0
2018-01-01,SP,fixed_telephony,5,986.23,7.8,4.8
2018-01-01,SP,flowers,1,66.9,5.0,4.0
2018-01-01,SP,food,12,640.71,7.8,4.17
2018-01-01,SP,food_drink,2,125.85,7.0,5.0
2018-01-01,SP,furniture_bedroom,4,834.29,9.5,4.25
2018-01-01,SP,furniture_decor,209,28127.24,9.8,4.03
2018-01-01,SP,furniture_living_room,11,1413.01,14.3,4.18
2018-01-01,SP,furniture_mattress_and_upholstery,7,995.7,7.6,4.14
2018-01-01,SP,garden_tools,66,7472.53,10.5,4.48
2018-01-01,SP,health_beauty,256,31641.65,9.8,4.11
2018-01-01,SP,home_appliances,12,847.9,12.0,4.79
2018-01-01,SP,home_appliances_2,5,3942.96,14.8,4.0
2018-01-01,SP,home_confort,8,1029.08,12.1,4.5
2018-01-01,SP,home_construction,13,2325.8,23.5,3.75
2018-01-01,SP,housewares,150,17996.27,10.1,4.19
2018-01-01,SP,industry_commerce_and_business,6,1801.04,8.1,3.67
2018-01-01,SP,kitchen_dining_laundry_garden_furniture,9,3545.2,12.8,4.89
2018-01-01,SP,la_cuisine,1,130.03,9.0,5.0
2018-01-01,SP,luggage_accessories,58,9327.01,7.0,4.28
2018-01-01,SP,market_place,7,739.57,4.6,4.33
2018-01-01,SP,musical_instruments,19,7069.46,12.5,4.32
2018-01-01,SP,office_furniture,37,7692.69,23.4,3.15
2018-01-01,SP,perfumery,85,8605.44,10.6,4.08
2018-01-01,SP,pet_shop,31,4857.93,10.3,4.43
2018-01-01,SP,signaling_and_security,5,1100.96,10.3,3.33
2018-01-01,SP,small_appliances,22,4507.21,8.7,4.55
2018-01-01,SP,small_appliances_home_oven_and_coffee,1,385.13,6.0,5.0
2018-01-01,SP,sports_leisure,242,34685.7,10.0,4.1
2018-01-01,SP,stationery,155,17582.3,10.6,4.44
2018-01-01,SP,tablets_printing_image,3,186.77,19.0,4.33
2018-01-01,SP,telephony,115,6225.64,9.4,3.89
2018-01-01,SP,toys,65,11293.22,9.5,4.01
2018-01-01,SP,watches_gifts,129,32587.06,9.6,4.18
2018-01-01,TO,auto,1,179.46,14.0,5.0
2018-01-01,TO,baby,1,122.15,13.0,5.0
2018-01-01,TO,bed_bath_table,2,272.37,16.0,3.0
2018-01-01,TO,computers_accessories,1,217.21,14.0,4.0
2018-01-01,TO,health_beauty,2,301.45,13.0,3.0
2018-01-01,TO,housewares,1,510.78,21.0,5.0
2018-01-01,TO,pet_shop,1,135.92,18.0,5.0
2018-01-01,TO,sports_leisure,1,252.88,27.0,1.0
2018-01-01,TO,stationery,1,56.79,29.0,5.0
2018-01-01,TO,telephony,2,131.24,23.5,5.0
2018-01-01,TO,toys,1,56.79,18.0,5.0
2018-01-01,TO,watches_gifts,2,544.25,16.5,4.25
2018-02-01,AC,electronics,1,39.03,33.0,5.0
2018-02-01,AC,furniture_decor,1,106.4,17.0,5.0
2018-02-01,AC,housewares,1,153.79,20.0,4.0
2018-02-01,AL,auto,2,1418.34,25.0,4.0
2018-02-01,AL,baby,1,263.24,22.0,3.0
2018-02-01,AL,bed_bath_table,1,38.05,30.0,
2018-02-01,AL,computers_accessories,4,673.02,32.2,1.8
2018-02-01,AL,consoles_games,2,1225.52,34.5,3.0
2018-02-01,AL,electronics,4,195.28,32.0,3.5
2018-02-01,AL,furniture_decor,1,89.08,36.0,1.0
2018-02-01,AL,garden_tools,1,260.42,32.0,2.0
2018-02-01,AL,health_beauty,3,325.42,17.3,5.0
2018-02-01,AL,housewares,2,138.72,19.5,4.5
2018-02-01,AL,luggage_accessories,1,198.14,46.0,1.0
2018-02-01,AL,sports_leisure,2,422.72,23.3,3.67
2018-02-01,AL,telephony,1,51.14,25.0,3.0
2018-02-01,AL,watches_gifts,2,381.76,22.5,3.0
2018-02-01,AM,baby,1,51.14,25.0,5.0
2018-02-01,AM,computers_accessories,2,1265.27,30.7,2.5
2018-02-01,AM,cool_stuff,1,240.87,10.0,4.0
2018-02-01,AM,drinks,1,83.16,41.0,3.0
2018-02-01,AM,home_appliances_2,1,592.49,33.0,5.0
2018-02-01,AM,telephony,1,92.98,46.0,1.0
2018-02-01,AM,watches_gifts,1,160.67,41.0,1.0
2018-02-01,AP,watches_gifts,2,1086.31,22.5,4.0
2018-02-01,BA,(unknown),3,1030.74,18.5,4.5
2018-02-01,BA,air_conditioning,1,207.67,21.0,4.0
2018-02-01,BA,art,1,134.64,20.0,5.0
2018-02-01,BA,auto,7,1410.06,20.0,3.29
2018-02-01,BA,baby,2,301.63,55.0,3.0
2018-02-01,BA,bed_bath_table,21,2729.88,23.7,3.69
2018-02-01,BA,books_technical,3,249.78,15.0,5.0
2018-02-01,BA,cine_photo,1,156.19,12.0,5.0
2018-02-01,BA,computers_accessories,17,3208.58,18.9,4.39
2018-02-01,BA,construction_tools_construction,1,65.79,14.0,4.0
2018-02-01,BA,construction_tools_lights,1,319.9,20.0,3.0
2018-02-01,BA,construction_tools_safety,1,1693.31,17.0,5.0
2018-02-01,BA,cool_stuff,7,1116.38,23.9,3.57
2018-02-01,BA,costruction_tools_garden,1,163.75,31.0,4.0
2018-02-01,BA,electronics,11,641.55,22.5,3.47
2018-02-01,BA,fashion_bags_accessories,2,461.67,15.0,5.0
2018-02-01,BA,fashion_underwear_beach,1,76.76,24.0,5.0
2018-02-01,BA,fixed_telephony,1,3358.24,22.0,2.0
2018-02-01,BA,food,1,149.88,12.0,4.0
2018-02-01,BA,furniture_decor,9,1460.87,28.2,2.42
2018-02-01,BA,furniture_living_room,2,305.22,29.0,3.5
2018-02-01,BA,garden_tools,7,865.81,26.9,2.67
2018-02-01,BA,health_beauty,17,2560.56,22.5,3.33
2018-02-01,BA,home_appliances,4,358.08,23.0,3.5
2018-02-01,BA,home_construction,1,113.44,21.0,4.0
2018-02-01,BA,housewares,10,1531.79,18.0,3.91
2018-02-01,BA,luggage_accessories,5,501.95,22.4,4.2
2018-02-01,BA,musical_instruments,1,55.78,25.0,5.0
2018-02-01,BA,office_furniture,7,4900.59,30.5,2.73
2018-02-01,BA,perfumery,5,374.28,21.4,4.6
2018-02-01,BA,pet_shop,1,160.86,7.0,3.0
2018-02-01,BA,small_appliances,1,86.8,18.0,5.0
2018-02-01,BA,sports_leisure,21,3486.08,28.4,2.92
2018-02-01,BA,stationery,6,417.2,21.3,3.14
2018-02-01,BA,tablets_printing_image,1,141.44,29.0,1.0
2018-02-01,BA,telephony,11,556.66,20.2,4.18
2018-02-01,BA,toys,2,221.81,26.5,3.0
2018-02-01,BA,watches_gifts,14,2780.96,22.1,3.79
2018-02-01,CE,(unknown),1,187.43,41.0,1.0
2018-02-01,CE,agro_industry_and_commerce,1,456.14,16.0,5.0
2018-02-01,CE,auto,6,827.76,27.7,2.17
2018-02-01,CE,baby,5,581.78,38.2,2.2
2018-02-01,CE,bed_bath_table,5,727.29,32.0,1.38
2018-02-01,CE,books_general_interest,1,256.22,23.0,5.0
2018-02-01,CE,christmas_supplies,1,119.45,34.0,4.0
2018-02-01,CE,computers_accessories,7,698.54,35.7,2.86
2018-02-01,CE,electronics,6,279.19,29.0,2.83
2018-02-01,CE,fashion_bags_accessories,2,401.26,33.5,2.5
2018-02-01,CE,furniture_decor,3,575.34,19.6,1.8
2018-02-01,CE,garden_tools,2,443.53,23.0,3.0
2018-02-01,CE,health_beauty,13,2177.9,31.3,3.0
2018-02-01,CE,housewares,2,280.28,35.0,1.5
2018-02-01,CE,office_furniture,1,215.33,58.0,3.0
2018-02-01,CE,perfumery,2,396.57,23.0,3.0
2018-02-01,CE,sports_leisure,5,521.1,22.6,4.0
2018-02-01,CE,telephony,5,317.81,34.0,4.0
2018-02-01,CE,toys,2,175.46,27.5,2.5
2018-02-01,CE,watches_gifts,14,3080.3,33.4,3.06
2018-02-01,DF,(unknown),3,171.74,11.7,5.0
2018-02-01,DF,air_conditioning,1,215.15,16.0,4.0
2018-02-01,DF,auto,8,1895.63,16.6,4.22
2018-02-01,DF,baby,6,1136.5,25.5,3.33
2018-02-01,DF,bed_bath_table,12,1673.88,20.8,3.44
2018-02-01,DF,christmas_supplies,1,106.78,19.0,5.0
2018-02-01,DF,computers_accessories,27,4116.27,23.3,2.91
2018-02-01,DF,consoles_games,1,63.0,4.0,3.0
2018-02-01,DF,cool_stuff,3,275.24,22.0,2.0
2018-02-01,DF,drinks,2,127.2,15.5,5.0
2018-02-01,DF,electronics,6,193.38,13.2,4.17
2018-02-01,DF,fashion_bags_accessories,2,146.33,17.5,4.5
2018-02-01,DF,fashion_underwear_beach,1,75.07,17.0,4.0
2018-02-01,DF,food,2,78.09,15.5,4.5
2018-02-01,DF,furniture_decor,9,1039.58,21.1,4.4
2018-02-01,DF,garden_tools,6,548.91,20.7,4.0
2018-02-01,DF,health_beauty,14,3343.46,14.1,3.94
2018-02-01,DF,home_construction,1,89.75,10.0,1.0
2018-02-01,DF,housewares,5,486.17,18.8,4.0
2018-02-01,DF,industry_commerce_and_business,1,771.78,18.0,5.0
2018-02-01,DF,luggage_accessories,2,195.12,14.3,1.0
2018-02-01,DF,perfumery,6,882.1,17.1,3.86
2018-02-01,DF,pet_shop,1,72.15,8.0,5.0
2018-02-01,DF,signaling_and_security,1,167.82,13.0,5.0
2018-02-01,DF,small_appliances_home_oven_and_coffee,1,793.09,8.0,5.0
2018-02-01,DF,sports_leisure,21,3287.46,18.4,4.48
2018-02-01,DF,stationery,2,303.77,30.5,2.0
2018-02-01,DF,telephony,10,409.98,21.0,3.7
2018-02-01,DF,toys,7,749.11,14.6,4.57
2018-02-01,DF,watches_gifts,8,1477.29,22.0,3.63
2018-02-01,ES,(unknown),1,70.44,26.0,5.0
2018-02-01,ES,audio,2,239.07,20.5,3.5
2018-02-01,ES,auto,5,1206.14,12.0,5.0
2018-02-01,ES,baby,5,427.29,15.0,3.2
2018-02-01,ES,bed_bath_table,15,1966.38,25.5,3.21
2018-02-01,ES,books_technical,1,154.72,14.0,5.0
2018-02-01,ES,computers_accessories,22,3152.59,21.8,3.39
2018-02-01,ES,cool_stuff,4,628.93,27.8,4.5
2018-02-01,ES,drinks,1,63.6,10.0,4.0
2018-02-01,ES,electronics,6,221.02,13.0,4.71
2018-02-01,ES,fashion_bags_accessories,4,288.28,11.8,4.0
2018-02-01,ES,fashion_male_clothing,1,178.5,18.0,5.0
2018-02-01,ES,food,1,43.0,21.0,3.0
2018-02-01,ES,food_drink,1,55.01,25.0,4.0
2018-02-01,ES,furniture_decor,3,546.8,26.0,2.33
2018-02-01,ES,garden_tools,7,927.21,13.4,4.57
2018-02-01,ES,health_beauty,10,1353.47,24.9,2.82
2018-02-01,ES,home_construction,2,107.47,14.0,5.0
2018-02-01,ES,housewares,11,1704.41,17.8,4.93
2018-02-01,ES,market_place,1,177.37,11.0,5.0
2018-02-01,ES,perfumery,1,133.48,10.0,5.0
2018-02-01,ES,pet_shop,2,427.29,24.5,3.0
2018-02-01,ES,signaling_and_security,1,74.07,15.0,3.0
2018-02-01,ES,small_appliances,1,79.9,14.0,5.0
2018-02-01,ES,sports_leisure,14,2709.72,15.9,4.38
2018-02-01,ES,stationery,5,588.15,14.0,4.4
2018-02-01,ES,tablets_printing_image,1,66.11,13.0,4.0
2018-02-01,ES,telephony,8,493.84,21.7,3.44
2018-02-01,ES,toys,3,428.02,14.8,4.0
2018-02-01,ES,watches_gifts,11,1818.7,17.5,4.27
2018-02-01,GO,(unknown),7,1131.92,14.3,4.57
2018-02-01,GO,agro_industry_and_commerce,1,499.69,15.0,4.0
2018-02-01,GO,audio,1,608.88,24.0,4.0
2018-02-01,GO,auto,6,982.04,18.3,3.67
2018-02-01,GO,baby,1,769.99,26.0,4.0
2018-02-01,GO,bed_bath_table,22,2919.79,23.4,3.52
2018-02-01,GO,books_technical,1,59.25,15.0,5.0
2018-02-01,GO,christmas_supplies,1,106.78,18.0,5.0
2018-02-01,GO,computers_accessories,9,1212.29,19.0,4.0
2018-02-01,GO,consoles_games,3,913.13,24.0,2.67
2018-02-01,GO,cool_stuff,4,560.95,16.8,4.5
2018-02-01,GO,costruction_tools_garden,1,49.11,18.0,5.0
2018-02-01,GO,electronics,7,404.67,19.9,3.57
2018-02-01,GO,fashion_bags_accessories,1,207.67,14.0,5.0
2018-02-01,GO,flowers,1,41.1,11.0,5.0
2018-02-01,GO,food,1,43.0,17.0,5.0
2018-02-01,GO,furniture_decor,5,433.33,18.8,2.83
2018-02-01,GO,garden_tools,10,1612.08,16.6,4.06
2018-02-01,GO,health_beauty,16,3154.12,22.1,3.69
2018-02-01,GO,home_appliances,1,77.67,10.0,4.0
2018-02-01,GO,home_comfort_2,1,56.0,44.0,1.0
2018-02-01,GO,home_confort,1,104.76,12.0,5.0
2018-02-01,GO,housewares,7,988.45,16.8,4.25
2018-02-01,GO,industry_commerce_and_business,1,149.32,29.0,
2018-02-01,GO,market_place,1,264.6,12.0,4.0
2018-02-01,GO,office_furniture,1,296.64,36.0,1.0
2018-02-01,GO,perfumery,4,330.71,22.8,3.5
2018-02-01,GO,pet_shop,1,274.47,31.0,4.0
2018-02-01,GO,small_appliances,1,50.01,13.0,5.0
2018-02-01,GO,sports_leisure,10,1076.57,17.1,4.0
2018-02-01,GO,stationery,1,65.69,19.0,5.0
2018-02-01,GO,telephony,11,482.96,20.8,3.08
2018-02-01,GO,toys,2,350.49,28.5,3.0
2018-02-01,GO,watches_gifts,5,1238.67,17.8,4.5
2018-02-01,MA,(unknown),1,73.8,19.0,4.0
2018-02-01,MA,auto,5,803.78,28.6,3.2
2018-02-01,MA,baby,4,856.37,24.3,4.0
2018-02-01,MA,bed_bath_table,1,161.69,31.0,4.0
2018-02-01,MA,computers_accessories,5,1421.25,24.8,3.6
2018-02-01,MA,consoles_games,1,738.57,25.0,1.0
2018-02-01,MA,cool_stuff,4,1068.87,28.8,4.0
2018-02-01,MA,electronics,5,239.44,25.6,2.4
2018-02-01,MA,fashion_bags_accessories,1,212.12,33.0,1.0
2018-02-01,MA,furniture_decor,3,479.03,25.3,3.5
2018-02-01,MA,furniture_living_room,1,2091.33,40.0,1.0
2018-02-01,MA,garden_tools,1,271.83,44.0,1.0
2018-02-01,MA,health_beauty,9,2391.96,25.8,3.78
2018-02-01,MA,housewares,2,145.89,38.3,1.0
2018-02-01,MA,sports_leisure,3,486.71,23.7,3.0
2018-02-01,MA,telephony,5,301.7,26.2,4.2
2018-02-01,MA,watches_gifts,4,715.58,59.8,4.25
2018-02-01,MG,(unknown),18,2396.64,13.9,4.0
2018-02-01,MG,agro_industry_and_commerce,3,573.08,13.8,5.0
2018-02-01,MG,air_conditioning,1,41.0,12.0,5.0
2018-02-01,MG,auto,41,8380.65,14.8,3.93
2018-02-01,MG,baby,17,3760.46,12.9,4.0
2018-02-01,MG,bed_bath_table,65,9243.39,19.5,3.6
2018-02-01,MG,books_general_interest,1,132.25,14.0,4.0
2018-02-01,MG,books_technical,3,244.35,8.5,4.25
2018-02-01,MG,computers_accessories,119,15912.3,18.7,3.8
2018-02-01,MG,consoles_games,2,165.22,12.0,5.0
2018-02-01,MG,construction_tools_construction,8,1791.38,10.8,3.75
2018-02-01,MG,construction_tools_safety,3,3406.97,12.3,4.67
2018-02-01,MG,cool_stuff,17,3348.65,15.3,3.78
2018-02-01,MG,costruction_tools_garden,4,420.02,11.8,3.67
2018-02-01,MG,costruction_tools_tools,2,87.96,8.5,4.0
2018-02-01,MG,drinks,1,34.59,5.0,5.0
2018-02-01,MG,electronics,32,3361.09,15.8,4.24
2018-02-01,MG,fashio_female_clothing,1,45.09,13.0,4.0
2018-02-01,MG,fashion_bags_accessories,11,2365.67,12.8,4.25
2018-02-01,MG,fashion_shoes,3,281.19,8.7,4.0
2018-02-01,MG,fashion_underwear_beach,1,65.0,20.0,
2018-02-01,MG,fixed_telephony,1,307.79,44.0,1.0
2018-02-01,MG,food,2,108.51,14.5,4.5
2018-02-01,MG,furniture_decor,43,6821.59,14.5,4.34
2018-02-01,MG,furniture_living_room,1,354.35,14.0,5.0
2018-02-01,MG,garden_tools,35,5746.2,14.3,3.84
2018-02-01,MG,health_beauty,77,16123.16,13.7,4.54
2018-02-01,MG,home_appliances,8,581.23,16.0,3.89
2018-02-01,MG,home_appliances_2,1,273.58,8.0,5.0
2018-02-01,MG,home_comfort_2,1,28.0,32.0,2.0
2018-02-01,MG,home_confort,3,373.0,13.7,3.33
2018-02-01,MG,home_construction,4,622.96,11.3,4.5
2018-02-01,MG,housewares,43,6234.27,16.3,3.94
2018-02-01,MG,industry_commerce_and_business,4,556.6,15.5,3.5
2018-02-01,MG,kitchen_dining_laundry_garden_furniture,4,565.78,18.5,4.0
2018-02-01,MG,luggage_accessories,8,1710.57,12.1,4.25
2018-02-01,MG,music,1,40.07,7.0,5.0
2018-02-01,MG,musical_instruments,5,836.5,20.7,4.14
2018-02-01,MG,office_furniture,5,1663.7,21.2,2.6
2018-02-01,MG,perfumery,17,1851.58,14.9,3.89
2018-02-01,MG,pet_shop,14,1483.98,14.9,3.93
2018-02-01,MG,small_appliances,4,720.74,7.2,2.6
2018-02-01,MG,sports_leisure,67,10064.37,15.0,3.67
2018-02-01,MG,stationery,15,1706.3,22.7,3.44
2018-02-01,MG,tablets_printing_image,1,67.11,19.0,2.0
2018-02-01,MG,telephony,31,1618.46,14.7,4.13
2018-02-01,MG,toys,12,1429.48,14.7,3.86
2018-02-01,MG,watches_gifts,32,7199.96,15.7,4.33
2018-02-01,MS,(unknown),1,138.6,24.0,3.0
2018-02-01,MS,agro_industry_and_commerce,1,442.26,19.0,5.0
2018-02-01,MS,auto,4,327.32,18.3,3.75
2018-02-01,MS,baby,2,180.32,15.0,4.0
2018-02-01,MS,bed_bath_table,4,299.77,21.5,4.25
2018-02-01,MS,computers_accessories,5,708.61,14.4,4.6
2018-02-01,MS,construction_tools_construction,3,1263.55,22.4,4.25
2018-02-01,MS,drinks,1,63.6,14.0,5.0
2018-02-01,MS,electronics,4,128.69,19.8,3.75
2018-02-01,MS,fashion_bags_accessories,1,53.01,26.0,5.0
2018-02-01,MS,furniture_bedroom,1,224.71,23.0,5.0
2018-02-01,MS,furniture_decor,6,1078.89,18.3,2.5
2018-02-01,MS,furniture_living_room,1,184.96,20.0,5.0
2018-02-01,MS,health_beauty,4,280.74,15.7,4.5
2018-02-01,MS,housewares,4,1176.83,23.5,4.0
2018-02-01,MS,luggage_accessories,1,323.87,13.0,4.0
2018-02-01,MS,musical_instruments,2,262.49,25.0,5.0
2018-02-01,MS,perfumery,1,72.14,59.0,1.0
2018-02-01,MS,pet_shop,2,412.57,18.7,4.33
2018-02-01,MS,small_appliances,1,133.2,13.0,1.0
2018-02-01,MS,sports_leisure,7,1071.86,23.9,3.43
2018-02-01,MS,stationery,1,77.18,51.0,1.0
2018-02-01,MS,telephony,3,564.0,22.7,3.33
2018-02-01,MS,toys,2,93.8,17.5,4.0
2018-02-01,MS,watches_gifts,2,602.28,28.0,3.5
2018-02-01,MT,(unknown),2,280.58,19.0,5.0
2018-02-01,MT,agro_industry_and_commerce,1,445.32,22.0,4.0
2018-02-01,MT,audio,1,192.67,37.0,1.0
2018-02-01,MT,auto,7,1514.25,25.6,3.86
2018-02-01,MT,baby,2,314.42,12.5,3.5
2018-02-01,MT,bed_bath_table,4,638.42,20.8,4.0
2018-02-01,MT,computers_accessories,5,619.61,21.5,4.17
2018-02-01,MT,cool_stuff,3,733.71,32.0,3.33
2018-02-01,MT,electronics,5,281.29,22.3,3.14
2018-02-01,MT,fashion_bags_accessories,2,121.22,20.0,3.5
2018-02-01,MT,food,1,59.41,17.0,5.0
2018-02-01,MT,furniture_decor,2,254.21,38.7,2.33
2018-02-01,MT,furniture_living_room,2,400.11,16.5,4.5
2018-02-01,MT,garden_tools,1,69.49,20.0,5.0
2018-02-01,MT,health_beauty,7,1353.84,21.9,4.57
2018-02-01,MT,home_appliances,2,402.45,16.5,5.0
2018-02-01,MT,housewares,5,523.21,21.7,4.0
2018-02-01,MT,office_furniture,2,311.97,25.5,4.0
2018-02-01,MT,perfumery,1,98.12,19.0,3.0
2018-02-01,MT,sports_leisure,7,1078.07,18.1,4.14
2018-02-01,MT,telephony,4,167.12,28.0,3.25
2018-02-01,MT,toys,1,65.69,17.0,5.0
2018-02-01,PA,(unknown),1,282.26,34.0,5.0
2018-02-01,PA,auto,7,1247.62,26.8,4.11
2018-02-01,PA,baby,5,764.81,28.8,3.6
2018-02-01,PA,bed_bath_table,1,79.98,47.0,3.0
2018-02-01,PA,christmas_supplies,1,931.62,44.0,
2018-02-01,PA,consoles_games,3,918.28,26.0,3.33
2018-02-01,PA,cool_stuff,3,494.5,20.0,4.67
2018-02-01,PA,electronics,1,30.93,28.0,5.0
2018-02-01,PA,fashion_bags_accessories,3,217.27,29.3,4.33
2018-02-01,PA,fashion_shoes,1,229.5,18.0,4.0
2018-02-01,PA,furniture_decor,5,1231.48,36.8,3.2
2018-02-01,PA,garden_tools,1,389.01,39.0,1.0
2018-02-01,PA,health_beauty,7,1479.19,23.2,3.78
2018-02-01,PA,home_appliances,1,51.78,25.0,5.0
2018-02-01,PA,housewares,1,136.63,81.0,5.0
2018-02-01,PA,perfumery,3,668.38,29.7,4.83
2018-02-01,PA,pet_shop,1,153.84,18.0,5.0
2018-02-01,PA,sports_leisure,3,522.57,36.3,3.0
2018-02-01,PA,tablets_printing_image,2,153.12,23.5,3.0
2018-02-01,PA,telephony,3,199.48,35.0,2.0
2018-02-01,PA,toys,2,122.75,30.0,5.0
2018-02-01,PA,watches_gifts,2,1194.76,23.5,4.5
2018-02-01,PB,art,1,154.18,21.0,1.0
2018-02-01,PB,auto,1,111.43,13.0,5.0
2018-02-01,PB,bed_bath_table,1,291.5,19.0,2.0
2018-02-01,PB,computers_accessories,3,402.0,14.2,4.2
2018-02-01,PB,consoles_games,2,470.01,12.0,4.0
2018-02-01,PB,cool_stuff,2,281.43,15.3,2.33
2018-02-01,PB,costruction_tools_tools,1,355.01,17.0,5.0
2018-02-01,PB,electronics,1,47.8,27.0,4.0
2018-02-01,PB,fixed_telephony,1,38.14,16.0,1.0
2018-02-01,PB,furniture_decor,1,144.45,10.0,5.0
2018-02-01,PB,garden_tools,2,254.65,39.0,2.33
2018-02-01,PB,health_beauty,3,480.75,17.3,5.0
2018-02-01,PB,home_construction,1,66.2,14.0,5.0
2018-02-01,PB,housewares,1,77.6,28.0,5.0
2018-02-01,PB,luggage_accessories,1,331.41,11.0,5.0
2018-02-01,PB,office_furniture,2,881.87,43.2,3.4
2018-02-01,PB,perfumery,1,269.35,14.0,5.0
2018-02-01,PB,pet_shop,1,61.05,14.0,5.0
2018-02-01,PB,sports_leisure,2,436.23,20.0,3.67
2018-02-01,PB,stationery,1,195.01,6.0,5.0
2018-02-01,PB,telephony,3,174.42,18.7,2.67
2018-02-01,PB,watches_gifts,3,818.43,17.3,4.67
2018-02-01,PE,(unknown),2,423.39,13.7,1.67
2018-02-01,PE,agro_industry_and_commerce,1,472.67,29.0,4.0
2018-02-01,PE,art,1,144.22,19.0,5.0
2018-02-01,PE,auto,7,1403.9,19.9,4.14
2018-02-01,PE,baby,4,478.71,18.0,4.25
2018-02-01,PE,bed_bath_table,6,898.01,22.0,4.33
2018-02-01,PE,books_general_interest,1,71.79,23.0,5.0
2018-02-01,PE,christmas_supplies,2,205.95,41.5,4.5
2018-02-01,PE,computers_accessories,8,1107.2,15.6,3.63
2018-02-01,PE,construction_tools_construction,1,216.86,17.0,4.0
2018-02-01,PE,cool_stuff,9,1916.37,18.0,4.25
2018-02-01,PE,electronics,3,272.53,22.0,3.0
2018-02-01,PE,fashion_bags_accessories,1,55.63,21.0,5.0
2018-02-01,PE,fashion_shoes,2,301.3,42.5,3.5
2018-02-01,PE,furniture_decor,5,719.79,23.3,4.43
2018-02-01,PE,garden_tools,4,282.48,16.0,4.25
2018-02-01,PE,health_beauty,19,4962.1,18.5,4.05
2018-02-01,PE,home_confort,1,115.91,16.0,1.0
2018-02-01,PE,housewares,1,96.45,17.0,5.0
2018-02-01,PE,kitchen_dining_laundry_garden_furniture,1,90.82,18.0,5.0
2018-02-01,PE,musical_instruments,1,263.47,28.0,4.0
2018-02-01,PE,office_furniture,1,128.01,20.0,5.0
2018-02-01,PE,perfumery,4,536.26,25.0,4.67
2018-02-01,PE,small_appliances,1,249.84,14.0,4.0
2018-02-01,PE,sports_leisure,9,1147.97,22.4,4.5
2018-02-01,PE,stationery,5,434.61,19.2,4.2
2018-02-01,PE,telephony,12,1108.53,22.5,3.92
2018-02-01,PE,watches_gifts,9,2005.2,21.1,3.89
2018-02-01,PI,art,1,308.36,24.0,4.0
2018-02-01,PI,bed_bath_table,2,339.41,41.7,3.67
2018-02-01,PI,books_technical,1,44.1,41.0,1.0
2018-02-01,PI,construction_tools_lights,1,348.93,18.0,1.0
2018-02-01,PI,electronics,4,208.51,20.0,3.75
2018-02-01,PI,furniture_decor,1,147.78,49.0,4.0
2018-02-01,PI,garden_tools,2,321.59,18.0,4.5
2018-02-01,PI,health_beauty,4,1264.7,21.4,3.2
2018-02-01,PI,housewares,2,571.74,15.5,5.0
2018-02-01,PI,luggage_accessories,2,307.76,23.5,1.0
2018-02-01,PI,perfumery,1,35.14,22.0,5.0
2018-02-01,PI,sports_leisure,4,567.81,21.4,4.2
2018-02-01,PI,telephony,2,93.28,15.0,3.5
2018-02-01,PI,toys,2,242.54,21.5,5.0
2018-02-01,PI,watches_gifts,3,857.31,17.6,3.0
2018-02-01,PR,(unknown),9,1283.27,14.7,4.22
2018-02-01,PR,agro_industry_and_commerce,1,429.09,4.0,4.0
2018-02-01,PR,art,1,61.5,8.0,5.0
2018-02-01,PR,audio,1,190.98,26.0,5.0
2018-02-01,PR,auto,15,2669.09,14.1,3.94
2018-02-01,PR,baby,8,3032.79,13.4,3.78
2018-02-01,PR,bed_bath_table,25,2844.66,16.0,4.04
2018-02-01,PR,books_general_interest,1,45.1,31.0,5.0
2018-02-01,PR,books_technical,1,39.0,7.0,5.0
2018-02-01,PR,christmas_supplies,1,29.5,19.0,5.0
2018-02-01,PR,computers_accessories,45,7144.58,13.1,3.77
2018-02-01,PR,consoles_games,1,173.15,10.0,5.0
2018-02-01,PR,construction_tools_construction,2,518.14,21.5,5.0
2018-02-01,PR,construction_tools_safety,1,228.88,15.0,4.0
2018-02-01,PR,cool_stuff,8,1400.11,19.3,3.63
2018-02-01,PR,costruction_tools_tools,2,142.87,15.3,5.0
2018-02-01,PR,drinks,1,63.6,44.0,1.0
2018-02-01,PR,electronics,20,1081.99,15.6,4.0
2018-02-01,PR,fashion_bags_accessories,9,602.8,11.2,4.11
2018-02-01,PR,food,1,43.0,17.0,4.0
2018-02-01,PR,food_drink,2,133.9,7.5,4.5
2018-02-01,PR,furniture_decor,18,2633.83,13.6,3.65
2018-02-01,PR,garden_tools,11,1137.09,12.7,4.55
2018-02-01,PR,health_beauty,21,3632.67,16.8,4.19
2018-02-01,PR,home_appliances_2,3,1898.56,11.0,4.67
2018-02-01,PR,housewares,16,2195.51,14.0,4.46
2018-02-01,PR,industry_commerce_and_business,2,280.42,19.3,2.33
2018-02-01,PR,luggage_accessories,4,438.43,9.0,4.0
2018-02-01,PR,market_place,6,564.02,14.6,3.71
2018-02-01,PR,musical_instruments,3,658.94,12.7,4.33
2018-02-01,PR,office_furniture,4,1063.92,10.5,4.5
2018-02-01,PR,perfumery,16,2273.71,13.8,4.56
2018-02-01,PR,pet_shop,8,851.31,11.5,4.88
2018-02-01,PR,small_appliances,2,2047.82,25.5,3.0
2018-02-01,PR,small_appliances_home_oven_and_coffee,1,797.62,17.0,4.0
2018-02-01,PR,sports_leisure,23,3525.92,14.9,3.8
2018-02-01,PR,stationery,6,354.87,17.7,4.83
2018-02-01,PR,telephony,17,1036.28,14.7,4.41
2018-02-01,PR,toys,5,496.55,17.6,3.4
2018-02-01,PR,watches_gifts,16,3553.14,14.4,3.94
2018-02-01,RJ,(unknown),11,1457.99,17.2,2.92
2018-02-01,RJ,agro_industry_and_commerce,4,1933.2,32.0,2.25
2018-02-01,RJ,air_conditioning,2,316.19,30.5,3.0
2018-02-01,RJ,art,2,266.85,14.5,5.0
2018-02-01,RJ,audio,3,999.89,39.7,1.67
2018-02-01,RJ,auto,31,3219.66,24.7,3.74
2018-02-01,RJ,baby,19,2052.61,32.3,2.58
2018-02-01,RJ,bed_bath_table,77,8797.39,23.4,3.0
2018-02-01,RJ,books_general_interest,2,370.1,17.5,3.0
2018-02-01,RJ,christmas_supplies,2,137.62,18.0,2.5
2018-02-01,RJ,computers_accessories,113,17207.33,25.0,2.8
2018-02-01,RJ,consoles_games,6,1584.89,26.3,3.33
2018-02-01,RJ,construction_tools_construction,10,1831.73,30.7,3.0
2018-02-01,RJ,construction_tools_lights,2,194.19,9.7,4.67
2018-02-01,RJ,cool_stuff,16,2893.98,33.4,2.81
2018-02-01,RJ,costruction_tools_garden,1,216.64,25.0,3.0
2018-02-01,RJ,drinks,3,188.8,32.3,3.67
2018-02-01,RJ,dvds_blu_ray,1,42.53,13.0,5.0
2018-02-01,RJ,electronics,61,4991.47,23.5,3.54
2018-02-01,RJ,fashion_bags_accessories,17,2269.2,14.7,3.68
2018-02-01,RJ,fashion_male_clothing,1,64.09,12.0,3.0
2018-02-01,RJ,fashion_shoes,2,249.67,28.0,3.5
2018-02-01,RJ,fashion_underwear_beach,1,65.0,28.0,1.0
2018-02-01,RJ,fixed_telephony,1,114.35,19.0,5.0
2018-02-01,RJ,food,4,343.97,31.3,3.0
2018-02-01,RJ,food_drink,2,141.26,32.0,2.0
2018-02-01,RJ,furniture_decor,57,6585.48,22.7,2.81
2018-02-01,RJ,furniture_living_room,5,2003.09,24.5,2.09
2018-02-01,RJ,furniture_mattress_and_upholstery,1,137.35,26.0,1.0
2018-02-01,RJ,garden_tools,35,5820.54,22.9,2.4
2018-02-01,RJ,health_beauty,75,11814.16,17.1,3.95
2018-02-01,RJ,home_appliances,7,609.06,17.6,4.22
2018-02-01,RJ,home_appliances_2,3,905.57,29.0,2.67
2018-02-01,RJ,home_confort,4,574.78,15.8,4.25
2018-02-01,RJ,home_construction,6,1857.5,29.0,3.0
2018-02-01,RJ,housewares,41,6198.65,20.2,3.2
2018-02-01,RJ,industry_commerce_and_business,5,1031.61,21.5,3.83
2018-02-01,RJ,kitchen_dining_laundry_garden_furniture,1,458.94,26.0,5.0
2018-02-01,RJ,luggage_accessories,5,1262.78,10.8,4.2
2018-02-01,RJ,market_place,2,140.04,32.5,3.0
2018-02-01,RJ,musical_instruments,5,2815.63,24.7,2.14
2018-02-01,RJ,office_furniture,16,3950.66,36.4,2.23
2018-02-01,RJ,pc_gamer,1,150.03,11.0,1.0
2018-02-01,RJ,perfumery,21,2015.86,12.8,4.38
2018-02-01,RJ,pet_shop,7,650.47,24.1,2.86
2018-02-01,RJ,small_appliances,2,163.71,34.5,3.0
2018-02-01,RJ,sports_leisure,72,10509.38,26.0,3.15
2018-02-01,RJ,stationery,20,2137.9,22.0,3.21
2018-02-01,RJ,telephony,38,2824.05,20.5,4.13
2018-02-01,RJ,toys,17,3458.86,20.3,4.1
2018-02-01,RJ,watches_gifts,46,12247.35,24.0,3.12
2018-02-01,RN,(unknown),1,157.65,15.0,5.0
2018-02-01,RN,bed_bath_table,1,57.05,31.0,4.0
2018-02-01,RN,computers_accessories,3,329.33,16.0,5.0
2018-02-01,RN,construction_tools_construction,1,242.47,21.0,5.0
2018-02-01,RN,cool_stuff,2,590.33,36.5,2.5
2018-02-01,RN,electronics,2,115.33,25.5,5.0
2018-02-01,RN,furniture_bedroom,2,384.32,12.0,4.67
2018-02-01,RN,health_beauty,1,227.3,8.0,3.0
2018-02-01,RN,home_appliances_2,1,839.28,12.0,5.0
2018-02-01,RN,housewares,1,94.94,19.0,5.0
2018-02-01,RN,perfumery,1,115.87,21.0,5.0
2018-02-01,RN,sports_leisure,1,141.64,17.0,5.0
2018-02-01,RN,watches_gifts,6,882.98,22.5,4.17
2018-02-01,RO,baby,1,146.0,18.0,5.0
2018-02-01,RO,bed_bath_table,1,309.16,22.0,5.0
2018-02-01,RO,electronics,1,62.28,16.0,5.0
2018-02-01,RO,fashion_bags_accessories,1,122.49,17.0,5.0
2018-02-01,RO,garden_tools,1,147.13,20.0,5.0
2018-02-01,RO,health_beauty,2,455.09,32.5,3.0
2018-02-01,RO,sports_leisure,2,316.5,21.0,4.5
2018-02-01,RO,stationery,1,191.92,15.0,5.0
2018-02-01,RO,telephony,1,62.14,21.0,5.0
2018-02-01,RO,toys,1,76.17,16.0,3.0
2018-02-01,RO,watches_gifts,1,221.09,24.0,5.0
2018-02-01,RR,bed_bath_table,1,116.92,74.0,1.0
2018-02-01,RR,garden_tools,1,63.34,30.0,4.0
2018-02-01,RR,telephony,1,55.37,39.0,4.0
2018-02-01,RS,(unknown),9,1240.33,17.2,3.89
2018-02-01,RS,auto,18,3453.73,22.1,4.21
2018-02-01,RS,baby,9,1239.66,20.9,3.73
2018-02-01,RS,bed_bath_table,28,3673.06,28.5,3.41
2018-02-01,RS,books_general_interest,3,217.96,11.3,4.67
2018-02-01,RS,cine_photo,1,115.93,18.0,5.0
2018-02-01,RS,computers_accessories,43,7672.62,18.2,3.32
2018-02-01,RS,consoles_games,1,61.01,19.0,5.0
2018-02-01,RS,construction_tools_construction,1,571.42,14.0,5.0
2018-02-01,RS,construction_tools_lights,1,320.45,19.0,5.0
2018-02-01,RS,cool_stuff,11,1776.2,21.2,4.36
2018-02-01,RS,costruction_tools_tools,2,653.84,11.0,5.0
2018-02-01,RS,drinks,1,63.6,28.0,5.0
2018-02-01,RS,electronics,12,619.82,20.0,4.18
2018-02-01,RS,fashion_bags_accessories,2,76.4,28.5,2.5
2018-02-01,RS,food,2,118.07,14.0,4.5
2018-02-01,RS,furniture_decor,22,3690.71,18.5,4.04
2018-02-01,RS,garden_tools,17,3856.12,19.1,3.35
2018-02-01,RS,health_beauty,32,4439.8,21.4,4.03
2018-02-01,RS,home_appliances,2,263.6,24.0,5.0
2018-02-01,RS,home_appliances_2,1,1635.51,22.0,5.0
2018-02-01,RS,home_confort,1,241.37,22.0,3.0
2018-02-01,RS,home_construction,4,1427.68,21.8,3.0
2018-02-01,RS,housewares,21,1475.97,24.0,4.27
2018-02-01,RS,industry_commerce_and_business,3,555.53,24.6,4.2
2018-02-01,RS,luggage_accessories,2,381.06,20.0,4.0
2018-02-01,RS,market_place,2,134.97,14.5,4.5
2018-02-01,RS,musical_instruments,3,442.62,17.7,4.0
2018-02-01,RS,office_furniture,5,1394.92,24.8,4.4
2018-02-01,RS,perfumery,12,1859.19,17.0,4.17
2018-02-01,RS,pet_shop,4,520.86,17.5,4.0
2018-02-01,RS,signaling_and_security,1,104.36,17.0,5.0
2018-02-01,RS,small_appliances,1,127.92,18.0,5.0
2018-02-01,RS,sports_leisure,34,6424.18,19.2,4.0
2018-02-01,RS,stationery,16,1548.16,20.6,4.0
2018-02-01,RS,telephony,18,1110.83,24.3,3.79
2018-02-01,RS,toys,7,993.82,17.3,3.5
2018-02-01,RS,watches_gifts,12,1488.32,22.0,3.91
2018-02-01,SC,(unknown),5,693.0,16.6,4.4
2018-02-01,SC,auto,13,2149.49,17.6,3.71
2018-02-01,SC,baby,4,1579.73,21.0,2.25
2018-02-01,SC,bed_bath_table,21,3221.28,24.9,3.5
2018-02-01,SC,books_general_interest,5,435.41,17.4,4.0
2018-02-01,SC,books_technical,3,475.81,18.0,2.75
2018-02-01,SC,christmas_supplies,2,438.04,23.5,1.75
2018-02-01,SC,computers_accessories,38,5345.61,24.1,3.27
2018-02-01,SC,consoles_games,1,116.36,31.0,2.0
2018-02-01,SC,construction_tools_construction,1,267.41,14.0,3.0
2018-02-01,SC,cool_stuff,8,1315.87,19.4,4.0
2018-02-01,SC,costruction_tools_tools,1,46.69,30.0,5.0
2018-02-01,SC,drinks,1,63.6,14.0,4.0
2018-02-01,SC,electronics,10,535.9,23.5,3.09
2018-02-01,SC,fashion_bags_accessories,6,824.85,16.0,4.67
2018-02-01,SC,fashion_underwear_beach,2,161.71,31.0,1.5
2018-02-01,SC,food,2,220.97,18.0,4.0
2018-02-01,SC,furniture_decor,9,1558.42,20.5,3.1
2018-02-01,SC,furniture_living_room,1,609.06,14.0,5.0
2018-02-01,SC,furniture_mattress_and_upholstery,1,113.2,72.0,3.0
2018-02-01,SC,garden_tools,11,1876.95,21.4,4.43
2018-02-01,SC,health_beauty,20,2917.68,23.8,3.47
2018-02-01,SC,home_appliances,1,346.96,19.0,4.0
2018-02-01,SC,home_appliances_2,1,268.13,38.0,1.0
2018-02-01,SC,housewares,13,1310.8,21.9,3.13
2018-02-01,SC,luggage_accessories,2,399.86,14.5,3.0
2018-02-01,SC,market_place,2,248.01,29.5,4.0
2018-02-01,SC,musical_instruments,1,216.15,27.0,4.0
2018-02-01,SC,office_furniture,1,242.56,29.0,4.0
2018-02-01,SC,perfumery,7,725.23,16.5,3.25
2018-02-01,SC,pet_shop,4,605.76,25.3,2.67
2018-02-01,SC,signaling_and_security,1,124.4,13.0,3.0
2018-02-01,SC,small_appliances,1,66.6,19.0,4.0
2018-02-01,SC,sports_leisure,19,3778.8,21.1,3.47
2018-02-01,SC,stationery,5,502.78,32.4,2.5
2018-02-01,SC,telephony,17,854.06,20.3,3.71
2018-02-01,SC,toys,1,296.61,19.0,1.0
2018-02-01,SC,watches_gifts,15,3271.46,18.2,3.15
2018-02-01,SE,computers_accessories,4,1016.6,12.7,4.83
2018-02-01,SE,consoles_games,1,1368.87,16.0,5.0
2018-02-01,SE,electronics,3,296.48,19.3,4.75
2018-02-01,SE,garden_tools,1,402.56,35.0,1.0
2018-02-01,SE,health_beauty,3,459.22,13.7,4.33
2018-02-01,SE,musical_instruments,1,1242.54,8.0,5.0
2018-02-01,SE,perfumery,1,222.71,44.0,4.0
2018-02-01,SE,telephony,1,94.12,19.0,5.0
2018-02-01,SP,(unknown),32,4175.27,10.5,4.29
2018-02-01,SP,agro_industry_and_commerce,7,2779.96,9.8,4.63
2018-02-01,SP,air_conditioning,6,2112.66,9.9,4.71
2018-02-01,SP,art,4,439.48,6.8,3.25
2018-02-01,SP,audio,7,807.09,10.0,3.86
2018-02-01,SP,auto,116,15226.3,9.3,4.09
2018-02-01,SP,baby,68,10847.35,10.7,4.29
2018-02-01,SP,bed_bath_table,274,31844.36,11.7,3.73
2018-02-01,SP,books_general_interest,14,894.72,10.8,4.5
2018-02-01,SP,books_imported,3,351.54,5.3,4.33
2018-02-01,SP,books_technical,9,496.44,8.7,3.92
2018-02-01,SP,christmas_supplies,6,595.61,14.2,4.0
2018-02-01,SP,computers_accessories,309,46612.58,14.4,3.59
2018-02-01,SP,consoles_games,25,4875.05,12.8,3.85
2018-02-01,SP,construction_tools_construction,25,3354.89,8.1,3.89
2018-02-01,SP,construction_tools_lights,4,784.0,8.7,3.29
2018-02-01,SP,construction_tools_safety,2,823.15,12.5,4.5
2018-02-01,SP,cool_stuff,73,14490.01,10.6,4.2
2018-02-01,SP,costruction_tools_garden,7,1072.51,12.8,4.83
2018-02-01,SP,costruction_tools_tools,3,253.45,12.7,3.67
2018-02-01,SP,diapers_and_hygiene,1,150.76,6.0,3.0
2018-02-01,SP,drinks,14,1603.93,8.3,4.37
2018-02-01,SP,electronics,95,5823.45,11.9,4.08
2018-02-01,SP,fashion_bags_accessories,37,3135.77,8.9,4.28
2018-02-01,SP,fashion_male_clothing,1,204.27,13.0,1.0
2018-02-01,SP,fashion_shoes,2,189.86,12.0,4.33
2018-02-01,SP,fashion_underwear_beach,1,61.75,17.0,4.0
2018-02-01,SP,fixed_telephony,5,1099.78,12.2,3.33
2018-02-01,SP,flowers,3,146.6,5.7,4.67
2018-02-01,SP,food,13,1061.63,5.6,3.47
2018-02-01,SP,food_drink,15,1001.26,7.0,4.56
2018-02-01,SP,furniture_bedroom,3,541.22,10.3,5.0
2018-02-01,SP,furniture_decor,132,16687.02,10.9,3.88
2018-02-01,SP,furniture_living_room,6,494.55,12.3,3.83
2018-02-01,SP,furniture_mattress_and_upholstery,3,347.14,17.7,3.67
2018-02-01,SP,garden_tools,71,8126.9,13.5,4.1
2018-02-01,SP,health_beauty,235,31092.47,10.3,4.18
2018-02-01,SP,home_appliances,21,3805.45,8.5,4.45
2018-02-01,SP,home_appliances_2,10,3573.62,12.0,3.9
2018-02-01,SP,home_confort,10,1988.05,14.0,4.09
2018-02-01,SP,home_construction,12,1684.44,9.5,4.22
2018-02-01,SP,housewares,145,18358.49,10.4,3.98
2018-02-01,SP,industry_commerce_and_business,13,2273.26,9.8,4.67
2018-02-01,SP,kitchen_dining_laundry_garden_furniture,10,4368.54,11.3,4.08
2018-02-01,SP,luggage_accessories,10,1525.16,11.5,3.8
2018-02-01,SP,market_place,6,837.33,7.8,3.63
2018-02-01,SP,music,1,237.17,17.0,3.0
2018-02-01,SP,musical_instruments,17,3270.26,12.1,4.28
2018-02-01,SP,office_furniture,24,6187.0,15.5,3.4
2018-02-01,SP,perfumery,90,10761.53,10.7,4.27
2018-02-01,SP,pet_shop,40,5592.19,11.4,4.4
2018-02-01,SP,signaling_and_security,6,517.02,9.6,3.75
2018-02-01,SP,small_appliances,15,2428.82,10.4,4.81
2018-02-01,SP,small_appliances_home_oven_and_coffee,3,1622.93,21.0,3.0
2018-02-01,SP,sports_leisure,242,34859.2,11.7,4.01
2018-02-01,SP,stationery,47,4137.09,9.4,4.4
2018-02-01,SP,tablets_printing_image,7,438.71,11.1,4.57
2018-02-01,SP,telephony,124,5776.03,9.3,3.75
2018-02-01,SP,toys,63,7237.84,10.5,4.03
2018-02-01,SP,watches_gifts,95,19345.55,12.4,3.68
2018-02-01,TO,baby,1,563.07,36.0,3.0
2018-02-01,TO,books_technical,1,81.67,28.0,3.0
2018-02-01,TO,computers_accessories,3,320.41,19.3,4.67
2018-02-01,TO,consoles_games,1,113.35,29.0,3.0
2018-02-01,TO,cool_stuff,1,174.4,20.0,4.0
2018-02-01,TO,furniture_decor,1,65.29,22.0,1.0
2018-02-01,TO,garden_tools,2,189.63,24.0,3.0
2018-02-01,TO,health_beauty,3,255.46,27.0,2.33
2018-02-01,TO,office_furniture,1,316.92,14.0,5.0
2018-02-01,TO,sports_leisure,3,883.38,27.0,4.0
2018-02-01,TO,telephony,1,50.62,38.0,2.0
2018-02-01,TO,toys,1,172.98,58.0,1.0
2018-02-01,TO,watches_gifts,1,171.29,35.0,4.0
2018-03-01,AC,computers_accessories,1,58.92,43.0,3.0
2018-03-01,AC,furniture_decor,1,105.75,29.0,3.0
2018-03-01,AL,auto,1,115.24,18.0,5.0
2018-03-01,AL,bed_bath_table,1,194.29,25.0,4.0
2018-03-01,AL,computers_accessories,3,466.1,14.0,3.75
2018-03-01,AL,cool_stuff,1,260.99,27.0,4.0
2018-03-01,AL,dvds_blu_ray,1,47.75,25.0,5.0
2018-03-01,AL,electronics,1,128.76,24.0,4.0
2018-03-01,AL,fashion_bags_accessories,1,70.75,38.0,1.0
2018-03-01,AL,furniture_decor,2,304.91,30.3,2.33
2018-03-01,AL,health_beauty,6,1495.0,27.7,3.67
2018-03-01,AL,home_appliances_2,1,1658.81,7.0,5.0
2018-03-01,AL,market_place,1,240.52,7.0,1.0
2018-03-01,AL,sports_leisure,3,215.27,27.3,4.0
2018-03-01,AL,telephony,1,72.84,37.0,3.0
2018-03-01,AL,toys,1,218.62,15.0,4.0
2018-03-01,AL,watches_gifts,3,1975.46,26.3,4.67
2018-03-01,AM,bed_bath_table,1,173.26,42.0,5.0
2018-03-01,AM,electronics,1,35.55,27.0,5.0
2018-03-01,AM,garden_tools,1,130.24,28.0,5.0
2018-03-01,AM,health_beauty,1,208.11,37.0,5.0
2018-03-01,AM,home_appliances,1,126.94,49.0,5.0
2018-03-01,AM,home_construction,2,623.99,46.0,2.5
2018-03-01,AM,watches_gifts,1,136.08,38.0,5.0
2018-03-01,AP,cool_stuff,1,263.17,45.0,4.0
2018-03-01,AP,housewares,1,90.89,32.0,5.0
2018-03-01,AP,sports_leisure,1,102.59,25.0,5.0
2018-03-01,AP,stationery,1,200.05,30.0,2.0
2018-03-01,AP,telephony,1,47.84,29.0,2.0
2018-03-01,BA,(unknown),6,1111.45,24.7,2.83
2018-03-01,BA,auto,15,2873.88,27.2,3.53
2018-03-01,BA,baby,8,2383.49,21.4,3.5
2018-03-01,BA,bed_bath_table,14,2326.02,24.8,3.0
2018-03-01,BA,books_general_interest,1,83.38,14.0,4.0
2018-03-01,BA,computers_accessories,21,3519.6,18.3,3.9
2018-03-01,BA,consoles_games,2,626.65,43.0,2.5
2018-03-01,BA,construction_tools_construction,2,886.17,17.2,2.2
2018-03-01,BA,construction_tools_safety,1,548.42,12.0,3.0
2018-03-01,BA,cool_stuff,13,2589.34,20.2,3.31
2018-03-01,BA,drinks,1,70.77,21.0,5.0
2018-03-01,BA,electronics,11,1258.08,23.8,3.46
2018-03-01,BA,fashion_bags_accessories,5,368.87,25.0,3.2
2018-03-01,BA,fashion_shoes,1,126.12,26.0,2.0
2018-03-01,BA,food,2,177.18,24.0,1.5
2018-03-01,BA,furniture_decor,14,3010.95,26.3,2.21
2018-03-01,BA,garden_tools,5,1218.32,17.7,2.29
2018-03-01,BA,health_beauty,19,2630.61,23.7,3.37
2018-03-01,BA,home_appliances,3,377.68,17.3,4.75
2018-03-01,BA,home_construction,1,126.96,16.0,5.0
2018-03-01,BA,housewares,13,2951.06,21.7,3.93
2018-03-01,BA,luggage_accessories,3,233.4,19.7,5.0
2018-03-01,BA,market_place,1,103.33,18.0,4.0
2018-03-01,BA,musical_instruments,1,313.72,10.0,4.0
2018-03-01,BA,office_furniture,2,433.71,27.5,2.5
2018-03-01,BA,perfumery,3,241.9,20.0,5.0
2018-03-01,BA,pet_shop,3,526.36,17.0,5.0
2018-03-01,BA,small_appliances,2,660.09,27.5,2.5
2018-03-01,BA,sports_leisure,21,4176.08,24.1,4.14
2018-03-01,BA,stationery,4,420.31,28.0,1.75
2018-03-01,BA,telephony,25,3179.97,24.0,3.04
2018-03-01,BA,toys,7,720.69,23.0,3.71
2018-03-01,BA,watches_gifts,9,2989.86,25.3,2.89
2018-03-01,CE,(unknown),4,1731.53,33.8,3.0
2018-03-01,CE,auto,7,2452.47,24.7,2.57
2018-03-01,CE,baby,1,1040.35,33.0,3.0
2018-03-01,CE,bed_bath_table,8,1081.3,24.7,4.0
2018-03-01,CE,christmas_supplies,1,119.45,71.0,1.0
2018-03-01,CE,computers_accessories,6,534.83,26.8,3.33
2018-03-01,CE,consoles_games,1,181.7,37.0,1.0
2018-03-01,CE,construction_tools_construction,1,136.2,58.0,1.0
2018-03-01,CE,cool_stuff,2,1183.39,23.0,3.0
2018-03-01,CE,electronics,5,533.26,20.6,4.6
2018-03-01,CE,fashion_bags_accessories,2,201.2,19.0,5.0
2018-03-01,CE,furniture_decor,7,1600.23,20.7,2.6
2018-03-01,CE,garden_tools,3,827.82,36.6,4.13
2018-03-01,CE,health_beauty,7,1983.94,38.7,2.14
2018-03-01,CE,housewares,4,1082.92,18.0,4.2
2018-03-01,CE,industry_commerce_and_business,1,167.23,46.0,1.0
2018-03-01,CE,luggage_accessories,2,1024.27,12.7,3.67
2018-03-01,CE,office_furniture,3,1355.53,38.7,2.0
2018-03-01,CE,perfumery,3,322.42,47.3,2.67
2018-03-01,CE,pet_shop,1,89.03,26.0,2.0
2018-03-01,CE,sports_leisure,7,1065.62,30.7,3.29
2018-03-01,CE,stationery,1,141.87,18.0,5.0
2018-03-01,CE,telephony,9,1438.58,30.4,2.56
2018-03-01,CE,toys,4,554.89,22.8,4.0
2018-03-01,CE,watches_gifts,5,1351.17,40.0,2.0
2018-03-01,DF,(unknown),1,138.73,12.0,5.0
2018-03-01,DF,air_conditioning,1,156.99,11.0,5.0
2018-03-01,DF,audio,4,808.87,16.5,3.0
2018-03-01,DF,auto,11,1589.35,15.3,3.73
2018-03-01,DF,baby,9,1774.03,15.8,3.3
2018-03-01,DF,bed_bath_table,16,1958.18,17.9,3.91
2018-03-01,DF,books_general_interest,1,34.05,11.0,5.0
2018-03-01,DF,cine_photo,1,118.23,10.0,5.0
2018-03-01,DF,computers_accessories,3,372.25,15.0,5.0
2018-03-01,DF,consoles_games,3,217.23,17.3,3.67
2018-03-01,DF,construction_tools_construction,1,62.9,39.0,1.0
2018-03-01,DF,construction_tools_lights,1,304.55,11.0,5.0
2018-03-01,DF,cool_stuff,9,1784.34,16.9,3.3
2018-03-01,DF,electronics,5,155.34,10.2,4.4
2018-03-01,DF,fashion_bags_accessories,3,307.67,20.7,3.33
2018-03-01,DF,fashion_shoes,1,123.18,12.0,5.0
2018-03-01,DF,food,1,46.13,23.0,1.0
2018-03-01,DF,furniture_decor,8,1290.69,15.5,2.8
2018-03-01,DF,furniture_living_room,2,856.77,13.5,5.0
2018-03-01,DF,garden_tools,1,75.25,16.0,4.0
2018-03-01,DF,health_beauty,11,2955.37,19.8,3.33
2018-03-01,DF,home_appliances,1,110.42,18.0,
2018-03-01,DF,home_appliances_2,1,811.51,20.0,5.0
2018-03-01,DF,housewares,8,884.55,13.0,3.89
2018-03-01,DF,luggage_accessories,1,55.27,11.0,5.0
2018-03-01,DF,market_place,1,221.89,24.0,3.0
2018-03-01,DF,musical_instruments,1,114.25,18.0,5.0
2018-03-01,DF,office_furniture,1,160.22,20.0,5.0
2018-03-01,DF,perfumery,1,55.92,18.0,4.0
2018-03-01,DF,signaling_and_security,1,153.96,20.0,5.0
2018-03-01,DF,sports_leisure,12,1874.18,18.1,3.23
2018-03-01,DF,stationery,7,977.81,14.4,4.0
2018-03-01,DF,telephony,4,280.18,15.2,4.0
2018-03-01,DF,toys,3,226.97,19.0,2.33
2018-03-01,DF,watches_gifts,12,3478.47,14.3,4.27
2018-03-01,ES,(unknown),3,499.05,29.0,2.33
2018-03-01,ES,air_conditioning,1,156.99,26.0,4.0
2018-03-01,ES,audio,4,521.45,23.4,3.4
2018-03-01,ES,auto,3,418.12,24.0,1.67
2018-03-01,ES,baby,6,1585.39,16.8,3.67
2018-03-01,ES,bed_bath_table,13,1269.58,22.0,3.36
2018-03-01,ES,books_technical,2,130.43,23.5,4.5
2018-03-01,ES,computers_accessories,15,2452.0,16.8,3.75
2018-03-01,ES,consoles_games,1,122.4,21.0,5.0
2018-03-01,ES,cool_stuff,2,169.63,22.5,2.5
2018-03-01,ES,electronics,6,219.15,14.3,4.17
2018-03-01,ES,fashion_bags_accessories,4,222.87,19.3,4.0
2018-03-01,ES,food,2,164.92,20.5,2.5
2018-03-01,ES,furniture_decor,7,1194.29,30.3,2.56
2018-03-01,ES,furniture_living_room,1,210.29,11.0,5.0
2018-03-01,ES,garden_tools,4,638.92,18.8,3.67
2018-03-01,ES,health_beauty,13,2219.09,21.1,3.23
2018-03-01,ES,home_appliances,1,75.28,44.0,1.0
2018-03-01,ES,home_construction,1,111.84,20.0,4.0
2018-03-01,ES,housewares,4,777.87,33.8,1.0
2018-03-01,ES,luggage_accessories,1,63.23,11.0,5.0
2018-03-01,ES,musical_instruments,2,2653.33,24.0,3.0
2018-03-01,ES,office_furniture,1,468.25,7.0,5.0
2018-03-01,ES,perfumery,2,225.33,19.5,3.0
2018-03-01,ES,sports_leisure,8,1328.02,22.0,2.67
2018-03-01,ES,telephony,10,468.59,20.9,3.11
2018-03-01,ES,toys,6,459.99,20.0,3.67
2018-03-01,ES,watches_gifts,11,1611.86,25.4,3.4
2018-03-01,GO,(unknown),6,970.32,13.0,4.17
2018-03-01,GO,agro_industry_and_commerce,1,34.73,9.0,5.0
2018-03-01,GO,audio,3,1209.82,19.0,3.33
2018-03-01,GO,auto,5,660.88,15.0,3.4
2018-03-01,GO,baby,8,1653.1,15.1,3.75
2018-03-01,GO,bed_bath_table,11,919.51,21.9,3.33
2018-03-01,GO,computers_accessories,8,1717.67,13.4,4.38
2018-03-01,GO,construction_tools_safety,1,113.44,9.0,5.0
2018-03-01,GO,cool_stuff,1,163.58,12.0,5.0
2018-03-01,GO,drinks,1,66.81,20.0,5.0
2018-03-01,GO,electronics,4,140.19,16.8,4.0
2018-03-01,GO,fashion_bags_accessories,3,156.06,24.7,3.33
2018-03-01,GO,furniture_decor,10,1754.39,17.9,3.19
2018-03-01,GO,garden_tools,5,871.35,18.4,3.64
2018-03-01,GO,health_beauty,14,2026.93,21.0,3.73
2018-03-01,GO,home_appliances,2,154.28,23.0,4.5
2018-03-01,GO,housewares,5,2407.06,11.4,2.07
2018-03-01,GO,industry_commerce_and_business,1,83.59,7.0,3.0
2018-03-01,GO,office_furniture,5,933.56,24.2,4.4
2018-03-01,GO,perfumery,5,450.89,13.2,4.2
2018-03-01,GO,pet_shop,4,1027.07,20.3,4.0
2018-03-01,GO,sports_leisure,11,1665.18,19.5,3.54
2018-03-01,GO,stationery,3,305.35,16.0,4.67
2018-03-01,GO,telephony,10,430.78,18.3,3.9
2018-03-01,GO,toys,5,495.25,16.8,3.33
2018-03-01,GO,watches_gifts,11,1811.46,23.3,3.45
2018-03-01,MA,auto,3,593.81,32.7,2.33
2018-03-01,MA,bed_bath_table,1,72.38,8.0,5.0
2018-03-01,MA,computers_accessories,4,787.05,19.3,3.0
2018-03-01,MA,cool_stuff,2,489.69,24.5,3.0
2018-03-01,MA,electronics,2,118.45,28.0,3.0
2018-03-01,MA,fashion_bags_accessories,1,116.68,36.0,1.0
2018-03-01,MA,furniture_decor,2,444.54,29.0,3.0
2018-03-01,MA,garden_tools,1,110.83,20.0,4.0
2018-03-01,MA,health_beauty,7,1136.93,18.9,3.88
2018-03-01,MA,home_confort,1,144.06,34.0,3.0
2018-03-01,MA,housewares,3,440.21,31.7,2.33
2018-03-01,MA,luggage_accessories,1,88.94,21.0,1.0
2018-03-01,MA,office_furniture,3,1438.53,36.2,4.33
2018-03-01,MA,perfumery,2,364.95,15.5,5.0
2018-03-01,MA,sports_leisure,7,2914.82,34.1,3.57
2018-03-01,MA,stationery,2,402.18,18.0,4.67
2018-03-01,MA,telephony,2,130.99,25.5,3.5
2018-03-01,MA,toys,1,79.05,34.0,1.0
2018-03-01,MA,watches_gifts,4,585.36,29.0,3.4
2018-03-01,MG,(unknown),16,2137.81,12.7,4.0
2018-03-01,MG,audio,4,1672.71,25.8,2.75
2018-03-01,MG,auto,39,6029.84,16.2,3.52
2018-03-01,MG,baby,28,6301.79,15.9,3.42
2018-03-01,MG,bed_bath_table,83,11138.13,18.2,3.32
2018-03-01,MG,books_general_interest,5,284.7,11.2,4.2
2018-03-01,MG,books_technical,3,159.84,10.3,5.0
2018-03-01,MG,christmas_supplies,1,115.59,24.0,5.0
2018-03-01,MG,cine_photo,1,69.79,11.0,1.0
2018-03-01,MG,computers_accessories,86,13631.17,17.5,3.41
2018-03-01,MG,consoles_games,11,5747.98,11.7,3.92
2018-03-01,MG,construction_tools_construction,5,1222.87,20.6,2.4
2018-03-01,MG,construction_tools_lights,3,480.19,23.3,2.0
2018-03-01,MG,construction_tools_safety,3,625.99,11.7,5.0
2018-03-01,MG,cool_stuff,39,6627.02,15.7,3.74
2018-03-01,MG,costruction_tools_tools,1,211.75,3.0,1.0
2018-03-01,MG,drinks,3,162.86,14.0,3.33
2018-03-01,MG,dvds_blu_ray,1,41.96,12.0,5.0
2018-03-01,MG,electronics,22,3892.56,15.3,3.5
2018-03-01,MG,fashion_bags_accessories,13,1619.26,14.4,4.31
2018-03-01,MG,fashion_shoes,1,57.96,17.0,5.0
2018-03-01,MG,fixed_telephony,1,139.71,11.0,4.0
2018-03-01,MG,flowers,1,49.21,12.0,5.0
2018-03-01,MG,food,5,350.14,17.4,3.0
2018-03-01,MG,food_drink,4,908.58,16.5,4.17
2018-03-01,MG,furniture_decor,57,7509.22,13.4,3.4
2018-03-01,MG,furniture_living_room,2,102.32,7.0,4.5
2018-03-01,MG,garden_tools,29,3815.06,14.8,3.97
2018-03-01,MG,health_beauty,79,13817.82,19.0,3.66
2018-03-01,MG,home_appliances,10,958.81,10.1,2.62
2018-03-01,MG,home_confort,1,243.07,13.0,5.0
2018-03-01,MG,home_construction,3,372.72,13.3,3.0
2018-03-01,MG,housewares,41,4035.88,15.0,3.82
2018-03-01,MG,industry_commerce_and_business,4,593.54,9.0,2.4
2018-03-01,MG,kitchen_dining_laundry_garden_furniture,2,241.46,10.5,4.5
2018-03-01,MG,luggage_accessories,8,859.86,12.0,4.13
2018-03-01,MG,market_place,3,614.11,17.0,4.67
2018-03-01,MG,musical_instruments,9,1246.35,19.1,4.22
2018-03-01,MG,office_furniture,23,5107.62,22.3,3.38
2018-03-01,MG,party_supplies,1,417.23,24.0,1.0
2018-03-01,MG,perfumery,19,1978.43,16.0,4.05
2018-03-01,MG,pet_shop,12,2242.45,18.9,2.79
2018-03-01,MG,sports_leisure,68,8287.87,15.8,3.76
2018-03-01,MG,stationery,22,2377.9,17.5,3.68
2018-03-01,MG,telephony,25,4383.35,16.6,3.56
2018-03-01,MG,toys,20,3784.65,21.5,3.33
2018-03-01,MG,watches_gifts,52,10252.02,18.2,3.94
2018-03-01,MS,auto,3,541.69,19.5,2.25
2018-03-01,MS,baby,1,180.33,18.0,5.0
2018-03-01,MS,bed_bath_table,4,174.61,17.0,3.5
2018-03-01,MS,computers_accessories,6,711.37,17.0,3.0
2018-03-01,MS,construction_tools_construction,1,172.84,16.0,4.0
2018-03-01,MS,construction_tools_lights,1,347.56,33.0,2.0
2018-03-01,MS,cool_stuff,3,444.89,11.0,4.0
2018-03-01,MS,electronics,2,547.91,23.7,4.33
2018-03-01,MS,fashion_underwear_beach,1,78.2,27.0,3.0
2018-03-01,MS,furniture_decor,3,239.11,20.4,3.4
2018-03-01,MS,garden_tools,3,390.61,14.3,4.5
2018-03-01,MS,health_beauty,5,657.98,21.6,3.0
2018-03-01,MS,home_confort,1,110.09,35.0,2.0
2018-03-01,MS,home_construction,1,444.25,21.0,4.0
2018-03-01,MS,housewares,2,285.33,31.0,2.0
2018-03-01,MS,office_furniture,1,177.04,31.0,4.0
2018-03-01,MS,perfumery,1,70.16,53.0,1.0
2018-03-01,MS,pet_shop,2,213.6,33.0,1.0
2018-03-01,MS,sports_leisure,2,346.99,15.5,4.25
2018-03-01,MS,telephony,4,173.74,16.3,5.0
2018-03-01,MS,toys,4,275.5,29.5,3.0
2018-03-01,MS,watches_gifts,6,2005.09,22.2,3.0
2018-03-01,MT,(unknown),1,140.56,33.0,
2018-03-01,MT,audio,1,491.98,28.0,5.0
2018-03-01,MT,auto,3,571.33,14.3,4.33
2018-03-01,MT,baby,1,104.86,18.0,3.0
2018-03-01,MT,bed_bath_table,1,146.69,15.0,5.0
2018-03-01,MT,books_general_interest,2,88.18,34.5,4.0
2018-03-01,MT,books_technical,1,48.28,20.0,4.0
2018-03-01,MT,christmas_supplies,1,109.5,21.0,5.0
2018-03-01,MT,computers_accessories,3,939.85,20.0,2.0
2018-03-01,MT,construction_tools_construction,2,712.86,17.5,5.0
2018-03-01,MT,cool_stuff,2,452.49,16.0,4.0
2018-03-01,MT,costruction_tools_tools,1,222.16,21.0,4.0
2018-03-01,MT,electronics,2,154.28,20.5,3.0
2018-03-01,MT,fashion_bags_accessories,1,67.39,26.0,5.0
2018-03-01,MT,furniture_decor,3,501.43,21.4,4.4
2018-03-01,MT,garden_tools,3,486.7,28.5,4.75
2018-03-01,MT,health_beauty,2,802.17,30.0,3.5
2018-03-01,MT,housewares,3,184.82,26.3,3.67
2018-03-01,MT,industry_commerce_and_business,1,116.84,15.0,5.0
2018-03-01,MT,musical_instruments,1,116.25,24.0,4.0
2018-03-01,MT,perfumery,1,164.34,30.0,1.0
2018-03-01,MT,pet_shop,1,162.9,45.0,2.0
2018-03-01,MT,small_appliances,1,657.05,9.0,5.0
2018-03-01,MT,sports_leisure,3,516.87,23.7,3.67
2018-03-01,MT,stationery,1,145.99,18.0,5.0
2018-03-01,MT,telephony,1,150.15,14.0,4.0
2018-03-01,MT,toys,4,326.39,21.0,2.0
2018-03-01,MT,watches_gifts,5,1399.07,25.4,3.4
2018-03-01,PA,(unknown),1,160.54,41.0,1.0
2018-03-01,PA,audio,1,608.67,49.0,1.0
2018-03-01,PA,auto,5,966.56,40.0,2.86
2018-03-01,PA,baby,3,1381.12,31.0,2.33
2018-03-01,PA,bed_bath_table,1,136.69,28.0,4.0
2018-03-01,PA,books_technical,1,76.94,18.0,5.0
2018-03-01,PA,cine_photo,1,245.9,29.0,1.0
2018-03-01,PA,computers_accessories,7,811.84,43.1,2.57
2018-03-01,PA,consoles_games,2,324.05,48.0,1.0
2018-03-01,PA,cool_stuff,1,199.23,15.0,5.0
2018-03-01,PA,costruction_tools_garden,1,180.96,26.0,1.0
2018-03-01,PA,drinks,1,125.78,46.0,3.0
2018-03-01,PA,fashion_bags_accessories,2,154.08,48.0,1.0
2018-03-01,PA,furniture_decor,2,365.53,37.5,1.0
2018-03-01,PA,garden_tools,1,289.02,51.0,1.0
2018-03-01,PA,health_beauty,8,2030.38,47.0,2.38
2018-03-01,PA,home_appliances,2,330.08,26.0,4.5
2018-03-01,PA,home_construction,1,143.63,26.0,1.0
2018-03-01,PA,housewares,2,291.27,37.5,3.0
2018-03-01,PA,office_furniture,2,593.63,30.5,5.0
2018-03-01,PA,pet_shop,1,142.66,16.0,3.0
2018-03-01,PA,sports_leisure,4,645.24,37.5,3.0
2018-03-01,PA,stationery,2,206.92,45.0,1.0
2018-03-01,PA,telephony,9,2299.54,37.3,1.88
2018-03-01,PA,toys,2,198.51,39.5,4.0
2018-03-01,PA,watches_gifts,6,1878.36,32.2,3.17
2018-03-01,PB,air_conditioning,1,86.75,16.0,5.0
2018-03-01,PB,auto,1,227.9,32.0,4.0
2018-03-01,PB,bed_bath_table,1,48.05,26.0,5.0
2018-03-01,PB,computers_accessories,3,882.7,15.3,4.89
2018-03-01,PB,construction_tools_safety,2,650.22,22.6,4.43
2018-03-01,PB,electronics,2,232.61,25.0,3.0
2018-03-01,PB,fashion_bags_accessories,3,323.71,17.0,4.0
2018-03-01,PB,furniture_decor,2,584.09,24.5,4.5
2018-03-01,PB,health_beauty,8,1440.45,23.0,3.88
2018-03-01,PB,home_confort,1,140.06,33.0,1.0
2018-03-01,PB,office_furniture,1,189.72,25.0,5.0
2018-03-01,PB,perfumery,2,583.43,12.5,3.5
2018-03-01,PB,pet_shop,1,80.05,15.0,5.0
2018-03-01,PB,small_appliances,1,226.27,27.0,5.0
2018-03-01,PB,sports_leisure,1,150.18,27.0,5.0
2018-03-01,PB,stationery,1,151.61,8.0,1.0
2018-03-01,PB,telephony,1,95.84,35.0,4.0
2018-03-01,PB,toys,1,58.75,23.0,5.0
2018-03-01,PB,watches_gifts,7,1914.84,26.0,4.43
2018-03-01,PE,(unknown),1,160.54,15.0,5.0
2018-03-01,PE,auto,10,2776.33,16.0,4.73
2018-03-01,PE,baby,2,628.3,37.0,2.5
2018-03-01,PE,bed_bath_table,2,165.09,10.0,4.5
2018-03-01,PE,christmas_supplies,1,270.09,17.0,5.0
2018-03-01,PE,computers_accessories,3,375.11,25.7,2.0
2018-03-01,PE,consoles_games,2,1175.86,22.5,5.0
2018-03-01,PE,construction_tools_construction,2,144.58,19.0,3.5
2018-03-01,PE,cool_stuff,5,1091.54,15.2,4.4
2018-03-01,PE,costruction_tools_garden,1,98.5,16.0,4.0
2018-03-01,PE,costruction_tools_tools,1,226.56,11.0,5.0
2018-03-01,PE,electronics,1,34.03,31.0,1.0
2018-03-01,PE,fashion_bags_accessories,2,190.96,11.0,4.67
2018-03-01,PE,food_drink,2,261.51,20.0,5.0
2018-03-01,PE,furniture_decor,5,1696.59,21.4,2.29
2018-03-01,PE,garden_tools,3,275.36,30.7,3.67
2018-03-01,PE,health_beauty,18,4711.17,22.8,3.41
2018-03-01,PE,housewares,2,117.58,23.5,4.5
2018-03-01,PE,kitchen_dining_laundry_garden_furniture,1,571.48,22.0,1.0
2018-03-01,PE,office_furniture,1,118.38,23.0,4.0
2018-03-01,PE,perfumery,5,775.16,24.4,4.0
2018-03-01,PE,pet_shop,1,274.24,10.0,5.0
2018-03-01,PE,sports_leisure,6,831.91,29.3,3.0
2018-03-01,PE,stationery,4,419.01,19.3,4.25
2018-03-01,PE,telephony,11,810.85,21.6,3.91
2018-03-01,PE,toys,3,615.02,20.3,3.0
2018-03-01,PE,watches_gifts,12,7994.43,21.3,4.5
2018-03-01,PI,(unknown),1,146.35,10.0,5.0
2018-03-01,PI,auto,3,1098.13,28.0,3.67
2018-03-01,PI,baby,2,1260.68,10.5,3.5
2018-03-01,PI,bed_bath_table,1,352.72,28.0,
2018-03-01,PI,computers_accessories,4,878.7,18.3,4.75
2018-03-01,PI,cool_stuff,1,87.95,19.0,5.0
2018-03-01,PI,electronics,2,101.43,18.5,3.0
2018-03-01,PI,fashion_bags_accessories,1,84.05,28.0,1.0
2018-03-01,PI,fashion_shoes,1,238.65,41.0,1.0
2018-03-01,PI,food,1,173.49,20.0,5.0
2018-03-01,PI,furniture_decor,2,288.51,39.5,2.5
2018-03-01,PI,garden_tools,1,136.6,35.0,1.0
2018-03-01,PI,health_beauty,4,998.2,23.0,2.5
2018-03-01,PI,home_appliances,1,210.61,18.0,3.0
2018-03-01,PI,housewares,2,1159.84,11.3,4.0
2018-03-01,PI,party_supplies,1,292.88,21.0,5.0
2018-03-01,PI,perfumery,1,196.07,32.0,1.0
2018-03-01,PI,telephony,4,230.27,17.5,4.5
2018-03-01,PI,watches_gifts,1,223.7,21.0,5.0
2018-03-01,PR,(unknown),6,762.3,12.7,3.86
2018-03-01,PR,air_conditioning,1,449.74,12.0,3.0
2018-03-01,PR,audio,1,612.01,8.0,5.0
2018-03-01,PR,auto,15,1997.91,22.3,3.87
2018-03-01,PR,baby,12,1885.09,13.3,3.58
2018-03-01,PR,bed_bath_table,40,5969.41,16.5,3.42
2018-03-01,PR,books_general_interest,2,92.13,13.0,5.0
2018-03-01,PR,books_technical,1,44.23,8.0,5.0
2018-03-01,PR,computers_accessories,42,7633.89,11.8,3.98
2018-03-01,PR,consoles_games,2,782.06,21.5,3.0
2018-03-01,PR,construction_tools_construction,1,146.78,14.0,5.0
2018-03-01,PR,construction_tools_lights,1,304.55,19.0,3.0
2018-03-01,PR,cool_stuff,17,2906.93,13.4,4.59
2018-03-01,PR,costruction_tools_tools,2,107.21,15.0,4.5
2018-03-01,PR,electronics,11,502.0,11.5,4.27
2018-03-01,PR,fashion_bags_accessories,12,1055.4,13.1,4.25
2018-03-01,PR,food,2,92.26,18.5,5.0
2018-03-01,PR,furniture_decor,24,3601.16,13.9,4.09
2018-03-01,PR,garden_tools,8,2015.5,19.7,4.9
2018-03-01,PR,health_beauty,26,3654.61,15.9,3.82
2018-03-01,PR,home_appliances,3,1026.11,17.7,4.0
2018-03-01,PR,home_confort,2,216.92,20.0,5.0
2018-03-01,PR,housewares,17,1927.01,12.4,3.6
2018-03-01,PR,kitchen_dining_laundry_garden_furniture,1,154.96,23.0,4.0
2018-03-01,PR,luggage_accessories,3,556.49,15.0,4.33
2018-03-01,PR,musical_instruments,1,411.76,17.0,5.0
2018-03-01,PR,office_furniture,6,1977.6,15.4,4.78
2018-03-01,PR,perfumery,7,707.58,33.0,4.0
2018-03-01,PR,pet_shop,5,556.48,14.5,2.5
2018-03-01,PR,small_appliances,2,256.58,14.0,4.0
2018-03-01,PR,small_appliances_home_oven_and_coffee,2,2686.25,14.0,5.0
2018-03-01,PR,sports_leisure,44,6359.53,11.9,3.44
2018-03-01,PR,stationery,11,1000.23,15.2,4.18
2018-03-01,PR,telephony,19,1264.76,13.4,3.35
2018-03-01,PR,toys,8,1078.22,14.5,3.38
2018-03-01,PR,watches_gifts,15,4833.79,21.4,3.33
2018-03-01,RJ,(unknown),11,1129.63,24.7,3.18
2018-03-01,RJ,agro_industry_and_commerce,5,1256.0,13.2,4.8
2018-03-01,RJ,air_conditioning,8,744.91,18.1,3.5
2018-03-01,RJ,art,1,162.03,12.0,4.0
2018-03-01,RJ,audio,6,1616.83,27.8,1.83
2018-03-01,RJ,auto,26,4268.36,18.7,3.5
2018-03-01,RJ,baby,17,2512.9,28.5,2.94
2018-03-01,RJ,bed_bath_table,96,12842.89,26.2,3.0
2018-03-01,RJ,books_general_interest,3,279.94,27.0,3.67
2018-03-01,RJ,books_technical,3,182.76,20.0,3.67
2018-03-01,RJ,christmas_supplies,2,222.37,69.5,1.0
2018-03-01,RJ,computers_accessories,82,11792.08,22.1,3.73
2018-03-01,RJ,consoles_games,2,178.01,5.5,5.0
2018-03-01,RJ,construction_tools_construction,11,2084.8,18.1,3.33
2018-03-01,RJ,construction_tools_lights,1,94.31,38.0,1.0
2018-03-01,RJ,construction_tools_safety,1,25.0,32.0,2.0
2018-03-01,RJ,cool_stuff,26,5345.63,22.2,3.17
2018-03-01,RJ,costruction_tools_garden,4,698.16,12.3,4.0
2018-03-01,RJ,drinks,1,66.81,15.0,5.0
2018-03-01,RJ,electronics,40,2693.73,26.6,3.05
2018-03-01,RJ,fashion_bags_accessories,15,1473.95,30.5,2.69
2018-03-01,RJ,fashion_shoes,1,223.68,20.0,4.0
2018-03-01,RJ,fashion_underwear_beach,1,68.13,36.0,1.0
2018-03-01,RJ,fixed_telephony,4,601.81,22.2,4.0
2018-03-01,RJ,food,1,43.0,10.0,4.0
2018-03-01,RJ,food_drink,2,796.95,40.0,3.0
2018-03-01,RJ,furniture_bedroom,2,483.7,32.5,3.0
2018-03-01,RJ,furniture_decor,53,8486.36,21.8,2.83
2018-03-01,RJ,furniture_living_room,6,1647.03,19.0,2.83
2018-03-01,RJ,furniture_mattress_and_upholstery,1,133.99,44.0,1.0
2018-03-01,RJ,garden_tools,32,4124.67,25.5,2.97
2018-03-01,RJ,health_beauty,58,9567.16,23.0,3.5
2018-03-01,RJ,home_appliances,12,2950.73,20.4,4.08
2018-03-01,RJ,home_appliances_2,6,1941.01,17.0,3.33
2018-03-01,RJ,home_confort,3,590.31,39.3,1.67
2018-03-01,RJ,home_construction,4,880.16,11.6,3.75
2018-03-01,RJ,housewares,35,4317.12,21.1,3.7
2018-03-01,RJ,industry_commerce_and_business,3,468.39,31.0,3.67
2018-03-01,RJ,kitchen_dining_laundry_garden_furniture,2,225.83,28.0,2.5
2018-03-01,RJ,luggage_accessories,6,761.5,19.9,2.83
2018-03-01,RJ,market_place,4,389.15,26.0,2.0
2018-03-01,RJ,musical_instruments,7,956.88,29.1,3.29
2018-03-01,RJ,office_furniture,17,5864.18,29.4,2.06
2018-03-01,RJ,party_supplies,1,68.5,18.0,3.0
2018-03-01,RJ,perfumery,23,3557.36,19.4,3.87
2018-03-01,RJ,pet_shop,15,2441.47,21.4,3.13
2018-03-01,RJ,signaling_and_security,2,183.69,19.5,4.5
2018-03-01,RJ,small_appliances,2,1398.48,11.0,4.0
2018-03-01,RJ,sports_leisure,76,12311.96,24.0,3.09
2018-03-01,RJ,stationery,21,2250.12,25.9,3.0
2018-03-01,RJ,telephony,26,3052.97,19.5,2.71
2018-03-01,RJ,toys,23,2503.66,20.6,3.68
2018-03-01,RJ,watches_gifts,59,12973.49,26.0,2.98
2018-03-01,RN,(unknown),1,174.35,19.0,5.0
2018-03-01,RN,auto,2,424.72,30.3,4.33
2018-03-01,RN,baby,4,1326.34,20.0,3.4
2018-03-01,RN,bed_bath_table,4,625.82,23.0,4.75
2018-03-01,RN,books_general_interest,1,168.59,24.0,5.0
2018-03-01,RN,books_technical,1,100.77,23.0,5.0
2018-03-01,RN,consoles_games,1,738.57,21.0,5.0
2018-03-01,RN,cool_stuff,1,100.05,18.0,5.0
2018-03-01,RN,electronics,2,128.13,18.0,5.0
2018-03-01,RN,fashion_bags_accessories,2,898.05,36.5,2.0
2018-03-01,RN,furniture_decor,2,339.03,36.5,1.0
2018-03-01,RN,garden_tools,2,770.57,16.0,5.0
2018-03-01,RN,health_beauty,4,693.0,18.8,5.0
2018-03-01,RN,office_furniture,1,509.4,29.0,5.0
2018-03-01,RN,perfumery,1,213.33,15.0,5.0
2018-03-01,RN,sports_leisure,1,35.35,31.0,1.0
2018-03-01,RN,telephony,1,35.84,25.0,3.0
2018-03-01,RN,toys,1,167.22,11.0,5.0
2018-03-01,RN,watches_gifts,6,1479.04,29.0,3.17
2018-03-01,RO,(unknown),1,174.35,27.0,5.0
2018-03-01,RO,baby,1,1037.79,24.0,1.0
2018-03-01,RO,computers_accessories,1,134.01,26.0,4.0
2018-03-01,RO,cool_stuff,2,570.54,28.5,3.0
2018-03-01,RO,fashion_bags_accessories,1,93.7,25.0,1.0
2018-03-01,RO,garden_tools,1,106.85,24.0,5.0
2018-03-01,RO,health_beauty,1,151.71,39.0,1.0
2018-03-01,RO,housewares,1,154.83,34.0,5.0
2018-03-01,RO,sports_leisure,3,604.99,23.7,3.67
2018-03-01,RO,watches_gifts,1,277.08,14.0,5.0
2018-03-01,RR,(unknown),2,301.82,27.5,4.0
2018-03-01,RR,baby,1,994.77,26.0,2.0
2018-03-01,RR,office_furniture,1,434.76,39.0,4.0
2018-03-01,RR,watches_gifts,1,287.45,40.0,5.0
2018-03-01,RS,(unknown),16,2494.31,13.4,3.89
2018-03-01,RS,agro_industry_and_commerce,1,961.96,6.0,5.0
2018-03-01,RS,art,1,37.73,9.0,1.0
2018-03-01,RS,audio,1,488.15,30.0,3.0
2018-03-01,RS,auto,10,2010.46,19.0,3.8
2018-03-01,RS,baby,8,1010.85,20.6,3.25
2018-03-01,RS,bed_bath_table,33,3642.19,23.4,3.03
2018-03-01,RS,books_general_interest,1,35.05,9.0,5.0
2018-03-01,RS,books_technical,1,81.22,19.0,2.0
2018-03-01,RS,christmas_supplies,1,39.69,13.0,3.0
2018-03-01,RS,cine_photo,1,192.76,15.0,2.0
2018-03-01,RS,computers_accessories,46,6553.09,20.9,3.52
2018-03-01,RS,consoles_games,4,423.0,20.2,3.0
2018-03-01,RS,construction_tools_construction,1,68.22,21.0,4.0
2018-03-01,RS,cool_stuff,17,4083.63,16.2,4.41
2018-03-01,RS,costruction_tools_garden,2,322.83,24.0,3.0
2018-03-01,RS,drinks,1,66.81,23.0,5.0
2018-03-01,RS,electronics,11,645.38,16.3,3.08
2018-03-01,RS,fashion_bags_accessories,8,1003.97,14.1,4.89
2018-03-01,RS,fashion_shoes,2,167.1,28.0,3.0
2018-03-01,RS,fashion_underwear_beach,1,77.5,11.0,1.0
2018-03-01,RS,furniture_decor,34,4846.1,20.6,3.6
2018-03-01,RS,furniture_living_room,1,471.35,15.0,1.0
2018-03-01,RS,garden_tools,15,2681.64,17.8,4.06
2018-03-01,RS,health_beauty,32,3692.93,22.9,3.53
2018-03-01,RS,home_appliances,4,1734.02,15.3,4.75
2018-03-01,RS,home_appliances_2,2,771.97,14.0,5.0
2018-03-01,RS,home_confort,1,110.09,43.0,5.0
2018-03-01,RS,home_construction,3,336.55,19.0,2.75
2018-03-01,RS,housewares,23,3276.64,22.2,3.16
2018-03-01,RS,industry_commerce_and_business,2,297.63,11.5,5.0
2018-03-01,RS,luggage_accessories,3,504.15,10.7,5.0
2018-03-01,RS,music,1,322.17,18.0,5.0
2018-03-01,RS,musical_instruments,1,202.16,28.0,2.0
2018-03-01,RS,office_furniture,4,953.22,27.6,4.14
2018-03-01,RS,party_supplies,1,38.69,11.0,5.0
2018-03-01,RS,perfumery,4,348.26,15.3,4.25
2018-03-01,RS,pet_shop,8,1196.43,19.5,4.38
2018-03-01,RS,small_appliances,4,3068.06,24.0,3.0
2018-03-01,RS,small_appliances_home_oven_and_coffee,1,238.98,12.0,5.0
2018-03-01,RS,sports_leisure,39,7216.86,17.7,3.93
2018-03-01,RS,stationery,10,1453.68,21.0,3.91
2018-03-01,RS,telephony,17,2786.34,17.6,4.41
2018-03-01,RS,toys,12,1772.88,19.8,4.0
2018-03-01,RS,watches_gifts,21,4013.09,23.3,3.71
2018-03-01,SC,(unknown),7,803.21,18.6,3.57
2018-03-01,SC,art,1,79.98,23.0,3.0
2018-03-01,SC,audio,1,194.11,38.0,3.0
2018-03-01,SC,auto,17,2009.2,17.8,3.65
2018-03-01,SC,baby,6,2253.69,12.2,4.0
2018-03-01,SC,bed_bath_table,22,2683.4,19.0,3.04
2018-03-01,SC,cine_photo,1,108.59,15.0,3.0
2018-03-01,SC,computers_accessories,25,4177.3,18.8,4.0
2018-03-01,SC,consoles_games,1,50.73,24.0,4.0
2018-03-01,SC,construction_tools_construction,2,189.71,23.0,5.0
2018-03-01,SC,construction_tools_lights,1,340.73,12.0,4.0
2018-03-01,SC,cool_stuff,6,1566.21,12.8,4.17
2018-03-01,SC,costruction_tools_garden,1,92.48,22.0,5.0
2018-03-01,SC,costruction_tools_tools,1,232.09,8.0,5.0
2018-03-01,SC,drinks,2,128.04,14.0,4.5
2018-03-01,SC,electronics,14,834.09,14.6,3.93
2018-03-01,SC,fashion_bags_accessories,5,496.56,13.4,4.2
2018-03-01,SC,fashion_childrens_clothes,1,46.42,6.0,5.0
2018-03-01,SC,food_drink,1,74.88,21.0,5.0
2018-03-01,SC,furniture_decor,24,3686.87,14.9,3.57
2018-03-01,SC,furniture_living_room,1,57.22,11.0,4.0
2018-03-01,SC,garden_tools,5,1569.64,13.6,5.0
2018-03-01,SC,health_beauty,13,2149.31,14.6,3.8
2018-03-01,SC,home_appliances,1,62.43,13.0,4.0
2018-03-01,SC,home_confort,1,53.31,19.0,1.0
2018-03-01,SC,home_construction,2,648.5,13.0,3.67
2018-03-01,SC,housewares,12,817.61,18.7,3.83
2018-03-01,SC,industry_commerce_and_business,3,316.78,20.0,4.5
2018-03-01,SC,kitchen_dining_laundry_garden_furniture,1,85.99,10.0,5.0
2018-03-01,SC,la_cuisine,1,426.7,6.0,4.0
2018-03-01,SC,luggage_accessories,1,178.8,14.0,5.0
2018-03-01,SC,musical_instruments,1,77.29,12.0,4.0
2018-03-01,SC,office_furniture,4,1231.52,27.7,2.0
2018-03-01,SC,perfumery,4,378.83,18.8,4.0
2018-03-01,SC,pet_shop,3,323.07,15.7,2.67
2018-03-01,SC,small_appliances,2,1110.33,7.5,4.0
2018-03-01,SC,small_appliances_home_oven_and_coffee,1,2960.05,21.0,4.0
2018-03-01,SC,sports_leisure,25,3915.61,14.0,4.09
2018-03-01,SC,stationery,2,152.16,17.0,5.0
2018-03-01,SC,telephony,10,759.96,19.2,3.36
2018-03-01,SC,toys,7,965.63,17.3,3.57
2018-03-01,SC,watches_gifts,12,4400.47,20.4,3.5
2018-03-01,SE,auto,2,616.05,38.5,1.0
2018-03-01,SE,computers_accessories,1,154.94,10.0,3.0
2018-03-01,SE,cool_stuff,3,742.62,20.7,3.67
2018-03-01,SE,furniture_decor,2,618.81,38.5,1.0
2018-03-01,SE,garden_tools,1,213.7,30.0,1.0
2018-03-01,SE,health_beauty,1,135.02,23.0,3.0
2018-03-01,SE,industry_commerce_and_business,1,208.96,9.0,5.0
2018-03-01,SE,signaling_and_security,1,219.42,31.0,3.0
2018-03-01,SE,sports_leisure,2,279.36,14.5,5.0
2018-03-01,SE,telephony,3,223.64,28.3,1.0
2018-03-01,SP,(unknown),41,6139.27,7.7,4.4
2018-03-01,SP,agro_industry_and_commerce,17,3386.8,6.7,4.11
2018-03-01,SP,air_conditioning,11,1427.63,12.5,3.73
2018-03-01,SP,art,4,301.92,9.8,4.25
2018-03-01,SP,audio,6,2826.85,18.7,3.5
2018-03-01,SP,auto,134,19644.52,10.1,4.33
2018-03-01,SP,baby,89,15660.76,9.2,4.15
2018-03-01,SP,bed_bath_table,298,37637.72,10.0,4.03
2018-03-01,SP,books_general_interest,17,1185.59,9.5,4.6
2018-03-01,SP,books_imported,2,284.69,1.0,5.0
2018-03-01,SP,books_technical,4,408.0,7.0,3.75
2018-03-01,SP,christmas_supplies,5,317.6,12.8,3.0
2018-03-01,SP,cine_photo,1,111.27,5.0,3.0
2018-03-01,SP,computers_accessories,258,40939.33,11.3,4.11
2018-03-01,SP,consoles_games,21,2442.87,13.3,3.95
2018-03-01,SP,construction_tools_construction,19,5192.45,8.9,3.77
2018-03-01,SP,construction_tools_lights,4,1266.26,8.5,4.75
2018-03-01,SP,construction_tools_safety,5,3826.71,6.9,4.0
2018-03-01,SP,cool_stuff,85,12141.78,8.1,4.05
2018-03-01,SP,costruction_tools_garden,10,1179.24,8.2,4.62
2018-03-01,SP,costruction_tools_tools,2,155.0,12.0,4.67
2018-03-01,SP,diapers_and_hygiene,1,193.55,14.0,3.0
2018-03-01,SP,drinks,10,580.64,10.4,3.73
2018-03-01,SP,electronics,92,4278.53,8.5,4.24
2018-03-01,SP,fashio_female_clothing,1,154.52,2.0,4.0
2018-03-01,SP,fashion_bags_accessories,45,3731.64,7.2,4.38
2018-03-01,SP,fashion_childrens_clothes,1,50.14,8.0,5.0
2018-03-01,SP,fashion_shoes,4,349.88,9.3,3.75
2018-03-01,SP,fashion_sport,1,97.39,2.0,5.0
2018-03-01,SP,fashion_underwear_beach,2,144.58,12.5,5.0
2018-03-01,SP,fixed_telephony,7,1459.32,13.1,3.25
2018-03-01,SP,flowers,2,87.2,9.0,5.0
2018-03-01,SP,food,19,1021.47,7.8,4.24
2018-03-01,SP,food_drink,8,581.58,8.0,4.88
2018-03-01,SP,furniture_bedroom,4,781.99,11.3,4.75
2018-03-01,SP,furniture_decor,166,23137.45,10.0,4.05
2018-03-01,SP,furniture_living_room,6,934.82,14.7,3.5
2018-03-01,SP,furniture_mattress_and_upholstery,3,450.94,9.7,4.67
2018-03-01,SP,garden_tools,75,12397.35,11.3,4.04
2018-03-01,SP,health_beauty,267,37861.19,10.2,4.02
2018-03-01,SP,home_appliances,29,3494.04,7.3,4.17
2018-03-01,SP,home_appliances_2,2,902.69,11.0,4.5
2018-03-01,SP,home_comfort_2,1,44.33,5.0,5.0
2018-03-01,SP,home_confort,10,1452.71,14.0,3.8
2018-03-01,SP,home_construction,15,2634.04,9.8,4.17
2018-03-01,SP,housewares,144,18581.18,8.6,4.16
2018-03-01,SP,industry_commerce_and_business,10,1354.87,7.6,4.08
2018-03-01,SP,kitchen_dining_laundry_garden_furniture,5,2322.3,13.2,4.6
2018-03-01,SP,luggage_accessories,22,3007.5,8.3,4.71
2018-03-01,SP,market_place,6,286.19,10.0,4.33
2018-03-01,SP,music,1,40.19,15.0,1.0
2018-03-01,SP,musical_instruments,25,4063.63,8.9,4.48
2018-03-01,SP,office_furniture,73,17219.22,17.9,3.41
2018-03-01,SP,party_supplies,1,252.99,6.0,4.0
2018-03-01,SP,perfumery,96,12446.69,10.3,3.97
2018-03-01,SP,pet_shop,50,6662.33,12.9,4.19
2018-03-01,SP,signaling_and_security,3,522.49,33.8,3.75
2018-03-01,SP,small_appliances,20,7316.25,6.7,4.3
2018-03-01,SP,small_appliances_home_oven_and_coffee,3,2335.2,8.7,5.0
2018-03-01,SP,sports_leisure,298,39725.49,10.3,4.01
2018-03-01,SP,stationery,53,5325.04,9.6,4.05
2018-03-01,SP,tablets_printing_image,2,287.29,9.7,4.67
2018-03-01,SP,telephony,124,7364.44,8.1,3.99
2018-03-01,SP,toys,102,11993.34,8.2,3.95
2018-03-01,SP,watches_gifts,146,36177.54,12.4,4.04
2018-03-01,TO,audio,1,212.92,34.0,1.0
2018-03-01,TO,auto,2,327.86,18.0,2.5
2018-03-01,TO,baby,1,1020.35,30.0,1.0
2018-03-01,TO,bed_bath_table,1,212.75,35.0,1.0
2018-03-01,TO,computers_accessories,2,284.82,32.0,5.0
2018-03-01,TO,electronics,1,59.84,18.0,4.0
2018-03-01,TO,health_beauty,1,66.69,28.0,5.0
2018-03-01,TO,perfumery,2,269.61,14.0,4.5
2018-03-01,TO,pet_shop,1,129.0,24.0,4.0
2018-03-01,TO,sports_leisure,3,1711.56,13.7,3.33
2018-03-01,TO,telephony,3,359.7,13.5,4.25
2018-03-01,TO,toys,1,646.16,15.0,5.0
2018-03-01,TO,watches_gifts,1,278.37,27.0,2.0
2018-04-01,AC,sports_leisure,1,147.59,18.0,5.0
2018-04-01,AC,toys,1,102.57,72.0,1.0
2018-04-01,AC,watches_gifts,2,338.01,25.5,3.5
2018-04-01,AL,(unknown),1,200.74,14.0,4.0
2018-04-01,AL,agro_industry_and_commerce,1,1518.55,44.0,1.0
2018-04-01,AL,auto,1,79.34,25.0,5.0
2018-04-01,AL,bed_bath_table,1,119.98,17.0,1.0
2018-04-01,AL,computers,1,878.48,18.0,4.0
2018-04-01,AL,computers_accessories,2,273.12,18.5,4.5
2018-04-01,AL,fashion_bags_accessories,1,57.85,9.0,4.0
2018-04-01,AL,food_drink,1,68.54,23.0,4.0
2018-04-01,AL,furniture_decor,2,420.54,21.0,3.0
2018-04-01,AL,garden_tools,2,161.7,25.3,3.67
2018-04-01,AL,health_beauty,3,303.55,24.7,4.67
2018-04-01,AL,home_appliances_2,1,856.89,16.0,4.0
2018-04-01,AL,home_construction,1,118.79,14.0,5.0
2018-04-01,AL,housewares,1,180.91,19.0,5.0
2018-04-01,AL,industry_commerce_and_business,1,272.76,37.0,3.0
2018-04-01,AL,perfumery,1,141.02,45.0,2.0
2018-04-01,AL,sports_leisure,1,230.75,18.0,5.0
2018-04-01,AL,telephony,1,35.84,45.0,4.0
2018-04-01,AL,toys,1,123.82,4.0,3.0
2018-04-01,AL,watches_gifts,3,963.29,25.0,2.0
2018-04-01,AM,auto,1,264.18,31.0,5.0
2018-04-01,AM,electronics,1,40.85,32.0,5.0
2018-04-01,AM,furniture_decor,1,89.35,31.0,3.0
2018-04-01,AM,health_beauty,1,77.31,26.0,5.0
2018-04-01,AM,home_construction,1,182.85,27.0,5.0
2018-04-01,AM,pet_shop,1,238.95,12.0,5.0
2018-04-01,AP,art,1,70.38,32.0,
2018-04-01,AP,garden_tools,1,236.06,23.0,4.0
2018-04-01,AP,health_beauty,2,270.16,30.5,4.0
2018-04-01,AP,sports_leisure,1,466.2,22.0,5.0
2018-04-01,BA,agro_industry_and_commerce,1,499.64,27.0,5.0
2018-04-01,BA,auto,12,1861.92,30.3,2.54
2018-04-01,BA,baby,10,2506.3,33.6,3.4
2018-04-01,BA,bed_bath_table,16,2055.27,24.0,4.0
2018-04-01,BA,books_general_interest,1,37.01,33.0,1.0
2018-04-01,BA,books_technical,2,129.5,16.5,3.5
2018-04-01,BA,christmas_supplies,2,210.23,13.8,4.25
2018-04-01,BA,cine_photo,1,120.38,30.0,2.0
2018-04-01,BA,computers,1,827.32,12.0,5.0
2018-04-01,BA,computers_accessories,17,2162.03,14.4,4.67
2018-04-01,BA,consoles_games,1,819.31,36.0,2.0
2018-04-01,BA,cool_stuff,7,1405.91,22.4,4.86
2018-04-01,BA,electronics,7,435.11,21.6,4.0
2018-04-01,BA,fashion_bags_accessories,3,465.72,15.0,3.67
2018-04-01,BA,food,2,180.04,36.5,5.0
2018-04-01,BA,food_drink,1,57.61,7.0,5.0
2018-04-01,BA,furniture_bedroom,1,264.76,38.0,1.0
2018-04-01,BA,furniture_decor,17,2829.28,20.0,4.3
2018-04-01,BA,garden_tools,13,1607.27,19.2,4.07
2018-04-01,BA,health_beauty,23,3865.42,22.0,3.42
2018-04-01,BA,home_appliances,1,73.06,26.0,5.0
2018-04-01,BA,home_confort,1,112.32,25.0,4.0
2018-04-01,BA,housewares,6,1654.38,20.5,3.67
2018-04-01,BA,industry_commerce_and_business,3,451.88,18.0,4.5
2018-04-01,BA,office_furniture,2,1083.3,27.4,3.4
2018-04-01,BA,perfumery,1,97.19,23.0,1.0
2018-04-01,BA,pet_shop,7,995.64,21.9,3.43
2018-04-01,BA,small_appliances,2,1725.77,17.0,4.0
2018-04-01,BA,sports_leisure,15,2526.26,22.1,3.44
2018-04-01,BA,stationery,7,1163.96,15.3,4.29
2018-04-01,BA,telephony,8,529.18,21.9,4.0
2018-04-01,BA,toys,5,584.36,25.0,3.75
2018-04-01,BA,watches_gifts,22,3544.43,22.6,3.74
2018-04-01,CE,audio,1,540.18,29.0,5.0
2018-04-01,CE,auto,4,1662.88,19.8,4.5
2018-04-01,CE,baby,3,515.67,35.5,1.5
2018-04-01,CE,bed_bath_table,6,562.77,23.7,3.83
2018-04-01,CE,books_general_interest,1,379.3,11.0,4.0
2018-04-01,CE,books_technical,1,37.71,5.0,5.0
2018-04-01,CE,computers,1,910.2,8.0,5.0
2018-04-01,CE,computers_accessories,8,1268.89,22.4,3.5
2018-04-01,CE,consoles_games,1,139.61,22.0,5.0
2018-04-01,CE,construction_tools_construction,1,147.36,15.0,5.0
2018-04-01,CE,construction_tools_safety,1,63.99,32.0,5.0
2018-04-01,CE,cool_stuff,4,752.29,18.8,5.0
2018-04-01,CE,electronics,6,823.01,20.2,2.33
2018-04-01,CE,fashion_bags_accessories,1,66.71,5.0,5.0
2018-04-01,CE,fixed_telephony,1,70.03,21.0,3.0
2018-04-01,CE,food,1,83.89,20.0,4.0
2018-04-01,CE,furniture_living_room,1,563.95,33.0,1.0
2018-04-01,CE,garden_tools,5,378.15,24.2,4.0
2018-04-01,CE,health_beauty,14,2803.88,36.1,3.57
2018-04-01,CE,home_appliances,2,1431.15,28.5,4.5
2018-04-01,CE,home_appliances_2,1,1869.8,21.0,5.0
2018-04-01,CE,home_construction,2,705.99,19.0,4.5
2018-04-01,CE,housewares,3,163.46,19.0,4.0
2018-04-01,CE,music,1,169.64,44.0,1.0
2018-04-01,CE,sports_leisure,9,1291.25,24.6,4.0
2018-04-01,CE,stationery,1,155.76,7.0,1.0
2018-04-01,CE,telephony,6,726.87,23.6,3.0
2018-04-01,CE,toys,1,283.54,11.0,5.0
2018-04-01,CE,watches_gifts,9,1319.67,21.8,4.6
2018-04-01,DF,(unknown),3,337.91,7.3,4.67
2018-04-01,DF,audio,1,30.13,9.0,5.0
2018-04-01,DF,auto,11,1786.67,9.7,4.46
2018-04-01,DF,baby,4,504.95,8.4,4.0
2018-04-01,DF,bed_bath_table,11,1262.69,12.1,4.15
2018-04-01,DF,books_general_interest,3,675.84,8.3,5.0
2018-04-01,DF,books_technical,2,85.31,9.5,4.5
2018-04-01,DF,computers_accessories,9,1120.44,11.9,4.33
2018-04-01,DF,consoles_games,1,48.96,12.0,5.0
2018-04-01,DF,construction_tools_construction,1,78.29,11.0,5.0
2018-04-01,DF,cool_stuff,3,523.58,11.7,5.0
2018-04-01,DF,electronics,6,439.91,8.3,4.17
2018-04-01,DF,fashion_bags_accessories,1,188.67,10.0,5.0
2018-04-01,DF,fashion_shoes,1,108.16,8.0,5.0
2018-04-01,DF,food,1,38.22,9.0,4.0
2018-04-01,DF,food_drink,1,74.88,12.0,4.0
2018-04-01,DF,furniture_decor,10,1184.64,10.1,4.36
2018-04-01,DF,furniture_living_room,1,149.1,8.0,5.0
2018-04-01,DF,garden_tools,3,395.93,7.8,2.6
2018-04-01,DF,health_beauty,15,1978.62,11.2,4.56
2018-04-01,DF,home_appliances,5,759.72,18.4,3.57
2018-04-01,DF,home_confort,2,241.71,15.5,2.0
2018-04-01,DF,housewares,2,155.1,11.0,2.5
2018-04-01,DF,industry_commerce_and_business,2,350.66,4.3,5.0
2018-04-01,DF,luggage_accessories,3,327.77,16.7,4.67
2018-04-01,DF,musical_instruments,2,286.7,14.5,4.5
2018-04-01,DF,office_furniture,1,192.18,23.0,3.0
2018-04-01,DF,perfumery,8,1353.67,8.3,4.0
2018-04-01,DF,pet_shop,3,461.7,11.3,4.33
2018-04-01,DF,sports_leisure,7,1619.41,10.8,4.09
2018-04-01,DF,stationery,3,235.31,13.3,3.67
2018-04-01,DF,telephony,6,579.94,9.9,3.88
2018-04-01,DF,toys,2,175.72,19.0,4.5
2018-04-01,DF,watches_gifts,13,3864.64,12.0,4.58
2018-04-01,ES,(unknown),1,52.53,18.0,5.0
2018-04-01,ES,audio,1,30.13,22.0,4.0
2018-04-01,ES,auto,6,982.51,15.2,2.83
2018-04-01,ES,baby,3,266.81,10.0,4.33
2018-04-01,ES,bed_bath_table,20,3301.01,19.6,3.88
2018-04-01,ES,books_general_interest,1,106.3,15.0,4.0
2018-04-01,ES,books_technical,2,118.36,14.5,5.0
2018-04-01,ES,computers_accessories,8,886.4,17.8,3.67
2018-04-01,ES,consoles_games,3,801.28,18.7,4.0
2018-04-01,ES,construction_tools_lights,2,730.08,12.2,5.0
2018-04-01,ES,cool_stuff,4,573.28,13.8,4.5
2018-04-01,ES,electronics,9,510.25,15.9,4.09
2018-04-01,ES,fashion_bags_accessories,3,286.7,14.0,4.0
2018-04-01,ES,fashion_male_clothing,1,234.42,32.0,
2018-04-01,ES,fixed_telephony,1,141.43,24.0,1.0
2018-04-01,ES,food_drink,1,143.92,15.0,5.0
2018-04-01,ES,furniture_bedroom,1,120.33,22.0,5.0
2018-04-01,ES,furniture_decor,5,591.42,13.8,4.83
2018-04-01,ES,garden_tools,4,264.66,19.8,4.25
2018-04-01,ES,health_beauty,14,1687.91,16.8,4.06
2018-04-01,ES,home_appliances,2,132.73,20.0,4.5
2018-04-01,ES,home_appliances_2,1,580.31,17.0,5.0
2018-04-01,ES,home_construction,1,177.13,10.0,5.0
2018-04-01,ES,housewares,5,882.97,24.6,3.6
2018-04-01,ES,luggage_accessories,1,269.32,30.0,5.0
2018-04-01,ES,musical_instruments,1,67.23,8.0,5.0
2018-04-01,ES,office_furniture,3,985.21,23.0,3.2
2018-04-01,ES,perfumery,2,264.53,11.0,4.0
2018-04-01,ES,pet_shop,3,434.29,15.0,3.33
2018-04-01,ES,sports_leisure,10,1134.8,18.3,4.0
2018-04-01,ES,stationery,1,169.36,12.0,2.0
2018-04-01,ES,telephony,6,310.68,21.7,3.0
2018-04-01,ES,toys,4,577.42,16.0,2.75
2018-04-01,ES,watches_gifts,10,1296.94,13.4,4.18
2018-04-01,GO,(unknown),1,198.13,7.0,5.0
2018-04-01,GO,auto,7,984.72,14.4,4.71
2018-04-01,GO,baby,6,1055.37,16.5,4.17
2018-04-01,GO,bed_bath_table,14,2376.99,15.4,4.06
2018-04-01,GO,books_general_interest,2,198.86,11.5,5.0
2018-04-01,GO,computers_accessories,13,2010.0,22.4,3.86
2018-04-01,GO,construction_tools_safety,1,73.16,15.0,5.0
2018-04-01,GO,cool_stuff,1,209.11,19.0,5.0
2018-04-01,GO,costruction_tools_tools,1,107.22,2.0,5.0
2018-04-01,GO,electronics,1,33.23,17.0,5.0
2018-04-01,GO,fashion_shoes,1,181.59,12.0,1.0
2018-04-01,GO,furniture_decor,11,1431.64,15.6,3.79
2018-04-01,GO,garden_tools,2,389.98,14.3,4.75
2018-04-01,GO,health_beauty,13,2832.27,15.7,3.87
2018-04-01,GO,home_appliances,2,142.14,14.5,5.0
2018-04-01,GO,housewares,5,912.87,15.8,4.2
2018-04-01,GO,market_place,1,43.18,14.0,5.0
2018-04-01,GO,music,1,1244.12,13.0,5.0
2018-04-01,GO,musical_instruments,2,506.01,15.0,4.5
2018-04-01,GO,office_furniture,1,276.97,25.0,5.0
2018-04-01,GO,perfumery,5,815.31,11.0,4.4
2018-04-01,GO,pet_shop,2,1565.53,13.5,2.5
2018-04-01,GO,sports_leisure,11,1204.41,10.3,4.33
2018-04-01,GO,stationery,2,94.45,15.0,4.5
2018-04-01,GO,telephony,8,376.76,16.8,3.75
2018-04-01,GO,toys,2,148.73,10.0,4.0
2018-04-01,GO,watches_gifts,16,2817.76,16.4,4.31
2018-04-01,MA,auto,2,272.9,21.0,4.5
2018-04-01,MA,baby,3,803.13,17.3,4.67
2018-04-01,MA,bed_bath_table,3,387.96,22.3,3.67
2018-04-01,MA,books_technical,2,123.23,16.5,3.0
2018-04-01,MA,cds_dvds_musicals,1,117.58,19.0,5.0
2018-04-01,MA,computers_accessories,4,983.16,19.5,4.5
2018-04-01,MA,cool_stuff,1,293.61,12.0,4.0
2018-04-01,MA,electronics,1,31.85,20.0,3.0
2018-04-01,MA,fashion_bags_accessories,2,374.29,10.8,5.0
2018-04-01,MA,furniture_decor,2,310.23,19.3,4.33
2018-04-01,MA,garden_tools,1,106.85,17.0,4.0
2018-04-01,MA,health_beauty,5,1281.14,29.4,3.8
2018-04-01,MA,home_construction,1,37.91,18.0,4.0
2018-04-01,MA,housewares,2,412.78,21.0,4.0
2018-04-01,MA,luggage_accessories,1,292.06,14.0,4.0
2018-04-01,MA,musical_instruments,1,1093.52,19.0,5.0
2018-04-01,MA,office_furniture,1,228.21,29.0,5.0
2018-04-01,MA,perfumery,1,197.29,24.0,5.0
2018-04-01,MA,small_appliances,1,94.52,20.0,4.0
2018-04-01,MA,sports_leisure,1,279.3,17.0,5.0
2018-04-01,MA,telephony,2,198.18,20.0,2.0
2018-04-01,MA,toys,4,1346.29,15.8,3.5
2018-04-01,MA,watches_gifts,4,757.54,17.8,4.5
2018-04-01,MG,(unknown),7,914.87,7.1,4.86
2018-04-01,MG,agro_industry_and_commerce,1,433.46,10.0,5.0
2018-04-01,MG,air_conditioning,3,1087.29,8.7,5.0
2018-04-01,MG,art,2,201.54,7.0,5.0
2018-04-01,MG,arts_and_craftmanship,1,34.22,8.0,4.0
2018-04-01,MG,audio,5,1679.88,11.5,3.83
2018-04-01,MG,auto,36,5333.41,10.6,4.32
2018-04-01,MG,baby,36,9427.51,11.4,4.03
2018-04-01,MG,bed_bath_table,59,9075.94,13.2,3.66
2018-04-01,MG,books_general_interest,2,650.58,7.0,3.0
2018-04-01,MG,christmas_supplies,2,139.82,15.5,5.0
2018-04-01,MG,computers_accessories,70,10254.12,10.1,4.16
2018-04-01,MG,consoles_games,4,1155.17,12.3,4.75
2018-04-01,MG,construction_tools_construction,11,1359.2,10.4,3.55
2018-04-01,MG,construction_tools_lights,6,1167.41,10.7,3.43
2018-04-01,MG,construction_tools_safety,2,272.89,12.5,5.0
2018-04-01,MG,cool_stuff,16,2787.85,13.4,3.94
2018-04-01,MG,costruction_tools_garden,1,148.85,7.0,2.0
2018-04-01,MG,costruction_tools_tools,4,495.78,11.0,4.0
2018-04-01,MG,drinks,1,61.23,10.0,2.0
2018-04-01,MG,electronics,16,915.74,11.6,3.65
2018-04-01,MG,fashion_bags_accessories,13,1840.55,8.9,4.85
2018-04-01,MG,fashion_shoes,1,123.18,20.0,5.0
2018-04-01,MG,fixed_telephony,2,311.98,15.0,5.0
2018-04-01,MG,food,2,201.68,6.5,5.0
2018-04-01,MG,food_drink,1,34.23,7.0,5.0
2018-04-01,MG,furniture_decor,54,7801.56,10.2,3.69
2018-04-01,MG,furniture_living_room,3,738.27,14.7,5.0
2018-04-01,MG,garden_tools,38,5991.74,10.3,4.53
2018-04-01,MG,health_beauty,61,12769.2,10.4,4.35
2018-04-01,MG,home_appliances,11,597.59,12.5,3.91
2018-04-01,MG,home_appliances_2,1,2110.57,8.0,5.0
2018-04-01,MG,home_comfort_2,1,18.76,13.0,1.0
2018-04-01,MG,home_confort,2,479.32,12.3,2.0
2018-04-01,MG,home_construction,9,1771.84,11.3,3.78
2018-04-01,MG,housewares,51,6616.69,10.3,4.56
2018-04-01,MG,industry_commerce_and_business,1,225.35,17.0,5.0
2018-04-01,MG,kitchen_dining_laundry_garden_furniture,2,297.35,12.5,5.0
2018-04-01,MG,luggage_accessories,15,2027.53,9.6,4.47
2018-04-01,MG,market_place,2,163.36,12.5,4.5
2018-04-01,MG,musical_instruments,4,2303.16,7.8,3.5
2018-04-01,MG,office_furniture,7,1626.51,21.9,3.29
2018-04-01,MG,party_supplies,1,80.26,11.0,1.0
2018-04-01,MG,perfumery,20,2475.12,10.0,4.43
2018-04-01,MG,pet_shop,20,2843.65,9.9,4.17
2018-04-01,MG,signaling_and_security,2,384.47,7.3,1.0
2018-04-01,MG,small_appliances,5,330.05,13.5,4.0
2018-04-01,MG,small_appliances_home_oven_and_coffee,1,1544.62,7.0,4.0
2018-04-01,MG,sports_leisure,57,8767.49,10.5,4.38
2018-04-01,MG,stationery,15,1527.92,8.9,4.19
2018-04-01,MG,telephony,29,1902.65,11.5,4.2
2018-04-01,MG,toys,20,3405.44,10.0,4.38
2018-04-01,MG,watches_gifts,48,9909.96,11.7,4.57
2018-04-01,MS,auto,2,277.6,13.5,4.0
2018-04-01,MS,baby,4,506.14,15.0,4.25
2018-04-01,MS,bed_bath_table,3,605.35,12.7,5.0
2018-04-01,MS,computers_accessories,3,458.94,16.0,4.25
2018-04-01,MS,costruction_tools_tools,1,26.12,25.0,1.0
2018-04-01,MS,electronics,2,60.11,12.5,4.5
2018-04-01,MS,fashion_bags_accessories,1,63.16,38.0,1.0
2018-04-01,MS,fashion_shoes,1,122.12,11.0,5.0
2018-04-01,MS,furniture_decor,4,762.79,13.2,2.67
2018-04-01,MS,health_beauty,1,382.39,20.0,5.0
2018-04-01,MS,home_appliances,1,99.43,17.0,4.0
2018-04-01,MS,home_construction,1,84.24,26.0,4.0
2018-04-01,MS,housewares,2,536.09,17.4,1.8
2018-04-01,MS,office_furniture,1,207.2,18.0,1.0
2018-04-01,MS,perfumery,1,43.13,14.0,5.0
2018-04-01,MS,pet_shop,4,527.91,17.6,4.2
2018-04-01,MS,signaling_and_security,1,382.22,14.0,5.0
2018-04-01,MS,small_appliances_home_oven_and_coffee,1,818.4,20.0,5.0
2018-04-01,MS,sports_leisure,1,46.96,14.0,5.0
2018-04-01,MS,stationery,1,77.66,16.0,4.0
2018-04-01,MS,telephony,1,66.13,12.0,5.0
2018-04-01,MS,toys,2,89.44,16.0,5.0
2018-04-01,MS,watches_gifts,4,809.61,18.4,4.0
2018-04-01,MT,(unknown),1,122.99,17.0,5.0
2018-04-01,MT,auto,3,660.34,16.3,5.0
2018-04-01,MT,baby,2,1234.89,15.0,4.5
2018-04-01,MT,bed_bath_table,6,929.36,20.1,4.5
2018-04-01,MT,computers_accessories,3,456.57,22.0,4.0
2018-04-01,MT,consoles_games,1,54.72,22.0,5.0
2018-04-01,MT,construction_tools_construction,2,1030.29,16.0,4.5
2018-04-01,MT,construction_tools_safety,2,630.84,16.0,5.0
2018-04-01,MT,cool_stuff,3,693.89,15.7,5.0
2018-04-01,MT,drinks,1,41.55,11.0,5.0
2018-04-01,MT,food,1,49.96,18.0,4.0
2018-04-01,MT,furniture_decor,1,117.42,16.0,5.0
2018-04-01,MT,garden_tools,1,79.11,19.0,5.0
2018-04-01,MT,health_beauty,7,2324.0,20.7,4.43
2018-04-01,MT,home_construction,1,261.96,14.0,5.0
2018-04-01,MT,housewares,4,610.36,19.6,4.6
2018-04-01,MT,industry_commerce_and_business,1,131.8,22.0,4.0
2018-04-01,MT,luggage_accessories,2,247.75,19.5,4.5
2018-04-01,MT,perfumery,1,172.19,23.0,5.0
2018-04-01,MT,small_appliances_home_oven_and_coffee,1,836.7,30.0,3.0
2018-04-01,MT,sports_leisure,6,1530.21,14.6,4.88
2018-04-01,MT,stationery,2,131.52,16.0,5.0
2018-04-01,MT,telephony,4,223.2,15.8,2.75
2018-04-01,MT,toys,1,170.77,15.0,5.0
2018-04-01,MT,watches_gifts,7,1042.08,17.3,4.29
2018-04-01,PA,(unknown),1,142.54,24.0,4.0
2018-04-01,PA,auto,1,68.3,32.0,5.0
2018-04-01,PA,baby,3,2466.37,41.0,1.67
2018-04-01,PA,bed_bath_table,3,387.12,26.5,3.25
2018-04-01,PA,books_general_interest,1,168.59,32.0,4.0
2018-04-01,PA,computers_accessories,4,568.89,28.8,5.0
2018-04-01,PA,cool_stuff,6,1188.65,39.0,2.4
2018-04-01,PA,electronics,4,1205.89,28.5,3.25
2018-04-01,PA,fashion_bags_accessories,2,140.07,10.0,4.0
2018-04-01,PA,furniture_decor,4,345.39,27.8,3.5
2018-04-01,PA,garden_tools,1,283.62,62.0,1.0
2018-04-01,PA,health_beauty,9,1532.67,34.3,2.75
2018-04-01,PA,housewares,3,445.95,19.7,4.67
2018-04-01,PA,office_furniture,1,273.6,32.0,1.0
2018-04-01,PA,perfumery,2,382.58,41.0,4.5
2018-04-01,PA,sports_leisure,11,2932.52,24.6,3.07
2018-04-01,PA,stationery,3,316.82,35.0,4.5
2018-04-01,PA,telephony,2,201.0,28.3,3.67
2018-04-01,PA,watches_gifts,5,774.98,35.2,4.25
2018-04-01,PB,auto,1,190.09,24.0,1.0
2018-04-01,PB,baby,2,213.44,30.5,2.5
2018-04-01,PB,bed_bath_table,2,362.04,14.0,5.0
2018-04-01,PB,consoles_games,1,48.84,7.0,5.0
2018-04-01,PB,cool_stuff,4,823.87,19.8,4.75
2018-04-01,PB,electronics,1,68.85,37.0,1.0
2018-04-01,PB,fashion_bags_accessories,1,353.27,40.0,1.0
2018-04-01,PB,furniture_decor,1,139.8,22.0,3.0
2018-04-01,PB,garden_tools,1,93.75,15.0,4.0
2018-04-01,PB,health_beauty,6,1686.59,25.5,3.17
2018-04-01,PB,housewares,2,139.8,22.5,4.5
2018-04-01,PB,small_appliances,1,673.25,12.0,5.0
2018-04-01,PB,sports_leisure,1,218.72,63.0,2.0
2018-04-01,PB,stationery,1,151.1,13.0,5.0
2018-04-01,PB,telephony,2,160.38,23.0,4.5
2018-04-01,PB,watches_gifts,1,192.58,21.0,3.0
2018-04-01,PE,air_conditioning,1,224.9,19.0,1.0
2018-04-01,PE,auto,9,1674.32,22.6,2.3
2018-04-01,PE,baby,2,756.52,13.5,3.0
2018-04-01,PE,bed_bath_table,4,947.42,22.2,3.83
2018-04-01,PE,books_technical,1,79.95,11.0,5.0
2018-04-01,PE,computers,1,1418.86,10.0,1.0
2018-04-01,PE,computers_accessories,11,1504.23,14.1,4.45
2018-04-01,PE,cool_stuff,5,1225.09,21.4,4.2
2018-04-01,PE,electronics,3,318.85,16.3,4.25
2018-04-01,PE,fashion_shoes,1,201.07,20.0,4.0
2018-04-01,PE,furniture_decor,4,373.02,26.5,4.0
2018-04-01,PE,furniture_living_room,1,191.38,28.0,1.0
2018-04-01,PE,garden_tools,5,1253.25,26.6,3.43
2018-04-01,PE,health_beauty,14,2098.43,22.7,3.67
2018-04-01,PE,home_appliances,1,73.54,23.0,5.0
2018-04-01,PE,home_construction,1,280.83,13.0,5.0
2018-04-01,PE,housewares,3,391.61,18.7,2.67
2018-04-01,PE,luggage_accessories,2,251.35,15.5,4.5
2018-04-01,PE,musical_instruments,2,627.49,31.5,3.0
2018-04-01,PE,office_furniture,2,723.37,38.0,3.5
2018-04-01,PE,perfumery,1,141.02,13.0,5.0
2018-04-01,PE,pet_shop,3,359.34,23.3,3.67
2018-04-01,PE,signaling_and_security,1,154.6,24.0,5.0
2018-04-01,PE,sports_leisure,7,760.12,16.0,4.14
2018-04-01,PE,stationery,2,520.31,24.0,5.0
2018-04-01,PE,telephony,6,485.17,17.0,4.0
2018-04-01,PE,toys,4,1318.09,15.4,4.29
2018-04-01,PE,watches_gifts,13,3156.37,22.6,3.06
2018-04-01,PI,air_conditioning,2,486.49,14.5,4.0
2018-04-01,PI,audio,1,37.75,15.0,5.0
2018-04-01,PI,auto,2,3805.86,19.0,4.0
2018-04-01,PI,baby,1,1388.68,11.0,5.0
2018-04-01,PI,bed_bath_table,1,141.13,19.0,2.0
2018-04-01,PI,computers,1,884.2,9.0,5.0
2018-04-01,PI,computers_accessories,5,1082.49,15.0,4.0
2018-04-01,PI,cool_stuff,2,336.95,15.0,5.0
2018-04-01,PI,electronics,1,104.3,9.0,4.0
2018-04-01,PI,furniture_decor,1,120.8,17.0,3.0
2018-04-01,PI,garden_tools,2,160.75,17.0,4.5
2018-04-01,PI,health_beauty,2,528.13,17.0,4.5
2018-04-01,PI,housewares,3,781.69,13.5,2.75
2018-04-01,PI,perfumery,1,62.3,7.0,5.0
2018-04-01,PI,sports_leisure,5,1244.75,25.6,4.2
2018-04-01,PI,toys,1,51.9,13.0,5.0
2018-04-01,PI,watches_gifts,3,1139.14,13.0,5.0
2018-04-01,PR,(unknown),6,804.62,9.7,4.17
2018-04-01,PR,agro_industry_and_commerce,1,432.4,7.0,5.0
2018-04-01,PR,air_conditioning,1,48.37,8.0,5.0
2018-04-01,PR,art,1,103.13,7.0,5.0
2018-04-01,PR,audio,2,1042.74,10.0,3.0
2018-04-01,PR,auto,17,2184.94,9.6,4.47
2018-04-01,PR,baby,8,1372.75,8.6,4.75
2018-04-01,PR,bed_bath_table,26,4227.97,8.7,3.65
2018-04-01,PR,books_general_interest,6,643.13,9.6,4.89
2018-04-01,PR,books_technical,3,428.73,11.3,5.0
2018-04-01,PR,computers,1,688.25,6.0,5.0
2018-04-01,PR,computers_accessories,27,3400.97,9.1,4.0
2018-04-01,PR,consoles_games,2,989.07,4.0,1.5
2018-04-01,PR,construction_tools_construction,7,4171.2,10.9,4.22
2018-04-01,PR,construction_tools_lights,4,595.16,13.8,3.75
2018-04-01,PR,construction_tools_safety,4,343.79,14.6,4.2
2018-04-01,PR,cool_stuff,13,4482.9,11.4,4.19
2018-04-01,PR,diapers_and_hygiene,1,56.32,11.0,5.0
2018-04-01,PR,drinks,2,830.16,8.2,4.2
2018-04-01,PR,dvds_blu_ray,2,227.25,12.7,4.67
2018-04-01,PR,electronics,8,680.05,9.9,4.13
2018-04-01,PR,fashion_bags_accessories,4,462.45,9.5,4.75
2018-04-01,PR,furniture_decor,36,6040.38,9.1,4.47
2018-04-01,PR,furniture_living_room,2,653.54,3.5,3.5
2018-04-01,PR,garden_tools,12,1160.23,11.6,4.58
2018-04-01,PR,health_beauty,27,4814.78,8.1,4.35
2018-04-01,PR,home_appliances,7,1425.19,10.0,4.0
2018-04-01,PR,home_appliances_2,1,688.24,13.0,5.0
2018-04-01,PR,home_confort,1,97.86,9.0,3.0
2018-04-01,PR,home_construction,2,187.01,10.3,3.67
2018-04-01,PR,housewares,24,3415.69,10.6,4.21
2018-04-01,PR,industry_commerce_and_business,5,787.4,9.8,4.6
2018-04-01,PR,kitchen_dining_laundry_garden_furniture,1,99.04,9.0,3.0
2018-04-01,PR,luggage_accessories,2,1380.04,6.0,5.0
2018-04-01,PR,musical_instruments,4,4163.92,11.0,4.75
2018-04-01,PR,office_furniture,5,3082.44,20.5,4.07
2018-04-01,PR,perfumery,5,461.44,10.2,4.0
2018-04-01,PR,pet_shop,6,716.49,11.9,4.43
2018-04-01,PR,small_appliances,5,457.51,7.0,4.29
2018-04-01,PR,small_appliances_home_oven_and_coffee,1,1533.62,7.0,5.0
2018-04-01,PR,sports_leisure,29,5774.71,8.2,4.0
2018-04-01,PR,stationery,11,1339.81,9.4,5.0
2018-04-01,PR,tablets_printing_image,1,70.24,7.0,5.0
2018-04-01,PR,telephony,15,1379.24,14.8,3.79
2018-04-01,PR,toys,7,638.63,9.3,5.0
2018-04-01,PR,watches_gifts,32,7651.4,11.2,4.18
2018-04-01,RJ,(unknown),10,1148.08,12.6,3.8
2018-04-01,RJ,air_conditioning,3,645.3,11.8,5.0
2018-04-01,RJ,art,6,579.5,9.2,4.5
2018-04-01,RJ,audio,5,1166.61,15.2,3.6
2018-04-01,RJ,auto,44,5829.89,12.5,4.25
2018-04-01,RJ,baby,19,4909.28,13.7,3.68
2018-04-01,RJ,bed_bath_table,75,13056.26,15.2,3.93
2018-04-01,RJ,books_general_interest,3,293.17,16.3,5.0
2018-04-01,RJ,books_technical,4,224.7,8.8,4.75
2018-04-01,RJ,christmas_supplies,1,51.82,5.0,5.0
2018-04-01,RJ,cine_photo,1,65.03,12.0,5.0
2018-04-01,RJ,computers,2,1794.4,14.5,4.0
2018-04-01,RJ,computers_accessories,40,5858.25,13.0,3.41
2018-04-01,RJ,consoles_games,3,173.59,22.7,3.33
2018-04-01,RJ,construction_tools_construction,9,1024.74,15.7,4.25
2018-04-01,RJ,construction_tools_lights,2,194.89,11.5,4.0
2018-04-01,RJ,construction_tools_safety,4,511.34,17.3,2.33
2018-04-01,RJ,cool_stuff,24,5152.02,13.2,4.42
2018-04-01,RJ,costruction_tools_garden,3,769.94,15.0,4.6
2018-04-01,RJ,costruction_tools_tools,3,336.76,8.3,4.67
2018-04-01,RJ,drinks,5,3272.81,13.9,4.86
2018-04-01,RJ,electronics,26,2274.56,14.6,3.81
2018-04-01,RJ,fashion_bags_accessories,5,410.16,8.6,4.71
2018-04-01,RJ,fashion_sport,1,105.41,11.0,5.0
2018-04-01,RJ,fixed_telephony,2,840.52,13.3,2.0
2018-04-01,RJ,flowers,1,64.93,23.0,4.0
2018-04-01,RJ,food,3,216.05,8.7,4.67
2018-04-01,RJ,food_drink,2,95.04,14.5,4.0
2018-04-01,RJ,furniture_bedroom,2,616.46,13.5,4.5
2018-04-01,RJ,furniture_decor,55,8294.7,15.5,3.74
2018-04-01,RJ,furniture_living_room,6,1419.62,18.7,3.57
2018-04-01,RJ,garden_tools,29,3982.54,17.2,3.42
2018-04-01,RJ,health_beauty,60,10432.7,13.6,4.18
2018-04-01,RJ,home_appliances,9,731.89,17.7,3.0
2018-04-01,RJ,home_appliances_2,9,10432.16,8.6,4.22
2018-04-01,RJ,home_confort,1,108.46,11.0,5.0
2018-04-01,RJ,home_construction,6,677.72,20.3,3.67
2018-04-01,RJ,housewares,51,6006.57,15.5,3.95
2018-04-01,RJ,industry_commerce_and_business,4,630.29,11.6,4.8
2018-04-01,RJ,kitchen_dining_laundry_garden_furniture,3,1933.62,7.0,5.0
2018-04-01,RJ,luggage_accessories,7,915.73,13.1,5.0
2018-04-01,RJ,market_place,3,203.56,14.3,4.0
2018-04-01,RJ,music,2,194.85,11.5,5.0
2018-04-01,RJ,musical_instruments,11,1309.86,12.2,4.55
2018-04-01,RJ,office_furniture,12,5112.66,23.3,2.89
2018-04-01,RJ,perfumery,21,2830.89,8.8,4.22
2018-04-01,RJ,pet_shop,22,2740.64,14.9,4.38
2018-04-01,RJ,signaling_and_security,4,1094.16,16.0,4.6
2018-04-01,RJ,small_appliances,11,1652.17,15.4,4.55
2018-04-01,RJ,sports_leisure,63,9117.76,13.4,3.76
2018-04-01,RJ,stationery,11,1083.25,13.3,4.92
2018-04-01,RJ,telephony,20,1341.66,10.6,4.45
2018-04-01,RJ,toys,21,3158.08,12.9,4.19
2018-04-01,RJ,watches_gifts,67,12821.48,12.6,4.1
2018-04-01,RN,art,1,137.1,15.0,3.0
2018-04-01,RN,auto,1,98.38,24.0,5.0
2018-04-01,RN,baby,1,127.25,16.0,4.0
2018-04-01,RN,bed_bath_table,1,85.84,16.0,5.0
2018-04-01,RN,books_general_interest,1,585.12,28.0,5.0
2018-04-01,RN,computers_accessories,2,662.2,32.0,1.0
2018-04-01,RN,cool_stuff,1,228.57,32.0,
2018-04-01,RN,electronics,3,120.74,31.7,2.33
2018-04-01,RN,fashion_bags_accessories,1,190.25,14.0,1.0
2018-04-01,RN,fashion_shoes,1,257.65,43.0,1.0
2018-04-01,RN,food,1,78.75,14.0,5.0
2018-04-01,RN,furniture_decor,2,293.96,24.5,5.0
2018-04-01,RN,health_beauty,3,721.19,26.3,3.67
2018-04-01,RN,housewares,2,278.4,33.5,2.5
2018-04-01,RN,musical_instruments,1,329.06,16.0,5.0
2018-04-01,RN,office_furniture,1,206.57,70.0,2.0
2018-04-01,RN,perfumery,1,169.02,78.0,1.0
2018-04-01,RN,pet_shop,1,162.63,12.0,5.0
2018-04-01,RN,telephony,2,1176.96,31.5,2.5
2018-04-01,RN,toys,2,334.65,16.5,4.0
2018-04-01,RN,watches_gifts,3,1274.55,15.3,5.0
2018-04-01,RO,baby,1,101.38,12.0,5.0
2018-04-01,RO,computers_accessories,2,421.0,22.0,4.5
2018-04-01,RO,construction_tools_construction,2,334.19,18.0,4.0
2018-04-01,RO,fashion_bags_accessories,1,72.75,26.0,5.0
2018-04-01,RO,office_furniture,1,388.38,26.0,5.0
2018-04-01,RO,pet_shop,1,213.83,32.0,2.0
2018-04-01,RO,small_appliances_home_oven_and_coffee,1,2114.63,17.0,5.0
2018-04-01,RO,watches_gifts,2,439.56,27.5,4.5
2018-04-01,RR,electronics,1,41.06,32.0,5.0
2018-04-01,RR,home_appliances,1,730.95,54.0,1.0
2018-04-01,RS,(unknown),5,487.4,12.4,5.0
2018-04-01,RS,agro_industry_and_commerce,1,100.12,8.0,5.0
2018-04-01,RS,air_conditioning,3,296.49,11.7,5.0
2018-04-01,RS,auto,23,4958.08,13.2,4.22
2018-04-01,RS,baby,9,4041.19,8.7,4.0
2018-04-01,RS,bed_bath_table,32,5198.93,12.3,4.11
2018-04-01,RS,books_general_interest,2,201.92,22.5,2.5
2018-04-01,RS,cine_photo,3,435.72,12.3,5.0
2018-04-01,RS,computers_accessories,18,2783.98,14.0,4.64
2018-04-01,RS,consoles_games,2,105.19,14.0,5.0
2018-04-01,RS,construction_tools_construction,4,391.48,15.8,4.0
2018-04-01,RS,construction_tools_lights,6,733.09,11.0,3.33
2018-04-01,RS,cool_stuff,17,3511.07,13.5,4.13
2018-04-01,RS,costruction_tools_garden,1,57.29,5.0,5.0
2018-04-01,RS,costruction_tools_tools,2,266.12,7.0,5.0
2018-04-01,RS,drinks,1,236.37,8.0,1.0
2018-04-01,RS,dvds_blu_ray,1,24.13,9.0,5.0
2018-04-01,RS,electronics,18,804.91,12.8,4.37
2018-04-01,RS,fashion_bags_accessories,6,562.74,16.2,4.67
2018-04-01,RS,fashion_shoes,1,181.59,16.0,5.0
2018-04-01,RS,fixed_telephony,1,280.72,12.0,5.0
2018-04-01,RS,furniture_decor,38,7071.91,13.8,4.04
2018-04-01,RS,furniture_living_room,1,75.18,22.0,1.0
2018-04-01,RS,garden_tools,14,1414.79,10.8,3.88
2018-04-01,RS,health_beauty,20,3076.61,15.0,4.13
2018-04-01,RS,home_appliances,5,813.87,13.8,4.4
2018-04-01,RS,home_appliances_2,1,1672.08,18.0,5.0
2018-04-01,RS,home_construction,2,423.08,19.5,3.5
2018-04-01,RS,housewares,20,2705.47,11.9,4.3
2018-04-01,RS,kitchen_dining_laundry_garden_furniture,1,162.75,5.0,4.0
2018-04-01,RS,luggage_accessories,2,457.33,4.5,3.5
2018-04-01,RS,market_place,3,230.7,12.3,4.33
2018-04-01,RS,musical_instruments,2,542.64,10.5,5.0
2018-04-01,RS,office_furniture,3,517.8,17.0,4.33
2018-04-01,RS,perfumery,7,1632.52,10.4,4.57
2018-04-01,RS,pet_shop,4,326.09,13.0,4.25
2018-04-01,RS,signaling_and_security,2,136.06,15.0,4.0
2018-04-01,RS,small_appliances,3,2162.54,10.0,4.67
2018-04-01,RS,sports_leisure,28,4266.89,14.7,4.47
2018-04-01,RS,stationery,6,427.11,12.0,4.86
2018-04-01,RS,telephony,11,580.95,14.5,3.58
2018-04-01,RS,toys,5,391.77,15.0,4.0
2018-04-01,RS,watches_gifts,17,4030.9,14.9,3.79
2018-04-01,SC,(unknown),5,1122.43,18.4,4.0
2018-04-01,SC,agro_industry_and_commerce,2,693.35,10.0,4.5
2018-04-01,SC,art,3,233.22,13.3,4.67
2018-04-01,SC,auto,12,2901.28,12.6,4.5
2018-04-01,SC,baby,8,5498.34,16.5,4.05
2018-04-01,SC,bed_bath_table,21,3315.14,14.0,4.18
2018-04-01,SC,books_general_interest,2,259.91,12.0,5.0
2018-04-01,SC,computers_accessories,8,1501.24,13.8,4.1
2018-04-01,SC,consoles_games,3,213.62,19.3,4.0
2018-04-01,SC,construction_tools_construction,3,568.96,14.5,4.25
2018-04-01,SC,construction_tools_lights,3,363.42,13.3,4.5
2018-04-01,SC,construction_tools_safety,1,83.33,10.0,5.0
2018-04-01,SC,cool_stuff,6,1346.65,16.7,2.33
2018-04-01,SC,costruction_tools_tools,1,68.75,10.0,5.0
2018-04-01,SC,drinks,1,142.41,9.0,5.0
2018-04-01,SC,electronics,11,1851.66,9.3,4.64
2018-04-01,SC,fashion_bags_accessories,2,81.55,7.0,5.0
2018-04-01,SC,fashion_shoes,1,199.75,16.0,5.0
2018-04-01,SC,fashion_underwear_beach,1,68.13,8.0,4.0
2018-04-01,SC,food,3,161.32,12.0,3.0
2018-04-01,SC,furniture_decor,26,5803.49,9.8,3.78
2018-04-01,SC,furniture_living_room,1,404.55,10.0,1.0
2018-04-01,SC,garden_tools,5,3933.96,9.2,4.6
2018-04-01,SC,health_beauty,22,3687.18,13.3,4.45
2018-04-01,SC,home_appliances,4,910.32,9.8,5.0
2018-04-01,SC,home_appliances_2,1,1255.43,15.0,5.0
2018-04-01,SC,home_construction,2,266.0,11.0,4.0
2018-04-01,SC,housewares,12,1257.78,11.0,4.42
2018-04-01,SC,industry_commerce_and_business,2,333.04,9.0,5.0
2018-04-01,SC,kitchen_dining_laundry_garden_furniture,1,72.86,7.0,5.0
2018-04-01,SC,market_place,1,57.34,9.0,5.0
2018-04-01,SC,musical_instruments,5,2023.9,7.8,4.17
2018-04-01,SC,office_furniture,2,1253.93,16.2,5.0
2018-04-01,SC,perfumery,7,818.73,9.9,4.71
2018-04-01,SC,pet_shop,2,442.59,12.0,4.0
2018-04-01,SC,small_appliances,3,131.05,6.7,4.0
2018-04-01,SC,small_appliances_home_oven_and_coffee,1,931.37,8.0,5.0
2018-04-01,SC,sports_leisure,21,3206.59,10.4,4.64
2018-04-01,SC,stationery,5,742.12,8.1,2.5
2018-04-01,SC,telephony,8,402.37,11.1,4.63
2018-04-01,SC,toys,6,639.75,11.5,4.83
2018-04-01,SC,watches_gifts,13,2480.89,13.7,4.13
2018-04-01,SE,baby,1,137.22,14.0,5.0
2018-04-01,SE,bed_bath_table,1,121.51,31.0,1.0
2018-04-01,SE,construction_tools_safety,1,145.37,19.0,5.0
2018-04-01,SE,cool_stuff,1,243.26,44.0,1.0
2018-04-01,SE,electronics,1,36.5,37.0,1.0
2018-04-01,SE,garden_tools,1,1729.98,38.0,1.0
2018-04-01,SE,health_beauty,3,690.0,28.0,3.33
2018-04-01,SE,housewares,1,99.96,46.0,3.0
2018-04-01,SE,toys,2,229.28,12.0,4.5
2018-04-01,SE,watches_gifts,1,99.9,44.0,1.0
2018-04-01,SP,(unknown),31,3792.79,7.9,3.85
2018-04-01,SP,agro_industry_and_commerce,5,1106.14,6.2,3.6
2018-04-01,SP,air_conditioning,9,1132.28,7.0,4.67
2018-04-01,SP,art,12,1298.17,6.8,4.45
2018-04-01,SP,audio,14,3044.04,8.0,4.36
2018-04-01,SP,auto,131,19050.85,7.0,4.25
2018-04-01,SP,baby,89,16006.55,7.4,4.26
2018-04-01,SP,bed_bath_table,294,36988.04,7.3,4.03
2018-04-01,SP,books_general_interest,17,2970.19,6.5,4.71
2018-04-01,SP,books_imported,4,352.37,3.0,4.75
2018-04-01,SP,books_technical,6,348.97,6.3,4.5
2018-04-01,SP,christmas_supplies,4,116.71,6.5,4.25
2018-04-01,SP,computers,5,7169.9,9.0,4.5
2018-04-01,SP,computers_accessories,211,29612.73,8.3,4.0
2018-04-01,SP,consoles_games,14,1554.25,9.7,4.4
2018-04-01,SP,construction_tools_construction,36,6014.33,6.3,4.23
2018-04-01,SP,construction_tools_lights,14,2043.45,5.9,3.47
2018-04-01,SP,construction_tools_safety,7,1303.26,7.3,3.43
2018-04-01,SP,cool_stuff,76,14227.95,8.1,4.36
2018-04-01,SP,costruction_tools_garden,7,801.19,12.6,4.6
2018-04-01,SP,costruction_tools_tools,4,351.17,6.0,4.5
2018-04-01,SP,diapers_and_hygiene,3,144.25,12.7,4.0
2018-04-01,SP,drinks,18,1329.69,5.6,4.0
2018-04-01,SP,dvds_blu_ray,1,16.29,8.0,3.0
2018-04-01,SP,electronics,75,3710.13,6.0,4.45
2018-04-01,SP,fashio_female_clothing,1,218.15,10.0,4.0
2018-04-01,SP,fashion_bags_accessories,45,4314.8,6.3,4.55
2018-04-01,SP,fashion_shoes,3,342.86,14.7,4.33
2018-04-01,SP,fashion_underwear_beach,5,372.05,12.6,4.2
2018-04-01,SP,fixed_telephony,3,483.0,5.7,3.33
2018-04-01,SP,flowers,2,129.56,2.5,3.0
2018-04-01,SP,food,22,1210.08,6.4,4.54
2018-04-01,SP,food_drink,9,410.81,6.2,4.5
2018-04-01,SP,furniture_bedroom,2,611.12,9.3,5.0
2018-04-01,SP,furniture_decor,184,23708.88,6.8,4.05
2018-04-01,SP,furniture_living_room,7,1796.93,12.2,2.54
2018-04-01,SP,garden_tools,92,16340.56,6.8,4.46
2018-04-01,SP,health_beauty,293,44313.67,7.0,4.27
2018-04-01,SP,home_appliances,52,10534.38,6.1,4.37
2018-04-01,SP,home_appliances_2,7,2493.56,6.9,4.43
2018-04-01,SP,home_confort,8,1234.59,8.6,4.56
2018-04-01,SP,home_construction,28,5474.01,5.9,3.66
2018-04-01,SP,housewares,209,26806.52,7.6,4.14
2018-04-01,SP,industry_commerce_and_business,29,3699.04,6.2,4.0
2018-04-01,SP,kitchen_dining_laundry_garden_furniture,9,1441.91,4.0,3.89
2018-04-01,SP,la_cuisine,1,334.12,6.0,1.0
2018-04-01,SP,luggage_accessories,18,4103.19,6.0,4.23
2018-04-01,SP,market_place,5,146.69,4.4,5.0
2018-04-01,SP,music,1,233.45,4.0,4.0
2018-04-01,SP,musical_instruments,22,7922.88,6.1,4.38
2018-04-01,SP,office_furniture,42,9388.37,11.9,3.79
2018-04-01,SP,perfumery,72,7842.92,6.1,4.16
2018-04-01,SP,pet_shop,71,9746.89,8.1,4.3
2018-04-01,SP,signaling_and_security,12,799.77,5.6,4.39
2018-04-01,SP,small_appliances,29,6051.49,4.5,4.47
2018-04-01,SP,small_appliances_home_oven_and_coffee,6,4047.84,6.7,4.5
2018-04-01,SP,sports_leisure,234,30050.57,6.9,4.41
2018-04-01,SP,stationery,57,5683.58,7.1,4.33
2018-04-01,SP,telephony,107,9679.58,6.5,3.85
2018-04-01,SP,toys,100,13388.26,6.2,4.31
2018-04-01,SP,watches_gifts,164,35485.03,8.0,4.5
2018-04-01,TO,auto,2,288.49,17.0,5.0
2018-04-01,TO,bed_bath_table,1,116.6,23.0,5.0
2018-04-01,TO,consoles_games,1,151.88,21.0,5.0
2018-04-01,TO,furniture_living_room,1,108.82,15.0,1.0
2018-04-01,TO,health_beauty,1,175.1,16.0,4.0
2018-04-01,TO,home_appliances,1,181.45,19.0,4.0
2018-04-01,TO,kitchen_dining_laundry_garden_furniture,1,214.61,17.0,5.0
2018-04-01,TO,office_furniture,1,860.92,24.0,5.0
2018-04-01,TO,perfumery,2,190.45,15.5,4.5
2018-04-01,TO,small_appliances_home_oven_and_coffee,1,2094.44,15.0,5.0
2018-04-01,TO,sports_leisure,1,285.68,16.0,4.0
2018-04-01,TO,telephony,1,59.03,14.0,4.0
2018-04-01,TO,toys,2,152.07,12.5,3.5
2018-04-01,TO,watches_gifts,3,490.97,15.7,4.33
2018-05-01,AC,books_general_interest,1,595.49,21.0,3.0
2018-05-01,AC,telephony,1,905.93,21.0,5.0
2018-05-01,AL,audio,1,162.29,42.0,3.0
2018-05-01,AL,baby,1,74.48,24.0,5.0
2018-05-01,AL,computers_accessories,5,720.78,20.0,4.8
2018-05-01,AL,cool_stuff,2,689.02,13.0,5.0
2018-05-01,AL,electronics,1,36.05,20.0,5.0
2018-05-01,AL,furniture_decor,1,49.85,24.0,5.0
2018-05-01,AL,health_beauty,1,398.46,14.0,5.0
2018-05-01,AL,home_appliances,1,122.31,29.0,4.0
2018-05-01,AL,housewares,1,66.75,16.0,4.0
2018-05-01,AL,office_furniture,1,218.52,36.0,5.0
2018-05-01,AL,watches_gifts,4,1854.59,19.0,4.25
2018-05-01,AM,art,1,90.68,34.0,5.0
2018-05-01,AM,books_general_interest,1,114.67,21.0,5.0
2018-05-01,AM,computers_accessories,1,56.31,22.0,5.0
2018-05-01,AM,consoles_games,1,130.96,28.0,5.0
2018-05-01,AM,health_beauty,3,1451.55,28.3,5.0
2018-05-01,AM,music,1,38.95,24.0,4.0
2018-05-01,AM,telephony,1,298.67,23.0,5.0
2018-05-01,AP,computers_accessories,1,331.68,30.0,5.0
2018-05-01,AP,housewares,2,405.59,21.5,4.5
2018-05-01,AP,sports_leisure,1,124.82,30.0,5.0
2018-05-01,AP,toys,1,227.94,18.0,5.0
2018-05-01,AP,watches_gifts,1,99.9,21.0,5.0
2018-05-01,BA,(unknown),1,313.23,23.0,4.0
2018-05-01,BA,art,4,394.38,15.3,3.25
2018-05-01,BA,audio,2,648.77,20.5,4.5
2018-05-01,BA,auto,13,1335.11,21.1,3.29
2018-05-01,BA,baby,4,537.32,9.8,2.2
2018-05-01,BA,bed_bath_table,15,2111.09,24.7,3.11
2018-05-01,BA,books_general_interest,1,69.18,10.0,5.0
2018-05-01,BA,computers_accessories,16,1830.31,16.9,4.11
2018-05-01,BA,consoles_games,1,58.26,26.0,3.0
2018-05-01,BA,construction_tools_construction,8,2178.66,18.5,3.46
2018-05-01,BA,cool_stuff,4,883.68,21.5,4.25
2018-05-01,BA,electronics,11,595.36,14.5,4.0
2018-05-01,BA,fashion_bags_accessories,4,344.33,18.8,4.5
2018-05-01,BA,fashion_shoes,1,227.83,41.0,3.0
2018-05-01,BA,furniture_decor,17,2363.85,22.9,3.3
2018-05-01,BA,furniture_living_room,3,797.34,22.0,4.33
2018-05-01,BA,garden_tools,10,3624.9,25.5,3.44
2018-05-01,BA,health_beauty,30,6032.32,22.7,3.76
2018-05-01,BA,home_appliances,3,350.77,21.0,4.33
2018-05-01,BA,home_appliances_2,1,1244.74,55.0,1.0
2018-05-01,BA,home_construction,2,174.82,17.5,3.0
2018-05-01,BA,housewares,17,2571.4,14.6,4.45
2018-05-01,BA,luggage_accessories,3,427.4,17.0,4.33
2018-05-01,BA,office_furniture,4,1965.08,21.7,4.78
2018-05-01,BA,perfumery,3,293.68,17.0,4.33
2018-05-01,BA,pet_shop,4,590.44,17.8,3.5
2018-05-01,BA,signaling_and_security,1,47.06,16.0,3.0
2018-05-01,BA,small_appliances,1,187.75,28.0,3.0
2018-05-01,BA,small_appliances_home_oven_and_coffee,1,799.87,22.0,5.0
2018-05-01,BA,sports_leisure,9,1266.14,16.1,4.33
2018-05-01,BA,stationery,3,302.35,35.0,4.0
2018-05-01,BA,telephony,14,757.06,16.5,4.36
2018-05-01,BA,toys,9,1861.31,18.8,3.0
2018-05-01,BA,watches_gifts,22,5127.99,21.2,3.6
2018-05-01,CE,auto,1,102.38,11.0,4.0
2018-05-01,CE,baby,4,720.21,13.3,4.75
2018-05-01,CE,bed_bath_table,2,157.99,22.5,5.0
2018-05-01,CE,books_general_interest,2,678.62,26.0,5.0
2018-05-01,CE,computers_accessories,3,464.65,15.0,5.0
2018-05-01,CE,consoles_games,2,277.95,20.5,4.0
2018-05-01,CE,construction_tools_construction,1,58.94,20.0,5.0
2018-05-01,CE,cool_stuff,1,128.67,16.0,4.0
2018-05-01,CE,costruction_tools_tools,1,113.7,26.0,5.0
2018-05-01,CE,fashion_bags_accessories,2,115.79,16.0,5.0
2018-05-01,CE,fixed_telephony,1,363.15,31.0,5.0
2018-05-01,CE,furniture_decor,4,302.69,21.2,3.2
2018-05-01,CE,garden_tools,2,937.93,16.0,4.0
2018-05-01,CE,health_beauty,5,1546.13,24.8,3.8
2018-05-01,CE,home_appliances,1,161.86,23.0,2.0
2018-05-01,CE,home_appliances_2,1,207.46,19.0,5.0
2018-05-01,CE,housewares,5,844.57,21.6,4.4
2018-05-01,CE,musical_instruments,1,1891.63,21.0,3.0
2018-05-01,CE,office_furniture,2,689.79,38.0,3.0
2018-05-01,CE,perfumery,2,350.74,18.0,5.0
2018-05-01,CE,pet_shop,1,58.31,27.0,5.0
2018-05-01,CE,sports_leisure,4,505.75,19.0,5.0
2018-05-01,CE,stationery,2,256.78,13.5,4.5
2018-05-01,CE,telephony,5,281.22,19.6,4.4
2018-05-01,CE,toys,4,1541.35,26.5,4.75
2018-05-01,CE,watches_gifts,13,1737.08,22.5,3.92
2018-05-01,DF,(unknown),1,233.01,7.0,4.0
2018-05-01,DF,air_conditioning,1,162.47,11.0,4.0
2018-05-01,DF,auto,8,2681.5,16.0,3.88
2018-05-01,DF,baby,5,559.54,10.2,3.4
2018-05-01,DF,bed_bath_table,11,1165.76,16.5,4.08
2018-05-01,DF,books_general_interest,2,129.65,7.0,4.5
2018-05-01,DF,computers_accessories,9,1104.44,13.2,4.0
2018-05-01,DF,consoles_games,2,203.85,8.5,5.0
2018-05-01,DF,construction_tools_construction,1,53.23,15.0,4.0
2018-05-01,DF,cool_stuff,4,697.25,10.8,3.0
2018-05-01,DF,drinks,1,66.81,3.0,5.0
2018-05-01,DF,dvds_blu_ray,1,102.16,14.0,5.0
2018-05-01,DF,electronics,3,340.27,10.7,4.67
2018-05-01,DF,fashion_bags_accessories,2,368.84,6.0,3.5
2018-05-01,DF,fashion_shoes,1,181.59,9.0,5.0
2018-05-01,DF,furniture_decor,12,2423.21,14.4,4.33
2018-05-01,DF,garden_tools,2,2685.97,8.0,4.5
2018-05-01,DF,health_beauty,15,4218.92,12.3,4.07
2018-05-01,DF,home_appliances_2,1,163.38,4.0,2.0
2018-05-01,DF,housewares,8,1779.68,7.9,4.67
2018-05-01,DF,industry_commerce_and_business,1,137.27,22.0,3.0
2018-05-01,DF,luggage_accessories,3,729.76,8.7,4.67
2018-05-01,DF,musical_instruments,2,380.93,10.5,5.0
2018-05-01,DF,office_furniture,1,153.27,9.0,5.0
2018-05-01,DF,perfumery,2,379.31,11.5,5.0
2018-05-01,DF,pet_shop,2,194.57,15.0,5.0
2018-05-01,DF,small_appliances,1,75.29,19.0,4.0
2018-05-01,DF,sports_leisure,16,2609.76,12.3,4.72
2018-05-01,DF,stationery,3,383.29,10.0,4.67
2018-05-01,DF,telephony,1,45.22,8.0,5.0
2018-05-01,DF,toys,5,486.05,8.4,3.0
2018-05-01,DF,watches_gifts,14,3940.11,9.5,4.13
2018-05-01,ES,auto,2,247.15,15.5,4.5
2018-05-01,ES,baby,8,979.53,12.4,3.63
2018-05-01,ES,bed_bath_table,8,1387.6,17.9,3.78
2018-05-01,ES,books_technical,3,217.2,28.3,2.67
2018-05-01,ES,computers_accessories,8,693.0,13.4,4.88
2018-05-01,ES,consoles_games,1,73.25,8.0,5.0
2018-05-01,ES,construction_tools_construction,2,1246.26,9.0,4.33
2018-05-01,ES,construction_tools_lights,1,126.46,5.0,5.0
2018-05-01,ES,cool_stuff,3,602.78,12.7,5.0
2018-05-01,ES,costruction_tools_garden,1,413.77,14.0,4.0
2018-05-01,ES,electronics,4,252.64,15.8,2.75
2018-05-01,ES,fashion_bags_accessories,1,108.31,9.0,4.0
2018-05-01,ES,furniture_decor,9,1870.74,14.0,3.73
2018-05-01,ES,garden_tools,6,864.11,12.4,4.27
2018-05-01,ES,health_beauty,13,2575.01,18.5,4.14
2018-05-01,ES,home_appliances,1,40.45,15.0,4.0
2018-05-01,ES,home_construction,1,95.4,20.0,5.0
2018-05-01,ES,housewares,7,853.79,16.1,4.43
2018-05-01,ES,industry_commerce_and_business,1,60.93,14.0,5.0
2018-05-01,ES,musical_instruments,2,137.1,8.0,4.0
2018-05-01,ES,office_furniture,1,124.31,19.0,5.0
2018-05-01,ES,party_supplies,1,58.23,10.0,5.0
2018-05-01,ES,perfumery,4,715.77,13.0,3.75
2018-05-01,ES,pet_shop,1,213.03,14.0,5.0
2018-05-01,ES,sports_leisure,10,1695.69,14.4,3.58
2018-05-01,ES,telephony,6,297.84,13.0,3.67
2018-05-01,ES,toys,6,845.78,11.7,4.0
2018-05-01,ES,watches_gifts,23,5241.55,19.6,4.33
2018-05-01,GO,(unknown),1,168.12,23.0,5.0
2018-05-01,GO,art,1,123.27,9.0,3.0
2018-05-01,GO,auto,5,828.75,10.6,4.6
2018-05-01,GO,baby,4,1294.8,13.5,3.75
2018-05-01,GO,bed_bath_table,6,667.83,11.6,4.43
2018-05-01,GO,books_general_interest,2,230.37,17.0,5.0
2018-05-01,GO,computers,1,2036.04,11.0,4.0
2018-05-01,GO,computers_accessories,9,1063.6,13.8,3.5
2018-05-01,GO,construction_tools_construction,2,491.44,10.3,2.33
2018-05-01,GO,construction_tools_lights,2,178.81,8.5,5.0
2018-05-01,GO,cool_stuff,4,899.08,10.8,2.25
2018-05-01,GO,electronics,4,122.25,9.5,4.5
2018-05-01,GO,fashion_bags_accessories,1,142.54,9.0,5.0
2018-05-01,GO,fashion_shoes,1,123.18,27.0,3.0
2018-05-01,GO,food,1,89.93,8.0,1.0
2018-05-01,GO,furniture_decor,9,1839.66,13.4,4.0
2018-05-01,GO,garden_tools,8,1114.31,14.8,4.67
2018-05-01,GO,health_beauty,17,2271.67,16.5,4.21
2018-05-01,GO,home_appliances_2,1,818.4,12.0,4.0
2018-05-01,GO,home_confort,1,100.58,16.0,5.0
2018-05-01,GO,home_construction,1,170.74,19.0,4.0
2018-05-01,GO,housewares,9,2620.49,10.8,3.0
2018-05-01,GO,kitchen_dining_laundry_garden_furniture,1,340.1,8.0,1.0
2018-05-01,GO,musical_instruments,1,47.32,11.0,2.0
2018-05-01,GO,office_furniture,3,595.96,25.0,4.33
2018-05-01,GO,party_supplies,1,87.92,8.0,1.0
2018-05-01,GO,perfumery,5,642.17,12.3,4.33
2018-05-01,GO,pet_shop,1,178.72,18.0,1.0
2018-05-01,GO,signaling_and_security,1,97.22,10.0,1.0
2018-05-01,GO,sports_leisure,8,3244.83,16.5,3.38
2018-05-01,GO,telephony,4,263.23,11.0,3.5
2018-05-01,GO,toys,8,1300.21,13.2,4.56
2018-05-01,GO,watches_gifts,14,3344.23,13.4,4.64
2018-05-01,MA,books_technical,1,114.85,16.0,5.0
2018-05-01,MA,cine_photo,1,72.65,19.0,5.0
2018-05-01,MA,computers_accessories,3,3572.21,15.8,1.88
2018-05-01,MA,cool_stuff,1,149.16,20.0,5.0
2018-05-01,MA,electronics,1,64.5,13.0,3.0
2018-05-01,MA,furniture_decor,2,284.68,17.7,4.67
2018-05-01,MA,garden_tools,1,159.1,19.0,2.0
2018-05-01,MA,health_beauty,7,1253.91,18.3,4.14
2018-05-01,MA,housewares,1,99.75,20.0,5.0
2018-05-01,MA,industry_commerce_and_business,1,157.79,16.0,5.0
2018-05-01,MA,musical_instruments,1,79.52,27.0,5.0
2018-05-01,MA,office_furniture,1,387.7,28.0,3.0
2018-05-01,MA,small_appliances,1,226.27,17.0,2.0
2018-05-01,MA,sports_leisure,2,709.5,15.0,4.5
2018-05-01,MA,stationery,1,47.28,28.0,4.0
2018-05-01,MA,telephony,2,126.68,12.5,4.0
2018-05-01,MA,toys,1,363.29,20.0,4.0
2018-05-01,MA,watches_gifts,4,720.71,20.8,3.4
2018-05-01,MG,(unknown),4,468.86,9.0,4.33
2018-05-01,MG,art,4,311.54,9.0,4.5
2018-05-01,MG,audio,1,30.13,7.0,4.0
2018-05-01,MG,auto,40,7637.76,12.1,4.22
2018-05-01,MG,baby,25,4117.03,11.9,4.03
2018-05-01,MG,bed_bath_table,73,11241.71,13.7,3.93
2018-05-01,MG,books_general_interest,3,211.61,9.7,3.33
2018-05-01,MG,books_imported,1,40.22,10.0,5.0
2018-05-01,MG,books_technical,12,946.81,11.7,4.62
2018-05-01,MG,christmas_supplies,1,259.03,4.0,5.0
2018-05-01,MG,computers_accessories,45,7598.52,9.8,3.57
2018-05-01,MG,consoles_games,8,835.25,12.1,4.15
2018-05-01,MG,construction_tools_construction,10,2032.97,14.7,4.81
2018-05-01,MG,construction_tools_lights,6,1407.07,13.0,4.8
2018-05-01,MG,construction_tools_safety,3,339.25,19.3,3.0
2018-05-01,MG,cool_stuff,27,5014.77,10.9,4.0
2018-05-01,MG,costruction_tools_garden,2,101.76,11.0,5.0
2018-05-01,MG,diapers_and_hygiene,1,58.23,10.0,5.0
2018-05-01,MG,drinks,3,505.31,8.6,4.29
2018-05-01,MG,dvds_blu_ray,1,107.16,8.0,5.0
2018-05-01,MG,electronics,20,2712.83,12.1,4.63
2018-05-01,MG,fashion_bags_accessories,18,2453.49,7.6,4.39
2018-05-01,MG,fashion_shoes,1,123.18,6.0,5.0
2018-05-01,MG,flowers,1,35.72,17.0,3.0
2018-05-01,MG,food,8,396.24,11.0,4.33
2018-05-01,MG,food_drink,2,188.76,14.0,5.0
2018-05-01,MG,furniture_bedroom,1,748.34,8.0,4.0
2018-05-01,MG,furniture_decor,52,5999.11,12.6,3.9
2018-05-01,MG,garden_tools,35,4870.17,11.8,4.3
2018-05-01,MG,health_beauty,58,9997.98,12.9,4.19
2018-05-01,MG,home_appliances,12,793.37,9.2,3.69
2018-05-01,MG,home_confort,3,444.23,8.7,4.0
2018-05-01,MG,home_construction,6,811.03,15.3,3.67
2018-05-01,MG,housewares,45,7998.65,12.3,3.69
2018-05-01,MG,industry_commerce_and_business,2,254.94,8.0,3.5
2018-05-01,MG,kitchen_dining_laundry_garden_furniture,1,201.24,16.0,5.0
2018-05-01,MG,luggage_accessories,7,1041.23,8.4,3.88
2018-05-01,MG,market_place,3,303.43,12.7,4.33
2018-05-01,MG,music,2,312.27,3.5,3.0
2018-05-01,MG,musical_instruments,4,2431.82,13.5,4.25
2018-05-01,MG,office_furniture,5,1202.33,18.2,4.17
2018-05-01,MG,perfumery,17,2534.66,11.4,4.41
2018-05-01,MG,pet_shop,15,1710.17,11.2,3.8
2018-05-01,MG,small_appliances,6,2163.03,12.6,4.43
2018-05-01,MG,small_appliances_home_oven_and_coffee,1,644.34,13.0,4.0
2018-05-01,MG,sports_leisure,53,6964.08,11.7,4.21
2018-05-01,MG,stationery,9,1054.86,10.3,4.89
2018-05-01,MG,telephony,22,2613.52,9.9,4.59
2018-05-01,MG,toys,22,3476.17,10.3,4.35
2018-05-01,MG,watches_gifts,64,11812.35,14.2,3.91
2018-05-01,MS,auto,1,39.23,8.0,5.0
2018-05-01,MS,baby,2,309.62,17.0,3.5
2018-05-01,MS,bed_bath_table,3,172.45,13.3,5.0
2018-05-01,MS,books_technical,1,47.13,14.0,5.0
2018-05-01,MS,computers_accessories,1,138.74,11.0,5.0
2018-05-01,MS,construction_tools_safety,1,2133.69,18.0,5.0
2018-05-01,MS,cool_stuff,1,119.67,15.0,5.0
2018-05-01,MS,electronics,2,62.1,8.5,4.0
2018-05-01,MS,fashion_bags_accessories,3,233.68,10.7,4.0
2018-05-01,MS,furniture_decor,5,618.62,12.9,4.78
2018-05-01,MS,garden_tools,1,110.54,6.0,5.0
2018-05-01,MS,health_beauty,4,533.79,14.3,4.5
2018-05-01,MS,home_construction,2,326.61,21.5,5.0
2018-05-01,MS,housewares,1,143.38,8.0,4.0
2018-05-01,MS,musical_instruments,2,2707.73,11.5,5.0
2018-05-01,MS,pet_shop,3,465.45,12.8,2.75
2018-05-01,MS,sports_leisure,3,1384.05,28.7,3.33
2018-05-01,MS,stationery,4,413.17,12.3,5.0
2018-05-01,MS,telephony,2,227.04,11.0,3.0
2018-05-01,MS,toys,1,473.36,7.0,5.0
2018-05-01,MS,watches_gifts,1,399.68,14.0,5.0
2018-05-01,MT,auto,2,250.21,14.0,4.5
2018-05-01,MT,baby,2,520.83,18.0,4.5
2018-05-01,MT,bed_bath_table,5,725.02,16.6,4.86
2018-05-01,MT,books_technical,2,135.5,15.5,4.5
2018-05-01,MT,computers_accessories,3,605.66,20.5,3.5
2018-05-01,MT,construction_tools_lights,2,496.31,18.0,4.5
2018-05-01,MT,construction_tools_safety,2,613.4,20.0,2.5
2018-05-01,MT,cool_stuff,2,430.22,15.5,5.0
2018-05-01,MT,electronics,2,92.65,23.0,3.5
2018-05-01,MT,fashion_bags_accessories,1,52.05,15.0,5.0
2018-05-01,MT,fashion_shoes,1,123.53,17.0,5.0
2018-05-01,MT,furniture_decor,6,1716.37,23.9,3.14
2018-05-01,MT,garden_tools,3,1436.55,12.3,5.0
2018-05-01,MT,health_beauty,6,1205.94,16.5,4.5
2018-05-01,MT,home_construction,1,142.64,14.0,1.0
2018-05-01,MT,housewares,2,202.03,9.5,4.0
2018-05-01,MT,industry_commerce_and_business,1,139.42,11.0,5.0
2018-05-01,MT,luggage_accessories,1,243.36,17.0,5.0
2018-05-01,MT,market_place,1,110.26,19.0,3.0
2018-05-01,MT,musical_instruments,1,2124.78,14.0,5.0
2018-05-01,MT,office_furniture,2,252.12,18.0,4.5
2018-05-01,MT,pet_shop,2,196.94,14.3,5.0
2018-05-01,MT,sports_leisure,3,775.59,16.7,5.0
2018-05-01,MT,telephony,4,202.2,15.8,4.25
2018-05-01,MT,toys,4,1149.41,9.8,4.8
2018-05-01,MT,watches_gifts,6,846.9,16.2,4.17
2018-05-01,PA,(unknown),1,76.44,18.0,5.0
2018-05-01,PA,auto,2,269.33,30.5,4.0
2018-05-01,PA,baby,3,519.75,22.3,5.0
2018-05-01,PA,books_general_interest,1,60.39,13.0,5.0
2018-05-01,PA,cine_photo,1,68.84,28.0,5.0
2018-05-01,PA,computers_accessories,7,881.25,27.7,4.0
2018-05-01,PA,cool_stuff,1,194.79,20.0,5.0
2018-05-01,PA,electronics,4,185.05,22.8,4.0
2018-05-01,PA,fashion_bags_accessories,1,92.89,23.0,4.0
2018-05-01,PA,furniture_decor,7,2142.89,27.0,2.3
2018-05-01,PA,garden_tools,1,221.12,48.0,
2018-05-01,PA,health_beauty,2,1185.93,29.0,5.0
2018-05-01,PA,housewares,2,151.83,12.0,5.0
2018-05-01,PA,portable_kitchen_and_food_preparation_equipment,1,1028.3,19.0,5.0
2018-05-01,PA,sports_leisure,2,381.61,26.5,3.0
2018-05-01,PA,stationery,1,204.2,37.0,2.0
2018-05-01,PA,telephony,2,1348.04,25.0,4.5
2018-05-01,PA,watches_gifts,1,147.9,30.0,5.0
2018-05-01,PB,bed_bath_table,3,461.01,30.3,3.33
2018-05-01,PB,computers_accessories,4,754.2,15.0,4.5
2018-05-01,PB,electronics,1,37.84,10.0,5.0
2018-05-01,PB,furniture_decor,1,204.16,16.0,5.0
2018-05-01,PB,health_beauty,3,379.56,17.3,5.0
2018-05-01,PB,housewares,1,99.75,18.0,5.0
2018-05-01,PB,perfumery,2,205.62,7.0,4.5
2018-05-01,PB,small_appliances,1,928.7,30.0,5.0
2018-05-01,PB,stationery,1,173.38,12.0,5.0
2018-05-01,PB,telephony,3,186.52,17.7,4.67
2018-05-01,PB,toys,1,529.95,23.0,5.0
2018-05-01,PB,watches_gifts,8,1948.9,27.3,4.38
2018-05-01,PE,(unknown),2,253.62,18.0,2.33
2018-05-01,PE,auto,4,687.25,19.0,3.75
2018-05-01,PE,baby,1,122.69,8.0,5.0
2018-05-01,PE,bed_bath_table,6,742.69,18.8,4.33
2018-05-01,PE,books_general_interest,1,70.39,22.0,4.0
2018-05-01,PE,cine_photo,1,68.84,24.0,5.0
2018-05-01,PE,computers_accessories,12,1737.9,12.6,4.62
2018-05-01,PE,construction_tools_construction,1,137.31,22.0,3.0
2018-05-01,PE,construction_tools_lights,1,207.87,21.0,4.0
2018-05-01,PE,cool_stuff,7,1621.0,12.2,4.5
2018-05-01,PE,costruction_tools_garden,1,49.69,21.0,4.0
2018-05-01,PE,electronics,6,531.1,24.5,4.2
2018-05-01,PE,fashion_bags_accessories,2,147.11,28.5,4.0
2018-05-01,PE,furniture_decor,4,518.09,15.5,4.75
2018-05-01,PE,garden_tools,1,115.72,13.0,2.0
2018-05-01,PE,health_beauty,8,1091.54,19.3,4.38
2018-05-01,PE,housewares,5,1103.18,15.4,3.71
2018-05-01,PE,industry_commerce_and_business,1,117.74,6.0,5.0
2018-05-01,PE,perfumery,3,433.36,12.5,3.0
2018-05-01,PE,sports_leisure,6,1112.78,15.2,4.33
2018-05-01,PE,stationery,1,64.04,25.0,5.0
2018-05-01,PE,telephony,8,862.0,22.9,4.13
2018-05-01,PE,toys,1,49.23,15.0,5.0
2018-05-01,PE,watches_gifts,19,4661.09,21.1,3.42
2018-05-01,PI,auto,2,1015.05,20.0,3.0
2018-05-01,PI,bed_bath_table,2,508.45,24.0,2.33
2018-05-01,PI,computers_accessories,1,159.96,8.0,5.0
2018-05-01,PI,consoles_games,1,317.4,22.0,4.0
2018-05-01,PI,electronics,4,750.44,20.3,4.75
2018-05-01,PI,furniture_decor,1,287.55,11.0,5.0
2018-05-01,PI,health_beauty,1,1205.79,15.0,3.0
2018-05-01,PI,home_construction,1,355.93,19.0,5.0
2018-05-01,PI,housewares,2,392.18,40.5,2.0
2018-05-01,PI,musical_instruments,2,834.51,14.5,5.0
2018-05-01,PI,office_furniture,3,486.16,34.0,3.33
2018-05-01,PI,pet_shop,1,160.49,22.0,5.0
2018-05-01,PI,sports_leisure,2,251.79,11.5,4.5
2018-05-01,PI,telephony,2,160.52,11.3,4.0
2018-05-01,PI,toys,1,227.94,29.0,4.0
2018-05-01,PI,watches_gifts,5,1308.78,18.2,3.67
2018-05-01,PR,(unknown),2,338.77,18.5,4.5
2018-05-01,PR,agro_industry_and_commerce,1,453.53,19.0,4.0
2018-05-01,PR,air_conditioning,1,220.82,10.0,1.0
2018-05-01,PR,art,1,112.33,20.0,5.0
2018-05-01,PR,audio,2,107.4,15.5,3.0
2018-05-01,PR,auto,15,2992.89,14.1,4.17
2018-05-01,PR,baby,12,3607.11,10.7,4.17
2018-05-01,PR,bed_bath_table,22,3108.16,11.2,4.28
2018-05-01,PR,books_general_interest,3,283.08,13.0,4.33
2018-05-01,PR,books_technical,2,120.89,23.5,2.5
2018-05-01,PR,cine_photo,2,336.12,20.0,4.5
2018-05-01,PR,computers_accessories,7,1120.53,13.6,3.29
2018-05-01,PR,consoles_games,4,628.13,9.3,1.89
2018-05-01,PR,construction_tools_construction,3,713.55,12.0,4.0
2018-05-01,PR,construction_tools_lights,1,48.13,25.0,1.0
2018-05-01,PR,construction_tools_safety,1,360.16,19.0,4.0
2018-05-01,PR,cool_stuff,7,1362.46,9.3,4.5
2018-05-01,PR,costruction_tools_tools,1,112.62,14.0,5.0
2018-05-01,PR,drinks,1,156.3,5.0,5.0
2018-05-01,PR,electronics,10,708.86,10.4,4.6
2018-05-01,PR,fashion_bags_accessories,6,480.8,13.3,4.67
2018-05-01,PR,fashion_male_clothing,1,149.87,11.0,5.0
2018-05-01,PR,food,2,111.37,16.5,5.0
2018-05-01,PR,food_drink,2,118.25,10.0,5.0
2018-05-01,PR,furniture_decor,29,3792.33,11.9,4.57
2018-05-01,PR,garden_tools,12,2656.15,13.0,4.36
2018-05-01,PR,health_beauty,27,4515.48,11.8,4.03
2018-05-01,PR,home_appliances,5,491.67,16.5,4.17
2018-05-01,PR,home_construction,5,537.47,14.2,4.33
2018-05-01,PR,housewares,17,2603.63,11.9,3.68
2018-05-01,PR,luggage_accessories,2,256.75,8.5,3.5
2018-05-01,PR,market_place,1,67.22,6.0,5.0
2018-05-01,PR,musical_instruments,5,1130.91,8.4,5.0
2018-05-01,PR,office_furniture,2,1273.88,23.3,1.43
2018-05-01,PR,perfumery,3,419.0,8.7,5.0
2018-05-01,PR,pet_shop,2,534.36,12.0,5.0
2018-05-01,PR,small_appliances,1,1231.52,5.0,4.0
2018-05-01,PR,small_appliances_home_oven_and_coffee,2,3674.84,16.0,3.0
2018-05-01,PR,sports_leisure,26,3376.07,10.5,4.3
2018-05-01,PR,stationery,3,296.18,14.3,5.0
2018-05-01,PR,telephony,13,801.86,11.5,4.37
2018-05-01,PR,toys,16,2368.02,9.4,4.5
2018-05-01,PR,watches_gifts,28,6214.62,13.6,3.89
2018-05-01,RJ,(unknown),6,454.79,11.5,2.0
2018-05-01,RJ,agro_industry_and_commerce,2,723.16,11.5,4.5
2018-05-01,RJ,air_conditioning,4,445.04,10.0,4.0
2018-05-01,RJ,art,6,449.94,16.3,3.29
2018-05-01,RJ,audio,2,133.53,10.7,3.0
2018-05-01,RJ,auto,36,5122.29,12.5,4.0
2018-05-01,RJ,baby,17,2501.15,11.2,4.0
2018-05-01,RJ,bed_bath_table,65,8793.43,13.5,3.79
2018-05-01,RJ,books_general_interest,4,666.73,11.8,5.0
2018-05-01,RJ,books_imported,1,251.43,14.0,5.0
2018-05-01,RJ,books_technical,5,278.17,17.8,4.2
2018-05-01,RJ,christmas_supplies,1,38.06,18.0,5.0
2018-05-01,RJ,cine_photo,1,65.03,19.0,3.0
2018-05-01,RJ,computers_accessories,40,4868.77,13.4,4.07
2018-05-01,RJ,consoles_games,1,29.73,16.0,4.0
2018-05-01,RJ,construction_tools_construction,11,3472.91,11.4,2.5
2018-05-01,RJ,construction_tools_safety,4,1117.1,13.3,4.75
2018-05-01,RJ,cool_stuff,27,6031.93,13.8,3.77
2018-05-01,RJ,costruction_tools_garden,4,452.23,10.0,4.0
2018-05-01,RJ,costruction_tools_tools,1,109.62,12.0,5.0
2018-05-01,RJ,drinks,3,297.38,12.3,3.0
2018-05-01,RJ,dvds_blu_ray,2,212.6,9.0,2.33
2018-05-01,RJ,electronics,27,1861.85,12.7,4.26
2018-05-01,RJ,fashion_bags_accessories,12,1322.64,12.4,5.0
2018-05-01,RJ,fashion_shoes,1,194.9,22.0,5.0
2018-05-01,RJ,food,5,375.17,13.6,4.75
2018-05-01,RJ,food_drink,3,468.98,6.9,4.11
2018-05-01,RJ,furniture_bedroom,2,604.28,18.0,4.0
2018-05-01,RJ,furniture_decor,53,7568.42,13.0,4.03
2018-05-01,RJ,furniture_living_room,3,1914.43,10.2,3.5
2018-05-01,RJ,garden_tools,29,9234.94,13.4,4.15
2018-05-01,RJ,health_beauty,82,13234.76,12.0,4.34
2018-05-01,RJ,home_appliances,7,1728.84,9.1,4.0
2018-05-01,RJ,home_appliances_2,6,5808.39,6.5,4.67
2018-05-01,RJ,home_confort,3,508.02,15.3,3.67
2018-05-01,RJ,home_construction,7,1042.53,15.9,3.6
2018-05-01,RJ,housewares,67,10637.33,12.3,3.9
2018-05-01,RJ,industry_commerce_and_business,2,361.64,10.0,4.67
2018-05-01,RJ,kitchen_dining_laundry_garden_furniture,1,209.2,8.0,1.0
2018-05-01,RJ,luggage_accessories,3,757.43,7.5,4.0
2018-05-01,RJ,market_place,1,74.33,7.0,1.0
2018-05-01,RJ,music,2,476.18,7.5,4.5
2018-05-01,RJ,musical_instruments,8,1792.4,13.3,3.67
2018-05-01,RJ,office_furniture,7,1762.28,23.5,4.13
2018-05-01,RJ,perfumery,23,4545.69,13.5,3.96
2018-05-01,RJ,pet_shop,13,1198.85,14.8,4.62
2018-05-01,RJ,small_appliances,5,2024.86,15.2,4.8
2018-05-01,RJ,small_appliances_home_oven_and_coffee,1,887.45,20.0,5.0
2018-05-01,RJ,sports_leisure,45,6241.85,12.6,3.92
2018-05-01,RJ,stationery,17,2401.54,14.7,4.41
2018-05-01,RJ,telephony,31,3074.2,13.2,4.28
2018-05-01,RJ,toys,24,3429.8,12.8,4.5
2018-05-01,RJ,watches_gifts,93,21111.05,13.1,3.92
2018-05-01,RN,baby,1,37.75,22.0,3.0
2018-05-01,RN,computers_accessories,1,158.92,7.0,4.0
2018-05-01,RN,electronics,1,37.45,11.0,1.0
2018-05-01,RN,furniture_decor,2,186.66,27.0,4.5
2018-05-01,RN,garden_tools,2,278.34,26.7,4.67
2018-05-01,RN,health_beauty,4,1274.41,19.8,4.6
2018-05-01,RN,home_appliances,1,188.27,28.0,5.0
2018-05-01,RN,housewares,2,300.48,16.5,3.5
2018-05-01,RN,small_appliances,1,93.61,11.0,5.0
2018-05-01,RN,stationery,1,1784.2,19.0,1.0
2018-05-01,RN,telephony,2,141.68,9.0,5.0
2018-05-01,RN,toys,1,174.96,17.0,3.0
2018-05-01,RN,watches_gifts,3,342.13,12.7,4.67
2018-05-01,RO,art,1,157.24,31.0,4.0
2018-05-01,RO,bed_bath_table,1,202.68,29.0,2.0
2018-05-01,RO,construction_tools_safety,1,402.34,18.0,1.0
2018-05-01,RO,cool_stuff,1,272.39,17.0,4.0
2018-05-01,RO,costruction_tools_garden,1,111.81,24.0,5.0
2018-05-01,RO,garden_tools,1,172.7,19.0,5.0
2018-05-01,RO,health_beauty,1,105.41,17.0,4.0
2018-05-01,RO,housewares,1,212.85,18.0,5.0
2018-05-01,RO,perfumery,2,448.17,19.0,5.0
2018-05-01,RO,stationery,1,87.38,16.0,4.0
2018-05-01,RO,telephony,4,593.02,19.6,4.4
2018-05-01,RO,toys,1,281.52,32.0,4.0
2018-05-01,RO,watches_gifts,1,110.0,20.0,5.0
2018-05-01,RR,sports_leisure,1,171.69,18.0,4.0
2018-05-01,RS,(unknown),5,424.95,9.3,4.33
2018-05-01,RS,agro_industry_and_commerce,1,76.56,2.0,5.0
2018-05-01,RS,air_conditioning,2,617.13,9.3,5.0
2018-05-01,RS,audio,1,33.13,15.0,1.0
2018-05-01,RS,auto,10,1379.2,10.8,4.8
2018-05-01,RS,baby,16,2528.06,16.3,4.31
2018-05-01,RS,bed_bath_table,37,6085.97,14.9,4.26
2018-05-01,RS,books_general_interest,2,640.06,13.0,2.5
2018-05-01,RS,books_technical,4,276.68,11.0,5.0
2018-05-01,RS,christmas_supplies,1,90.25,17.0,5.0
2018-05-01,RS,cine_photo,1,138.63,9.0,4.0
2018-05-01,RS,computers_accessories,24,4218.51,12.8,4.0
2018-05-01,RS,construction_tools_construction,5,1318.05,9.2,4.67
2018-05-01,RS,construction_tools_lights,3,599.01,11.7,4.67
2018-05-01,RS,cool_stuff,13,2422.08,13.4,4.54
2018-05-01,RS,drinks,3,408.22,13.3,5.0
2018-05-01,RS,electronics,11,707.39,14.5,4.36
2018-05-01,RS,fashion_bags_accessories,2,312.25,12.5,5.0
2018-05-01,RS,fixed_telephony,1,147.48,4.0,5.0
2018-05-01,RS,furniture_decor,32,4772.83,13.8,3.98
2018-05-01,RS,furniture_living_room,1,109.07,21.0,4.0
2018-05-01,RS,garden_tools,12,1636.83,14.9,4.24
2018-05-01,RS,health_beauty,19,2988.64,12.3,4.31
2018-05-01,RS,home_appliances,3,319.02,17.0,5.0
2018-05-01,RS,home_appliances_2,1,117.85,3.0,5.0
2018-05-01,RS,home_confort,1,372.06,29.0,5.0
2018-05-01,RS,home_construction,5,780.59,14.6,3.6
2018-05-01,RS,housewares,32,5613.35,11.5,4.07
2018-05-01,RS,industry_commerce_and_business,4,968.16,10.6,3.0
2018-05-01,RS,luggage_accessories,3,740.93,7.7,3.67
2018-05-01,RS,market_place,2,120.44,10.0,5.0
2018-05-01,RS,musical_instruments,4,1414.65,13.8,5.0
2018-05-01,RS,office_furniture,2,1232.56,30.7,3.5
2018-05-01,RS,perfumery,6,1916.84,27.7,3.71
2018-05-01,RS,pet_shop,6,671.49,9.9,4.0
2018-05-01,RS,portable_kitchen_and_food_preparation_equipment,1,1018.11,7.0,5.0
2018-05-01,RS,signaling_and_security,1,95.4,18.0,4.0
2018-05-01,RS,small_appliances,3,340.11,11.7,3.67
2018-05-01,RS,sports_leisure,27,4705.94,12.3,4.61
2018-05-01,RS,stationery,9,817.93,13.5,4.55
2018-05-01,RS,telephony,12,871.14,14.3,4.46
2018-05-01,RS,toys,8,1387.9,11.8,4.63
2018-05-01,RS,watches_gifts,16,4298.02,12.9,3.56
2018-05-01,SC,(unknown),2,271.54,11.5,4.0
2018-05-01,SC,audio,1,87.09,7.0,2.0
2018-05-01,SC,auto,13,3298.37,12.3,4.54
2018-05-01,SC,baby,8,967.85,14.1,4.33
2018-05-01,SC,bed_bath_table,13,1988.83,13.7,2.84
2018-05-01,SC,books_general_interest,2,84.26,18.5,4.5
2018-05-01,SC,books_technical,1,74.21,6.0,5.0
2018-05-01,SC,christmas_supplies,2,231.18,10.5,5.0
2018-05-01,SC,cine_photo,1,922.69,9.0,5.0
2018-05-01,SC,computers_accessories,19,3276.57,13.1,4.28
2018-05-01,SC,consoles_games,1,95.34,19.0,4.0
2018-05-01,SC,construction_tools_construction,3,377.89,14.7,4.33
2018-05-01,SC,construction_tools_lights,1,183.53,18.0,3.0
2018-05-01,SC,construction_tools_safety,1,424.61,12.0,5.0
2018-05-01,SC,cool_stuff,8,1850.42,15.4,3.25
2018-05-01,SC,drinks,3,365.4,11.3,5.0
2018-05-01,SC,electronics,12,3210.4,14.8,4.55
2018-05-01,SC,fashion_underwear_beach,2,112.39,11.7,4.0
2018-05-01,SC,fixed_telephony,1,289.68,14.0,4.0
2018-05-01,SC,food,1,40.84,18.0,5.0
2018-05-01,SC,furniture_decor,19,3091.37,15.6,4.04
2018-05-01,SC,furniture_living_room,2,230.89,7.5,5.0
2018-05-01,SC,garden_tools,5,438.46,11.7,4.57
2018-05-01,SC,health_beauty,19,2859.99,14.6,4.27
2018-05-01,SC,home_appliances_2,3,1981.22,11.3,4.67
2018-05-01,SC,housewares,23,3223.64,10.5,4.0
2018-05-01,SC,industry_commerce_and_business,1,202.55,14.0,4.0
2018-05-01,SC,luggage_accessories,2,272.4,14.0,5.0
2018-05-01,SC,musical_instruments,3,327.87,12.8,4.5
2018-05-01,SC,office_furniture,6,2265.27,16.5,4.17
2018-05-01,SC,perfumery,8,1330.2,13.4,4.5
2018-05-01,SC,pet_shop,4,363.57,10.8,4.5
2018-05-01,SC,signaling_and_security,1,335.32,7.0,5.0
2018-05-01,SC,small_appliances,2,201.31,14.3,5.0
2018-05-01,SC,small_appliances_home_oven_and_coffee,1,885.99,10.0,5.0
2018-05-01,SC,sports_leisure,13,1979.44,9.9,4.56
2018-05-01,SC,stationery,5,624.15,9.4,5.0
2018-05-01,SC,telephony,6,1109.35,16.2,4.5
2018-05-01,SC,toys,3,775.66,7.0,4.67
2018-05-01,SC,watches_gifts,9,1127.03,15.8,4.11
2018-05-01,SE,computers_accessories,3,567.52,10.0,4.67
2018-05-01,SE,fashion_bags_accessories,1,102.96,6.0,5.0
2018-05-01,SE,health_beauty,1,90.25,40.0,1.0
2018-05-01,SE,housewares,1,216.18,36.0,1.0
2018-05-01,SE,sports_leisure,1,242.84,30.0,1.0
2018-05-01,SE,watches_gifts,1,100.84,15.0,5.0
2018-05-01,SP,(unknown),12,978.74,6.1,4.42
2018-05-01,SP,agro_industry_and_commerce,4,2179.97,7.3,4.5
2018-05-01,SP,air_conditioning,5,785.89,7.8,4.8
2018-05-01,SP,art,15,1382.5,10.0,4.13
2018-05-01,SP,arts_and_craftmanship,1,101.05,3.0,4.0
2018-05-01,SP,audio,10,1842.2,9.9,4.5
2018-05-01,SP,auto,140,19993.91,7.5,4.2
2018-05-01,SP,baby,105,19198.44,7.9,4.39
2018-05-01,SP,bed_bath_table,327,44889.0,8.9,4.09
2018-05-01,SP,books_general_interest,23,2959.36,7.2,4.6
2018-05-01,SP,books_imported,7,234.06,3.4,4.86
2018-05-01,SP,books_technical,23,1678.15,8.0,4.39
2018-05-01,SP,christmas_supplies,1,54.22,14.0,5.0
2018-05-01,SP,cine_photo,8,708.48,4.7,5.0
2018-05-01,SP,computers,5,7125.31,8.9,5.0
2018-05-01,SP,computers_accessories,177,23124.66,8.8,4.06
2018-05-01,SP,consoles_games,16,3619.55,6.3,4.06
2018-05-01,SP,construction_tools_construction,42,11499.13,7.3,4.53
2018-05-01,SP,construction_tools_lights,13,1857.52,5.9,4.67
2018-05-01,SP,construction_tools_safety,8,1140.63,7.6,3.5
2018-05-01,SP,cool_stuff,55,10558.38,7.3,4.41
2018-05-01,SP,costruction_tools_garden,4,274.59,5.2,4.2
2018-05-01,SP,costruction_tools_tools,2,170.32,11.0,4.5
2018-05-01,SP,diapers_and_hygiene,2,101.42,9.5,4.5
2018-05-01,SP,drinks,19,1465.42,5.7,3.85
2018-05-01,SP,dvds_blu_ray,2,138.24,9.5,4.0
2018-05-01,SP,electronics,94,7763.4,5.7,4.4
2018-05-01,SP,fashion_bags_accessories,48,7085.47,6.0,4.5
2018-05-01,SP,fashion_shoes,4,814.36,9.5,4.75
2018-05-01,SP,fashion_underwear_beach,3,188.07,12.3,5.0
2018-05-01,SP,fixed_telephony,8,1313.58,6.3,3.08
2018-05-01,SP,food,19,1065.93,5.0,4.52
2018-05-01,SP,food_drink,8,898.75,9.4,5.0
2018-05-01,SP,furniture_bedroom,2,464.29,9.5,4.5
2018-05-01,SP,furniture_decor,189,24818.37,7.3,4.15
2018-05-01,SP,furniture_living_room,4,338.37,10.3,4.0
2018-05-01,SP,garden_tools,96,12407.51,8.8,4.34
2018-05-01,SP,health_beauty,342,47596.41,7.8,4.4
2018-05-01,SP,home_appliances,29,3252.17,7.1,4.2
2018-05-01,SP,home_appliances_2,9,5256.39,7.9,4.33
2018-05-01,SP,home_confort,10,1680.43,9.2,3.0
2018-05-01,SP,home_construction,32,7018.27,8.7,4.0
2018-05-01,SP,housewares,241,34096.16,6.9,4.42
2018-05-01,SP,industry_commerce_and_business,20,2455.5,5.1,4.32
2018-05-01,SP,kitchen_dining_laundry_garden_furniture,7,2110.74,5.8,4.33
2018-05-01,SP,luggage_accessories,20,3776.23,6.9,4.39
2018-05-01,SP,market_place,5,511.11,7.3,2.67
2018-05-01,SP,musical_instruments,23,5235.87,6.0,4.22
2018-05-01,SP,office_furniture,41,12302.44,16.1,4.0
2018-05-01,SP,party_supplies,1,24.29,2.0,5.0
2018-05-01,SP,perfumery,99,13401.53,8.1,4.3
2018-05-01,SP,pet_shop,72,7547.68,7.1,4.37
2018-05-01,SP,signaling_and_security,2,287.99,3.5,5.0
2018-05-01,SP,small_appliances,17,4034.88,8.0,3.58
2018-05-01,SP,small_appliances_home_oven_and_coffee,3,3582.05,1.7,4.33
2018-05-01,SP,sports_leisure,214,30195.71,7.0,4.41
2018-05-01,SP,stationery,63,6461.58,7.4,4.31
2018-05-01,SP,tablets_printing_image,1,58.19,8.0,5.0
2018-05-01,SP,telephony,92,7934.02,6.6,4.19
2018-05-01,SP,toys,92,14828.37,6.6,4.51
2018-05-01,SP,watches_gifts,231,50241.66,10.1,4.16
2018-05-01,TO,auto,1,199.44,8.0,5.0
2018-05-01,TO,bed_bath_table,1,233.07,16.0,4.0
2018-05-01,TO,electronics,1,38.12,10.0,5.0
2018-05-01,TO,furniture_decor,2,189.99,13.0,4.5
2018-05-01,TO,health_beauty,1,247.51,30.0,1.0
2018-05-01,TO,office_furniture,1,218.64,20.0,5.0
2018-05-01,TO,sports_leisure,3,391.43,13.7,4.67
2018-05-01,TO,toys,2,376.81,23.5,4.0
2018-05-01,TO,watches_gifts,4,1419.32,26.5,2.75
2018-06-01,AC,garden_tools,1,158.27,10.0,5.0
2018-06-01,AC,stationery,1,198.46,12.0,5.0
2018-06-01,AC,watches_gifts,1,240.53,13.0,4.0
2018-06-01,AL,auto,1,64.63,15.0,5.0
2018-06-01,AL,baby,2,297.97,26.0,4.5
2018-06-01,AL,bed_bath_table,2,274.46,23.0,3.5
2018-06-01,AL,computers_accessories,1,321.29,12.0,4.0
2018-06-01,AL,cool_stuff,2,363.08,15.5,4.5
2018-06-01,AL,electronics,1,51.06,16.0,5.0
2018-06-01,AL,furniture_decor,3,649.34,25.4,5.0
2018-06-01,AL,health_beauty,4,625.21,18.8,4.5
2018-06-01,AL,home_construction,1,252.69,16.0,5.0
2018-06-01,AL,perfumery,1,172.25,27.0,5.0
2018-06-01,AL,telephony,2,1115.93,21.0,4.0
2018-06-01,AL,watches_gifts,4,665.02,19.5,5.0
2018-06-01,AM,costruction_tools_garden,1,97.54,8.0,4.0
2018-06-01,AM,health_beauty,4,706.74,25.0,2.57
2018-06-01,AM,tablets_printing_image,1,72.85,24.0,4.0
2018-06-01,AM,toys,1,334.01,6.0,5.0
2018-06-01,AP,art,1,157.46,17.0,5.0
2018-06-01,AP,auto,1,90.46,18.0,4.0
2018-06-01,BA,(unknown),1,63.72,14.0,1.0
2018-06-01,BA,air_conditioning,1,53.15,16.0,5.0
2018-06-01,BA,audio,1,31.96,24.0,1.0
2018-06-01,BA,auto,10,3370.32,21.8,3.18
2018-06-01,BA,baby,6,1014.22,15.7,2.86
2018-06-01,BA,bed_bath_table,12,2368.93,10.5,3.11
2018-06-01,BA,books_general_interest,1,38.23,14.0,5.0
2018-06-01,BA,books_technical,1,133.62,15.0,5.0
2018-06-01,BA,computers,4,5648.66,21.7,4.43
2018-06-01,BA,computers_accessories,12,1166.36,15.0,4.17
2018-06-01,BA,consoles_games,4,308.6,21.0,4.6
2018-06-01,BA,construction_tools_construction,2,273.7,20.0,5.0
2018-06-01,BA,construction_tools_lights,2,260.19,15.5,4.0
2018-06-01,BA,cool_stuff,7,1567.17,31.0,3.43
2018-06-01,BA,costruction_tools_tools,1,298.58,11.0,5.0
2018-06-01,BA,drinks,1,51.03,14.0,4.0
2018-06-01,BA,electronics,5,581.4,23.4,5.0
2018-06-01,BA,fashion_bags_accessories,2,148.15,24.5,4.5
2018-06-01,BA,food,1,50.03,9.0,5.0
2018-06-01,BA,furniture_bedroom,1,145.77,18.0,5.0
2018-06-01,BA,furniture_decor,14,2136.72,13.6,4.19
2018-06-01,BA,garden_tools,5,1141.12,17.2,3.8
2018-06-01,BA,health_beauty,23,4119.57,18.8,4.36
2018-06-01,BA,home_appliances,8,736.8,12.9,3.88
2018-06-01,BA,home_construction,2,245.78,27.0,4.0
2018-06-01,BA,housewares,14,2311.87,14.5,4.46
2018-06-01,BA,industry_commerce_and_business,1,167.71,13.0,5.0
2018-06-01,BA,musical_instruments,6,4827.12,17.3,4.33
2018-06-01,BA,office_furniture,1,118.81,40.0,2.0
2018-06-01,BA,perfumery,4,771.86,18.3,4.75
2018-06-01,BA,pet_shop,4,558.2,15.3,4.75
2018-06-01,BA,signaling_and_security,1,344.07,14.0,5.0
2018-06-01,BA,sports_leisure,15,1870.2,16.5,4.0
2018-06-01,BA,stationery,1,183.89,8.0,5.0
2018-06-01,BA,telephony,7,376.67,17.0,4.14
2018-06-01,BA,toys,6,574.56,18.7,4.33
2018-06-01,BA,watches_gifts,13,3863.39,18.4,3.69
2018-06-01,CE,agro_industry_and_commerce,1,168.05,17.0,5.0
2018-06-01,CE,audio,2,249.15,13.5,5.0
2018-06-01,CE,auto,3,2162.69,15.3,3.67
2018-06-01,CE,baby,1,174.11,15.0,4.0
2018-06-01,CE,bed_bath_table,4,939.21,9.6,4.2
2018-06-01,CE,computers,1,892.44,12.0,5.0
2018-06-01,CE,computers_accessories,5,481.27,14.6,4.8
2018-06-01,CE,construction_tools_construction,1,548.15,11.0,5.0
2018-06-01,CE,cool_stuff,1,2223.12,47.0,5.0
2018-06-01,CE,costruction_tools_garden,1,344.94,8.0,5.0
2018-06-01,CE,diapers_and_hygiene,1,80.69,15.0,1.0
2018-06-01,CE,electronics,3,344.72,16.0,4.67
2018-06-01,CE,fashion_bags_accessories,1,78.1,17.0,4.0
2018-06-01,CE,fashion_shoes,1,142.66,30.0,3.0
2018-06-01,CE,furniture_decor,4,453.63,13.8,2.5
2018-06-01,CE,garden_tools,1,119.46,9.0,5.0
2018-06-01,CE,health_beauty,11,2331.66,13.6,4.55
2018-06-01,CE,housewares,4,1617.13,14.6,5.0
2018-06-01,CE,industry_commerce_and_business,1,132.83,12.0,5.0
2018-06-01,CE,luggage_accessories,1,457.64,14.0,5.0
2018-06-01,CE,musical_instruments,1,247.21,14.0,5.0
2018-06-01,CE,office_furniture,1,464.98,24.0,5.0
2018-06-01,CE,perfumery,4,991.1,14.5,5.0
2018-06-01,CE,pet_shop,1,87.59,14.0,5.0
2018-06-01,CE,sports_leisure,6,1654.61,14.4,4.57
2018-06-01,CE,stationery,2,433.48,12.5,3.0
2018-06-01,CE,toys,3,400.02,20.7,4.67
2018-06-01,CE,watches_gifts,6,1505.83,15.9,4.14
2018-06-01,DF,art,1,87.16,11.0,5.0
2018-06-01,DF,audio,2,638.11,12.0,4.5
2018-06-01,DF,auto,5,2185.47,9.3,3.0
2018-06-01,DF,baby,7,901.77,9.4,4.17
2018-06-01,DF,bed_bath_table,8,644.12,7.5,4.38
2018-06-01,DF,books_general_interest,3,244.32,6.3,5.0
2018-06-01,DF,christmas_supplies,1,131.37,12.0,5.0
2018-06-01,DF,computers_accessories,6,746.21,9.0,5.0
2018-06-01,DF,consoles_games,4,574.95,7.5,5.0
2018-06-01,DF,construction_tools_construction,4,690.44,7.2,4.4
2018-06-01,DF,construction_tools_safety,1,51.95,6.0,4.0
2018-06-01,DF,cool_stuff,4,973.28,11.8,5.0
2018-06-01,DF,electronics,6,539.65,7.2,4.83
2018-06-01,DF,fashion_bags_accessories,2,552.51,7.0,5.0
2018-06-01,DF,furniture_decor,3,265.21,11.7,3.67
2018-06-01,DF,garden_tools,3,275.0,8.0,5.0
2018-06-01,DF,health_beauty,26,4631.89,9.1,4.59
2018-06-01,DF,home_appliances,2,150.44,6.5,4.5
2018-06-01,DF,home_construction,1,139.66,15.0,5.0
2018-06-01,DF,housewares,13,1721.18,7.4,3.39
2018-06-01,DF,industry_commerce_and_business,1,192.82,6.0,5.0
2018-06-01,DF,music,1,65.83,8.0,4.0
2018-06-01,DF,perfumery,2,368.95,21.0,1.0
2018-06-01,DF,pet_shop,6,820.69,9.4,4.29
2018-06-01,DF,signaling_and_security,1,75.58,4.0,5.0
2018-06-01,DF,small_appliances,1,872.52,10.0,1.0
2018-06-01,DF,sports_leisure,9,1182.21,8.5,4.0
2018-06-01,DF,stationery,2,293.49,10.0,5.0
2018-06-01,DF,telephony,6,283.67,8.5,4.5
2018-06-01,DF,toys,3,343.17,5.7,3.67
2018-06-01,DF,watches_gifts,13,2232.35,10.8,4.15
2018-06-01,ES,audio,1,30.13,7.0,5.0
2018-06-01,ES,auto,8,2795.45,14.5,3.38
2018-06-01,ES,baby,4,476.05,15.5,3.5
2018-06-01,ES,bed_bath_table,11,1275.77,23.8,4.0
2018-06-01,ES,books_general_interest,1,45.25,16.0,4.0
2018-06-01,ES,books_technical,1,36.22,13.0,5.0
2018-06-01,ES,computers_accessories,3,440.69,11.7,3.33
2018-06-01,ES,consoles_games,2,479.17,11.0,4.5
2018-06-01,ES,construction_tools_construction,2,667.96,9.5,4.5
2018-06-01,ES,construction_tools_lights,1,136.89,10.0,4.0
2018-06-01,ES,cool_stuff,1,333.45,24.0,5.0
2018-06-01,ES,electronics,10,479.53,11.4,4.5
2018-06-01,ES,fashion_bags_accessories,1,48.41,6.0,5.0
2018-06-01,ES,fashion_shoes,1,109.5,18.0,5.0
2018-06-01,ES,food,1,69.14,30.0,5.0
2018-06-01,ES,furniture_decor,7,1326.99,11.1,3.67
2018-06-01,ES,garden_tools,4,1402.27,11.8,3.4
2018-06-01,ES,health_beauty,22,3014.43,12.0,3.95
2018-06-01,ES,home_confort,1,103.26,9.0,5.0
2018-06-01,ES,home_construction,1,143.49,15.0,5.0
2018-06-01,ES,housewares,3,670.68,13.3,2.67
2018-06-01,ES,industry_commerce_and_business,1,162.68,8.0,4.0
2018-06-01,ES,market_place,1,102.14,15.0,5.0
2018-06-01,ES,office_furniture,2,376.75,19.7,4.0
2018-06-01,ES,perfumery,2,160.75,15.0,4.5
2018-06-01,ES,pet_shop,1,298.6,12.0,5.0
2018-06-01,ES,sports_leisure,9,1293.54,11.2,4.91
2018-06-01,ES,stationery,4,446.9,12.0,4.25
2018-06-01,ES,telephony,5,1334.7,22.6,1.7
2018-06-01,ES,toys,6,1293.34,11.4,4.29
2018-06-01,ES,watches_gifts,7,1092.95,12.4,4.57
2018-06-01,GO,(unknown),1,155.63,14.0,4.0
2018-06-01,GO,agro_industry_and_commerce,1,585.32,13.0,1.0
2018-06-01,GO,auto,8,1394.95,11.3,3.88
2018-06-01,GO,baby,4,952.37,12.5,4.75
2018-06-01,GO,bed_bath_table,7,584.81,12.9,4.43
2018-06-01,GO,computers_accessories,3,135.39,9.7,4.67
2018-06-01,GO,consoles_games,2,298.91,8.5,3.0
2018-06-01,GO,construction_tools_construction,2,111.99,9.0,3.5
2018-06-01,GO,construction_tools_lights,1,284.36,12.0,4.0
2018-06-01,GO,electronics,2,140.52,8.5,5.0
2018-06-01,GO,fashion_bags_accessories,4,490.11,10.8,3.5
2018-06-01,GO,fashion_underwear_beach,1,78.42,14.0,3.0
2018-06-01,GO,fixed_telephony,1,96.55,8.0,5.0
2018-06-01,GO,furniture_decor,5,833.29,12.7,3.67
2018-06-01,GO,furniture_living_room,1,97.21,12.0,4.0
2018-06-01,GO,garden_tools,1,61.6,8.0,3.0
2018-06-01,GO,health_beauty,10,1977.11,16.8,4.0
2018-06-01,GO,home_appliances,2,111.61,11.0,4.5
2018-06-01,GO,home_appliances_2,1,820.24,11.0,5.0
2018-06-01,GO,home_construction,1,148.74,18.0,5.0
2018-06-01,GO,housewares,13,2470.55,10.6,4.46
2018-06-01,GO,industry_commerce_and_business,1,128.35,9.0,4.0
2018-06-01,GO,musical_instruments,1,149.5,11.0,5.0
2018-06-01,GO,perfumery,2,258.91,15.0,5.0
2018-06-01,GO,signaling_and_security,1,99.43,15.0,5.0
2018-06-01,GO,small_appliances,2,283.26,9.7,2.33
2018-06-01,GO,sports_leisure,5,968.79,11.7,4.33
2018-06-01,GO,stationery,2,287.77,12.0,5.0
2018-06-01,GO,telephony,9,623.52,11.5,3.8
2018-06-01,GO,toys,2,135.63,10.5,5.0
2018-06-01,GO,watches_gifts,11,2616.47,10.9,4.58
2018-06-01,MA,audio,1,97.66,15.0,5.0
2018-06-01,MA,auto,5,595.38,20.6,4.0
2018-06-01,MA,baby,2,834.69,21.0,4.5
2018-06-01,MA,bed_bath_table,2,287.93,28.0,3.0
2018-06-01,MA,computers_accessories,4,799.58,24.5,4.75
2018-06-01,MA,cool_stuff,1,245.45,32.0,1.0
2018-06-01,MA,garden_tools,1,106.33,13.0,5.0
2018-06-01,MA,health_beauty,10,1498.26,15.7,3.6
2018-06-01,MA,home_construction,1,473.36,22.0,5.0
2018-06-01,MA,office_furniture,1,372.67,36.0,3.0
2018-06-01,MA,perfumery,2,305.67,16.5,5.0
2018-06-01,MA,sports_leisure,1,130.13,15.0,5.0
2018-06-01,MA,telephony,2,144.91,13.5,5.0
2018-06-01,MA,toys,2,275.85,17.0,4.5
2018-06-01,MA,watches_gifts,6,1677.5,22.2,3.67
2018-06-01,MG,(unknown),1,156.83,10.0,5.0
2018-06-01,MG,art,2,196.89,8.0,5.0
2018-06-01,MG,audio,1,30.13,8.0,1.0
2018-06-01,MG,auto,23,3724.97,8.2,4.3
2018-06-01,MG,baby,23,4765.61,11.0,3.88
2018-06-01,MG,bed_bath_table,78,11059.23,9.2,3.76
2018-06-01,MG,books_general_interest,7,552.47,9.7,4.83
2018-06-01,MG,books_imported,1,76.28,9.0,5.0
2018-06-01,MG,books_technical,4,503.41,11.8,4.0
2018-06-01,MG,christmas_supplies,1,101.26,13.0,3.0
2018-06-01,MG,cine_photo,2,170.36,5.5,4.5
2018-06-01,MG,computers_accessories,44,6756.55,7.3,4.22
2018-06-01,MG,consoles_games,3,223.09,6.0,5.0
2018-06-01,MG,construction_tools_construction,14,3946.42,8.9,4.27
2018-06-01,MG,construction_tools_lights,8,1431.68,7.9,5.0
2018-06-01,MG,construction_tools_safety,1,163.57,7.0,5.0
2018-06-01,MG,cool_stuff,9,1725.31,10.2,4.67
2018-06-01,MG,costruction_tools_tools,2,224.23,11.5,5.0
2018-06-01,MG,electronics,15,1220.37,8.5,4.59
2018-06-01,MG,fashion_bags_accessories,10,1018.02,6.5,4.5
2018-06-01,MG,fashion_shoes,2,212.54,10.0,4.5
2018-06-01,MG,fashion_underwear_beach,1,95.65,7.0,5.0
2018-06-01,MG,fixed_telephony,3,343.78,7.7,4.33
2018-06-01,MG,furniture_decor,25,5555.76,9.9,3.64
2018-06-01,MG,furniture_living_room,3,497.65,7.0,5.0
2018-06-01,MG,garden_tools,22,3797.97,7.7,4.5
2018-06-01,MG,health_beauty,93,16670.51,8.0,4.51
2018-06-01,MG,home_appliances,8,496.45,9.3,4.0
2018-06-01,MG,home_appliances_2,2,298.11,6.0,5.0
2018-06-01,MG,home_construction,10,1977.03,12.0,4.42
2018-06-01,MG,housewares,65,10022.12,7.9,3.8
2018-06-01,MG,kitchen_dining_laundry_garden_furniture,2,651.16,8.0,4.0
2018-06-01,MG,luggage_accessories,8,902.95,6.6,4.0
2018-06-01,MG,music,1,11.56,5.0,5.0
2018-06-01,MG,musical_instruments,4,1365.8,6.5,5.0
2018-06-01,MG,office_furniture,6,1576.56,16.3,3.83
2018-06-01,MG,perfumery,22,3676.18,7.9,4.67
2018-06-01,MG,pet_shop,20,4555.26,7.6,4.37
2018-06-01,MG,small_appliances,6,4882.26,7.4,3.14
2018-06-01,MG,small_appliances_home_oven_and_coffee,1,2045.47,2.0,5.0
2018-06-01,MG,sports_leisure,46,7111.57,7.2,4.43
2018-06-01,MG,stationery,14,1212.43,6.8,4.78
2018-06-01,MG,telephony,23,3066.1,7.7,4.55
2018-06-01,MG,toys,23,4086.56,7.3,4.46
2018-06-01,MG,watches_gifts,61,12275.72,9.8,4.32
2018-06-01,MS,auto,3,2150.97,11.7,5.0
2018-06-01,MS,bed_bath_table,3,276.67,9.0,4.67
2018-06-01,MS,computers_accessories,4,1471.58,11.4,3.4
2018-06-01,MS,construction_tools_lights,1,322.1,11.0,2.0
2018-06-01,MS,cool_stuff,1,131.69,8.0,5.0
2018-06-01,MS,electronics,3,340.18,12.5,4.5
2018-06-01,MS,fashion_shoes,1,109.5,19.0,5.0
2018-06-01,MS,food,1,46.2,9.0,5.0
2018-06-01,MS,furniture_decor,6,873.79,9.1,3.67
2018-06-01,MS,garden_tools,1,694.04,13.0,1.0
2018-06-01,MS,health_beauty,2,1265.08,14.5,5.0
2018-06-01,MS,housewares,2,193.63,9.0,4.5
2018-06-01,MS,market_place,1,108.11,18.0,4.0
2018-06-01,MS,musical_instruments,1,272.79,30.0,4.0
2018-06-01,MS,office_furniture,1,455.52,17.0,5.0
2018-06-01,MS,perfumery,3,562.97,11.3,4.75
2018-06-01,MS,pet_shop,2,383.31,13.0,4.5
2018-06-01,MS,sports_leisure,5,447.29,12.8,4.6
2018-06-01,MS,stationery,1,28.13,15.0,5.0
2018-06-01,MS,telephony,4,264.25,11.6,4.8
2018-06-01,MS,toys,1,92.41,9.0,5.0
2018-06-01,MS,watches_gifts,2,275.54,12.5,3.5
2018-06-01,MT,agro_industry_and_commerce,1,191.13,12.0,5.0
2018-06-01,MT,audio,1,36.96,9.0,5.0
2018-06-01,MT,auto,5,448.66,11.5,4.33
2018-06-01,MT,baby,3,1045.82,10.7,5.0
2018-06-01,MT,bed_bath_table,1,58.39,14.0,
2018-06-01,MT,books_technical,1,135.59,12.0,4.0
2018-06-01,MT,computers_accessories,1,162.68,16.0,3.0
2018-06-01,MT,consoles_games,1,61.1,15.0,2.0
2018-06-01,MT,cool_stuff,2,491.54,27.0,4.5
2018-06-01,MT,furniture_decor,3,929.42,14.3,3.0
2018-06-01,MT,garden_tools,1,77.32,14.0,5.0
2018-06-01,MT,health_beauty,8,1219.49,16.9,4.38
2018-06-01,MT,home_construction,1,143.84,16.0,5.0
2018-06-01,MT,housewares,5,430.2,13.4,3.8
2018-06-01,MT,kitchen_dining_laundry_garden_furniture,1,158.42,21.0,1.0
2018-06-01,MT,office_furniture,1,508.16,20.0,1.0
2018-06-01,MT,perfumery,1,187.15,14.0,5.0
2018-06-01,MT,pet_shop,2,534.54,38.0,3.5
2018-06-01,MT,signaling_and_security,1,3242.84,14.0,3.0
2018-06-01,MT,sports_leisure,6,573.32,12.5,5.0
2018-06-01,MT,telephony,5,273.74,10.6,3.6
2018-06-01,MT,toys,3,902.24,12.4,4.8
2018-06-01,MT,watches_gifts,4,1196.0,10.8,4.75
2018-06-01,PA,auto,2,351.62,12.5,5.0
2018-06-01,PA,baby,2,615.96,18.3,5.0
2018-06-01,PA,bed_bath_table,1,207.68,21.0,5.0
2018-06-01,PA,books_technical,1,136.19,19.0,4.0
2018-06-01,PA,computers_accessories,4,281.41,18.0,4.0
2018-06-01,PA,construction_tools_construction,2,556.02,19.5,4.5
2018-06-01,PA,cool_stuff,1,325.37,15.0,3.0
2018-06-01,PA,electronics,3,227.06,14.0,4.0
2018-06-01,PA,fashion_bags_accessories,1,342.65,18.0,5.0
2018-06-01,PA,furniture_decor,2,554.67,14.3,5.0
2018-06-01,PA,garden_tools,4,940.63,19.8,4.25
2018-06-01,PA,health_beauty,9,2532.62,18.8,4.33
2018-06-01,PA,home_appliances,1,137.36,18.0,5.0
2018-06-01,PA,housewares,3,805.42,20.0,4.25
2018-06-01,PA,musical_instruments,1,473.2,25.0,4.0
2018-06-01,PA,office_furniture,3,951.59,22.5,2.5
2018-06-01,PA,perfumery,1,221.08,9.0,5.0
2018-06-01,PA,sports_leisure,4,492.81,19.3,5.0
2018-06-01,PA,stationery,1,40.24,16.0,5.0
2018-06-01,PA,telephony,3,519.88,12.0,4.33
2018-06-01,PA,watches_gifts,6,1237.09,15.5,4.83
2018-06-01,PB,auto,1,119.7,19.0,4.0
2018-06-01,PB,computers,1,4681.78,14.0,5.0
2018-06-01,PB,computers_accessories,6,540.95,13.2,4.5
2018-06-01,PB,construction_tools_construction,1,280.84,12.0,1.0
2018-06-01,PB,health_beauty,5,1202.39,13.0,4.4
2018-06-01,PB,home_construction,1,279.56,20.0,4.0
2018-06-01,PB,housewares,1,36.45,12.0,5.0
2018-06-01,PB,luggage_accessories,1,267.74,13.0,5.0
2018-06-01,PB,office_furniture,1,196.43,39.0,1.0
2018-06-01,PB,sports_leisure,1,207.25,15.0,5.0
2018-06-01,PB,telephony,2,2076.57,17.0,4.0
2018-06-01,PB,toys,1,1635.54,23.0,5.0
2018-06-01,PB,watches_gifts,6,2695.93,16.8,3.67
2018-06-01,PE,auto,2,291.35,8.0,5.0
2018-06-01,PE,baby,5,719.47,12.0,3.8
2018-06-01,PE,bed_bath_table,5,922.06,12.3,4.33
2018-06-01,PE,christmas_supplies,1,54.16,13.0,4.0
2018-06-01,PE,computers_accessories,6,899.26,8.7,4.33
2018-06-01,PE,construction_tools_lights,1,213.46,8.0,5.0
2018-06-01,PE,construction_tools_safety,1,272.99,13.0,5.0
2018-06-01,PE,cool_stuff,2,515.12,14.0,5.0
2018-06-01,PE,electronics,3,123.99,9.0,5.0
2018-06-01,PE,fashion_bags_accessories,2,119.84,14.0,4.0
2018-06-01,PE,garden_tools,1,579.93,10.0,3.0
2018-06-01,PE,health_beauty,20,4895.21,13.5,4.62
2018-06-01,PE,home_appliances,2,172.77,14.0,5.0
2018-06-01,PE,home_appliances_2,1,859.71,10.0,5.0
2018-06-01,PE,housewares,4,349.4,9.8,4.5
2018-06-01,PE,musical_instruments,2,1095.5,13.5,4.0
2018-06-01,PE,perfumery,1,123.41,18.0,5.0
2018-06-01,PE,pet_shop,1,168.33,17.0,5.0
2018-06-01,PE,sports_leisure,10,1287.34,13.7,4.8
2018-06-01,PE,stationery,2,135.89,11.5,5.0
2018-06-01,PE,telephony,5,771.64,8.9,4.57
2018-06-01,PE,toys,3,433.66,8.8,4.5
2018-06-01,PE,watches_gifts,11,2816.89,15.4,4.27
2018-06-01,PI,auto,1,214.05,22.0,4.0
2018-06-01,PI,bed_bath_table,2,215.4,20.0,2.0
2018-06-01,PI,computers_accessories,4,1125.74,21.3,4.25
2018-06-01,PI,cool_stuff,1,245.45,20.0,4.0
2018-06-01,PI,dvds_blu_ray,1,75.85,14.0,5.0
2018-06-01,PI,electronics,1,174.39,46.0,1.0
2018-06-01,PI,fixed_telephony,1,178.23,31.0,4.0
2018-06-01,PI,health_beauty,5,716.99,27.0,3.2
2018-06-01,PI,home_appliances,1,151.42,26.0,3.0
2018-06-01,PI,office_furniture,1,177.93,25.0,5.0
2018-06-01,PI,perfumery,2,693.86,15.5,3.0
2018-06-01,PI,pet_shop,1,178.47,24.0,5.0
2018-06-01,PI,telephony,3,205.31,28.0,3.67
2018-06-01,PI,toys,2,518.05,11.5,4.5
2018-06-01,PI,watches_gifts,4,1128.82,18.5,3.5
2018-06-01,PR,(unknown),1,255.07,8.0,4.0
2018-06-01,PR,agro_industry_and_commerce,1,53.35,16.0,5.0
2018-06-01,PR,air_conditioning,1,1638.72,3.0,5.0
2018-06-01,PR,art,2,176.92,9.0,5.0
2018-06-01,PR,auto,17,1740.7,10.5,4.48
2018-06-01,PR,baby,12,1573.36,9.3,3.64
2018-06-01,PR,bed_bath_table,24,2777.33,8.4,3.88
2018-06-01,PR,books_general_interest,1,55.22,14.0,4.0
2018-06-01,PR,books_technical,2,158.63,5.5,5.0
2018-06-01,PR,computers_accessories,16,2050.14,8.2,4.0
2018-06-01,PR,consoles_games,2,406.44,9.0,3.5
2018-06-01,PR,construction_tools_construction,8,1765.58,9.0,4.38
2018-06-01,PR,construction_tools_lights,2,506.68,9.5,5.0
2018-06-01,PR,construction_tools_safety,2,466.77,9.5,5.0
2018-06-01,PR,cool_stuff,7,1064.7,7.3,4.29
2018-06-01,PR,costruction_tools_garden,2,217.91,9.5,5.0
2018-06-01,PR,diapers_and_hygiene,1,79.61,9.0,4.0
2018-06-01,PR,drinks,2,340.49,9.3,2.33
2018-06-01,PR,electronics,11,625.84,8.6,4.45
2018-06-01,PR,fashion_bags_accessories,5,613.8,9.4,3.43
2018-06-01,PR,fashion_male_clothing,1,83.33,10.0,4.0
2018-06-01,PR,fixed_telephony,1,161.95,24.0,3.0
2018-06-01,PR,food,1,46.2,7.0,4.0
2018-06-01,PR,furniture_decor,27,4286.3,8.6,4.14
2018-06-01,PR,furniture_living_room,1,112.28,7.0,5.0
2018-06-01,PR,garden_tools,8,1094.45,10.6,4.75
2018-06-01,PR,health_beauty,27,5268.15,8.5,4.4
2018-06-01,PR,home_appliances,1,107.69,6.0,4.0
2018-06-01,PR,home_appliances_2,3,630.01,12.3,4.33
2018-06-01,PR,home_construction,5,629.2,11.6,3.4
2018-06-01,PR,housewares,27,3988.55,8.8,3.45
2018-06-01,PR,kitchen_dining_laundry_garden_furniture,1,75.1,8.0,1.0
2018-06-01,PR,luggage_accessories,2,356.61,9.0,5.0
2018-06-01,PR,musical_instruments,3,925.19,8.3,4.67
2018-06-01,PR,office_furniture,3,592.68,19.0,4.67
2018-06-01,PR,perfumery,6,863.21,7.1,4.38
2018-06-01,PR,pet_shop,5,512.58,8.8,4.33
2018-06-01,PR,small_appliances,4,1319.66,8.5,5.0
2018-06-01,PR,sports_leisure,21,2891.69,7.3,4.42
2018-06-01,PR,stationery,8,895.41,7.8,3.44
2018-06-01,PR,telephony,6,2637.93,7.3,4.43
2018-06-01,PR,toys,15,2341.01,8.3,4.21
2018-06-01,PR,watches_gifts,16,3861.62,7.9,4.63
2018-06-01,RJ,air_conditioning,2,121.58,8.0,5.0
2018-06-01,RJ,art,4,521.39,9.5,4.5
2018-06-01,RJ,audio,3,168.57,6.5,4.5
2018-06-01,RJ,auto,32,6470.53,10.3,4.27
2018-06-01,RJ,baby,25,4277.22,11.5,4.08
2018-06-01,RJ,bed_bath_table,79,9441.74,11.2,3.67
2018-06-01,RJ,books_general_interest,2,116.9,13.7,5.0
2018-06-01,RJ,books_imported,2,156.0,13.0,5.0
2018-06-01,RJ,books_technical,1,100.33,10.0,5.0
2018-06-01,RJ,christmas_supplies,1,100.02,3.0,5.0
2018-06-01,RJ,computers_accessories,40,6971.3,9.4,4.22
2018-06-01,RJ,consoles_games,3,217.61,9.0,5.0
2018-06-01,RJ,construction_tools_construction,13,2455.84,11.7,3.31
2018-06-01,RJ,construction_tools_lights,1,213.98,11.0,4.0
2018-06-01,RJ,construction_tools_safety,3,580.87,20.3,3.67
2018-06-01,RJ,cool_stuff,16,3047.62,11.0,4.35
2018-06-01,RJ,diapers_and_hygiene,1,79.61,3.0,5.0
2018-06-01,RJ,drinks,7,691.03,7.9,4.71
2018-06-01,RJ,electronics,28,1522.51,9.4,3.77
2018-06-01,RJ,fashion_bags_accessories,7,760.6,8.6,4.88
2018-06-01,RJ,fashion_shoes,2,438.6,9.0,5.0
2018-06-01,RJ,fixed_telephony,1,164.15,11.0,5.0
2018-06-01,RJ,flowers,1,140.7,7.0,5.0
2018-06-01,RJ,food,3,394.98,8.7,3.67
2018-06-01,RJ,food_drink,4,198.26,15.5,3.25
2018-06-01,RJ,furniture_bedroom,1,186.18,12.0,5.0
2018-06-01,RJ,furniture_decor,37,6262.65,12.0,3.95
2018-06-01,RJ,furniture_living_room,8,987.9,5.7,4.56
2018-06-01,RJ,garden_tools,18,2796.14,9.3,3.58
2018-06-01,RJ,health_beauty,80,11559.14,8.3,4.48
2018-06-01,RJ,home_appliances,2,264.77,9.5,5.0
2018-06-01,RJ,home_appliances_2,3,2849.47,5.0,5.0
2018-06-01,RJ,home_confort,2,231.59,12.5,4.0
2018-06-01,RJ,home_construction,6,1157.85,13.0,4.83
2018-06-01,RJ,housewares,53,7610.79,11.2,3.75
2018-06-01,RJ,industry_commerce_and_business,2,364.07,5.7,5.0
2018-06-01,RJ,kitchen_dining_laundry_garden_furniture,5,958.91,12.6,3.57
2018-06-01,RJ,luggage_accessories,2,200.34,16.5,4.0
2018-06-01,RJ,musical_instruments,2,283.09,14.5,5.0
2018-06-01,RJ,office_furniture,10,2246.31,22.0,3.38
2018-06-01,RJ,perfumery,18,4215.0,11.3,4.63
2018-06-01,RJ,pet_shop,15,2631.34,8.5,4.44
2018-06-01,RJ,signaling_and_security,3,367.58,7.7,4.67
2018-06-01,RJ,small_appliances,7,1357.32,9.9,4.14
2018-06-01,RJ,small_appliances_home_oven_and_coffee,1,813.33,15.0,5.0
2018-06-01,RJ,sports_leisure,38,6712.52,9.8,4.51
2018-06-01,RJ,stationery,15,2790.6,13.1,4.71
2018-06-01,RJ,telephony,19,3049.08,7.3,4.84
2018-06-01,RJ,toys,15,1965.07,7.8,4.4
2018-06-01,RJ,watches_gifts,74,18029.82,10.6,3.96
2018-06-01,RN,(unknown),1,155.03,10.0,5.0
2018-06-01,RN,auto,1,145.35,14.0,2.0
2018-06-01,RN,bed_bath_table,2,279.72,15.5,5.0
2018-06-01,RN,computers_accessories,1,170.14,4.0,5.0
2018-06-01,RN,construction_tools_construction,1,106.11,15.0,4.0
2018-06-01,RN,construction_tools_safety,1,190.59,13.0,5.0
2018-06-01,RN,electronics,1,79.31,17.0,5.0
2018-06-01,RN,fashion_bags_accessories,2,232.03,17.0,5.0
2018-06-01,RN,food_drink,1,59.16,9.0,5.0
2018-06-01,RN,furniture_decor,3,587.99,15.0,4.67
2018-06-01,RN,health_beauty,7,2614.59,10.6,4.43
2018-06-01,RN,housewares,3,359.14,10.0,3.33
2018-06-01,RN,office_furniture,1,591.36,9.0,5.0
2018-06-01,RN,perfumery,3,511.32,23.3,2.33
2018-06-01,RN,pet_shop,1,201.12,14.0,5.0
2018-06-01,RN,sports_leisure,1,124.24,9.0,2.0
2018-06-01,RN,stationery,1,251.51,10.0,5.0
2018-06-01,RN,telephony,2,1238.33,18.0,5.0
2018-06-01,RN,watches_gifts,3,498.96,15.0,4.67
2018-06-01,RO,(unknown),1,300.73,12.0,4.0
2018-06-01,RO,baby,1,80.84,12.0,4.0
2018-06-01,RO,computers_accessories,2,197.96,16.5,4.0
2018-06-01,RO,cool_stuff,2,446.08,9.3,2.67
2018-06-01,RO,fashion_bags_accessories,1,347.79,20.0,4.0
2018-06-01,RO,furniture_decor,1,170.86,12.0,5.0
2018-06-01,RO,health_beauty,1,585.95,21.0,4.0
2018-06-01,RO,luggage_accessories,1,231.37,13.0,5.0
2018-06-01,RO,stationery,1,57.39,29.0,3.0
2018-06-01,RR,furniture_decor,1,499.52,11.0,5.0
2018-06-01,RR,home_appliances,1,186.13,23.0,5.0
2018-06-01,RR,perfumery,1,272.99,25.0,5.0
2018-06-01,RR,sports_leisure,2,683.77,14.3,1.67
2018-06-01,RS,agro_industry_and_commerce,1,517.7,13.0,5.0
2018-06-01,RS,art,2,236.6,17.0,4.0
2018-06-01,RS,audio,1,608.2,11.0,5.0
2018-06-01,RS,auto,16,4188.87,14.8,4.12
2018-06-01,RS,baby,16,2559.94,10.3,4.81
2018-06-01,RS,bed_bath_table,39,7329.39,11.5,4.49
2018-06-01,RS,books_general_interest,1,79.44,10.0,5.0
2018-06-01,RS,books_imported,1,79.5,10.0,5.0
2018-06-01,RS,books_technical,1,35.68,10.0,5.0
2018-06-01,RS,cine_photo,2,125.95,11.8,5.0
2018-06-01,RS,computers_accessories,24,3361.98,11.9,4.11
2018-06-01,RS,construction_tools_construction,6,894.4,12.0,4.43
2018-06-01,RS,construction_tools_safety,1,50.13,15.0,3.0
2018-06-01,RS,cool_stuff,4,764.27,7.3,4.25
2018-06-01,RS,electronics,9,708.17,13.3,4.67
2018-06-01,RS,fashion_bags_accessories,2,266.75,12.0,3.5
2018-06-01,RS,fashion_male_clothing,1,59.47,6.0,5.0
2018-06-01,RS,food_drink,1,105.66,7.0,2.0
2018-06-01,RS,furniture_decor,25,4992.19,10.6,3.55
2018-06-01,RS,furniture_living_room,2,576.6,26.0,5.0
2018-06-01,RS,garden_tools,11,1749.85,12.2,4.08
2018-06-01,RS,health_beauty,31,4290.13,12.2,4.42
2018-06-01,RS,home_appliances,5,984.36,11.8,5.0
2018-06-01,RS,home_construction,3,507.2,13.7,5.0
2018-06-01,RS,housewares,24,3800.31,15.3,3.83
2018-06-01,RS,industry_commerce_and_business,1,120.03,14.0,4.0
2018-06-01,RS,kitchen_dining_laundry_garden_furniture,1,311.34,2.0,5.0
2018-06-01,RS,musical_instruments,1,86.68,9.0,5.0
2018-06-01,RS,office_furniture,1,176.15,15.0,4.0
2018-06-01,RS,perfumery,7,1702.42,10.4,4.71
2018-06-01,RS,pet_shop,6,652.8,10.6,4.25
2018-06-01,RS,signaling_and_security,2,691.04,9.7,3.67
2018-06-01,RS,small_appliances,5,2364.65,9.8,4.83
2018-06-01,RS,sports_leisure,14,1905.84,10.9,4.56
2018-06-01,RS,stationery,7,904.83,11.5,4.75
2018-06-01,RS,telephony,13,1530.59,11.0,4.62
2018-06-01,RS,toys,8,873.37,9.4,4.89
2018-06-01,RS,watches_gifts,12,2888.2,11.7,4.36
2018-06-01,SC,(unknown),1,585.39,8.0,4.0
2018-06-01,SC,audio,1,73.38,10.0,5.0
2018-06-01,SC,auto,11,2473.23,9.6,4.14
2018-06-01,SC,baby,8,907.37,9.4,4.25
2018-06-01,SC,bed_bath_table,18,3173.08,8.2,4.77
2018-06-01,SC,books_general_interest,1,68.35,7.0,5.0
2018-06-01,SC,books_imported,1,40.18,12.0,5.0
2018-06-01,SC,books_technical,2,80.65,16.0,4.5
2018-06-01,SC,computers_accessories,15,1711.95,10.3,3.95
2018-06-01,SC,consoles_games,2,237.38,8.0,5.0
2018-06-01,SC,construction_tools_construction,2,2327.61,6.3,5.0
2018-06-01,SC,construction_tools_lights,1,193.76,9.0,5.0
2018-06-01,SC,construction_tools_safety,2,555.97,4.5,3.5
2018-06-01,SC,cool_stuff,4,796.71,9.8,4.75
2018-06-01,SC,electronics,5,254.17,9.4,3.8
2018-06-01,SC,fashion_bags_accessories,2,430.27,13.7,5.0
2018-06-01,SC,food,1,46.2,6.0,1.0
2018-06-01,SC,food_drink,1,23.72,4.0,5.0
2018-06-01,SC,furniture_bedroom,2,696.26,15.0,2.5
2018-06-01,SC,furniture_decor,14,1477.17,10.1,4.63
2018-06-01,SC,furniture_living_room,2,384.53,11.0,4.0
2018-06-01,SC,garden_tools,5,637.76,11.8,4.2
2018-06-01,SC,health_beauty,20,3584.05,11.9,4.23
2018-06-01,SC,home_appliances,3,365.47,10.3,3.33
2018-06-01,SC,home_appliances_2,1,223.61,6.0,5.0
2018-06-01,SC,home_confort,1,179.48,8.0,5.0
2018-06-01,SC,home_construction,3,423.77,17.0,4.33
2018-06-01,SC,housewares,15,5528.83,9.7,2.55
2018-06-01,SC,industry_commerce_and_business,3,583.7,7.2,4.2
2018-06-01,SC,luggage_accessories,2,976.42,9.5,5.0
2018-06-01,SC,musical_instruments,1,168.14,11.0,4.0
2018-06-01,SC,perfumery,9,1914.1,8.9,4.27
2018-06-01,SC,pet_shop,9,1007.59,10.6,4.11
2018-06-01,SC,signaling_and_security,1,76.28,5.0,5.0
2018-06-01,SC,sports_leisure,8,1383.01,8.3,4.8
2018-06-01,SC,stationery,3,444.75,10.3,5.0
2018-06-01,SC,telephony,13,2289.27,9.2,3.5
2018-06-01,SC,toys,2,115.84,11.0,4.5
2018-06-01,SC,watches_gifts,12,2615.87,9.8,4.71
2018-06-01,SE,auto,2,318.44,15.0,3.5
2018-06-01,SE,bed_bath_table,1,62.98,11.0,5.0
2018-06-01,SE,books_imported,1,84.66,13.0,5.0
2018-06-01,SE,computers_accessories,3,340.66,9.7,5.0
2018-06-01,SE,construction_tools_lights,1,310.11,24.0,4.0
2018-06-01,SE,cool_stuff,1,284.52,17.0,5.0
2018-06-01,SE,electronics,1,623.7,12.0,5.0
2018-06-01,SE,fashion_bags_accessories,3,265.63,16.7,4.0
2018-06-01,SE,furniture_decor,1,68.95,18.0,4.0
2018-06-01,SE,health_beauty,5,884.44,19.0,5.0
2018-06-01,SE,home_confort,1,294.8,15.0,2.0
2018-06-01,SE,sports_leisure,2,594.19,11.0,5.0
2018-06-01,SE,watches_gifts,3,280.43,10.0,4.0
2018-06-01,SP,(unknown),15,1133.3,5.5,4.27
2018-06-01,SP,agro_industry_and_commerce,5,2327.5,7.2,4.2
2018-06-01,SP,air_conditioning,5,2279.49,7.9,1.91
2018-06-01,SP,art,16,1642.76,5.6,4.0
2018-06-01,SP,audio,5,264.14,6.0,4.2
2018-06-01,SP,auto,110,16300.07,5.5,4.2
2018-06-01,SP,baby,83,15515.74,5.6,4.42
2018-06-01,SP,bed_bath_table,350,44895.65,6.8,3.99
2018-06-01,SP,books_general_interest,15,2678.92,5.8,4.7
2018-06-01,SP,books_imported,3,169.54,5.0,5.0
2018-06-01,SP,books_technical,12,864.27,5.2,4.75
2018-06-01,SP,christmas_supplies,2,89.9,6.0,5.0
2018-06-01,SP,cine_photo,5,313.05,3.0,3.67
2018-06-01,SP,computers,2,2644.99,5.5,5.0
2018-06-01,SP,computers_accessories,148,20400.03,7.6,4.11
2018-06-01,SP,consoles_games,18,4834.78,6.3,4.37
2018-06-01,SP,construction_tools_construction,50,10747.39,6.5,4.33
2018-06-01,SP,construction_tools_lights,15,1600.15,4.9,4.05
2018-06-01,SP,construction_tools_safety,4,640.04,5.5,4.0
2018-06-01,SP,cool_stuff,34,6482.11,8.7,4.31
2018-06-01,SP,costruction_tools_garden,7,407.21,7.4,4.29
2018-06-01,SP,costruction_tools_tools,1,101.0,2.0,5.0
2018-06-01,SP,diapers_and_hygiene,4,187.79,9.0,4.75
2018-06-01,SP,drinks,20,970.85,5.0,4.0
2018-06-01,SP,dvds_blu_ray,4,429.18,8.0,4.6
2018-06-01,SP,electronics,67,4909.51,5.2,4.55
2018-06-01,SP,fashion_bags_accessories,36,3501.12,5.7,4.7
2018-06-01,SP,fashion_childrens_clothes,1,97.48,2.0,5.0
2018-06-01,SP,fashion_male_clothing,4,411.63,8.0,5.0
2018-06-01,SP,fashion_shoes,3,437.38,7.7,4.67
2018-06-01,SP,fashion_underwear_beach,1,62.69,10.0,4.0
2018-06-01,SP,fixed_telephony,8,1477.86,5.5,4.2
2018-06-01,SP,food,16,1040.84,4.9,4.13
2018-06-01,SP,food_drink,2,126.01,10.0,4.0
2018-06-01,SP,furniture_bedroom,4,913.61,11.0,4.0
2018-06-01,SP,furniture_decor,134,20319.02,7.2,4.23
2018-06-01,SP,furniture_living_room,10,1873.48,5.7,4.09
2018-06-01,SP,garden_tools,61,7399.06,6.0,4.48
2018-06-01,SP,health_beauty,366,47308.26,5.9,4.41
2018-06-01,SP,home_appliances,29,4191.24,7.6,4.71
2018-06-01,SP,home_appliances_2,6,2901.84,8.0,4.43
2018-06-01,SP,home_comfort_2,1,51.38,8.0,1.0
2018-06-01,SP,home_confort,11,1892.81,6.6,4.45
2018-06-01,SP,home_construction,24,4414.56,10.7,4.28
2018-06-01,SP,housewares,214,27348.0,5.7,4.22
2018-06-01,SP,industry_commerce_and_business,10,1681.73,5.7,4.17
2018-06-01,SP,kitchen_dining_laundry_garden_furniture,11,2380.29,10.6,2.88
2018-06-01,SP,luggage_accessories,19,2745.65,5.9,4.53
2018-06-01,SP,market_place,5,468.54,10.0,3.6
2018-06-01,SP,music,1,92.17,10.0,4.0
2018-06-01,SP,musical_instruments,23,8076.54,5.2,4.38
2018-06-01,SP,office_furniture,26,7106.02,14.2,3.92
2018-06-01,SP,party_supplies,2,112.38,5.0,5.0
2018-06-01,SP,perfumery,72,11604.36,6.3,4.23
2018-06-01,SP,pet_shop,76,10768.91,6.7,4.38
2018-06-01,SP,signaling_and_security,8,2043.94,5.1,3.9
2018-06-01,SP,small_appliances,18,5471.4,5.8,3.9
2018-06-01,SP,small_appliances_home_oven_and_coffee,1,813.33,11.0,5.0
2018-06-01,SP,sports_leisure,165,21350.49,6.2,4.31
2018-06-01,SP,stationery,80,7420.88,5.9,4.31
2018-06-01,SP,telephony,72,4181.33,5.5,4.21
2018-06-01,SP,toys,80,8837.18,6.2,4.43
2018-06-01,SP,watches_gifts,167,29229.42,6.6,4.19
2018-06-01,TO,auto,1,277.3,20.0,4.0
2018-06-01,TO,baby,1,87.51,21.0,1.0
2018-06-01,TO,construction_tools_lights,1,65.23,9.0,5.0
2018-06-01,TO,fashion_bags_accessories,1,172.58,20.0,5.0
2018-06-01,TO,furniture_decor,1,72.4,17.0,4.0
2018-06-01,TO,health_beauty,1,356.1,12.0,5.0
2018-06-01,TO,home_appliances_2,1,529.55,14.0,5.0
2018-06-01,TO,housewares,1,82.48,8.0,4.0
2018-06-01,TO,perfumery,3,1017.22,12.5,3.5
2018-06-01,TO,pet_shop,1,62.04,16.0,4.0
2018-06-01,TO,sports_leisure,3,903.66,12.7,4.0
2018-06-01,TO,telephony,1,404.22,14.0,3.0
2018-06-01,TO,watches_gifts,2,956.74,12.5,5.0
2018-07-01,AC,computers_accessories,1,318.3,11.0,3.0
2018-07-01,AC,furniture_decor,1,646.44,14.0,5.0
2018-07-01,AC,health_beauty,1,591.88,17.0,5.0
2018-07-01,AC,sports_leisure,1,213.33,14.0,5.0
2018-07-01,AL,air_conditioning,1,643.89,21.0,5.0
2018-07-01,AL,auto,3,556.68,16.7,4.33
2018-07-01,AL,baby,1,87.42,26.0,5.0
2018-07-01,AL,bed_bath_table,1,132.91,22.0,3.0
2018-07-01,AL,computers_accessories,2,266.37,18.0,5.0
2018-07-01,AL,consoles_games,1,665.44,11.0,3.0
2018-07-01,AL,furniture_decor,1,97.26,25.0,4.0
2018-07-01,AL,furniture_living_room,1,118.99,23.0,4.0
2018-07-01,AL,garden_tools,1,188.2,16.0,5.0
2018-07-01,AL,health_beauty,5,1475.36,37.0,2.8
2018-07-01,AL,housewares,1,62.9,25.0,1.0
2018-07-01,AL,sports_leisure,1,203.23,15.0,5.0
2018-07-01,AL,telephony,1,73.06,20.0,5.0
2018-07-01,AL,toys,1,42.76,19.0,5.0
2018-07-01,AL,watches_gifts,1,78.11,21.0,5.0
2018-07-01,AM,auto,2,554.08,23.3,5.0
2018-07-01,AM,bed_bath_table,1,145.18,20.0,2.0
2018-07-01,AM,computers_accessories,2,117.25,6.5,4.5
2018-07-01,AM,furniture_decor,1,122.55,23.0,5.0
2018-07-01,AM,health_beauty,1,223.19,18.0,4.0
2018-07-01,AM,perfumery,1,68.03,20.0,5.0
2018-07-01,AM,pet_shop,1,94.74,37.0,1.0
2018-07-01,AM,sports_leisure,3,347.37,24.0,4.0
2018-07-01,AM,stationery,3,410.59,27.7,4.33
2018-07-01,AM,watches_gifts,3,515.43,21.7,3.67
2018-07-01,AP,auto,1,1049.53,36.0,3.0
2018-07-01,AP,consoles_games,1,137.27,39.0,4.0
2018-07-01,AP,furniture_decor,1,119.45,27.0,5.0
2018-07-01,AP,health_beauty,1,144.12,28.0,5.0
2018-07-01,AP,sports_leisure,1,61.99,34.0,3.0
2018-07-01,AP,watches_gifts,1,101.27,21.0,3.0
2018-07-01,BA,(unknown),2,629.65,11.5,4.5
2018-07-01,BA,art,3,296.65,15.7,4.0
2018-07-01,BA,auto,19,7441.37,11.9,4.21
2018-07-01,BA,baby,14,3065.46,12.9,4.71
2018-07-01,BA,bed_bath_table,13,2825.53,16.5,3.67
2018-07-01,BA,books_general_interest,1,93.54,15.0,5.0
2018-07-01,BA,computers,1,682.98,8.0,5.0
2018-07-01,BA,computers_accessories,12,1890.74,13.7,4.67
2018-07-01,BA,consoles_games,1,58.38,30.0,3.0
2018-07-01,BA,construction_tools_construction,6,933.16,12.0,4.0
2018-07-01,BA,construction_tools_lights,1,141.97,8.0,5.0
2018-07-01,BA,construction_tools_safety,3,229.05,9.0,3.33
2018-07-01,BA,cool_stuff,4,819.04,12.3,5.0
2018-07-01,BA,costruction_tools_garden,1,69.13,15.0,4.0
2018-07-01,BA,drinks,1,161.37,7.0,5.0
2018-07-01,BA,electronics,2,274.52,14.0,5.0
2018-07-01,BA,fashion_bags_accessories,4,971.73,11.3,4.75
2018-07-01,BA,fashion_male_clothing,1,76.42,15.0,5.0
2018-07-01,BA,food,3,213.66,12.3,5.0
2018-07-01,BA,food_drink,2,164.36,7.5,3.5
2018-07-01,BA,furniture_decor,10,2061.45,16.8,4.46
2018-07-01,BA,furniture_living_room,2,277.63,17.0,5.0
2018-07-01,BA,garden_tools,9,2488.61,11.7,3.89
2018-07-01,BA,health_beauty,30,5449.88,14.6,4.0
2018-07-01,BA,home_appliances,1,198.16,19.0,3.0
2018-07-01,BA,home_appliances_2,1,72.58,14.0,5.0
2018-07-01,BA,home_confort,1,278.66,14.0,2.0
2018-07-01,BA,home_construction,1,115.82,10.0,4.0
2018-07-01,BA,housewares,7,1294.59,10.5,3.5
2018-07-01,BA,luggage_accessories,1,193.06,10.0,5.0
2018-07-01,BA,musical_instruments,1,46.35,37.0,2.0
2018-07-01,BA,office_furniture,2,353.26,17.0,3.5
2018-07-01,BA,perfumery,8,893.98,11.5,4.75
2018-07-01,BA,pet_shop,7,972.79,10.0,4.5
2018-07-01,BA,portable_kitchen_and_food_preparation_equipment,1,44.82,13.0,3.0
2018-07-01,BA,signaling_and_security,1,258.56,13.0,5.0
2018-07-01,BA,small_appliances,1,88.54,8.0,5.0
2018-07-01,BA,small_appliances_home_oven_and_coffee,2,917.82,17.0,4.5
2018-07-01,BA,sports_leisure,13,2546.56,11.6,3.88
2018-07-01,BA,stationery,7,604.4,13.9,4.57
2018-07-01,BA,telephony,13,2408.46,15.1,3.77
2018-07-01,BA,toys,9,1037.43,13.6,4.89
2018-07-01,BA,watches_gifts,24,6268.22,13.8,4.21
2018-07-01,CE,audio,1,257.44,15.0,5.0
2018-07-01,CE,auto,2,421.12,12.0,5.0
2018-07-01,CE,baby,1,45.6,7.0,5.0
2018-07-01,CE,bed_bath_table,2,154.1,14.0,4.5
2018-07-01,CE,computers_accessories,7,1381.51,10.9,4.71
2018-07-01,CE,construction_tools_construction,2,518.79,11.5,4.0
2018-07-01,CE,cool_stuff,3,540.74,8.3,3.67
2018-07-01,CE,electronics,2,181.22,8.5,3.0
2018-07-01,CE,fashion_bags_accessories,1,62.08,10.0,5.0
2018-07-01,CE,food,1,138.99,9.0,5.0
2018-07-01,CE,food_drink,1,85.5,12.0,5.0
2018-07-01,CE,furniture_decor,7,1544.3,10.8,4.25
2018-07-01,CE,furniture_living_room,1,122.01,11.0,5.0
2018-07-01,CE,health_beauty,14,4354.99,11.2,4.5
2018-07-01,CE,home_appliances,1,72.16,12.0,4.0
2018-07-01,CE,home_appliances_2,1,905.03,18.0,4.0
2018-07-01,CE,home_confort,1,122.67,13.0,4.0
2018-07-01,CE,home_construction,2,371.95,15.0,3.5
2018-07-01,CE,housewares,2,356.84,12.5,5.0
2018-07-01,CE,musical_instruments,2,161.91,12.0,4.0
2018-07-01,CE,perfumery,4,710.34,11.8,4.6
2018-07-01,CE,sports_leisure,7,1457.48,19.8,3.5
2018-07-01,CE,stationery,4,395.05,14.4,4.2
2018-07-01,CE,telephony,3,141.08,11.7,3.67
2018-07-01,CE,watches_gifts,12,2079.91,14.2,4.33
2018-07-01,DF,(unknown),1,35.83,19.0,2.0
2018-07-01,DF,art,1,123.49,13.0,5.0
2018-07-01,DF,arts_and_craftmanship,1,151.7,21.0,1.0
2018-07-01,DF,audio,1,133.57,11.0,5.0
2018-07-01,DF,auto,8,2692.76,7.4,4.13
2018-07-01,DF,baby,5,415.36,21.8,3.6
2018-07-01,DF,bed_bath_table,12,1357.18,7.9,4.53
2018-07-01,DF,books_general_interest,1,34.13,8.0,5.0
2018-07-01,DF,books_technical,1,298.18,20.0,5.0
2018-07-01,DF,computers_accessories,8,1225.41,11.7,4.0
2018-07-01,DF,consoles_games,1,88.58,6.0,5.0
2018-07-01,DF,construction_tools_construction,2,132.67,6.5,4.5
2018-07-01,DF,construction_tools_lights,2,361.19,6.5,4.5
2018-07-01,DF,cool_stuff,3,541.61,7.3,4.33
2018-07-01,DF,costruction_tools_garden,1,112.42,8.0,5.0
2018-07-01,DF,electronics,4,134.94,3.8,3.75
2018-07-01,DF,fashion_bags_accessories,2,149.93,6.5,5.0
2018-07-01,DF,fixed_telephony,1,52.42,5.0,5.0
2018-07-01,DF,food,1,88.63,7.0,5.0
2018-07-01,DF,furniture_decor,5,645.92,8.6,4.2
2018-07-01,DF,garden_tools,2,323.71,7.5,4.5
2018-07-01,DF,health_beauty,17,1884.32,14.1,4.11
2018-07-01,DF,home_appliances,2,116.31,5.0,3.0
2018-07-01,DF,home_appliances_2,1,858.65,10.0,5.0
2018-07-01,DF,home_construction,1,178.03,4.0,5.0
2018-07-01,DF,housewares,19,2645.94,7.7,4.68
2018-07-01,DF,kitchen_dining_laundry_garden_furniture,2,904.1,8.0,4.0
2018-07-01,DF,luggage_accessories,1,168.95,7.0,5.0
2018-07-01,DF,market_place,1,65.04,7.0,5.0
2018-07-01,DF,musical_instruments,2,1720.36,9.0,2.5
2018-07-01,DF,office_furniture,2,407.34,10.0,4.5
2018-07-01,DF,perfumery,7,978.15,6.7,4.67
2018-07-01,DF,pet_shop,4,1081.93,8.4,4.86
2018-07-01,DF,small_appliances,3,323.16,8.7,4.67
2018-07-01,DF,sports_leisure,14,1915.3,7.6,4.71
2018-07-01,DF,stationery,1,30.68,7.0,5.0
2018-07-01,DF,telephony,5,395.26,10.6,4.2
2018-07-01,DF,toys,3,340.31,6.5,2.75
2018-07-01,DF,watches_gifts,17,4182.34,8.8,4.47
2018-07-01,ES,auto,10,1034.42,10.5,4.27
2018-07-01,ES,baby,4,425.73,10.5,4.0
2018-07-01,ES,bed_bath_table,7,825.29,12.3,4.29
2018-07-01,ES,books_general_interest,2,743.03,10.0,4.5
2018-07-01,ES,books_technical,1,126.02,9.0,5.0
2018-07-01,ES,cine_photo,1,110.66,7.0,5.0
2018-07-01,ES,computers,1,6922.21,21.0,
2018-07-01,ES,computers_accessories,9,784.84,12.6,3.78
2018-07-01,ES,consoles_games,1,71.35,9.0,5.0
2018-07-01,ES,construction_tools_construction,3,614.92,9.3,5.0
2018-07-01,ES,cool_stuff,1,209.38,12.0,5.0
2018-07-01,ES,costruction_tools_tools,2,305.07,19.5,5.0
2018-07-01,ES,electronics,5,682.41,14.2,4.6
2018-07-01,ES,fashion_bags_accessories,1,112.25,8.0,5.0
2018-07-01,ES,fixed_telephony,1,7274.88,11.0,1.0
2018-07-01,ES,flowers,1,36.22,8.0,5.0
2018-07-01,ES,food,1,37.54,14.0,5.0
2018-07-01,ES,furniture_decor,4,866.87,11.3,4.11
2018-07-01,ES,furniture_living_room,1,105.32,8.0,5.0
2018-07-01,ES,garden_tools,2,750.4,9.0,5.0
2018-07-01,ES,health_beauty,11,1746.92,15.5,4.08
2018-07-01,ES,home_appliances,2,79.0,12.0,3.5
2018-07-01,ES,home_construction,4,519.73,15.0,5.0
2018-07-01,ES,housewares,10,1703.14,8.9,4.0
2018-07-01,ES,musical_instruments,2,328.01,14.0,4.5
2018-07-01,ES,perfumery,2,177.08,9.5,4.0
2018-07-01,ES,pet_shop,1,73.05,12.0,4.0
2018-07-01,ES,sports_leisure,6,697.52,12.2,4.83
2018-07-01,ES,stationery,4,916.52,11.8,4.5
2018-07-01,ES,telephony,8,1608.94,12.4,4.5
2018-07-01,ES,toys,4,479.23,10.5,5.0
2018-07-01,ES,watches_gifts,10,3151.51,13.1,3.56
2018-07-01,GO,(unknown),1,153.83,11.0,1.0
2018-07-01,GO,agro_industry_and_commerce,1,405.69,20.0,4.0
2018-07-01,GO,art,1,123.49,14.0,5.0
2018-07-01,GO,auto,4,355.41,9.6,4.4
2018-07-01,GO,baby,6,991.08,12.7,4.0
2018-07-01,GO,bed_bath_table,7,2472.58,9.9,4.67
2018-07-01,GO,books_general_interest,1,48.3,7.0,5.0
2018-07-01,GO,cine_photo,1,127.41,5.0,5.0
2018-07-01,GO,computers_accessories,4,683.69,11.8,4.75
2018-07-01,GO,consoles_games,1,31.96,9.0,5.0
2018-07-01,GO,construction_tools_construction,1,68.45,13.0,3.0
2018-07-01,GO,cool_stuff,3,859.6,12.0,5.0
2018-07-01,GO,costruction_tools_tools,1,2267.28,9.0,4.0
2018-07-01,GO,electronics,1,25.13,12.0,5.0
2018-07-01,GO,fashion_bags_accessories,2,128.82,9.0,4.0
2018-07-01,GO,fashion_underwear_beach,1,68.35,23.0,5.0
2018-07-01,GO,food,2,132.25,16.5,2.5
2018-07-01,GO,furniture_bedroom,1,218.62,14.0,5.0
2018-07-01,GO,furniture_decor,4,628.14,12.3,3.5
2018-07-01,GO,garden_tools,2,365.75,9.5,4.5
2018-07-01,GO,health_beauty,15,2973.34,14.7,3.67
2018-07-01,GO,home_comfort_2,1,32.22,11.0,4.0
2018-07-01,GO,home_construction,2,381.31,8.0,5.0
2018-07-01,GO,housewares,9,2958.13,13.0,4.1
2018-07-01,GO,perfumery,7,1011.81,10.0,4.78
2018-07-01,GO,pet_shop,2,342.69,19.0,4.33
2018-07-01,GO,signaling_and_security,2,295.57,10.3,5.0
2018-07-01,GO,small_appliances,1,402.16,60.0,3.0
2018-07-01,GO,sports_leisure,7,982.65,9.6,4.33
2018-07-01,GO,stationery,3,579.7,10.7,3.0
2018-07-01,GO,telephony,7,1578.61,9.9,4.63
2018-07-01,GO,toys,2,266.89,6.5,4.5
2018-07-01,GO,watches_gifts,12,2657.5,13.8,3.92
2018-07-01,MA,auto,1,573.74,12.0,5.0
2018-07-01,MA,baby,1,91.45,17.0,5.0
2018-07-01,MA,bed_bath_table,1,105.3,9.0,5.0
2018-07-01,MA,computers_accessories,5,483.9,17.2,2.4
2018-07-01,MA,fashion_bags_accessories,1,324.72,19.0,5.0
2018-07-01,MA,garden_tools,1,120.31,18.0,5.0
2018-07-01,MA,health_beauty,5,786.28,17.0,4.2
2018-07-01,MA,housewares,1,408.09,14.0,5.0
2018-07-01,MA,office_furniture,1,315.75,31.0,1.0
2018-07-01,MA,perfumery,1,288.27,23.0,5.0
2018-07-01,MA,pet_shop,2,294.3,11.5,5.0
2018-07-01,MA,sports_leisure,6,1156.3,15.4,4.43
2018-07-01,MA,stationery,2,221.62,21.5,3.0
2018-07-01,MA,telephony,5,821.15,17.4,4.2
2018-07-01,MA,watches_gifts,6,1755.58,21.7,3.0
2018-07-01,MG,(unknown),2,171.05,7.5,4.0
2018-07-01,MG,agro_industry_and_commerce,3,1662.58,7.0,3.33
2018-07-01,MG,air_conditioning,1,164.84,3.0,5.0
2018-07-01,MG,art,3,307.48,8.0,5.0
2018-07-01,MG,arts_and_craftmanship,1,77.5,6.0,5.0
2018-07-01,MG,audio,1,621.28,7.0,5.0
2018-07-01,MG,auto,37,5649.6,7.4,4.49
2018-07-01,MG,baby,21,2435.62,8.0,4.27
2018-07-01,MG,bed_bath_table,46,7220.28,7.9,3.82
2018-07-01,MG,books_general_interest,4,717.16,8.3,4.75
2018-07-01,MG,books_technical,2,185.97,7.0,5.0
2018-07-01,MG,computers_accessories,47,4269.14,10.2,4.19
2018-07-01,MG,consoles_games,8,681.23,7.3,4.75
2018-07-01,MG,construction_tools_construction,16,2880.96,8.2,4.13
2018-07-01,MG,construction_tools_lights,5,1348.8,12.0,4.4
2018-07-01,MG,construction_tools_safety,4,707.07,9.5,4.0
2018-07-01,MG,cool_stuff,5,377.93,6.4,4.6
2018-07-01,MG,costruction_tools_tools,3,786.94,9.3,5.0
2018-07-01,MG,drinks,1,94.72,3.0,5.0
2018-07-01,MG,electronics,15,1340.32,7.9,4.0
2018-07-01,MG,fashion_bags_accessories,6,452.38,6.2,4.83
2018-07-01,MG,fashion_male_clothing,1,63.12,7.0,5.0
2018-07-01,MG,fashion_shoes,1,219.44,19.0,5.0
2018-07-01,MG,fixed_telephony,1,132.6,14.0,5.0
2018-07-01,MG,food,5,369.84,7.2,4.2
2018-07-01,MG,food_drink,1,108.68,13.0,3.0
2018-07-01,MG,furniture_bedroom,1,256.77,6.0,4.0
2018-07-01,MG,furniture_decor,35,6507.2,9.1,4.4
2018-07-01,MG,furniture_living_room,2,192.32,5.0,4.5
2018-07-01,MG,garden_tools,20,3692.09,8.8,4.83
2018-07-01,MG,health_beauty,82,20730.0,8.9,4.13
2018-07-01,MG,home_appliances,6,687.58,6.8,4.33
2018-07-01,MG,home_appliances_2,2,508.93,4.5,3.5
2018-07-01,MG,home_confort,4,405.0,9.0,5.0
2018-07-01,MG,home_construction,5,696.02,13.4,5.0
2018-07-01,MG,housewares,48,8493.87,8.5,4.21
2018-07-01,MG,industry_commerce_and_business,1,75.99,4.0,1.0
2018-07-01,MG,kitchen_dining_laundry_garden_furniture,1,51.15,2.0,5.0
2018-07-01,MG,luggage_accessories,12,1632.25,6.4,4.83
2018-07-01,MG,market_place,1,83.36,12.0,4.0
2018-07-01,MG,musical_instruments,1,81.46,7.0,5.0
2018-07-01,MG,office_furniture,3,753.0,14.0,4.0
2018-07-01,MG,perfumery,16,1869.96,5.9,4.67
2018-07-01,MG,pet_shop,13,2410.37,7.2,4.76
2018-07-01,MG,portable_kitchen_and_food_preparation_equipment,1,53.24,10.0,2.0
2018-07-01,MG,signaling_and_security,4,414.89,13.0,4.5
2018-07-01,MG,small_appliances,1,111.55,8.0,5.0
2018-07-01,MG,small_appliances_home_oven_and_coffee,3,326.05,6.3,5.0
2018-07-01,MG,sports_leisure,41,10071.67,7.1,4.77
2018-07-01,MG,stationery,13,1470.12,6.8,4.2
2018-07-01,MG,telephony,12,1128.83,7.4,4.15
2018-07-01,MG,toys,21,2901.27,7.8,4.14
2018-07-01,MG,watches_gifts,61,10744.92,9.0,3.81
2018-07-01,MS,(unknown),1,113.77,6.0,5.0
2018-07-01,MS,auto,3,301.94,15.0,4.0
2018-07-01,MS,baby,2,232.21,12.5,3.0
2018-07-01,MS,bed_bath_table,2,206.38,10.5,4.5
2018-07-01,MS,computers_accessories,3,512.25,9.0,5.0
2018-07-01,MS,construction_tools_construction,1,21.33,10.0,4.0
2018-07-01,MS,construction_tools_lights,2,306.53,8.0,4.0
2018-07-01,MS,cool_stuff,2,1152.92,8.0,5.0
2018-07-01,MS,costruction_tools_garden,1,73.76,11.0,1.0
2018-07-01,MS,electronics,1,219.2,11.0,5.0
2018-07-01,MS,fashion_bags_accessories,1,67.44,14.0,5.0
2018-07-01,MS,food,1,149.0,13.0,5.0
2018-07-01,MS,furniture_decor,1,312.92,12.0,5.0
2018-07-01,MS,garden_tools,1,121.08,7.0,5.0
2018-07-01,MS,health_beauty,4,1429.15,14.0,4.0
2018-07-01,MS,home_appliances,1,72.03,10.0,5.0
2018-07-01,MS,home_construction,2,342.79,24.7,2.67
2018-07-01,MS,housewares,4,683.42,10.8,4.5
2018-07-01,MS,luggage_accessories,1,110.0,8.0,5.0
2018-07-01,MS,perfumery,3,252.16,12.3,5.0
2018-07-01,MS,pet_shop,1,95.64,13.0,5.0
2018-07-01,MS,small_appliances,1,111.55,10.0,5.0
2018-07-01,MS,sports_leisure,5,523.25,10.7,4.67
2018-07-01,MS,stationery,1,160.81,7.0,5.0
2018-07-01,MS,toys,1,62.98,8.0,4.0
2018-07-01,MS,watches_gifts,4,660.83,15.8,3.6
2018-07-01,MT,air_conditioning,1,349.99,20.0,5.0
2018-07-01,MT,audio,1,36.96,9.0,2.0
2018-07-01,MT,auto,1,218.51,15.0,5.0
2018-07-01,MT,baby,1,42.06,7.0,5.0
2018-07-01,MT,bed_bath_table,4,835.42,9.0,4.43
2018-07-01,MT,cine_photo,1,723.0,11.0,5.0
2018-07-01,MT,computers_accessories,2,533.26,10.0,5.0
2018-07-01,MT,consoles_games,1,68.15,10.0,5.0
2018-07-01,MT,construction_tools_construction,1,332.96,20.0,5.0
2018-07-01,MT,cool_stuff,1,294.97,15.0,4.0
2018-07-01,MT,fashion_bags_accessories,1,72.18,15.0,5.0
2018-07-01,MT,fashion_shoes,1,249.2,17.0,5.0
2018-07-01,MT,furniture_decor,2,179.98,9.7,3.67
2018-07-01,MT,health_beauty,6,742.24,15.2,4.83
2018-07-01,MT,home_appliances,1,142.77,12.0,5.0
2018-07-01,MT,home_confort,1,381.59,13.0,5.0
2018-07-01,MT,home_construction,1,268.45,14.0,5.0
2018-07-01,MT,housewares,4,608.12,10.2,5.0
2018-07-01,MT,musical_instruments,1,1927.38,13.0,5.0
2018-07-01,MT,office_furniture,1,304.59,19.0,5.0
2018-07-01,MT,perfumery,1,132.48,8.0,2.0
2018-07-01,MT,pet_shop,2,915.12,10.5,4.5
2018-07-01,MT,sports_leisure,2,147.79,12.5,5.0
2018-07-01,MT,stationery,2,226.14,10.7,5.0
2018-07-01,MT,telephony,4,1593.87,17.4,2.0
2018-07-01,MT,toys,2,249.42,11.5,5.0
2018-07-01,MT,watches_gifts,2,1069.06,10.3,3.67
2018-07-01,PA,agro_industry_and_commerce,1,821.93,11.0,4.0
2018-07-01,PA,art,1,142.97,22.0,3.0
2018-07-01,PA,auto,3,918.53,10.8,3.0
2018-07-01,PA,baby,3,253.05,13.3,4.67
2018-07-01,PA,books_imported,1,168.72,7.0,5.0
2018-07-01,PA,computers_accessories,7,1347.81,15.1,4.71
2018-07-01,PA,consoles_games,1,111.13,20.0,5.0
2018-07-01,PA,construction_tools_lights,1,48.11,11.0,5.0
2018-07-01,PA,cool_stuff,2,193.24,22.0,4.5
2018-07-01,PA,fashion_bags_accessories,1,87.16,11.0,5.0
2018-07-01,PA,furniture_decor,1,224.84,9.0,5.0
2018-07-01,PA,garden_tools,2,163.45,12.5,4.5
2018-07-01,PA,health_beauty,7,1935.14,22.9,3.29
2018-07-01,PA,home_construction,1,162.97,24.0,4.0
2018-07-01,PA,luggage_accessories,3,888.31,11.3,4.67
2018-07-01,PA,office_furniture,1,208.79,23.0,3.0
2018-07-01,PA,perfumery,2,93.16,9.5,3.0
2018-07-01,PA,pet_shop,1,70.52,15.0,5.0
2018-07-01,PA,signaling_and_security,1,258.06,9.0,4.0
2018-07-01,PA,small_appliances,1,170.44,17.0,4.0
2018-07-01,PA,sports_leisure,4,829.35,12.5,4.75
2018-07-01,PA,stationery,2,833.06,16.0,5.0
2018-07-01,PA,telephony,1,67.11,16.0,3.0
2018-07-01,PA,watches_gifts,9,5853.79,14.3,4.56
2018-07-01,PB,auto,4,702.07,12.3,4.5
2018-07-01,PB,baby,3,1121.45,16.3,4.0
2018-07-01,PB,bed_bath_table,4,500.27,11.3,3.75
2018-07-01,PB,books_general_interest,1,52.93,18.0,4.0
2018-07-01,PB,computers_accessories,2,498.72,21.5,3.0
2018-07-01,PB,diapers_and_hygiene,1,98.05,9.0,4.0
2018-07-01,PB,electronics,1,219.57,13.0,5.0
2018-07-01,PB,food,1,66.89,9.0,5.0
2018-07-01,PB,furniture_decor,3,447.87,24.0,2.67
2018-07-01,PB,furniture_living_room,2,319.0,15.5,5.0
2018-07-01,PB,garden_tools,1,133.18,13.0,5.0
2018-07-01,PB,health_beauty,9,2825.42,15.8,3.7
2018-07-01,PB,home_construction,2,517.88,14.5,5.0
2018-07-01,PB,housewares,4,1127.63,17.5,2.63
2018-07-01,PB,industry_commerce_and_business,1,3406.47,18.0,5.0
2018-07-01,PB,musical_instruments,2,288.32,9.5,5.0
2018-07-01,PB,pet_shop,1,171.76,10.0,5.0
2018-07-01,PB,signaling_and_security,1,2844.96,14.0,5.0
2018-07-01,PB,sports_leisure,4,1075.58,13.5,4.25
2018-07-01,PB,stationery,1,192.68,13.0,4.0
2018-07-01,PB,toys,1,655.93,12.0,5.0
2018-07-01,PB,watches_gifts,2,2673.4,15.5,5.0
2018-07-01,PE,(unknown),1,177.66,14.0,5.0
2018-07-01,PE,auto,10,1716.41,10.1,5.0
2018-07-01,PE,baby,6,724.83,16.2,5.0
2018-07-01,PE,bed_bath_table,3,551.54,10.5,4.0
2018-07-01,PE,computers,2,1491.78,14.5,4.5
2018-07-01,PE,computers_accessories,7,920.61,8.9,4.71
2018-07-01,PE,construction_tools_construction,1,344.51,7.0,5.0
2018-07-01,PE,cool_stuff,5,1363.17,20.6,3.8
2018-07-01,PE,costruction_tools_garden,2,792.6,13.5,4.5
2018-07-01,PE,electronics,2,95.68,18.0,4.5
2018-07-01,PE,fashion_bags_accessories,3,419.75,12.3,5.0
2018-07-01,PE,fashion_shoes,1,283.86,14.0,5.0
2018-07-01,PE,food,1,99.46,14.0,1.0
2018-07-01,PE,furniture_decor,6,1328.79,17.5,4.0
2018-07-01,PE,garden_tools,6,1294.08,8.8,4.83
2018-07-01,PE,health_beauty,23,4595.25,14.1,4.04
2018-07-01,PE,home_confort,1,67.49,28.0,1.0
2018-07-01,PE,home_construction,1,118.73,19.0,4.0
2018-07-01,PE,housewares,7,1712.25,12.4,4.86
2018-07-01,PE,luggage_accessories,2,515.05,9.5,5.0
2018-07-01,PE,office_furniture,1,978.6,14.0,1.0
2018-07-01,PE,perfumery,3,1593.72,13.3,5.0
2018-07-01,PE,pet_shop,1,79.53,9.0,5.0
2018-07-01,PE,small_appliances,1,591.12,6.0,1.0
2018-07-01,PE,sports_leisure,6,759.98,11.0,3.86
2018-07-01,PE,stationery,4,517.18,12.8,4.75
2018-07-01,PE,telephony,8,1995.55,14.4,4.67
2018-07-01,PE,toys,2,554.87,12.0,4.5
2018-07-01,PE,watches_gifts,21,4497.18,11.7,3.45
2018-07-01,PI,(unknown),1,291.74,8.0,5.0
2018-07-01,PI,agro_industry_and_commerce,1,80.92,10.0,4.0
2018-07-01,PI,audio,1,37.75,16.0,5.0
2018-07-01,PI,auto,2,264.6,18.5,3.5
2018-07-01,PI,computers,1,861.24,16.0,5.0
2018-07-01,PI,computers_accessories,2,211.4,11.0,4.0
2018-07-01,PI,consoles_games,1,665.44,22.0,1.0
2018-07-01,PI,costruction_tools_garden,1,235.23,15.0,5.0
2018-07-01,PI,electronics,1,44.87,14.0,5.0
2018-07-01,PI,fixed_telephony,1,224.57,9.0,4.0
2018-07-01,PI,health_beauty,5,1654.09,15.2,4.8
2018-07-01,PI,home_construction,1,199.56,13.0,4.0
2018-07-01,PI,perfumery,1,189.88,19.0,
2018-07-01,PI,pet_shop,1,294.29,12.0,3.0
2018-07-01,PI,sports_leisure,1,315.82,24.0,4.0
2018-07-01,PI,stationery,2,178.5,14.0,5.0
2018-07-01,PI,telephony,3,1206.62,13.3,3.33
2018-07-01,PI,toys,2,561.29,13.5,3.0
2018-07-01,PI,watches_gifts,4,953.3,20.8,3.75
2018-07-01,PR,agro_industry_and_commerce,1,514.11,17.0,3.0
2018-07-01,PR,art,1,123.49,9.0,5.0
2018-07-01,PR,audio,1,30.13,7.0,4.0
2018-07-01,PR,auto,23,2795.2,9.1,4.22
2018-07-01,PR,baby,10,1188.43,11.2,4.33
2018-07-01,PR,bed_bath_table,15,2205.21,7.3,4.19
2018-07-01,PR,books_general_interest,1,360.04,4.0,5.0
2018-07-01,PR,books_imported,1,63.41,4.0,1.0
2018-07-01,PR,books_technical,1,117.45,8.0,5.0
2018-07-01,PR,computers_accessories,19,2067.83,9.3,4.26
2018-07-01,PR,consoles_games,3,671.4,8.0,4.33
2018-07-01,PR,construction_tools_construction,4,394.69,7.2,4.6
2018-07-01,PR,construction_tools_lights,2,689.66,7.5,4.5
2018-07-01,PR,construction_tools_safety,2,229.58,4.5,4.0
2018-07-01,PR,cool_stuff,8,1218.71,11.5,4.63
2018-07-01,PR,costruction_tools_garden,1,39.97,7.0,5.0
2018-07-01,PR,drinks,1,167.96,13.0,5.0
2018-07-01,PR,electronics,16,1179.98,8.6,4.63
2018-07-01,PR,fashion_bags_accessories,2,155.93,7.5,4.5
2018-07-01,PR,food,7,517.96,5.9,4.89
2018-07-01,PR,furniture_decor,26,3668.94,8.4,4.32
2018-07-01,PR,furniture_living_room,1,215.64,2.0,2.0
2018-07-01,PR,garden_tools,5,885.15,9.0,4.4
2018-07-01,PR,health_beauty,15,3076.38,8.8,4.63
2018-07-01,PR,home_appliances,3,270.41,7.3,4.67
2018-07-01,PR,home_appliances_2,3,968.43,14.0,4.25
2018-07-01,PR,home_construction,4,500.29,11.0,5.0
2018-07-01,PR,housewares,28,7108.91,8.9,4.34
2018-07-01,PR,kitchen_dining_laundry_garden_furniture,2,1285.36,6.0,5.0
2018-07-01,PR,luggage_accessories,2,290.63,10.5,4.5
2018-07-01,PR,music,1,87.48,9.0,5.0
2018-07-01,PR,musical_instruments,3,1603.37,10.0,5.0
2018-07-01,PR,perfumery,15,2356.1,6.0,4.7
2018-07-01,PR,pet_shop,2,269.72,9.0,4.5
2018-07-01,PR,small_appliances,3,582.72,6.3,5.0
2018-07-01,PR,sports_leisure,27,5752.04,6.3,4.81
2018-07-01,PR,stationery,7,1244.13,7.7,4.71
2018-07-01,PR,telephony,9,581.13,7.8,4.23
2018-07-01,PR,toys,9,1302.15,6.4,4.11
2018-07-01,PR,watches_gifts,34,7018.88,10.8,4.2
2018-07-01,RJ,(unknown),10,1273.57,6.8,3.92
2018-07-01,RJ,agro_industry_and_commerce,3,266.25,6.0,4.67
2018-07-01,RJ,air_conditioning,4,549.88,8.0,4.0
2018-07-01,RJ,art,3,370.47,14.0,3.0
2018-07-01,RJ,audio,4,875.27,8.5,4.75
2018-07-01,RJ,auto,23,3688.75,9.0,4.7
2018-07-01,RJ,baby,22,3408.22,13.0,4.32
2018-07-01,RJ,bed_bath_table,86,9589.73,8.2,4.47
2018-07-01,RJ,books_technical,7,537.08,8.9,2.83
2018-07-01,RJ,christmas_supplies,1,50.1,5.0,5.0
2018-07-01,RJ,computers,1,782.19,14.0,5.0
2018-07-01,RJ,computers_accessories,45,6250.44,9.3,4.04
2018-07-01,RJ,consoles_games,6,763.41,11.2,3.4
2018-07-01,RJ,construction_tools_construction,9,1930.22,7.9,4.27
2018-07-01,RJ,construction_tools_lights,2,1280.7,8.0,5.0
2018-07-01,RJ,cool_stuff,19,3311.08,9.3,4.53
2018-07-01,RJ,costruction_tools_garden,2,183.03,9.3,1.75
2018-07-01,RJ,costruction_tools_tools,1,135.76,15.0,5.0
2018-07-01,RJ,drinks,2,224.1,8.0,5.0
2018-07-01,RJ,electronics,14,1029.28,7.6,4.36
2018-07-01,RJ,fashion_bags_accessories,6,940.22,7.2,4.33
2018-07-01,RJ,fixed_telephony,1,1372.22,8.0,5.0
2018-07-01,RJ,food,4,328.09,8.0,5.0
2018-07-01,RJ,food_drink,2,274.69,7.5,5.0
2018-07-01,RJ,furniture_bedroom,1,309.8,11.0,1.0
2018-07-01,RJ,furniture_decor,50,10038.79,10.1,4.24
2018-07-01,RJ,furniture_living_room,12,2114.26,7.2,4.31
2018-07-01,RJ,garden_tools,17,5620.86,8.3,4.28
2018-07-01,RJ,health_beauty,64,8641.0,8.3,4.42
2018-07-01,RJ,home_appliances,7,740.3,12.7,4.57
2018-07-01,RJ,home_appliances_2,5,2842.88,8.8,4.83
2018-07-01,RJ,home_confort,5,527.79,8.4,4.8
2018-07-01,RJ,home_construction,5,851.75,16.1,4.43
2018-07-01,RJ,housewares,51,6873.22,8.6,4.52
2018-07-01,RJ,industry_commerce_and_business,2,385.7,8.0,2.33
2018-07-01,RJ,kitchen_dining_laundry_garden_furniture,3,556.36,9.3,5.0
2018-07-01,RJ,luggage_accessories,4,378.71,8.8,4.75
2018-07-01,RJ,market_place,1,71.39,6.0,5.0
2018-07-01,RJ,office_furniture,17,5839.51,22.5,3.83
2018-07-01,RJ,perfumery,15,1808.02,7.5,4.81
2018-07-01,RJ,pet_shop,13,1983.43,7.9,4.08
2018-07-01,RJ,small_appliances,3,1876.54,7.0,5.0
2018-07-01,RJ,small_appliances_home_oven_and_coffee,3,1770.84,8.3,5.0
2018-07-01,RJ,sports_leisure,45,6334.64,10.1,4.23
2018-07-01,RJ,stationery,16,1917.2,7.8,3.58
2018-07-01,RJ,telephony,10,2314.55,10.4,4.25
2018-07-01,RJ,toys,13,1589.01,8.0,4.46
2018-07-01,RJ,watches_gifts,67,12101.29,9.4,3.95
2018-07-01,RN,auto,4,2312.6,12.8,4.2
2018-07-01,RN,baby,1,276.1,8.0,5.0
2018-07-01,RN,bed_bath_table,1,105.82,12.0,5.0
2018-07-01,RN,books_general_interest,1,41.98,4.0,5.0
2018-07-01,RN,computers_accessories,2,234.26,10.0,4.5
2018-07-01,RN,construction_tools_construction,2,916.24,13.0,4.5
2018-07-01,RN,cool_stuff,1,210.42,7.0,3.0
2018-07-01,RN,health_beauty,4,836.46,16.8,5.0
2018-07-01,RN,housewares,1,74.08,18.0,5.0
2018-07-01,RN,industry_commerce_and_business,1,194.97,9.0,5.0
2018-07-01,RN,office_furniture,1,242.77,28.0,
2018-07-01,RN,sports_leisure,1,484.09,11.0,5.0
2018-07-01,RN,telephony,2,1315.18,18.5,5.0
2018-07-01,RN,watches_gifts,7,2434.76,11.0,3.57
2018-07-01,RO,(unknown),1,189.45,13.0,5.0
2018-07-01,RO,auto,1,90.49,15.0,5.0
2018-07-01,RO,baby,2,297.16,8.5,5.0
2018-07-01,RO,construction_tools_construction,1,777.87,10.0,5.0
2018-07-01,RO,fashion_shoes,1,227.75,13.0,5.0
2018-07-01,RO,food,1,126.45,9.0,5.0
2018-07-01,RO,health_beauty,4,2899.04,16.8,3.0
2018-07-01,RO,home_appliances,1,140.53,9.0,5.0
2018-07-01,RO,housewares,1,187.89,9.0,5.0
2018-07-01,RO,telephony,1,44.86,10.0,5.0
2018-07-01,RO,toys,1,109.8,13.0,3.0
2018-07-01,RO,watches_gifts,1,158.09,27.0,5.0
2018-07-01,RR,auto,1,257.21,33.0,5.0
2018-07-01,RR,bed_bath_table,1,707.72,30.0,5.0
2018-07-01,RR,computers_accessories,1,435.21,11.0,5.0
2018-07-01,RR,furniture_decor,1,102.63,11.0,5.0
2018-07-01,RR,sports_leisure,1,457.82,9.0,5.0
2018-07-01,RS,(unknown),1,75.43,13.0,1.0
2018-07-01,RS,agro_industry_and_commerce,2,975.56,7.5,4.0
2018-07-01,RS,air_conditioning,1,146.35,12.0,5.0
2018-07-01,RS,audio,1,75.4,11.0,5.0
2018-07-01,RS,auto,18,1755.47,9.2,4.67
2018-07-01,RS,baby,12,1661.86,9.5,4.31
2018-07-01,RS,bed_bath_table,29,3706.6,9.1,4.33
2018-07-01,RS,books_technical,2,261.59,10.0,5.0
2018-07-01,RS,computers_accessories,21,3233.13,14.0,4.19
2018-07-01,RS,consoles_games,4,1540.29,10.3,4.5
2018-07-01,RS,construction_tools_construction,2,178.36,10.5,3.5
2018-07-01,RS,construction_tools_lights,3,330.11,11.0,4.6
2018-07-01,RS,cool_stuff,5,491.85,5.6,4.8
2018-07-01,RS,drinks,1,65.92,12.0,4.0
2018-07-01,RS,electronics,10,1800.79,7.0,3.58
2018-07-01,RS,fashion_bags_accessories,4,528.6,9.5,5.0
2018-07-01,RS,flowers,1,47.14,12.0,5.0
2018-07-01,RS,food,3,298.8,13.5,2.0
2018-07-01,RS,furniture_decor,21,3314.22,10.7,4.41
2018-07-01,RS,furniture_living_room,3,800.31,9.3,4.67
2018-07-01,RS,garden_tools,6,1573.79,12.0,4.88
2018-07-01,RS,health_beauty,34,4693.18,11.6,4.46
2018-07-01,RS,home_appliances,7,441.43,10.6,5.0
2018-07-01,RS,home_appliances_2,3,3163.42,7.7,2.67
2018-07-01,RS,home_construction,3,405.54,11.3,4.67
2018-07-01,RS,housewares,31,5637.83,9.8,3.89
2018-07-01,RS,kitchen_dining_laundry_garden_furniture,1,196.45,9.0,5.0
2018-07-01,RS,luggage_accessories,6,624.77,11.2,4.17
2018-07-01,RS,musical_instruments,2,222.17,11.0,4.0
2018-07-01,RS,office_furniture,1,178.9,21.0,5.0
2018-07-01,RS,perfumery,7,1289.19,9.3,4.43
2018-07-01,RS,pet_shop,7,1035.97,12.4,4.88
2018-07-01,RS,signaling_and_security,2,192.69,6.7,4.67
2018-07-01,RS,small_appliances,2,286.85,3.7,4.33
2018-07-01,RS,sports_leisure,11,1417.51,8.2,4.08
2018-07-01,RS,stationery,7,779.53,10.9,4.75
2018-07-01,RS,telephony,16,1799.2,10.3,3.26
2018-07-01,RS,toys,7,1320.44,8.7,4.71
2018-07-01,RS,watches_gifts,15,1879.16,10.2,4.25
2018-07-01,SC,(unknown),4,454.46,9.8,3.75
2018-07-01,SC,agro_industry_and_commerce,1,458.36,12.0,4.0
2018-07-01,SC,auto,9,1365.83,7.5,4.5
2018-07-01,SC,baby,6,678.86,7.8,5.0
2018-07-01,SC,bed_bath_table,11,1189.73,7.9,4.64
2018-07-01,SC,books_technical,1,156.64,2.0,5.0
2018-07-01,SC,christmas_supplies,1,115.81,6.0,5.0
2018-07-01,SC,computers,1,627.86,8.0,4.0
2018-07-01,SC,computers_accessories,14,1465.98,10.2,4.25
2018-07-01,SC,consoles_games,1,622.28,6.0,5.0
2018-07-01,SC,construction_tools_construction,4,306.73,6.8,5.0
2018-07-01,SC,construction_tools_lights,3,574.32,14.6,5.0
2018-07-01,SC,construction_tools_safety,2,594.3,7.5,5.0
2018-07-01,SC,cool_stuff,4,4121.68,9.5,4.0
2018-07-01,SC,costruction_tools_garden,1,34.63,7.0,5.0
2018-07-01,SC,drinks,1,67.94,13.0,4.0
2018-07-01,SC,electronics,6,310.68,8.5,4.5
2018-07-01,SC,fashion_bags_accessories,2,151.8,8.0,5.0
2018-07-01,SC,food,1,46.2,9.0,3.0
2018-07-01,SC,food_drink,1,32.51,6.0,5.0
2018-07-01,SC,furniture_decor,17,3099.98,8.3,4.4
2018-07-01,SC,garden_tools,6,1606.82,6.2,4.33
2018-07-01,SC,health_beauty,21,3303.61,11.9,4.38
2018-07-01,SC,home_appliances,3,393.86,10.0,5.0
2018-07-01,SC,home_construction,1,99.65,14.0,4.0
2018-07-01,SC,housewares,11,2353.16,7.2,4.63
2018-07-01,SC,luggage_accessories,2,162.42,19.0,2.0
2018-07-01,SC,market_place,1,57.55,5.0,5.0
2018-07-01,SC,musical_instruments,1,318.93,6.0,5.0
2018-07-01,SC,office_furniture,1,197.45,28.0,5.0
2018-07-01,SC,perfumery,1,730.08,9.0,5.0
2018-07-01,SC,pet_shop,4,478.48,7.0,3.75
2018-07-01,SC,signaling_and_security,1,99.65,19.0,4.0
2018-07-01,SC,small_appliances,3,2690.32,11.0,4.0
2018-07-01,SC,sports_leisure,20,3174.15,9.0,4.29
2018-07-01,SC,stationery,8,1767.62,13.0,4.22
2018-07-01,SC,telephony,5,290.77,9.6,3.6
2018-07-01,SC,toys,5,618.06,9.0,4.67
2018-07-01,SC,watches_gifts,10,2018.23,8.2,4.5
2018-07-01,SE,auto,3,714.22,16.0,4.33
2018-07-01,SE,bed_bath_table,1,200.76,11.0,1.0
2018-07-01,SE,computers_accessories,1,152.62,10.0,5.0
2018-07-01,SE,construction_tools_construction,1,847.38,8.0,4.0
2018-07-01,SE,cool_stuff,1,399.59,9.0,4.0
2018-07-01,SE,electronics,1,72.87,11.0,4.0
2018-07-01,SE,fashion_bags_accessories,1,72.97,14.0,5.0
2018-07-01,SE,furniture_living_room,1,114.67,30.0,5.0
2018-07-01,SE,health_beauty,2,499.15,22.5,3.5
2018-07-01,SE,home_appliances_2,1,182.85,13.0,5.0
2018-07-01,SE,housewares,2,506.8,12.5,4.5
2018-07-01,SE,industry_commerce_and_business,2,260.64,13.5,5.0
2018-07-01,SE,office_furniture,1,222.62,28.0,4.0
2018-07-01,SE,sports_leisure,3,400.46,10.0,4.33
2018-07-01,SE,telephony,2,505.55,15.5,3.5
2018-07-01,SE,watches_gifts,3,357.88,12.0,5.0
2018-07-01,SP,(unknown),17,2099.34,5.2,4.47
2018-07-01,SP,agro_industry_and_commerce,13,2334.93,5.7,4.64
2018-07-01,SP,air_conditioning,7,1282.5,6.3,3.63
2018-07-01,SP,art,8,777.69,8.9,3.25
2018-07-01,SP,arts_and_craftmanship,8,575.4,4.0,3.78
2018-07-01,SP,audio,10,341.2,5.1,4.27
2018-07-01,SP,auto,131,13093.07,6.1,4.37
2018-07-01,SP,baby,84,9345.44,6.4,4.38
2018-07-01,SP,bed_bath_table,262,32964.71,6.5,4.24
2018-07-01,SP,books_general_interest,13,2405.05,7.4,4.15
2018-07-01,SP,books_imported,3,231.91,14.0,4.0
2018-07-01,SP,books_technical,11,778.26,4.4,4.27
2018-07-01,SP,christmas_supplies,6,495.75,8.2,4.17
2018-07-01,SP,cine_photo,4,353.83,5.4,4.2
2018-07-01,SP,computers,1,579.22,3.0,2.0
2018-07-01,SP,computers_accessories,157,20051.71,7.6,4.39
2018-07-01,SP,consoles_games,18,3362.83,5.7,4.22
2018-07-01,SP,construction_tools_construction,42,6390.71,5.9,4.37
2018-07-01,SP,construction_tools_lights,19,3804.59,5.5,4.79
2018-07-01,SP,construction_tools_safety,4,382.9,4.8,5.0
2018-07-01,SP,cool_stuff,46,8299.65,6.4,4.23
2018-07-01,SP,costruction_tools_garden,9,979.32,8.0,4.9
2018-07-01,SP,costruction_tools_tools,3,2284.4,6.0,5.0
2018-07-01,SP,diapers_and_hygiene,2,99.84,7.5,4.0
2018-07-01,SP,drinks,9,756.47,6.7,4.89
2018-07-01,SP,dvds_blu_ray,1,96.88,16.0,2.0
2018-07-01,SP,electronics,60,4073.57,5.5,4.22
2018-07-01,SP,fashion_bags_accessories,36,2573.91,4.4,4.42
2018-07-01,SP,fashion_male_clothing,3,156.14,6.0,5.0
2018-07-01,SP,fashion_shoes,1,114.91,17.0,4.0
2018-07-01,SP,fashion_underwear_beach,1,72.98,29.0,1.0
2018-07-01,SP,fixed_telephony,3,601.49,10.0,4.33
2018-07-01,SP,food,27,1787.66,4.3,4.41
2018-07-01,SP,food_drink,7,455.82,5.0,5.0
2018-07-01,SP,furniture_bedroom,4,1053.58,9.5,4.33
2018-07-01,SP,furniture_decor,145,20990.22,6.2,4.45
2018-07-01,SP,furniture_living_room,23,4370.03,9.5,4.12
2018-07-01,SP,furniture_mattress_and_upholstery,1,141.83,9.0,3.0
2018-07-01,SP,garden_tools,71,11189.74,7.2,3.98
2018-07-01,SP,health_beauty,313,41128.83,7.6,4.32
2018-07-01,SP,home_appliances,43,3323.09,5.9,4.37
2018-07-01,SP,home_appliances_2,5,4428.56,8.0,4.0
2018-07-01,SP,home_comfort_2,1,53.22,10.0,3.0
2018-07-01,SP,home_confort,10,1684.3,7.1,4.2
2018-07-01,SP,home_construction,20,2482.12,9.5,4.1
2018-07-01,SP,housewares,219,32013.42,6.3,4.13
2018-07-01,SP,industry_commerce_and_business,5,1141.5,3.6,4.6
2018-07-01,SP,kitchen_dining_laundry_garden_furniture,11,1534.26,6.9,4.92
2018-07-01,SP,luggage_accessories,19,2228.94,5.0,4.1
2018-07-01,SP,music,2,805.8,6.5,5.0
2018-07-01,SP,musical_instruments,15,2611.21,8.0,4.69
2018-07-01,SP,office_furniture,30,6730.15,18.7,3.67
2018-07-01,SP,party_supplies,2,84.36,6.5,4.5
2018-07-01,SP,pc_gamer,1,457.38,3.0,5.0
2018-07-01,SP,perfumery,74,9384.21,5.5,4.66
2018-07-01,SP,pet_shop,75,12649.73,7.4,4.37
2018-07-01,SP,portable_kitchen_and_food_preparation_equipment,5,178.02,5.8,2.67
2018-07-01,SP,signaling_and_security,7,1771.81,5.3,3.25
2018-07-01,SP,small_appliances,15,1946.66,4.7,4.5
2018-07-01,SP,small_appliances_home_oven_and_coffee,6,2156.65,5.6,4.86
2018-07-01,SP,sports_leisure,179,22901.46,5.8,4.13
2018-07-01,SP,stationery,81,9005.9,6.4,4.49
2018-07-01,SP,telephony,85,10570.59,6.5,4.13
2018-07-01,SP,toys,65,8269.0,5.4,4.31
2018-07-01,SP,watches_gifts,179,31581.2,6.1,4.03
2018-07-01,TO,auto,1,273.88,14.0,5.0
2018-07-01,TO,baby,1,107.3,10.0,5.0
2018-07-01,TO,bed_bath_table,2,216.85,11.0,5.0
2018-07-01,TO,computers_accessories,1,166.81,11.0,5.0
2018-07-01,TO,electronics,1,59.06,20.0,5.0
2018-07-01,TO,furniture_decor,1,43.98,6.0,4.0
2018-07-01,TO,health_beauty,6,1782.02,17.7,4.17
2018-07-01,TO,home_construction,1,118.73,23.0,5.0
2018-07-01,TO,housewares,2,332.44,8.5,3.5
2018-07-01,TO,industry_commerce_and_business,1,128.63,8.0,5.0
2018-07-01,TO,sports_leisure,1,254.06,13.0,5.0
2018-07-01,TO,telephony,2,127.18,19.0,4.5
2018-07-01,TO,watches_gifts,2,184.15,13.0,4.5
2018-08-01,AC,fashion_shoes,1,289.39,7.0,5.0
2018-08-01,AC,health_beauty,2,315.13,17.0,5.0
2018-08-01,AL,auto,2,276.87,10.0,3.0
2018-08-01,AL,books_general_interest,1,162.87,13.0,1.0
2018-08-01,AL,computers_accessories,2,611.26,9.5,5.0
2018-08-01,AL,cool_stuff,1,122.23,12.0,5.0
2018-08-01,AL,fashion_bags_accessories,1,87.07,21.0,5.0
2018-08-01,AL,food,1,215.58,11.0,5.0
2018-08-01,AL,health_beauty,3,524.5,15.7,4.67
2018-08-01,AL,musical_instruments,1,420.29,12.0,5.0
2018-08-01,AL,sports_leisure,1,102.53,18.0,5.0
2018-08-01,AL,stationery,1,48.79,10.0,5.0
2018-08-01,AL,telephony,1,187.38,22.0,4.0
2018-08-01,AL,watches_gifts,1,154.34,21.0,5.0
2018-08-01,AM,home_appliances,1,159.89,25.0,4.0
2018-08-01,AM,home_construction,1,194.97,20.0,1.0
2018-08-01,AM,housewares,1,84.67,24.0,5.0
2018-08-01,AM,sports_leisure,1,72.97,9.0,5.0
2018-08-01,AP,computers_accessories,1,122.41,14.0,5.0
2018-08-01,AP,stationery,1,134.99,19.0,5.0
2018-08-01,BA,agro_industry_and_commerce,1,1134.44,15.0,2.0
2018-08-01,BA,audio,2,303.66,11.0,5.0
2018-08-01,BA,auto,8,803.02,11.8,4.13
2018-08-01,BA,baby,3,502.22,12.0,3.67
2018-08-01,BA,bed_bath_table,10,1266.73,10.0,4.64
2018-08-01,BA,books_technical,2,177.16,10.0,5.0
2018-08-01,BA,christmas_supplies,1,368.66,8.0,4.0
2018-08-01,BA,cine_photo,1,107.42,8.0,4.0
2018-08-01,BA,computers,1,692.94,9.0,5.0
2018-08-01,BA,computers_accessories,7,680.77,11.9,4.29
2018-08-01,BA,consoles_games,1,73.25,9.0,4.0
2018-08-01,BA,construction_tools_construction,2,212.26,9.5,3.5
2018-08-01,BA,construction_tools_lights,2,242.5,10.0,4.0
2018-08-01,BA,cool_stuff,4,389.76,10.3,4.5
2018-08-01,BA,costruction_tools_tools,1,282.8,8.0,5.0
2018-08-01,BA,drinks,1,160.0,7.0,4.0
2018-08-01,BA,electronics,5,645.51,9.0,4.4
2018-08-01,BA,fashion_bags_accessories,1,152.68,10.0,1.0
2018-08-01,BA,fixed_telephony,1,39.05,9.0,5.0
2018-08-01,BA,food,1,53.73,8.0,5.0
2018-08-01,BA,furniture_decor,5,1141.12,14.2,4.2
2018-08-01,BA,garden_tools,2,399.78,12.3,4.0
2018-08-01,BA,health_beauty,23,4513.98,11.6,4.44
2018-08-01,BA,home_appliances,3,195.89,10.7,4.0
2018-08-01,BA,housewares,10,1478.72,11.9,4.3
2018-08-01,BA,musical_instruments,4,1350.34,12.3,4.25
2018-08-01,BA,office_furniture,2,1062.3,16.5,5.0
2018-08-01,BA,perfumery,6,1064.27,11.0,4.33
2018-08-01,BA,pet_shop,4,688.02,12.8,3.4
2018-08-01,BA,small_appliances,2,183.93,12.0,4.5
2018-08-01,BA,sports_leisure,11,1154.29,12.5,4.64
2018-08-01,BA,stationery,6,434.35,11.2,3.83
2018-08-01,BA,telephony,14,1997.78,12.1,3.57
2018-08-01,BA,toys,1,72.27,9.0,5.0
2018-08-01,BA,watches_gifts,12,2069.99,11.0,4.92
2018-08-01,CE,audio,1,33.94,15.0,5.0
2018-08-01,CE,auto,5,892.79,13.2,4.6
2018-08-01,CE,baby,2,290.28,16.5,5.0
2018-08-01,CE,bed_bath_table,2,244.93,8.0,4.5
2018-08-01,CE,computers_accessories,3,528.86,12.0,4.67
2018-08-01,CE,construction_tools_construction,1,73.29,10.0,3.0
2018-08-01,CE,construction_tools_lights,1,319.2,10.0,4.0
2018-08-01,CE,construction_tools_safety,1,168.29,22.0,1.0
2018-08-01,CE,cool_stuff,1,226.23,8.0,5.0
2018-08-01,CE,costruction_tools_garden,2,1629.64,9.0,4.5
2018-08-01,CE,electronics,3,232.09,17.0,4.2
2018-08-01,CE,fashion_bags_accessories,1,177.88,9.0,5.0
2018-08-01,CE,furniture_decor,2,437.29,16.0,3.67
2018-08-01,CE,garden_tools,1,246.3,11.0,4.0
2018-08-01,CE,health_beauty,7,1510.92,10.4,4.29
2018-08-01,CE,housewares,2,241.48,12.0,5.0
2018-08-01,CE,perfumery,1,134.58,9.0,5.0
2018-08-01,CE,sports_leisure,3,371.52,14.7,4.0
2018-08-01,CE,stationery,3,768.0,13.5,5.0
2018-08-01,CE,telephony,2,214.78,16.5,4.5
2018-08-01,CE,toys,2,263.16,14.5,4.5
2018-08-01,CE,watches_gifts,10,2876.12,13.8,4.18
2018-08-01,DF,art,1,150.22,7.0,1.0
2018-08-01,DF,audio,1,30.13,7.0,2.0
2018-08-01,DF,auto,5,334.82,6.6,4.8
2018-08-01,DF,baby,7,644.13,8.4,4.43
2018-08-01,DF,bed_bath_table,6,865.77,8.8,3.88
2018-08-01,DF,books_general_interest,1,35.19,10.0,5.0
2018-08-01,DF,computers,1,1916.08,7.0,1.0
2018-08-01,DF,computers_accessories,14,1823.36,8.4,4.2
2018-08-01,DF,construction_tools_safety,2,536.46,8.5,4.0
2018-08-01,DF,cool_stuff,4,492.69,14.0,3.75
2018-08-01,DF,drinks,1,143.46,8.0,5.0
2018-08-01,DF,electronics,3,249.91,5.0,5.0
2018-08-01,DF,fashion_bags_accessories,4,362.29,17.5,4.0
2018-08-01,DF,food,1,207.42,6.0,5.0
2018-08-01,DF,furniture_decor,6,903.9,8.6,3.25
2018-08-01,DF,furniture_living_room,1,201.09,11.0,4.0
2018-08-01,DF,garden_tools,4,991.54,8.0,4.75
2018-08-01,DF,health_beauty,21,3646.74,10.2,4.57
2018-08-01,DF,home_construction,1,54.04,11.0,1.0
2018-08-01,DF,housewares,9,1703.75,9.5,4.27
2018-08-01,DF,luggage_accessories,2,210.21,9.5,4.0
2018-08-01,DF,party_supplies,1,269.73,9.0,5.0
2018-08-01,DF,perfumery,8,1338.62,6.6,5.0
2018-08-01,DF,pet_shop,3,512.57,9.7,4.33
2018-08-01,DF,signaling_and_security,1,341.33,6.0,5.0
2018-08-01,DF,small_appliances,2,471.76,8.5,4.0
2018-08-01,DF,sports_leisure,14,1636.91,7.6,4.14
2018-08-01,DF,stationery,3,400.23,7.5,4.5
2018-08-01,DF,telephony,7,1039.87,9.6,3.38
2018-08-01,DF,toys,5,593.58,7.4,4.4
2018-08-01,DF,watches_gifts,6,1323.91,11.3,3.33
2018-08-01,ES,(unknown),1,35.11,11.0,1.0
2018-08-01,ES,auto,7,1137.22,8.4,4.63
2018-08-01,ES,baby,2,378.55,10.0,5.0
2018-08-01,ES,bed_bath_table,9,1190.05,10.0,4.33
2018-08-01,ES,computers,1,783.48,7.0,5.0
2018-08-01,ES,computers_accessories,6,581.57,13.2,5.0
2018-08-01,ES,construction_tools_construction,2,533.17,9.0,5.0
2018-08-01,ES,cool_stuff,2,341.39,10.5,4.5
2018-08-01,ES,costruction_tools_garden,2,177.79,8.8,1.0
2018-08-01,ES,costruction_tools_tools,1,257.18,9.0,5.0
2018-08-01,ES,drinks,2,236.78,9.5,4.5
2018-08-01,ES,electronics,1,43.6,10.0,5.0
2018-08-01,ES,fashion_bags_accessories,5,836.42,9.6,3.4
2018-08-01,ES,fixed_telephony,1,844.98,13.0,5.0
2018-08-01,ES,food,2,204.37,6.5,5.0
2018-08-01,ES,furniture_decor,7,1244.09,9.7,4.71
2018-08-01,ES,garden_tools,6,1767.39,9.5,4.5
2018-08-01,ES,health_beauty,9,1171.59,8.5,4.9
2018-08-01,ES,housewares,2,552.48,9.5,2.5
2018-08-01,ES,luggage_accessories,1,140.1,8.0,4.0
2018-08-01,ES,office_furniture,1,288.86,23.0,1.0
2018-08-01,ES,party_supplies,1,40.76,9.0,5.0
2018-08-01,ES,perfumery,1,196.26,7.0,5.0
2018-08-01,ES,pet_shop,4,357.59,8.8,4.0
2018-08-01,ES,signaling_and_security,1,132.04,15.0,5.0
2018-08-01,ES,sports_leisure,6,906.29,10.3,4.67
2018-08-01,ES,stationery,1,77.11,14.0,5.0
2018-08-01,ES,telephony,7,1880.7,11.4,4.29
2018-08-01,ES,toys,3,158.06,8.3,4.0
2018-08-01,ES,watches_gifts,11,2858.95,10.2,3.31
2018-08-01,GO,(unknown),1,41.18,15.0,3.0
2018-08-01,GO,air_conditioning,3,668.22,9.3,3.33
2018-08-01,GO,auto,10,903.4,9.9,4.5
2018-08-01,GO,baby,1,155.03,13.0,5.0
2018-08-01,GO,bed_bath_table,11,1336.16,11.3,3.8
2018-08-01,GO,books_general_interest,1,48.21,9.0,5.0
2018-08-01,GO,computers_accessories,5,705.41,7.4,3.4
2018-08-01,GO,consoles_games,4,411.0,9.0,4.75
2018-08-01,GO,construction_tools_safety,1,45.21,7.0,1.0
2018-08-01,GO,costruction_tools_garden,1,217.98,8.0,1.0
2018-08-01,GO,costruction_tools_tools,1,76.51,11.0,4.0
2018-08-01,GO,electronics,1,88.34,11.0,5.0
2018-08-01,GO,fashion_bags_accessories,2,119.48,8.0,3.0
2018-08-01,GO,fashion_male_clothing,1,250.91,12.0,4.0
2018-08-01,GO,food,1,101.7,8.0,5.0
2018-08-01,GO,furniture_decor,4,488.79,9.8,4.0
2018-08-01,GO,furniture_living_room,1,94.14,8.0,5.0
2018-08-01,GO,garden_tools,4,2499.61,12.3,4.75
2018-08-01,GO,health_beauty,24,4204.15,11.0,4.65
2018-08-01,GO,home_confort,1,149.09,14.0,5.0
2018-08-01,GO,home_construction,2,407.6,11.5,4.0
2018-08-01,GO,housewares,7,1686.45,9.3,4.5
2018-08-01,GO,musical_instruments,2,102.7,11.5,4.5
2018-08-01,GO,perfumery,3,554.17,9.0,4.33
2018-08-01,GO,pet_shop,1,139.02,12.0,5.0
2018-08-01,GO,small_appliances,1,160.96,10.0,5.0
2018-08-01,GO,sports_leisure,5,582.16,8.9,5.0
2018-08-01,GO,stationery,4,322.51,12.5,5.0
2018-08-01,GO,telephony,4,910.53,9.4,4.0
2018-08-01,GO,watches_gifts,11,3734.03,10.7,4.45
2018-08-01,MA,auto,5,854.6,12.4,4.8
2018-08-01,MA,baby,1,73.68,17.0,1.0
2018-08-01,MA,books_imported,1,804.96,15.0,5.0
2018-08-01,MA,computers_accessories,3,551.5,12.3,4.33
2018-08-01,MA,cool_stuff,2,231.54,20.0,3.0
2018-08-01,MA,fashion_bags_accessories,1,82.13,12.0,2.0
2018-08-01,MA,furniture_decor,1,127.26,16.0,4.0
2018-08-01,MA,garden_tools,2,430.92,12.0,4.5
2018-08-01,MA,health_beauty,5,395.14,8.0,4.8
2018-08-01,MA,home_appliances,1,151.42,12.0,4.0
2018-08-01,MA,housewares,1,63.08,10.0,5.0
2018-08-01,MA,luggage_accessories,1,138.34,14.0,5.0
2018-08-01,MA,telephony,3,529.31,13.0,4.33
2018-08-01,MA,watches_gifts,2,766.15,13.0,4.5
2018-08-01,MG,(unknown),6,681.82,7.7,4.83
2018-08-01,MG,agro_industry_and_commerce,2,2142.47,6.5,4.5
2018-08-01,MG,air_conditioning,2,767.95,9.5,3.0
2018-08-01,MG,art,3,257.05,12.0,4.67
2018-08-01,MG,arts_and_craftmanship,2,340.41,7.0,5.0
2018-08-01,MG,audio,1,30.13,4.0,4.0
2018-08-01,MG,auto,46,5873.02,7.5,4.36
2018-08-01,MG,baby,22,2203.24,8.3,4.04
2018-08-01,MG,bed_bath_table,59,8530.72,7.2,3.74
2018-08-01,MG,books_general_interest,3,142.14,9.3,5.0
2018-08-01,MG,books_technical,1,112.41,11.0,4.0
2018-08-01,MG,christmas_supplies,2,95.58,8.0,3.0
2018-08-01,MG,computers,1,1378.0,9.0,5.0
2018-08-01,MG,computers_accessories,51,6927.72,8.6,4.3
2018-08-01,MG,consoles_games,5,394.34,6.4,4.2
2018-08-01,MG,construction_tools_construction,13,1653.88,6.7,4.86
2018-08-01,MG,construction_tools_lights,5,901.5,7.3,3.0
2018-08-01,MG,construction_tools_safety,2,289.88,7.0,4.5
2018-08-01,MG,cool_stuff,9,994.14,8.8,3.7
2018-08-01,MG,costruction_tools_garden,3,477.8,4.8,5.0
2018-08-01,MG,drinks,1,169.94,7.0,4.0
2018-08-01,MG,electronics,12,2326.37,6.8,3.92
2018-08-01,MG,fashion_bags_accessories,17,1465.22,6.0,4.59
2018-08-01,MG,fashion_shoes,1,245.05,6.0,4.0
2018-08-01,MG,food,4,239.84,5.0,4.75
2018-08-01,MG,food_drink,2,162.74,6.0,5.0
2018-08-01,MG,furniture_decor,40,5450.07,8.8,4.56
2018-08-01,MG,furniture_living_room,5,1040.73,9.6,3.4
2018-08-01,MG,garden_tools,16,2315.09,6.4,3.86
2018-08-01,MG,health_beauty,85,13831.32,7.6,4.39
2018-08-01,MG,home_appliances,9,594.26,9.1,4.7
2018-08-01,MG,home_construction,6,852.36,12.2,4.83
2018-08-01,MG,housewares,64,8260.36,7.0,4.35
2018-08-01,MG,kitchen_dining_laundry_garden_furniture,1,203.18,5.0,5.0
2018-08-01,MG,luggage_accessories,7,1026.52,5.0,4.0
2018-08-01,MG,music,1,72.17,18.0,5.0
2018-08-01,MG,musical_instruments,2,191.16,9.0,4.0
2018-08-01,MG,office_furniture,2,1388.37,9.3,3.0
2018-08-01,MG,party_supplies,1,116.93,6.0,5.0
2018-08-01,MG,perfumery,26,3651.4,6.0,4.42
2018-08-01,MG,pet_shop,29,8319.97,7.4,4.56
2018-08-01,MG,portable_kitchen_and_food_preparation_equipment,1,1139.17,4.0,3.0
2018-08-01,MG,signaling_and_security,1,27.13,8.0,5.0
2018-08-01,MG,small_appliances,3,457.27,6.3,4.67
2018-08-01,MG,small_appliances_home_oven_and_coffee,3,319.68,6.7,5.0
2018-08-01,MG,sports_leisure,38,8273.62,7.2,4.49
2018-08-01,MG,stationery,17,2428.35,6.2,4.53
2018-08-01,MG,telephony,22,4803.74,9.1,4.62
2018-08-01,MG,toys,14,1812.8,5.9,4.47
2018-08-01,MG,watches_gifts,41,8251.1,7.3,4.39
2018-08-01,MS,auto,2,255.4,12.0,4.5
2018-08-01,MS,baby,1,170.87,11.0,5.0
2018-08-01,MS,bed_bath_table,2,234.39,20.5,3.0
2018-08-01,MS,books_technical,2,102.66,9.0,4.5
2018-08-01,MS,computers_accessories,4,419.01,14.8,3.75
2018-08-01,MS,construction_tools_construction,1,57.98,21.0,1.0
2018-08-01,MS,construction_tools_lights,1,193.98,12.0,5.0
2018-08-01,MS,cool_stuff,1,435.23,12.0,5.0
2018-08-01,MS,fashion_bags_accessories,1,65.35,25.0,1.0
2018-08-01,MS,food,2,265.25,10.0,5.0
2018-08-01,MS,furniture_decor,1,221.7,16.0,1.0
2018-08-01,MS,garden_tools,1,41.16,16.0,5.0
2018-08-01,MS,health_beauty,6,2321.84,16.9,3.0
2018-08-01,MS,home_appliances_2,1,636.18,22.0,4.0
2018-08-01,MS,luggage_accessories,1,218.21,13.0,5.0
2018-08-01,MS,perfumery,1,104.68,13.0,5.0
2018-08-01,MS,sports_leisure,1,163.78,11.0,5.0
2018-08-01,MS,telephony,3,139.9,13.7,5.0
2018-08-01,MS,toys,1,224.54,20.0,3.0
2018-08-01,MS,watches_gifts,2,279.84,14.0,4.0
2018-08-01,MT,art,1,97.43,16.0,5.0
2018-08-01,MT,auto,5,505.44,11.6,4.6
2018-08-01,MT,bed_bath_table,2,300.63,12.0,4.0
2018-08-01,MT,electronics,1,97.9,6.0,1.0
2018-08-01,MT,fashio_female_clothing,1,57.17,15.0,5.0
2018-08-01,MT,fashion_bags_accessories,2,100.02,10.0,4.5
2018-08-01,MT,food,2,261.9,10.0,5.0
2018-08-01,MT,furniture_decor,1,82.25,7.0,5.0
2018-08-01,MT,garden_tools,1,196.17,17.0,5.0
2018-08-01,MT,health_beauty,5,1084.85,10.4,3.6
2018-08-01,MT,home_construction,1,147.64,18.0,4.0
2018-08-01,MT,housewares,5,846.26,9.8,3.09
2018-08-01,MT,musical_instruments,1,97.69,10.0,5.0
2018-08-01,MT,perfumery,1,62.11,20.0,5.0
2018-08-01,MT,sports_leisure,3,299.04,10.8,5.0
2018-08-01,MT,stationery,2,210.74,11.3,5.0
2018-08-01,MT,telephony,1,52.13,10.0,5.0
2018-08-01,MT,toys,1,128.78,12.0,5.0
2018-08-01,MT,watches_gifts,4,1104.49,9.4,3.8
2018-08-01,PA,auto,2,389.36,13.7,3.67
2018-08-01,PA,baby,3,489.43,16.7,5.0
2018-08-01,PA,computers_accessories,2,758.71,13.5,2.0
2018-08-01,PA,electronics,1,36.04,11.0,1.0
2018-08-01,PA,fashion_bags_accessories,1,68.25,20.0,5.0
2018-08-01,PA,furniture_decor,4,1599.78,11.4,3.8
2018-08-01,PA,health_beauty,12,4287.85,13.7,4.93
2018-08-01,PA,housewares,3,415.85,13.0,5.0
2018-08-01,PA,sports_leisure,5,1166.48,12.8,4.8
2018-08-01,PA,stationery,3,388.18,12.0,4.67
2018-08-01,PA,telephony,2,174.32,14.5,3.5
2018-08-01,PA,toys,1,414.46,29.0,5.0
2018-08-01,PA,watches_gifts,4,777.19,16.5,4.5
2018-08-01,PB,auto,4,1388.23,14.0,4.0
2018-08-01,PB,computers_accessories,4,713.01,7.8,5.0
2018-08-01,PB,electronics,1,223.53,12.0,4.0
2018-08-01,PB,furniture_decor,3,1170.41,17.8,2.5
2018-08-01,PB,health_beauty,4,952.56,12.3,4.0
2018-08-01,PB,home_appliances,1,2155.35,10.0,5.0
2018-08-01,PB,housewares,1,156.15,22.0,5.0
2018-08-01,PB,sports_leisure,2,300.79,16.0,4.0
2018-08-01,PB,stationery,1,174.73,21.0,5.0
2018-08-01,PB,telephony,2,328.35,16.5,3.0
2018-08-01,PB,toys,2,227.22,11.0,5.0
2018-08-01,PB,watches_gifts,3,1345.31,11.3,5.0
2018-08-01,PE,auto,5,622.65,9.4,4.6
2018-08-01,PE,baby,2,196.38,7.5,3.5
2018-08-01,PE,bed_bath_table,2,279.95,9.5,4.0
2018-08-01,PE,computers_accessories,4,570.83,10.8,4.25
2018-08-01,PE,consoles_games,1,146.02,9.0,1.0
2018-08-01,PE,construction_tools_construction,2,376.02,15.3,4.33
2018-08-01,PE,construction_tools_safety,1,480.33,13.0,3.0
2018-08-01,PE,cool_stuff,1,378.86,12.0,5.0
2018-08-01,PE,costruction_tools_garden,2,287.98,13.5,5.0
2018-08-01,PE,electronics,1,237.91,15.0,4.0
2018-08-01,PE,furniture_decor,4,708.15,12.0,4.0
2018-08-01,PE,garden_tools,3,425.58,11.3,3.67
2018-08-01,PE,health_beauty,21,4399.4,12.3,4.38
2018-08-01,PE,home_construction,2,648.77,11.0,4.0
2018-08-01,PE,housewares,2,226.93,14.5,5.0
2018-08-01,PE,musical_instruments,1,320.21,13.0,5.0
2018-08-01,PE,office_furniture,2,572.29,18.0,5.0
2018-08-01,PE,perfumery,2,242.21,11.5,4.5
2018-08-01,PE,pet_shop,1,278.86,12.0,4.0
2018-08-01,PE,sports_leisure,2,248.56,10.0,4.0
2018-08-01,PE,stationery,2,217.29,33.5,2.5
2018-08-01,PE,telephony,6,1093.19,10.0,4.33
2018-08-01,PE,toys,1,122.08,5.0,5.0
2018-08-01,PE,watches_gifts,15,2067.71,12.2,4.0
2018-08-01,PI,(unknown),1,80.92,16.0,5.0
2018-08-01,PI,auto,3,648.98,9.0,4.33
2018-08-01,PI,bed_bath_table,1,105.62,12.0,5.0
2018-08-01,PI,health_beauty,5,1697.47,14.6,3.4
2018-08-01,PI,luggage_accessories,1,214.58,8.0,1.0
2018-08-01,PI,perfumery,1,117.81,8.0,5.0
2018-08-01,PI,sports_leisure,3,320.97,13.0,5.0
2018-08-01,PI,telephony,2,262.38,10.5,4.5
2018-08-01,PI,watches_gifts,3,416.13,11.3,3.67
2018-08-01,PR,(unknown),1,133.93,5.0,4.0
2018-08-01,PR,agro_industry_and_commerce,1,47.62,8.0,5.0
2018-08-01,PR,art,1,98.14,7.0,4.0
2018-08-01,PR,audio,2,307.4,8.0,5.0
2018-08-01,PR,auto,19,2245.48,7.2,4.35
2018-08-01,PR,baby,16,1789.2,8.3,4.24
2018-08-01,PR,bed_bath_table,21,2734.31,7.7,3.96
2018-08-01,PR,books_technical,1,178.21,7.0,4.0
2018-08-01,PR,christmas_supplies,1,54.44,9.0,5.0
2018-08-01,PR,computers_accessories,20,3032.72,10.8,4.28
2018-08-01,PR,consoles_games,3,163.07,9.3,4.33
2018-08-01,PR,construction_tools_construction,11,1415.63,7.6,3.92
2018-08-01,PR,construction_tools_lights,3,370.84,7.3,4.67
2018-08-01,PR,cool_stuff,3,584.41,10.5,4.5
2018-08-01,PR,costruction_tools_garden,1,69.63,10.0,5.0
2018-08-01,PR,costruction_tools_tools,2,54.08,5.5,5.0
2018-08-01,PR,drinks,1,53.43,5.0,5.0
2018-08-01,PR,electronics,6,798.19,8.0,4.17
2018-08-01,PR,fashion_bags_accessories,5,304.72,7.8,4.6
2018-08-01,PR,food,5,742.38,5.6,4.6
2018-08-01,PR,furniture_decor,34,4843.29,8.3,4.27
2018-08-01,PR,furniture_living_room,1,211.47,12.0,5.0
2018-08-01,PR,garden_tools,5,877.9,7.0,4.5
2018-08-01,PR,health_beauty,37,6513.25,8.3,4.46
2018-08-01,PR,home_appliances,8,693.77,10.3,4.5
2018-08-01,PR,home_confort,1,101.25,5.0,5.0
2018-08-01,PR,housewares,27,3496.04,6.7,4.37
2018-08-01,PR,industry_commerce_and_business,1,221.24,5.0,3.0
2018-08-01,PR,kitchen_dining_laundry_garden_furniture,2,598.11,5.7,5.0
2018-08-01,PR,luggage_accessories,2,112.39,5.0,5.0
2018-08-01,PR,music,2,153.35,13.0,4.0
2018-08-01,PR,musical_instruments,3,305.29,7.7,5.0
2018-08-01,PR,office_furniture,2,562.5,8.5,5.0
2018-08-01,PR,party_supplies,1,83.22,7.0,5.0
2018-08-01,PR,perfumery,4,1213.18,8.8,4.6
2018-08-01,PR,pet_shop,5,807.59,8.0,4.0
2018-08-01,PR,small_appliances,2,265.59,6.0,5.0
2018-08-01,PR,small_appliances_home_oven_and_coffee,2,232.65,6.0,4.5
2018-08-01,PR,sports_leisure,22,2773.01,7.2,4.26
2018-08-01,PR,stationery,4,606.67,7.8,4.8
2018-08-01,PR,telephony,9,604.72,7.0,4.6
2018-08-01,PR,toys,10,1480.15,8.5,4.36
2018-08-01,PR,watches_gifts,24,4621.54,8.5,4.32
2018-08-01,RJ,(unknown),3,449.81,8.7,4.67
2018-08-01,RJ,agro_industry_and_commerce,1,28.22,4.0,4.0
2018-08-01,RJ,air_conditioning,3,541.34,6.8,4.5
2018-08-01,RJ,art,1,93.28,16.0,5.0
2018-08-01,RJ,audio,6,1152.44,7.5,3.5
2018-08-01,RJ,auto,33,7881.64,7.4,4.12
2018-08-01,RJ,baby,27,3265.01,8.3,4.44
2018-08-01,RJ,bed_bath_table,70,7502.98,9.2,3.72
2018-08-01,RJ,books_general_interest,2,143.94,8.5,5.0
2018-08-01,RJ,books_technical,3,164.99,6.0,4.33
2018-08-01,RJ,cine_photo,1,145.09,7.0,5.0
2018-08-01,RJ,computers,1,52.84,10.0,4.0
2018-08-01,RJ,computers_accessories,45,5139.58,9.0,4.41
2018-08-01,RJ,consoles_games,5,701.6,6.6,4.5
2018-08-01,RJ,construction_tools_construction,11,4052.2,7.1,4.0
2018-08-01,RJ,construction_tools_lights,7,754.77,13.7,3.14
2018-08-01,RJ,construction_tools_safety,2,134.81,6.0,3.0
2018-08-01,RJ,cool_stuff,13,1805.52,12.1,4.62
2018-08-01,RJ,costruction_tools_tools,2,281.15,9.0,3.0
2018-08-01,RJ,drinks,2,106.86,6.5,4.0
2018-08-01,RJ,electronics,21,2626.99,8.6,3.95
2018-08-01,RJ,fashion_bags_accessories,13,1116.35,6.5,4.77
2018-08-01,RJ,fashion_male_clothing,1,154.05,11.0,5.0
2018-08-01,RJ,food,9,735.71,8.1,4.67
2018-08-01,RJ,food_drink,3,188.52,8.3,4.75
2018-08-01,RJ,furniture_bedroom,2,469.5,7.0,4.5
2018-08-01,RJ,furniture_decor,37,5262.68,9.5,4.09
2018-08-01,RJ,furniture_living_room,10,1320.76,7.1,3.8
2018-08-01,RJ,garden_tools,14,1382.66,7.5,4.5
2018-08-01,RJ,health_beauty,68,14604.35,7.2,4.31
2018-08-01,RJ,home_appliances,6,559.73,10.8,3.67
2018-08-01,RJ,home_appliances_2,2,692.11,6.0,4.5
2018-08-01,RJ,home_confort,3,342.58,7.0,4.67
2018-08-01,RJ,home_construction,5,500.49,14.7,4.33
2018-08-01,RJ,housewares,73,10685.1,7.3,4.24
2018-08-01,RJ,kitchen_dining_laundry_garden_furniture,5,1055.18,7.8,4.4
2018-08-01,RJ,luggage_accessories,13,1868.12,8.5,4.23
2018-08-01,RJ,musical_instruments,2,88.78,6.0,4.0
2018-08-01,RJ,office_furniture,1,121.9,7.0,3.0
2018-08-01,RJ,party_supplies,1,116.93,10.0,5.0
2018-08-01,RJ,perfumery,28,3712.57,6.5,4.33
2018-08-01,RJ,pet_shop,23,3080.44,8.1,3.93
2018-08-01,RJ,portable_kitchen_and_food_preparation_equipment,1,103.68,13.0,5.0
2018-08-01,RJ,signaling_and_security,2,166.22,9.5,5.0
2018-08-01,RJ,small_appliances,1,54.33,4.0,4.0
2018-08-01,RJ,small_appliances_home_oven_and_coffee,1,116.79,6.0,5.0
2018-08-01,RJ,sports_leisure,49,6707.25,8.8,4.3
2018-08-01,RJ,stationery,11,1380.92,6.2,4.82
2018-08-01,RJ,telephony,30,6290.82,8.1,4.13
2018-08-01,RJ,toys,18,2704.39,6.7,3.74
2018-08-01,RJ,watches_gifts,39,8602.94,7.7,4.19
2018-08-01,RN,auto,2,391.17,10.0,5.0
2018-08-01,RN,bed_bath_table,1,57.39,13.0,3.0
2018-08-01,RN,electronics,1,83.03,12.0,4.0
2018-08-01,RN,furniture_decor,4,500.01,10.5,4.75
2018-08-01,RN,health_beauty,3,2279.65,13.3,4.33
2018-08-01,RN,sports_leisure,2,1598.98,11.0,5.0
2018-08-01,RN,stationery,2,234.31,16.5,4.5
2018-08-01,RN,telephony,1,52.92,18.0,5.0
2018-08-01,RN,toys,1,83.04,10.0,5.0
2018-08-01,RN,watches_gifts,3,713.25,9.3,4.67
2018-08-01,RO,auto,1,245.0,13.0,4.0
2018-08-01,RO,computers_accessories,2,793.55,15.0,5.0
2018-08-01,RO,health_beauty,2,1452.88,11.0,5.0
2018-08-01,RO,home_appliances,1,224.32,10.0,5.0
2018-08-01,RO,home_confort,1,257.37,12.0,5.0
2018-08-01,RO,pet_shop,1,263.51,16.0,5.0
2018-08-01,RS,(unknown),2,144.77,11.5,5.0
2018-08-01,RS,art,2,234.74,11.0,5.0
2018-08-01,RS,auto,11,1859.25,7.3,4.64
2018-08-01,RS,baby,14,1934.51,9.4,4.27
2018-08-01,RS,bed_bath_table,22,3393.01,9.8,4.44
2018-08-01,RS,books_general_interest,1,106.62,10.0,4.0
2018-08-01,RS,books_technical,1,69.54,11.0,5.0
2018-08-01,RS,cine_photo,1,31.13,10.0,4.0
2018-08-01,RS,computers_accessories,15,2009.29,8.4,4.81
2018-08-01,RS,consoles_games,5,534.46,11.8,4.2
2018-08-01,RS,construction_tools_construction,6,1155.84,11.4,4.78
2018-08-01,RS,construction_tools_lights,5,854.49,11.2,2.8
2018-08-01,RS,cool_stuff,8,1407.84,11.1,4.38
2018-08-01,RS,drinks,1,171.19,6.0,5.0
2018-08-01,RS,electronics,8,646.92,10.0,4.0
2018-08-01,RS,fashion_bags_accessories,1,72.75,7.0,5.0
2018-08-01,RS,fixed_telephony,1,188.66,13.0,2.0
2018-08-01,RS,food,3,301.41,7.0,5.0
2018-08-01,RS,furniture_decor,25,4503.68,10.7,4.09
2018-08-01,RS,furniture_living_room,2,187.97,12.0,4.5
2018-08-01,RS,garden_tools,8,1218.88,10.7,4.22
2018-08-01,RS,health_beauty,26,4286.05,9.6,4.64
2018-08-01,RS,home_appliances,2,268.68,12.0,5.0
2018-08-01,RS,home_appliances_2,2,3339.46,22.0,3.0
2018-08-01,RS,home_confort,3,468.53,9.0,5.0
2018-08-01,RS,home_construction,4,746.68,11.2,3.4
2018-08-01,RS,housewares,29,4077.4,8.3,4.44
2018-08-01,RS,kitchen_dining_laundry_garden_furniture,1,75.1,8.0,5.0
2018-08-01,RS,market_place,2,236.58,9.5,5.0
2018-08-01,RS,musical_instruments,2,260.45,8.3,3.5
2018-08-01,RS,office_furniture,1,383.37,8.0,5.0
2018-08-01,RS,pc_gamer,1,238.63,11.0,4.0
2018-08-01,RS,perfumery,9,1142.69,8.3,4.8
2018-08-01,RS,pet_shop,8,983.76,10.8,4.92
2018-08-01,RS,signaling_and_security,3,464.14,10.5,3.5
2018-08-01,RS,small_appliances_home_oven_and_coffee,2,326.36,9.0,5.0
2018-08-01,RS,sports_leisure,17,2038.65,9.9,4.28
2018-08-01,RS,stationery,7,857.82,10.9,4.29
2018-08-01,RS,telephony,18,5688.11,11.1,4.11
2018-08-01,RS,toys,8,1444.42,9.3,4.75
2018-08-01,RS,watches_gifts,14,3409.9,10.5,4.07
2018-08-01,SC,(unknown),1,147.28,8.0,5.0
2018-08-01,SC,arts_and_craftmanship,1,314.32,3.0,5.0
2018-08-01,SC,auto,11,3478.1,10.6,4.38
2018-08-01,SC,baby,8,1209.16,12.8,4.25
2018-08-01,SC,bed_bath_table,16,2693.39,7.8,4.2
2018-08-01,SC,cine_photo,1,103.59,6.0,4.0
2018-08-01,SC,computers_accessories,8,884.03,8.6,4.75
2018-08-01,SC,consoles_games,2,284.91,14.7,2.33
2018-08-01,SC,construction_tools_construction,4,600.65,3.8,4.7
2018-08-01,SC,construction_tools_lights,1,193.98,8.0,5.0
2018-08-01,SC,construction_tools_safety,3,706.18,8.0,4.67
2018-08-01,SC,cool_stuff,6,502.81,6.3,3.33
2018-08-01,SC,electronics,5,578.42,8.0,4.6
2018-08-01,SC,fashion_bags_accessories,3,270.67,7.8,4.0
2018-08-01,SC,food,2,197.14,7.5,4.5
2018-08-01,SC,furniture_decor,10,1531.88,11.2,4.81
2018-08-01,SC,furniture_living_room,1,398.74,13.0,3.0
2018-08-01,SC,garden_tools,5,485.27,10.6,3.8
2018-08-01,SC,health_beauty,24,5736.5,9.1,4.27
2018-08-01,SC,home_appliances,2,409.87,8.5,3.0
2018-08-01,SC,home_appliances_2,1,223.61,11.0,5.0
2018-08-01,SC,home_construction,4,569.65,12.8,3.5
2018-08-01,SC,housewares,19,4758.08,10.5,4.8
2018-08-01,SC,industry_commerce_and_business,1,128.86,6.0,5.0
2018-08-01,SC,luggage_accessories,3,417.82,8.3,4.67
2018-08-01,SC,musical_instruments,2,311.92,7.0,4.5
2018-08-01,SC,party_supplies,2,334.16,7.5,3.5
2018-08-01,SC,perfumery,3,814.66,6.8,5.0
2018-08-01,SC,pet_shop,8,1619.03,8.9,4.63
2018-08-01,SC,small_appliances_home_oven_and_coffee,1,116.79,9.0,4.0
2018-08-01,SC,sports_leisure,21,3120.88,7.6,4.08
2018-08-01,SC,stationery,4,630.2,12.8,4.25
2018-08-01,SC,telephony,6,807.27,12.8,4.83
2018-08-01,SC,toys,4,1181.27,6.7,5.0
2018-08-01,SC,watches_gifts,10,2443.41,8.2,4.0
2018-08-01,SE,auto,2,277.2,13.5,5.0
2018-08-01,SE,baby,1,177.51,15.0,5.0
2018-08-01,SE,bed_bath_table,1,90.97,13.0,4.0
2018-08-01,SE,computers_accessories,4,733.61,13.8,4.0
2018-08-01,SE,fashion_bags_accessories,1,62.11,13.0,2.0
2018-08-01,SE,furniture_decor,3,721.62,14.0,4.33
2018-08-01,SE,health_beauty,2,475.5,10.5,5.0
2018-08-01,SE,market_place,1,195.53,15.0,4.0
2018-08-01,SE,small_appliances,1,1480.73,12.0,1.0
2018-08-01,SE,sports_leisure,2,315.54,10.5,5.0
2018-08-01,SE,telephony,3,560.39,13.0,5.0
2018-08-01,SE,watches_gifts,2,510.08,7.5,5.0
2018-08-01,SP,(unknown),13,976.02,5.9,4.53
2018-08-01,SP,agro_industry_and_commerce,9,2190.99,5.5,3.83
2018-08-01,SP,air_conditioning,9,2030.31,7.2,4.0
2018-08-01,SP,art,9,845.04,8.8,3.89
2018-08-01,SP,arts_and_craftmanship,6,414.32,5.3,4.33
2018-08-01,SP,audio,11,611.4,4.9,4.64
2018-08-01,SP,auto,156,21335.53,5.2,4.23
2018-08-01,SP,baby,91,12475.99,5.6,4.13
2018-08-01,SP,bed_bath_table,320,44181.32,6.5,4.2
2018-08-01,SP,books_general_interest,25,1438.02,6.3,4.31
2018-08-01,SP,books_technical,18,1056.41,5.0,4.84
2018-08-01,SP,christmas_supplies,6,209.68,5.7,4.33
2018-08-01,SP,cine_photo,4,333.18,4.0,4.6
2018-08-01,SP,computers,5,4404.91,6.4,3.4
2018-08-01,SP,computers_accessories,179,20238.68,7.2,4.22
2018-08-01,SP,consoles_games,26,2423.54,6.1,4.0
2018-08-01,SP,construction_tools_construction,71,15794.13,6.5,4.02
2018-08-01,SP,construction_tools_lights,30,5745.54,5.5,4.26
2018-08-01,SP,construction_tools_safety,9,2125.52,5.2,4.54
2018-08-01,SP,cool_stuff,61,10546.93,6.5,3.98
2018-08-01,SP,costruction_tools_garden,8,1433.67,6.6,3.56
2018-08-01,SP,costruction_tools_tools,7,545.32,9.0,4.67
2018-08-01,SP,diapers_and_hygiene,3,276.93,5.7,4.67
2018-08-01,SP,drinks,15,784.02,5.2,3.56
2018-08-01,SP,dvds_blu_ray,1,16.29,6.0,5.0
2018-08-01,SP,electronics,43,3965.68,5.8,4.3
2018-08-01,SP,fashio_female_clothing,1,111.96,2.0,3.0
2018-08-01,SP,fashion_bags_accessories,61,4545.54,5.3,4.2
2018-08-01,SP,fashion_male_clothing,1,62.02,7.0,5.0
2018-08-01,SP,fashion_shoes,1,42.77,7.0,5.0
2018-08-01,SP,fashion_sport,1,83.05,11.0,3.0
2018-08-01,SP,fashion_underwear_beach,1,173.78,8.0,3.0
2018-08-01,SP,fixed_telephony,7,1818.33,9.1,4.29
2018-08-01,SP,food,69,6044.7,4.5,4.34
2018-08-01,SP,food_drink,11,989.13,4.8,4.8
2018-08-01,SP,furniture_bedroom,8,2350.38,10.4,4.3
2018-08-01,SP,furniture_decor,149,19971.51,6.6,4.02
2018-08-01,SP,furniture_living_room,16,2952.37,7.7,3.61
2018-08-01,SP,garden_tools,48,6959.84,5.9,4.25
2018-08-01,SP,health_beauty,370,55387.86,6.0,4.36
2018-08-01,SP,home_appliances,28,2393.0,6.8,4.34
2018-08-01,SP,home_appliances_2,8,3357.16,6.5,3.88
2018-08-01,SP,home_confort,6,1253.06,6.6,3.71
2018-08-01,SP,home_construction,18,3414.81,9.8,4.11
2018-08-01,SP,housewares,293,33760.08,5.6,4.31
2018-08-01,SP,industry_commerce_and_business,7,2393.95,4.3,4.0
2018-08-01,SP,kitchen_dining_laundry_garden_furniture,10,657.99,3.2,4.2
2018-08-01,SP,luggage_accessories,31,3637.57,5.2,4.67
2018-08-01,SP,market_place,5,675.86,10.0,3.2
2018-08-01,SP,music,3,357.09,4.0,5.0
2018-08-01,SP,musical_instruments,19,8256.62,7.0,4.42
2018-08-01,SP,office_furniture,13,4007.08,12.7,4.35
2018-08-01,SP,party_supplies,7,628.69,5.3,4.0
2018-08-01,SP,perfumery,109,14053.76,6.5,4.14
2018-08-01,SP,pet_shop,79,11442.1,5.9,4.47
2018-08-01,SP,portable_kitchen_and_food_preparation_equipment,2,662.71,5.0,4.5
2018-08-01,SP,signaling_and_security,8,1027.81,5.2,4.62
2018-08-01,SP,small_appliances,11,3766.52,7.3,3.82
2018-08-01,SP,small_appliances_home_oven_and_coffee,8,2278.86,6.3,3.75
2018-08-01,SP,sports_leisure,224,27560.68,5.3,4.36
2018-08-01,SP,stationery,86,9533.93,6.5,4.61
2018-08-01,SP,telephony,96,13507.45,7.0,3.8
2018-08-01,SP,toys,78,9169.77,5.5,4.1
2018-08-01,SP,watches_gifts,168,28190.49,5.4,4.13
2018-08-01,TO,auto,1,45.18,14.0,5.0
2018-08-01,TO,computers_accessories,1,60.98,21.0,5.0
2018-08-01,TO,consoles_games,1,200.38,13.0,5.0
2018-08-01,TO,construction_tools_lights,1,311.79,8.0,5.0
2018-08-01,TO,electronics,1,44.17,15.0,4.0
2018-08-01,TO,fashion_bags_accessories,1,81.47,8.0,5.0
2018-08-01,TO,furniture_decor,1,813.57,8.0,5.0
2018-08-01,TO,furniture_living_room,1,283.02,7.0,5.0
2018-08-01,TO,health_beauty,1,51.03,14.0,5.0
2018-08-01,TO,housewares,1,66.93,8.0,5.0
2018-08-01,TO,telephony,1,301.46,18.0,5.0
2018-08-01,TO,toys,1,111.56,12.0,4.0
2018-08-01,TO,watches_gifts,2,293.97,10.0,3.5
