review_id,order_id,review_score,review_comment_message,predicted_stars,model_confidence,agrees_with_rating
bb60ab3cfc75a214bde519e7933f0d68,4f2d72bec3f76b37047967ded26335f2,1,"Foi enviado produto Diferente daquele do anúncio. Solicitei devolver o produto e receber o valor pago, porém ainda não tive resposta. Espero resolver este desagradável problema de forma consensual.",1,0.814,True
b3b5de8de0875c0892dac314f06748de,81539e7eb97d9fba708603ac8f00b6c9,1,Não comprem desta loja! Tentei fazer o cancelamento da compra por 5 vezes e só fui atende depois de ter recusado a entrega do Correio.,1,0.9,True
77e528454194be0821e7d49fb0eb42f1,364b5f3b94152788007c68501e6c79b9,1,Excelente,5,0.786,False
45fc654a4331da1e43ebdc26322b119f,7c1874537dafaf7092ff655e2d8f3ef7,1,"O jogo de bolas de bilhar que comprei é totalmente diferente do que foi entregue, sendo diferente, a cor, material e diâmetro da bola. Quanto ao recebimento do dinheiro de volta? Como devo proceder?",1,0.556,True
7e63d7013f0ea6a35c9773fde4e01e2a,3fd2328e67f3fa7eefe3738b5eccc86c,1,material ruim. sem garantia ,2,0.421,False
f5b69f682d4217753ce7e7dd59676cf4,69fd1a4dd8b96b9ab0dc82b95be21efd,1,Gostaria de saber por que o meu produto consta como entregue no dia 06/08 ?,1,0.499,True
90206ea85a90179a6f82d6e0761869c7,3645c66b5c03384bc97063c45b29acd7,1,Olá queria informar que o produto não foi entregue,1,0.653,True
c2c239d413c493d844beb67af1a87516,0a31fa5371c2046d273b9fb84e3b2988,1,Já se passaram quase um mês e nada preciso da ajuda de vcs,1,0.628,True
f36b99ffbceabeb3a52181492353ee4b,c7aa0d557dc01880717bbcce8c72640e,1,Falta receber o protetor de porta e os jogos de cama de solteiro,1,0.463,True
3450ec3bbabeb09a08b00fc72da87a30,c46f950813dd2dd9bab4188dceb83175,1,"Boa tarde. 
Não recebo todos os produtos falta o bebe conforto e a base dele.

Aguardo posicionamento

Grato",3,0.384,False
f5eb1bfaedfb54f0f5ec776936172343,5fe5d71d980a06a81a0f27c614ddf0a4,1,Não estou satisfeita com a qualidade do produto,2,0.518,False
f4ac38a0c605e0acf87051fd53a414fc,fd9fd21af695ddc1b8200a18954f7b73,1,"Minha mercadoria não foi entregue , já paguei a primeira fatura quero cancelar a compra pois paguei o frete e não recebi a mercadoria.
",1,0.85,True
a9ede030bb8cf4b63b5ac6630b9c7d34,4351905382d9da2470629f5e764540d6,1,Aparelho não funciona direito ,1,0.651,True
0d5799759045438c9e266f03f5a30a18,171d4e3d9d9ef65b03328734b287170b,1,A cor do produto no site é mais claro que o produto físico! Parece ter diferença no tipo de tecido!!,2,0.359,False
65082ae4066f3c86efb919b4969c7dad,14f71e03c472d2b37384b55708ac8354,1,"Nao gostei do produto. As toalhas sao muito finas, nao enxugam!!! Infelizmente vou pensar se vale a pena comprar pela internet sem manusear o produto, principalmente toalhas de banho.",1,0.628,True
d6a14617b3f025bed0a01359a2f4a0ad,ac8189e5e0b236fb91fbd04c3975b750,1,Comprei duas unidades e recebi apenas uma! ,1,0.781,True
0ccfc62cda902e61bf8dcbc81f24086b,1e07ba4e9a6dafcecd0c46111e477e5c,1,Produto não foi entregue ,1,0.697,True
b9fb7259b39b4b91a8ce7bc62218c86a,b0e40a3e61447dd4231b10489ab96b8e,1,"Não foi entregue o produto que solicitei. Entrei em contato com as lannister e estou aguardando retorno para a troca pelo produto correto, porém ainda não tive retorno das lannister e já está fora d",1,0.634,True
3026fee0918ea1f17c3a24e988e4af8c,6d47b47d25de405d24f3f4c9378e09e1,1,"Fiquei esperando o produto chegar e nada, mostrava que tava transportando mas nunca saía do mesmo lugar, tive que cancelar a entrega, to esperando pra vê se eu vou ser ressarcido do valor! ",1,0.776,True
311cfa581bf477276175ea9bd4a162a4,e40a14dbad08901c276df1547f261960,1,Difícil de resolver um problema na entrega. Comprei 3 itens e foi entregue somente 1 e não tenho com quem falar. Só posso passar email e aguardar resposta. ,1,0.54,True
17fd8b577623e64e4b2dcce81f690abf,6f33b28ba717ec41a3d1e1901d492e05,1,"Até o momento não recebi meu produto. Tento entrar em contato com a Lojas lannister e não consigo. O site dos Correios, empresa contratada para a entrega, não atualiza o status da entrega desde dia 1",1,0.735,True
aa8dd2718e1aa253327c36a6243ab12d,bb64f1e18d5d902401536be66f719e3e,1,"Produto chegou, porém veio incompleto, sem o bebê conforto.
Aguardo resolução.",2,0.409,False
604097d05c7b80206fc808f6781ebfc4,f883e09a1fb01318052c6ab839efb34a,1,"Produto não foi fabricado com toda atenção que deveria ter,parte do couro esta menor que a placa causando perda de qualidade do produto.Deve ter mais atenção do fabricante para não ocorer mais erros.",1,0.597,True
587097f7118d85d573a41d90a06a8fef,4bb595621c2f6ee56c2c25496988f4d3,1,"O tipo de envio ""PAC"" dos correios demora muito , como geralmente a peça de carro e necessária com uma certa urgência deveria ter a opção de sedex. Prefiro pagar R$ 20 a mais no frete e receber logo",3,0.455,False
a5fd451e89e09a05472f66a53df44db1,4392f572045f074cbfacbb5757ac5405,1,Dava impressão do frasco ser maior ou seja o que é tradicionalmente comercializado é de 350 ml.,3,0.356,False
b9b2c5330a4eb9caf9da2d6e2610b950,6190a94657e1012983a274b831d9e811,1,baratheon meu produto não chegou veja aí que eu vou adicionar o Copom.,1,0.729,True
ed572527a5e73f537301486af48a9fe4,e5c7db6481f467875bd4d52357a8f8a1,1,lannister é o pior site de compras na internet muito enrolado as entregas,5,0.68,False
b2ee36b492c8d3846bab15b4e01dd036,ff280fe8985905ec69a41d6510cdcbe4,1,"Apesar de fazer a mesma funções, trocaram os adaptadores e esse que recebi aparentemente parece ser inferior ao que comprei, tanto em qualidade do material como o valor 5x mais barato",2,0.43,False
112e065c1f09645e275f4ca34a4e6617,29baa2288a6c833c165b32b46e4ffcce,1,"Recebemos apenas 01 unidade, porém são 02 conforme Nota Fiscal.
Aguardo urgentemente pelo tripé pois temos a necessidade de 02 unidades conforme foi comprado.",1,0.413,True
d5c5e1e70f31a5a321ab3acc92306f80,5f2aaf089bdf0d14f2357066f139c2a4,1,DESCUMPRIMENTO DE PRAZO PROMETIDO QUE VENCEU HÁ UMA SEMANA. PRODUTO NÃO ENTREGUE.,1,0.886,True
852675513739215804a71ec1be5cfc40,c206348085f589eaf3bcd60a005bb15c,1,Não recebi o produto até agora.,1,0.596,True
aca73a211e54eb67096833db1f7052ca,ee952aac074eb5c8cf647ff715c6d8f1,1,"Boa tarde , não recebi os dois cesto conforme a NF. Recebi somente um , e paguei por dois , espero um contato o mais rápido possível.",1,0.556,True
1458c2f2e4418ad8be2e1d7b01cf582c,340faabdffbbb1609243e82b523fd315,1,"fiquei desapontado com o produto, foi solicitado conforme mostra o modelo e recebemos outro, manchado, riscado, parecia que ja estava em uso... muito triste, ligamos e fomos passado de para outros e..",1,0.763,True
075a07b01e88dd55df852f8b53868850,9c8e60a3e496cdf773216fa56215dd47,1,"Não recebi o que comprei, mandaram outro produto e não consigo contato para trocar pelo correto ou cancelar a compra.",1,0.811,True
d5167be2c15b5e27a01b7d23eebc21a0,e51a8e1d0f0a0cc6eae0b605b53cf9ed,1,O PRODUTO NÃO FOI ENTREGUE,1,0.669,True
73de62e35a3caf354990ca06e1367029,1116c22b8ac5fd55755a1357d17cb070,1,"Lamentável a lannister ter empresas que nem retomam ao cliente. 
Sim o atendimento da lannister do reclameaqui me atendem.

Essa empresa já deveria ser removido site já deixei de comprar pq vi OL",1,0.819,True
d9445b37ccaf193c64e6b142c9b93767,90c3d2abe0d324efde558a3f187018a9,1,"Péssimo atendimento da targaryen. As 2 bandejas espelhas rosas eram p/ ser entregues até 06/12, porém até agora NÃO AS RECEBI E NEM TIVE RESPOSTA ÁS MINHAS RECLAMAÇÕES. GENTILEZA PROVIDENCIAR A ENTREGA.",1,0.897,True
5783dca4fe3c67496b3e831181af9e06,56d1fb4a6598e5323822ae47a4d14c9d,1,o produto comprado foi cabo HDMI e veio VGA. Preciso trocar.,1,0.317,True
a0d08ebbad49b4bd969f6e24375f861e,cf7cd0f395801ff5971596509470129c,1,Nunca mais comprarei a essa empresa . E as lannister também perderam um cliente.,1,0.904,True
c8e029fdec3750244c31f0fc6a0fbcb4,d61923c6cb80bdd877ba63a3c77830f0,1,"Encomendei uma lona e recebi um ursinho e uma caneca cujo destinatário, conforme nota fiscal, seria Ana Maria Pires Queiroz.
Já fiz duas notificações via site da loja e não recebi o retorno. ",1,0.827,True
5ad171e2befd146aac220f83acc3e019,668806d98daef95d0b00c461c8c4afc3,1,Nao recomendo comprei uma cortina é veio só as varetas de colocar as cortinas,1,0.72,True
8cec42e9288d9f84c26b845997b9e36d,e246ac3f62e56576a4f95864cff73495,1,Muito ruim essa marca de relógio. Péssimo,1,0.889,True
d0233fbba83f61318f600b4f27d4e57d,3a3239fa60ea2f77a53990f66c3f1a45,1,Entregaram cartucho errado. Pedi 02 cartuchos 60 xl preto hp e entregaram 01 cartucho 662 xl preto e 01 cartucho 662xl colorido. Aguardo a troca ,1,0.717,True
65cc6f4acccbd752463a2e5da7a6f2b5,f5eb5acec9783ed29ec9e62f521e409e,1,"Meu pedido foi entregue pela metade. As réguas vieram, mas as tesouras não. Aguardo um retorno da loja",1,0.738,True
f795d9f4c493a881550727dec2a8b2d6,9c9de9ca209ab5a4f0b1e55730231247,1,"Comprei 02 jogos de cama conforme consta no pedido e recebi só 01 jogo.Quero solução do problema urgente pois já paguei a primeira parcela, estou sendo lesada.Sou cliente antiga do baratheon .",1,0.739,True
8f439ef151ede5e0681f757fe866e581,5619a43b2e52eacbfaafc5c569c1866d,1,"Boa tarde!
Quero saber onde está minha mercadoria",5,0.454,False
f79e78e91624c1c6b5275b376bf53956,bbca89624572b1532cc19840d3ad81c8,1,"PRODUTO ENTREGUE VAZANDO DENTRO DA CAIXA NÃO TEM UM CUIDADO SE QUER COM PRODUTO, A ENTREGA FOI ANTES DO PRAZO.",1,0.463,True
356069a1b058890bc0a362033a8a1a65,18eadded4d37d643ad53765a205ad45b,1,"Apesar de falar que o cooler era compativel com o meu purificador na descricao do anuncio, NAO É.

Tive que devolver. Ou seja, esperei a toa.",1,0.671,True
ab62d142ee277026400f4201da36cedc,77670d903936f910039e218bb3ea400d,1,O descrição do do produto no site .sobre o tamanho não confere com produto recebido....muito pequena .....,2,0.406,False
3e165ba71cdc6c2a5dd18136eb8a3bb1,6e163fdf1ba2f182f3a922e26d690c09,1,"As malas vieram com rebites todos soltos.

Tive que gastar para arrumar as 3 malas

Não recomendo ",1,0.728,True
0de6a1e4db45949471e4bb262d2fd317,f98dc0bb1b5d1102af20837256cca2c5,1,Pedi a cor L2 e recebi a cor L3. Se não tinha no estoque era só avisar ao cliente se ele gostaria de esperar ou cancelar o pedido. Agora peço para realizar a devolução e não tenho resposta.,1,0.714,True
6ca6687c5fbfd2dce06daaec628bdac9,db0335818a0e49d9d5bbe1ce0a99310e,1,Loja sem vergonha. Não entregaram o pedido e tiveram a descaração de duErem que eu o cancelei. Porcaria de vendedor. stark escolheu muito mal o seu paeceiro.,1,0.81,True
7ff3e4a8c40216cdc78be392af8550f7,07926fd3755c862341b7c7a15ef40b30,1,Meu produto veio errado. Outra estamos. Fiz contato no dia do recebimento dia 24 para devolução e até agora nda...estou aguardando ainda...,1,0.761,True
358b73416229bf19ff44882eab4a9e67,6a84c0dc9f5ad55bac8d9847b9556719,1,Não recomendo está loja ... pois eu comprei duas cortinas iguais e só me mandaram uma e na nota veio com quantidade de duas... já liguei para a Americana e questionei estou aguardando uma posição,1,0.721,True
96ec32719edab5fd4f9cb4d83f7442d5,a63e4b82c362c488802abe5a133440aa,1,Na embalagem consta que é de 500mg porém cada cápsula tem apenas 75mg. Propaganda enganosa.,1,0.784,True
67c2557eb0bd72e3ece1e03477c9dff5,8e17072ec97ce29f0e1f111e598b0c85,1,Entregou o produto errado.,1,0.6,True
a169c853a5ba10abfccb9c9afb06aa60,af07804a2d53e8639954baf97fbf803a,1,"Recebi o produto cheio de defeitos. Já solicitei devolução do dinheiro, estou aguardando retorno",1,0.868,True
b23884a121b0d630f7f4a8120aa9b0e2,92636fba2bec02c660ed866c0ab6f4bd,1,"Boa noite,
Só recebi o esterilizador, não recebi a almofada.
Além disso, o esterilizador veio com a caixa aberta/rasgada.",1,0.518,True
eb5f2defb45b78b66830c995445905f1,4c9765e8d244352198202cf29ffee005,1,Recebi 01 item apenas.,1,0.648,True
3b3281d06d8ec237c3e2b4e7289ca9d2,cb415863b9b9ae1341b2deaebdc88c9b,1,Demorou muito pra entregar.,3,0.337,False
60b24f8ff7973a143b7a780ef137d9d2,10b26ae59835a2a63aa53e2da4ebefa9,1,"Recebi o produto de uma compra que foi cancelada pelo site no dia 07/05, e estou muito chateada com isso.",1,0.728,True
7e0f1dbfe47241f795a87b8608543ab1,6768c474e9019cdd1b5f11bb7a126f8f,1,O produto não foi entregue. Nem se quer chegou em casa. ,1,0.782,True
37dd8616498acf166d5762949d546cff,5651d145b842e1a67239f35b7c6ceb18,1,"Olá, meu relógio ainda não foi entregue, por isso estou aqui, com certeza ocorreu algum problema e gostaria de saber quando vou recebê-lo. ",3,0.279,False
58895020ac6c708611d3b9fdadf0b644,27d90e6110e8c6168bf04f4efc4b936e,1,Não sei como a lannister resolve usar o próprio nome pra vender produtos de um loja tão descompromissada com o cliente. Não respondem o meu e-mail reclamando do atraso e da falta de atenção . ,1,0.804,True
d058dca0fce39b0bf287bd8729f7c08c,e09dd765041e9934d762d51ccb26adee,1,"a loja enviou outro produto no lugar, sem previa autorização",1,0.689,True
cfdaad4299ea1227e28556580f27d8f8,5cca24359ca7443aa609e17be46a0990,1,Recebi o produto errado danificado mal embalado e parece ter sido aberto. Parece que o produto já foi usado. Quero o produto certo. Alice número 49 funko pop vinil. Recebi o 176.,1,0.714,True
84dbddcea45a1134640eec4e9c849d96,83f0c4c6b1a3c31214ca8266dc888258,1,"Das cinco cadeiras que comprei chegaram somente duas com acabamento em tecido, o pedido foi feito com acabamento em corino...
",1,0.481,True
44ac2cade7f998f3abe60001a13a7002,49fd840f83db20dfb9558764aee35a33,1,"o pedido eram dois jogos de casais e só veio um dentro do pacote.
Além de nao entregar no prazo ainda entrega o pedido pela metade.
Peço providencias urgentes. ",1,0.727,True
2de909c9653925c9bdb502826aaa6c1c,3f9c0ca2b7837ae6d1c8fa78e9b8e139,1,Preciso fazer o cancelamento dessa compra pois até agora nada foi entregue ,1,0.705,True
6333f24e6ce005da87ff16181fcaa7a7,52acad099b2a57fc90af92b1078c1cb3,1,"Eu Comprei dois óculos e vieram dois brincos 
Quero trocar o produto",1,0.611,True
797f76570719ad7b58952097d86a2e97,b56383d16b2ecad95ab7737504e59d49,1,não recebi 1 cartucho e não tive retorno do vendedor e nem do baratheon. vou ter que cancelar a compra se não receber contato. mas a falta de respeito em não receber retorno me preocupa,1,0.604,True
65fccf4e7427ed688e24d54921e86287,2a0c9271a9b5e2f5932bdcc2a0b89200,1,Comprei o Kit e a película que veio é para o Iphone X e não para o Xperia X conforme descrito no produto.,1,0.295,True
7b85c6acaddb354af9aa840528838d9f,33a3edb84b9df4cb49546859b990ac6d,1,Minha opinião é que se comprei o produto ele tinha que ser entregue e não receber um notificação que seria dado como entregue o produto...então a empresa me devolva meu dinheiro!!,1,0.793,True
51189ef7b599ff019ba242f384468319,c262d9407971d247fc7683fc716ab9ab,1,"Deixar o cliente sem notícia do produto fica complicado, o aplicativo só diz que a nota fiscal foi emitida e agora recebi um e-mail dizendo que não tem mais previsão para entrega",1,0.679,True
2cea41cfbf4bd5cf5dbf24c517018cea,e4701cf302a9b3cc9efc51f06f354ecf,1,Desejo a troça do meu produto o mesmo veio em tamanhos diferentes ,5,0.328,False
3396ffee57f117be6cd96b8a74211aee,cc0a676b66d4a6615ad8125548b44d12,1,Impossível usalo,1,0.552,True
6addb9bbfea477d2da68d2aa091c6e1e,70ffdf594d9f10774b05b0e2f55b0eac,1,No site estava dizendo que seria 2 litros porém me foi enviado um frasco de 500 ml,1,0.442,True
4d7742319d8d9d6d9df4c387ca99ba30,836128c0637ca6a0c2dbe0c00cf19d99,1,Comprei um cartucho com especificações originais CANON e recebi um cartucho recarregado.,1,0.244,True
55407eb6d0b880a2bd33b3abd59eaf0e,f2b620afa1cd911f5bce90e1f9646760,1,"Produto não foi entregue. Sem resposta das lojas lannister e sem respostas da empresa responsável, apesar de ter entrado em contato.",1,0.82,True
a3f3171974a20833fb10286e268e5340,22d494f5aa645ca9c597962040fc930f,1,"Não recebi, pedi reembolso e o crédito não entrou na conta ",1,0.868,True
8dd305432df27d5ecae8ea11144325ea,fc83eb7b2a806cd7c4ed7abaa9af49e7,1,Cancelei toda minha compra e até o presente momento ninguém entrou em contato. Que atendimento péssimo ao cliente. Cancelei 30 min depois e os canais de atendimento são horríveis. Ninguém resolve ,1,0.956,True
7d6ba969ba93e86ed87d563c1821616b,cf5c8d9f52807cb2d2f0a0ff54c478da,1,Fiz pedido de 6 produtos e só recebi 2.,1,0.597,True
5a61a9f35bdb41a247718ae2484867cf,7fc930983a4062abd3407e7d6a0141a5,1,a Entrega não foi realizada. ,1,0.677,True
6396422a1d5d23cfc76ae3efb36b5e81,91663de20f19686d62e4dbc0087fcf62,1,Disseram q o produto tinha em estoque e depois da compra não tinha mais o produto. O que acarretou transtorno e um enorme incômodo para mim.,1,0.786,True
5f938e5f5f2e9a75710b54feeb9ea610,d9ff0185a300435402f043124f530274,1,A peça não serviu,1,0.676,True
36ad6edf206cc33e3c28717f38bae8d9,a33b289433334b5de7fc4a053c290af8,1,Não recebi o produto ainda. Muito atraso ! Nunca passei por isto em nenhuma loja. Muito insatisfeito com o serviço.,1,0.887,True
bf0766bfddb4202cfafd1b6116887fe8,663f241698c041a1ca4f0b713327f0b0,1,"Produto veio com lacre violado.
Embora aparentemente parece que não foi usado, mas o lacre violado não passa segurança. Ainda mais quando a gente compra para dar de presente, o que foi o caso.
",1,0.55,True
f4bf62d2fadf72fd9528ce4a5c07ff38,f086346ea98d5d90079f0d0503699d93,1,Espero que eu receba minha mercadoria.,5,0.383,False
c3039a71818e8c4ebe2f1a905ab1f863,8fb030b413de395dcbb7cb1a3c9b256e,1,Demora muito e eles não dão satisfação pelo motivo do atraso,2,0.558,False
e51f7033d396aeea9374fd60ca39a2d0,ca7d7c95b0f170aae8a2ee59e2f24f66,1,Meu produto está em atraso era pra ter sido entregue no dia 10/03,1,0.672,True
1f268f4c40910353ebf678706bf93877,774189d7c5cbddd496b190c3c0f9de56,1,Não recebi o produto ,1,0.753,True
0cd96cc6f2fb57d0276dde659e920165,1454fd9eec5f4140bdbea254680361e5,1,"O produto é de péssima qualidade, a imagem é descrição não são fiéis ao produto",1,0.869,True
fb6d1e2f69d79f643ac42db6d3a247a1,17a64f4aa50ee9ab751db1cfb720776f,1,Não gostei da embalagem,1,0.44,True
8b239ad1265cf684f4cbdccbbbe4dafe,db2dee8ce25524ad8374fa6d1b11849b,1,Ainda não veio meu produto. Espero que semana que vem venha com segurança. ,1,0.535,True
27bb48e9d6189b09e21b69b62f8c4097,f3e80ce79cc543e78b626ae391d7ee5a,1,infelizmente essa compra não foi bem sucedida,1,0.598,True
4d26e9266f1c77fec7f20bc7b9bc72dd,b642a3e08bfd10119c9b7e948c936e93,1,"Efetuei o pagamento do boleto, mas o objeto não foi postado. Tentei contatar com eles no site, mas o envio do formulário deu erro. Enviei um e-mail, até agora sem resposta. Não recomendo essa loja.",1,0.778,True
d4256716da795c8b5dca30dccf18d6f9,754e0ef304d14ac589b026c5442c12bd,1,Não recomendo a ninguém a empresa pois até agora não receber meu produto . ,1,0.871,True
f3c6e7d738482de2b650baf678759d11,a684a880595e155b09caa69ea219257f,1,Até o momento não houve o recebimento do produto,1,0.374,True
8236417ad9cf970573cf2dfdacec47ce,093b4a025c91a570d1f3b60d428b60a0,1,"As compras que fiz no mesmo carrinho foram processaras de forma separada onerando o frete, uma das compras demorou demais para ser enviada e ainda não recebi o produto.",1,0.648,True
27c06cbbb2a7e2fd3967743bb26ff619,db6b63568221b91ede8c733e175bcb0f,1,"Recebi apenas uma garrafa do produto Limoncello Italiano Premium Coppo 700 ml
",1,0.532,True
63a92248aeef614bdd06f73933f89532,6468b5ffa2abf8b82f3c5ff91c6fe9eb,1,Comprei dois intes e só chegou um,1,0.562,True
3b838d7cb25f28fe79abc1fc679c853b,85aa425106ebd563ef29f08d6cb0f4d0,1,"nao recebi meu pedido, e agora o que faço",1,0.509,True
cfde9eedf66ea80951b92b9ebb7a0853,e76aec3ee261c5d2badb4c971b4e44cb,1,o produto era pra ter cegado até dia 18 e não chegou,1,0.801,True
7015ae1a43e51e25b13198625e8ccd91,4531bfc9fa7b2b7582a6dfad40fa0215,1,Não recebi nem uma satisfação pelo atraso,1,0.626,True
2521ded73db8561e0fd8df85eeeaaf5e,265271dd979e1221bab55d039af24b37,1,O vendedor entrou em contato comigo mas não concluiu a venda,1,0.554,True
df92ed71cfc3be12198e0a8217fd5af7,0572a001d46280ab9ab95964665ff768,1,A caneta espiã não funciona queria que vocês manda se outra para mim pôquer que vocês mandou não funciona não carrega não posso ficar com ela sim ,1,0.777,True
06a3c6cfa8c3865036085c126a95268b,50d338eab6621c8872eb362f57f47fad,1,Comprei dois produtos e já estão com atraso.,1,0.527,True
0ee4eed6279555809f98df5866811ad8,eae7c385faf129f9e3dfa314bda4d979,1,"pedi dois pacotes so chegou 1
",1,0.666,True
2e6b4bf87df432147106be62e5a425b9,25fcc160aad54c81aad28f9f71cb4cba,1,"O produto em exposição, não é como imaginamos , entregaram na data correta, devidamente embalado, mas se eu tivesse a oportunidade de ver o radio relógio físico, não compraria. deixou a desejar infeli",1,0.585,True
f31f7df1eee767691a02c580df9fe069,9fcf3a22a927c64dc1d0c8744634bf09,1,Nao recebi a encomenda. ,1,0.589,True
92c585d6e2802f46c8f12f813c642c78,9af89743e7144e56b5e028a248174ef1,1,O produto chegou no prazo! Mas o material é inferior não compensa o valor. Não recomendo ,1,0.593,True
6d1443d9faf4dbd6c1fd6c377ea11b3e,9c67cdf1fabbdfbdf49b97bd424b2500,1,"Comprei 2 (dois) kits compostos por capinha + película de gel... Veio apenas um kit! Faltaram, portanto, uma capinha e uma película...
Por fim, a película que veio era comum e não a de gel.",1,0.407,True
05a82ef7eec443d16dd35560ec541067,ed5c53daefe487fab95ccd2afaf61bb0,1,Demora. Eu compro tudo pelo baratheon aí vem tudo separado no cartão. Pq as lojas são diferentes. Horrível,1,0.655,True
f50690accd694abff405939a082f6468,4801b9cf238c2c9098bd66a5f092c2da,1,Estou aguardando o envio do produto há mais de um mês. Sem resposta da loja ,1,0.601,True
84d15544e1fd5221b812cda0d23ae242,64a9f2b487f66506d463ca18152280e8,1,O mocho não tem nem 6 meses de uso e a parte da estrutura já está rachando! Produto de péssima qualidade!,1,0.916,True
3310345582c65826f31d3c331aab7a11,f3a9533be7d4d89807905327d3d9a90f,1,as toalhas são ásperas e fininhas. Bela propaganda enganosa,1,0.906,True
c08738e6a4f03cdbcad1c12bd1233339,c21fcb36121a9b1c65eed7b20f0862bd,1,"o produto não veio como esperávamos, não deu certo pro carro.",2,0.473,False
105facb42b5b9147996f0b1b6fbf7b80,04c3bddd55df58e83123e3b174855489,1,"Holá!
Não recebi o produto é nem um telefonema referente ao que comprei.",1,0.765,True
d01f8861801088198e20d318cb4e370e,76ac5a9b38c945eb910681d171e98c55,1,"Deveria colocar mais detalhes do produto no site... Eu comprei pensando que o tapete era daquele tradicional, não parecendo um cobertor... Não tinha foto da parte de trás do tapete no site... ",2,0.444,False
58daa93434b95fb3a346b4960fdf2872,ef65b956d32f49ca2de73231303e80b3,1,eu recomendaria loja mas o produto não...na foto e mais bonito...e de pecima qualidade...com costuras engrugidas...e tecido muito fino 😕😕,2,0.495,False
2a8f99537dc66ad1299024fb9d439070,8c698ded819cb4d7c0fa6be003d08768,1,o produto veio pela metade e veio outro produto,1,0.681,True
3779beb6df9f934f2245267e6e3cc92b,5128188ca97d5ec2767217149eb8df4f,1,"Atraso na entrega,e não se consegue um CTT com a empresa",1,0.524,True
04b864df69259d7372fd50fd10d05bdd,3c1ceafa085d9c28c784b0ad99895a6e,1,Só chegou uma capa a transparente a fumê não chegou,1,0.681,True
49d2adc9f4769531d15b81e461e4e82e,f299e3cfbddf9de401e1f1adf33cd788,1,"AINDA NÃO ENTREGOU TODO O PEDIDO, ALÉM DE TER MANDADO A NOTA FISCAL COM O TOTAL DOS ITENS, MANDOU NO FISICO EMBALAGENS SEPARADAS PARA 05UN. 03 CHEGARAM NUM DIA, 01 EM OUTRO E ESTÁ FALTANDO 01UN.",1,0.802,True
d0f2985aa442230cb24eecd798bd7b9a,fe8557bac7755475950823aa9b15ebb3,1,Produto não funciona.,1,0.833,True
492d69b4cdb03d9222aa6516eb72ca87,c1ecc1e54515cde540ca84bb519839b1,1,"Não recebi o produto, solicitei devolucao do valor pago no meu cartão de crédito e não obtive be nenhum retorno",1,0.896,True
f30482f0795f129be4f6587358f9a547,c711de196a80086f6a5e179979fa4557,1,"Realizei uma compra na loja toca dos peixes, porém me enviaram o produto diferente. Muito insatisfeita as lojas parceiras da lannister. Espero o mais breve o código para devolução do produto.",1,0.699,True
ac38fd649a97fc21dca05c96aca79bae,0d3e9a1db3f3e32d92a74cf84605172d,1,Não gostei por q o produto veio sem o veu da frente,1,0.67,True
7eddc1f788a76f00f6de46a71124e1fb,04f15733e3974c4127cb066cb835cdc9,1,"Conforme o próprio email de voces, comprei 2 almofadas para bebê na forma de elefante, mas recebi apenas uma. Fui ao correio, mas não tem mais nada em meu nome. Gostaria de receber a segunda peça. ",1,0.609,True
df3619b5ba66c4bfbc8ab2f5b516ca02,41ce37ddfe9f8781e7ac936e4e7c6100,1,O produto veio faltando.. Comprei 2 unidade veio só uma e agora?,1,0.641,True
9771ac7787f1dd4938728130f370ec4e,d49cc0e98373ebdf3a080d3bad016283,1, não compro mais dessa parceira do baratheon fazer 30 dias que comprei nem a nota fiscal foi emitida ainda.,1,0.787,True
3110278ad7d97cc934001347910cf6eb,296dcb26190e9bfc5bb480b367c93840,1,Produto entregue foi totalmente diferente do pedido,1,0.44,True
37bd872bb86f7492f666ce6a2def8c10,8681822ccf2aaea9124f49a2a6dba7b1,1,"Comprei e paguei um produto em 03/03/2018.
No dia 19/03 recebi mensagem da lannister.com dizendo que houve problema na entrega nos Correios. Desde então tenho reclamado sem obter nenhuma resposta.",1,0.914,True
47ff18d217d86cd7a9ddef80e7e090e4,fcc1d095fad4806c94b96c7bbe51188d,1,Comprei 10 e recebi somente 5. ,1,0.593,True
5845cb7b6b04b4a27a9058ff3580cdfb,de859e22b1ba2980cdd352637fb1ab0a,1,Comprei um kit mini berço e o prazo de entrega foi no dia 14/02 sendo que até hoje não foi entregue e a empresa não me deu satisfação alguma ou alguma outra data para entrega. ,1,0.645,True
48ec5e1b122291eee51b89664e1cd22a,f54cbc3f957ff9982ed80d289647f592,1,Não recebi o produto. ,1,0.74,True
5dab20ed6ca66f9cbde95fda3633699a,67ca959c49356f3b0b6ec2b340cabccf,1,nao recebi o produto e nem recebi meu dinheiro de volta eu quero ,1,0.818,True
a4d19882d4145d456cb0eb20b6126f7d,cf788ee4258fde5130bb5651bda63918,1,"AINDA NÃO RECEBI O JOGO DE LENÇOL, JÁ FIZ RECLAMAÇÃO E A EMPRESA NÃO ENTRA EM CONTATO",1,0.829,True
c7fb23cd8188e9ed9136d6b84ec117c6,6a6c7d523fd59eb5bbefc007331af717,1,estou aguardando o produto chegar,3,0.245,False
a4379204b87e1d13d1f6d0e6ea10ab32,a557df88b44a07cf9885eb897089f0f9,1,O produto entregue não corresponde ao produto que eu encomendei. ,1,0.662,True
8f2f754cfd6fa2ce3640534ee1e31032,4266ef14bd1c34c83c3c54ff7ad2f215,1,"Sempre que alguma loja envia meus produtos pelos Correios, tenho problemas. Sempre atrasa muito, quando não extravia...
Nesse caso específico o status não é atualizado desde 08/01",1,0.61,True
ad75f3578f7e8da7f2cb2eb8889f7c6b,d1594d3b636b86cf4ce22e2ca650a55c,1,"Não parece um tapete, parece um jogo americano de tão pequeno e fino ??",1,0.511,True
6eb22fdbb42ecce1a902bab10ce2520c,008dd5e80ebf8f849aa0c5bf4e22ce7a,1,Me entregaram um tapete errado. Estou aguardando providencias,1,0.646,True
fea381af131fa1f23c6acc361ac863a1,fc1b451bcd04f122c92cae4e31a12eae,1,Aguardo recebimento ,4,0.441,False
4449598e549875432d742233d513b04f,2636a02ee7de9590df86a4c24b739c49,1,"Efetuei a compra, tudo normal. mas quando já estava perto da entrega, colocaram que o produto estava indisponível.",3,0.39,False
30ad3d8cd8d9f6d2dc3d15b529624865,d2927bf34d3adc3b878e226b7af91519,1,"Comprei 2 capas de travesseiro e um de colchão, mas chegou apenas 1 capa de travesseiro",1,0.411,True
3464178c3faed85089af71d503825d91,3f7e2597afafe07f94a15e7f5da01135,1,"Olá, a descrição do produto não corresponde com o modelo recebido ",1,0.546,True
1e50ddb7864b1a9b8429ea51580a4681,4817db123f2751c4c12805d5715a51c5,1,"Produto bem inferior as imagens, a grama veio toda desfiada e soltando as fibras !!!
Só não devolvi pelo urgência em usar.",1,0.659,True
1e32ab40e482ee74f849efb4d9feff85,841a1c15177c6184088d268bc0f263f4,1,Não recebi o produto e não tenho nenhuma notícia,1,0.805,True
ea6b61bd3a7a9721897bd347ff35bbd6,34605af753e44da907f983de0082faaf,1,Não recebi mercadoria,1,0.598,True
d22d125ddbcf16bf1e9ef3c015d3e6fc,fc42360e860cbdb1b3200acac82cd5ca,1,"Estou muito insatisfeita pois solicitei o cancelamento no dia seguinte à compra e de acordo com a lannister, após 48h eu teria o retorno da solicitação. Até hoje nenhuma posição. ",1,0.866,True
35f342e5bd1fb0a1cc01a23f93d3e8a5,fec76d3c7d37a989bdd3a22911340c75,1,"Estou aguardando o produto até agora!
Espero que a loja lannister tome as devidas providências.",5,0.486,False
1c0c84f0e3132c3af0a17f0aa4987879,24cdfd401a113857553214161447483a,1,"Muito ruim a qualidade, as bordas do desenho veio com aspecto de queimado, não consigo tirar a pelicula da frente do espelho pra ver se afetou o mesmo... sem adesivo pra fixar. ",1,0.495,True
a62a003390fcdcaf2eaa2faa524ab517,7c0659561e8e95e839b8a4f9f4b6fab9,1,Maior controle de estoque.... colocar l produto como indisponível antes do cliente comprar para q não tenhamos todo esse transtorno no cancelamento.,1,0.523,True
9d1951b2e22aeea4d08375975db9a7c2,f697830f52a6a751ee9469385da12bf4,1,não foi entregue o produto que seria na data de ontem 19/12,1,0.755,True
e9d6f6e5f41ca819d7dbeb756effb634,8453dac90d79a1163ca3cc4399801d62,1,Demorou pra vim e ainda veio errado o pedido Nice ,1,0.441,True
9be34edbd1b2918f84d5724e2eaf9f36,09854629eee79bc8d606247198ae822b,1,ja enviei mensagem e ate hoje não me responderam . so recebi parte do pedido,1,0.69,True
a12b8d53aefce2a1c10541c611fd6c97,23c312ca9f0242a48a95e5643bee2645,1,Recebi parte do pedido. Somente o whey. A creatina não veio. Mandei email perguntando sobre o ocorrido e ano tive resposta! ,1,0.72,True
929891cbd2bb9286479723674fb08fcd,7c9b23cecbb5797db15c8a34ef95616d,1,"Produto inferio ao da foto, ponteiras que vieram não são compativeis com o produto",1,0.656,True
17bf199dad9351d93c2c7b35963b5e1a,bdda3ba1c505bc39ff2117e340280a74,1,"Na impossibilidade da entrega ou do produto, penso ser no mínimo necessário um feedback.",2,0.358,False
b7113dd0e2d78074dd3d6db389d22ce3,483c22865f4aa9d0bd3cceb535b176ab,1,O produto não foi entregue até o momento. Estou insegura quanto ao recebimento,1,0.626,True
9325dc8071e925fe198df567ad98a265,052b7ade468bbc426187ed75fbc1fb3b,1,"Produto não veio conforme o descrito no anuncio e um deles veio com defeito.
Solicito o reembolso.",1,0.791,True
4f058f79427c719b0b603b7cad80c48d,860e7b15d9daf5ec2b4357fb6cb57f43,1,"Produto barato vendido no camelo por 20 reais , veio sem o celo de qualidade , sem etiqueta e manual do relogio , veio numa caixa simples e nao na preta original da casio ",1,0.623,True
7c0de218885cc260013e84382ecff66c,fb22db4615517f44f8312846412a25bf,1,Entrega atrasada!,1,0.515,True
c07a6358e59212b12718d0d51d6cc717,ecb9b15795b8962c43e024cc97611605,1, O jogo de cama imperial lençol king 4 peças não veio. ,1,0.549,True
af135616375bc121feac10a8a3a8234a,6900ba78f72feb30643f7c2e2ebb3aa1,1,"Não consigo obtive nenhuma posição quanto ao estorno, produto não chegou.",1,0.814,True
7d0b3cf7c1112ffb5aa75000c1fc0067,6dcf0aeb8b1eb4021c26e1d0e9394979,1,"Na descrição do produto no site da lannister havia informação que Painel tamanho 3,05 metros de largura x 2,40 metros de altura.
Na embalagem contem 03 rolos de 102 cm de largura , foi o que comprei",1,0.325,True
1b5e333f09bc4e8e48046bfcb658ec3c,584f220e644d75e103f1e3a2f7a192cb,1,"Efetuei o cancelamento deste pedido e ainda não recebi estorno. 
Se nao me retornarem vou acionar o procon. ",1,0.689,True
6b2ee488cd87d8a9ee67eb63ad5a7a4c,d692ef54145c9cb3322ec2e5508aa3f4,1,"Prateleiras com cantos vivo, colunas nao encaixam, faltam arroelas para nao danificar a pintura, prateleiras chegaram todas amassadas.",1,0.603,True
c146e158d599a66bd87e06719fb4df0e,86c533ce44691f0e2aacdbba0442170a,1,Queria saber o que aconteceu com a entrega pois desde do dia 04/07 que o meu produto não sai do lugar estou acompanhando pelo site da lannister todos os dias e não tem mudança no status ,1,0.352,True
cd5456007623da2dd224661d1e058130,a4efaffc506a395c9cea7402b078c1e5,1,AINDA NÃO RECEBI O PRODUTO,1,0.639,True
7a9ff80558dae3bde8afdaf0d0e441f0,7748ff99ce730984ae58e28b2573feb3,1,"Meu produto veio errado, pedi um estojo de pincéis com 12, e veio um estojo de tesoura no nome de Gabriel Leão ",1,0.779,True
baf908e16982c8277ad48c00fd87ad25,2fc9faf8c6b3ffe951029b8bae263bb6,1,"Mandei uma reclamação para a Americanad também, não me retornaram. Ao invés de vir cadeira cromada, veio com base de plástico.",1,0.735,True
85c3fab7771ced653dbe847f5aeff215,4b60fd433160958739b4e6194d1c9e76,1,O site é bom mas não recebi todos produtos.,3,0.431,False
162b120a0f7ef32e30a39603890a7e16,fe1466a3d7546b7ae29bcd953b472339,1,Acredito que o problema esteja nos correios mas o fornecedor não entra em contato para resolver a questão.,2,0.353,False
e6c6d2dd67da56c2d77b24cb73ff2354,a6a81ef0cba0e11e230b4d19a6e8c559,1,O Produto não chegou.,1,0.779,True
6dcf665855761aabe8853ff99498a892,1263bf7619d0024e7a8b211924e1bbe6,1,mau atendimento. ate agora nao resolveram meu problema. ,1,0.421,True
9a8df2e4464fb7a7de8e3e344ea2926b,2ce193276df0831b86cf55d9c47ce8a8,1,"Produto de péssima qualidade, nada haver com a foto. A saia não é reta igual na foto, fica cheia de pregas. Não compram, só queria o meu dinheiro de volta!!!",1,0.969,True
ffb3765587ac579eca818529e367babc,504779028c4065be89d73e2b2aac60e2,1,Recebi o produto dizendo que era de fundo rosqueado e quando chegou percebi que o fundo é parafusado. Não gostei!,1,0.63,True
84143ae342659d4bc83147adc65f6363,f88aac7ebccb37f19725a075331ade3e,1,"ESTOU ESPERANDO MEU PRODUTO ATÉ HOJE DESDE O DIA 18/12/2017 , MANDEI INÚMEROS EMAILS , E ATÉ AGORA NADA FOI RESOLVIDO ! ",5,0.487,False
f45abfd8b363d4cd5c626a979dd82c3e,8f4d9ae2f2a9008353f4295f2985ad76,1,Demorou muito e cancelei a entrega,1,0.496,True
2ba421643761914bd49c60fd592965f8,44551b161630b0e90e73ed35fafb4268,1,É a primeira vez que não me entregam um produto. Fora isso nunca tive problemas com o site. Agora só espero meu dinheiro de volta.,1,0.856,True
4f2d420b33665f546c373953c8dfb5fd,523824180b3b651c5d233b761bdd7597,1,"Não gostei do produto, material de péssima qualidade.",1,0.881,True
eb83cb19f4f04cff5f39dc892d0db64b,fad3596ad757484b111f9f9377fe7dc4,1,A capa do celular não serve para o modelo descrito. Vou devolver.,1,0.733,True
052c5a33299681185642259725a73992,17f6822b66a6bb2281a02c2c906336a8,1,Só tem um problema. Ela está marcando errado,1,0.464,True
f0929a53fa913931c91d9ed93b9b3b42,0756f4ba0fd88d3e50c7ae0d66edfb4c,1,Estou esperando o meu produto já tem mais de 10 dias e ainda não chegou na distruidora de Juiz de Fora. ,1,0.443,True
33c73c273c59f565d58dbfcfeab2220a,fc84efe54b1182d71cf7b02d2d5828f5,1,Poderia entregar mais rapido,3,0.471,False
6ff033d3000cf4df9f48c7ba3a9b65e8,a027b795d174ac4c8c7fd853838b5744,1,Tive que cancelar a compra o vendedor não conseguiu entregar o produto no prazo.Acredito que a targaryen é intermediario do vendedor que pena.,1,0.744,True
8e7d6637cd82be535e19988b741418e0,f6cc5ac0be9196f2fb3db04bace5cd8b,1,Falta entre lojas e clientes ,1,0.42,True
d8e95a9b5568ed817e67ae830fcbda7c,313e46c49954ab094294fc88b099b570,1,Superou as expectativas...,5,0.543,False
111b4569a1082acde7bc8ba9f33ad3b7,c1ae51115a5ffffd12f15c709654d2c0,1,"Produto cancelado. Pior compra da minha vida, tanto por conta das lannister, como pela loja",1,0.839,True
70d6896017414c74aca1a8f3669ac699,891f571079436f35901706c6abe82ab0,1,"O produto tinha data prevista para o dia 30/04 até agora não foi recebido e nenhuma ligação da responsável pela entrega. Nenhum email, nada. Estou no aguardo! Ainda tenho esperanças de receber.",1,0.875,True
8c92e344d95512b9e60425d69db3df12,a02af2d708eae3995c247d758141efc8,1,"AINDA NÃO RECEBI MEU PRODUTO, JÁ FAZ UM MÊS QUE COMPREI E AINDA NÃO RECEBI O PRODUTO",1,0.764,True
d0e65cc85544ac7aac7dd58c3659bf71,f7ae7cbe3967049e8cf9103d84155c44,1,"Entendo que o vendedor tem que ter a preocupação de acompanhar o produto que vende e, caso perceba algum problema, informar ao comprador. Nada disso aconteceu.",1,0.327,True
1ccb2f28e60b0ccb56e3f643af45b715,bc9c2fb123725ad0d99fb76888543245,1,quero mais atenção para com os clientes. quero fala com alguém e não com uma máquina ,2,0.399,False
398b7a4f507c1b4b4ee29ed3332d0ad9,a5b77614683d41f8c213c366e5c3b3cd,1,Embalagem diferente da vista... fragancia duvidosa,1,0.457,True
8eaad086732cb5f9ec409f56209bd159,909b69f5894c4b1a14264b64f98b4e10,1,"Muito chateado em pagar 25 de frete 
e ao menos enviar no SEDEX 10..
ou algo parecido.

esperar quase 20 dias. e nada",1,0.709,True
208c562073a7fba0e6d10e8296cf3b1d,4ed4fa202c468c14366fbf603c8698fd,1,A EMPRESA NÃO ENTREGOU MEU PRODUTO. ESPEROU PASSAR 20 DIAS PARA AVISAR QUE NÃO TINHA PEÇAS DISPONÍVEIS PARA VENDA. TENHO MAIS DE UMA SEMANA AGUARDANDO ESTORNAREM A COMPRA NO CARTÃO. ,1,0.842,True
afcb715fea002f7c75ed92cd73d48bcf,cc0fd6c51b7543009e47b01e9d14b686,1,Comprei o produto Cortina Decorativa Suellen Para Quarto Ou Sala Cinza 4m e Recebi Cortina Suellen para Sala Quarto 4 Metros Avelã/ Palha. Caso não resolverem ACIONAREI o PROCON-SP,1,0.351,True
8b612347527e89f5124f8a86f3bc6526,bf4f668d122d55a591b4b205aa25d13c,1,"Mandou produto errado, comprei com ilhoes prata e veio branco, com costura se desfazendo. Agora vou ter que trocar os ilhoes pra ficar igual as outras. Não recomendado é não compro nada dela",1,0.878,True
e4c7ec7939d172ccd526d9c8296f1334,6deb36cf66e9099e0a5896a34db6c7c2,1,A ENTREGA FOI ESTAVA AGENDADA PARA O DIA 20/03/18 E HOJE JA É 22 E NADA DA ENTREGA. ,1,0.754,True
648bbc57ced343f46a3627155e8a6bde,99777bf515a44dca96a60ac384e333d9,1,Capa é para o redmi note 4 e não o redmi note 4x. O sensor de infra vermelho ficam em lugares diferentes. Um absurdo!!!! ,1,0.84,True
d41ff464a0cf3ba10b89f133084676eb,2851b4d871e918b7328baeb639dda2dd,1,"Comprei dois e só chegou um, mandei mensagem e nada de resposta sobre o outro transformador. ",1,0.777,True
9b6bd257e5ca3fab677b2296005e6cce,da6ff5aa71571cace6a438da4aff0326,1,"PRECISO COM URGÊNCIA DESTE PRODUTO, ESTA DEMORANDO DEMAIS, FAVOR ME RETORNAREM COM URGÊNCIA QUANTO A ESTA ENTREGA",2,0.361,False
c39a21a55e7947dd3907470ffa879808,3faaf3fd5977e5b69227092accef04bd,1,"A minha opinião é: tenham mais organização, eu ainda não recebi e essa é a primeira vez que um site de compra me pé pede pra avaliar algo que eu ainda não prevenir, estou muito insatisfeita!",1,0.794,True
782ee11f014ed36ea1e161a0cd20d883,dbe2d1c6c34f5c31bb6736e1720c9b7e,1,Nao recebi o meu produto. Mandaram um outro produto em nome de Vinicius Silva pela loja Techno Gadget (Mega TG) uma barra de exercicios. Gostaria de saber onde esta o produto que comprei,1,0.704,True
64dc335ac723ebe7761555e5b636489f,86e808220bf5a6f24b942ef7108644be,1,"Sempre comprei com vocês e estou tendo muito problemas que antes eu não tinha. Solicito receber meu produto o quanto antes,.",5,0.6,False
54043fa6b286f1ea8eb953287130fbf7,e886c6890329e3b34b75f755974c4349,1,"Produto de baixa qualidade, tamanho ridiculamente pequeno.
Me arrependi da compra ",1,0.71,True
e46a9d269af262f79800f1ccdef9cb81,fc3830b4f000e216dc581df9a0e873e2,1,não recebi o produto até hoje,1,0.618,True
17b8e11b72cd14fde38bfb145e694043,39f4de18c3b28bba19ed3eeac7b9ee33,1,Recebi um produto similar ao que pedi e não veio nota fiscal na caixa ,1,0.518,True
388281bb338862f9a32c5bdbdbea907a,88c3545726570a614531a593a21eca1f,1,Bom,5,0.49,False
cb97110491aa0684da30432e20e596c8,978564f73dadc05775f6347d1a508e12,1,"Gostaria de saber o que houve com o meu pedido,,já tá mais de mês que eu comprei o produto e nunca recebi!!!",1,0.696,True
739d388965b6e2284700a73d0369497c,ba403fc6762185ac676fa515ce2b1afa,1,As funções dele é meramente ilustrativa não funcionam apenas a hora,1,0.368,True
9c05fa59cbf3196f5637a54c0349c87d,c52c7fbe316b5b9d549e8a25206b8a1f,1,Zero ,1,0.889,True
d1edb577ae42a8ae774cf6890dee86fc,c3708e02f3ae7cf8e715ce16e826e952,1,Os seis shampoos a seco que recebi e que compunham o kit que comprei estão vencidos. A data de validade em cada um deles é 06/2018. Solicito ressarcimento do valor pago.,1,0.773,True
201f0358b7be59abe89ca124c16d104b,3252dd45c17883d5627d7c9aa1ef9bd8,1,Recebi o produto errado. como devo proceder?,1,0.568,True
10b070189f574f8610a1adfdcbb0c0c7,bf122b1684abe6417e2e2eb2ababa7b9,1,Não recebi o produto ainda!!! ,1,0.766,True
8fc0baffc09969aec5f3e247da79e409,12c9b99637fcd911992b818793dfe8cc,1,"Comprei dia 24/11 prazo para entrega até o dia 15/12. O prazo venceu há dois dias e o produto está no Correio de Belo Horizonte -MG, ou seja, ainda vai demorar vários dias para ser entregue. Nota zero",1,0.81,True
8b4c14417bccab81710772ecb8b23fd6,62a575a2a9f2c005b7ec7ff7dd76d5ee,1,produto deu defeito na 1 vez de uso.,1,0.791,True
33a2798e11aa48957856efba7a68e072,8ec3ff9f474ef9e6324556d1fa434d5e,1,COMPREI DOIS ITENS ME ENTREGARAM APENAS 01 ITEM E NO MEU CARTÃO FOI LANÇADO 02 ITENS AGUARDANDO CONTATO DA LOJA.,1,0.72,True
f5866b458dc0cd28b894fd7ac9a650b8,25fd9ab410ed941187c41224aaecd049,1,O pedido foi cancelado 5 dias antes da entrega por indisponibilidade no estoque. Estou aguardando meu reembolso. ,1,0.586,True
6adf77c19e7a413cfd2409f6cb52f3b4,3190cee126ad6894778d3f21c28b0a55,1,não chegou na minha casa e veio faltando peca estou esperando vcs entrarem em contado comigo se não vou no procon,1,0.76,True
0b637962a16eb130be75783b53f7fa6d,60856ac7677a70cd87ad25d9b34d051b,1,produto não chegou não tive nenhuma resposta do vendedor ate hj a nota foi faturada no dia 4/11/2016 com previsao de chegada para dia 28/11/2016 ate agora nem produto e nem posiçao do venddedor,1,0.862,True
caa54ced32d431c04458697e0790bba1,3d56cf18c16869e9c0d59c4460a0aa30,1,A frequência do produto está incompatível com a rede elétrica brasileira e não foi mostrado na descrição do produto antes de ser comprado,1,0.653,True
e58638dc3d3f312c0c02bf21d1de6bd8,cebd7770cff5bf0d645dae3996972876,1,"Regular enviei o produto de volta tapete veio errado me,coloquei como PAC só que eles não me passaram o código de postagem eu tive que pagar 18 reais para enviar agora tô na espera o correto.",2,0.449,False
8af24f8acc7e355297272485e455ec7f,191bf2b9fb050515f22b85c7011efe08,1,Demorou demais não gostei,2,0.39,False
54290c6a291f86553c6c8e586a33ef9d,5f153c3049d1a1a368e43348928a8047,1,Comprei 2 remedios e me entregaram apenas o1. Preciso dos remedios,1,0.482,True
4a4c931252c1f8d38de1c63e0c9f5713,8ad27f298f11ab1248784468b3fa24e0,1,Paguei e não recebi o produto e não sei como recuperar o valor. ,1,0.814,True
a313afe7018266261f592c10a6b7f751,2fb18b13a1be48e919574ffb28831cc8,1,Adega veio quebrada e fornecedor não retornou contato! Tive que cancelar o pedido ,1,0.846,True
2f788d5b81dedfdb75dbe5345a3a9cf0,2c0032906c603dcc21cd954828fa77d0,1,Transportador não entregou o produto,1,0.716,True
096509bfa7699e1015a424bbd6f9f9f3,47960ca020072a5fa5a8371f0efead69,1,nao sei nao recebi,1,0.631,True
764c8bc0f6bc8607417ca445b2c9dcda,e0be387e4482cc1e135c5ffe3d896885,1,Recebi um item só mais paguei por dois foi cobrado dois fretes coisa errada de se fazer como cobrar dois fretes por uma viagem e ainda me mandar um item só quero meus direitos urgente.,1,0.738,True
8ca61c9d8236a7a84663267e37c26887,b095c03b6a10243a06c58f3f8d2b668f,1,"Não recebi meu produto, deu falha na entrega e ninguém entrou em contato 
Por favor gostaria de saber se vão entregar ou devolver meu dinheiro",1,0.895,True
72b96a42174014fb2b2db17e389a99cd,2f90cbbae872c312d21619dbd02ab3a5,1,"Realizei dois pedidos na mesma compra.
No site já consta como entregue mas ainda não foi recebi um dos produtos.",1,0.575,True
cd7f25452a687f176ba42abe40e68497,c513e47b1ec7f0c630776aff9e942ec9,1,Zero responsabilidade,1,0.783,True
bceb8ea45e016d1107b14400a154e4b1,af1ffd059ac0a5f3996b4fe6c2863116,1,"Não recebi o braço de ducha com desviador, somente a ducha 20x20 com braço de 30cm.",1,0.504,True
2b22e145b387bcfa47c3086c47eee536,06fc554a38ed6385ac2b121049b5cad5,1,"O produto chegou quebrado, a caixa estava como se tivesse sido aberta diversas vezes!",1,0.665,True
60287566381d92821c7beee135ffacf2,f40f7c7b33563806cf705cb088c2cbd3,1,"Sempre compro nunca tive problema. As camisas compradas, recebidas e devolvidas foram três maquinetada. Estou no momento escolhendo outras para usar o Vale.",5,0.615,False
ad989c8dd929c0d49fa24b46c9f4d5e0,c34a43c027fa7de5cb6c02735ada2ffd,1,"Nao foi entregue e no status esta como ja foi entregue, quero o meu produto!!!",1,0.488,True
1687129d720c66653c7740ed536e7cd1,f67026e78b00cb23af0f2ccdb5ee8245,1,"Paguei por dois relógios, porém a empresa só enviou um dos produtos.",1,0.756,True
b434b9258ba57e52ed3586a0dd0d397e,b77fbccc98c4158a1c4e36c61597f015,1,Produto nao chegou,1,0.823,True
38e460a32d4678af3570a66a785be53c,5a72aaf4a78a5e2b0ba132b0e9c21fb1,1,Péssimo ,1,0.956,True
8cff0965039c3325506537c6619c397e,649fbfef8ead059794ca4dff975904d0,1,"recebi somente 1 item e comprei 2 , estou aguardando posicionamento, porque se não vou contactar o procon",1,0.436,True
28e20f3ef22e8795ea14e65f54e087a3,00169e31ef4b29deaae414f9a5e95929,1,Entrega muito demorada. Ainda não recebi o produto,1,0.667,True
c4a9af87a8aa1fb1bbff8073e4bf8fcd,71a9bc15cae2d58e86e4be7ae0ddc592,1,recebi mais nao foi a marca que comprei nao comprp mais neste site pessimo e a entrega pioro,1,0.727,True
c5a815f89971cd69e828bc8c2d992524,8d47519f5c9c42540b37bd3db0492878,1,"Demora absurda na entrega do produto, isso é se eu vou recebeR ele né ",1,0.762,True
3ab604bb3ae7499c318b230e7b5cc6a8,fe67d9fbc13fc8b281cfab9b09f60607,1,"A loja entrou em contato comigo quase um mês depois , me dizendo que , não tinha o produto que me foi vendido e por isso não me entregou !",1,0.758,True
751188982a0f279aa9d98b5ed3ad55ed,f1205199f6295174f518734d954e5da3,1,Somente o Quadro Cofre Para minha Próxima Viagem 33x24x5cm foi entregue.,1,0.4,True
cc0d94987085854c29ad5c5f50c85fd5,d61c0e8066e7a5a2e6071533b9efdd95,1,Produto não foi entregue,1,0.697,True
05aad87920679fc70544a2644c3aa7da,c833391c20c67e486071538365c1edae,1,estou esperando aminha mangueira e não chegou ainda já passou do prazo que foiii estipulado pela loja a muito tempo e uma bosta não chegou ainda minha mangueira ,1,0.799,True
6dead16cf090650fe013d5da3fcf9efb,5e5bd74a101cada2c740d753d8257c53,1,"Comprei para presentear meu marido e até agora não recebi, em contato com a targaryen responsável pela entrega o prazo uma resposta expirou e até agora nenhuma informação sobre a entrega do produto.",1,0.69,True
fa48d7b084c870451ee4e5e3676bd8db,5ca60cc1a00a1d2f3090cebdd57c696e,1,"Produto correto,porém com Avarias na parte interna e nos pés. ",3,0.595,False
90580070f02117b8c9176f3982a98c9b,3a119f52de09d1b2700815732def8b47,1,"Produto fora de prazo, não deram satisfação alguma, compra realizada no final do mês passado, tendo passado dois dias da data de entrega e o produto nem saiu pra transporte.",1,0.854,True
f58ffe05a2a9a1f382fa553857768580,f4471dae8c482f51aa1826cd9f5d4433,1,Recebi um produto velho ,3,0.26,False
c05da7d39582121a95173363a0a52757,686c017e3f991d5b96cc80cfb89d7d4f,1,O protetor é somente um plástico. Não gostei.,1,0.528,True
5ac791169055b4994a395a442e3956f6,0d6cc2219ef268358eac3c49b47abca9,1,"Comprei pensando que ia vir conforme a foto, vel branco e a parte baixo bege, porém veio tudo bege.",2,0.415,False
da8e936bc2f1b52ec626f8aa41f3df44,117a6f28c5cf04526b4869a9291c9d61,1,Produto diferente do anunciado ,1,0.323,True
ad83c0cd39759f3f605a2f6c19a0599f,a2c3c6ce5f0221dc64454e0580522784,1,DESTA VEZ NAO RECEBI O PRODUTO COMPRADO,1,0.769,True
3db041dd46e9935752c691a2093799c2,51eaae3287e04efba45a51f52098fc88,1,Produto não recomendo não ler em nenhum dispositivo,1,0.869,True
aa5251caad4b4b700bb23a28d4b22357,e8a7d3a84c7c313494dde4ab9d4d944f,1,"O produto veio avariado.
Não foi devolvido na hora pq o entregador não pôde esperar a conferência do mesmo. Abri a caixa e retirar o plástico bolha, o equipamento está quebrado sem condições de uso.",1,0.805,True
c3154d0801ea92f952071b16b192ebf9,2bbd649e67b9a3708e563c6c08424bd8,1,Muito tempo pra fazer a. entrega de um simples adaptador,5,0.42,False
3b414288c372edf633fc654aff5aa11f,651bd7286b2e17e1e3ea7b644870e429,1,boneca não veio de acordo com as especificações que eu ví no quiosque da lannister.,1,0.398,True
f247eccb3a4e95df0f226c64a2b4ffd0,912d6ebade30677cea365478156ad6d7,1,comprei um relógio chegou outro. quero fazer a troca!,1,0.445,True
e3738497bb9eb31b2340b20c75e61f0e,d4fde1071e39ee8e421d916f13291d2a,1,O pedido foi de 2 unidades. recebi apenas uma por Casa Lider,1,0.575,True
7a9f29190c725f976db34c9757450609,77afc8cdc7d93975016850b0b1b02c90,1,Vendem um produto sem ter em estoque e só avisam depois que a NF foi emitida e simplesmente mandam o cliente se virar para cancelar junto ao stark!!,1,0.9,True
09cfd666f5a89ee170cce4737f8658a5,5f8b64bfce7d975e732813b83ea0b71f,1,"A bolsa que o site descreve não bate com a que recebi. A qualidade do produto é péssima! É uma bolsa maternidade bem frágil. Chegou antes do prazo, porém não recomendo comprar.",1,0.805,True
883551f603e4a434e733c274cdc625b6,6feae1bd5cdc1727594445028310015f,1,Enviar um produto similar e que nem funciona.,1,0.792,True
95cfb15ad3477fec574b561d1daea972,4ed4a6e12e74982dd78c78df1ed3f372,1,Produto veio com defeito,1,0.617,True
2835986fb61a9e646a7d2c79155ebdfa,d9d104af1ea99e0b7f6b0644eedc74d0,1,"preço bom, entrega no prazo",3,0.337,False
6bdde13eb6b95269155c9d290bc304ff,20ed9112468e53910662943593702290,1,"Produto muito inferior ao que é apresentado na foto e descrição,não gostei e fiz a troca.",1,0.574,True
db64106aff6c7180cb841937f43f5f44,208215ef3138230b69b97f3fb415e9bc,1,Ainda não recebi o produto...,1,0.661,True
bf4a50b3996a23e671e771ffb9ebbc49,22e36c3e04ec75fdbe5ba6540fe0e649,1,"Recebi o produto errado, gostaria de devolver, e quero meu dinheiro de volta.",1,0.801,True
25aa9015efadcd1123a8239124864e7c,b13732c40c7e74c2d89c595fdfae8fa6,1,Não recebi,1,0.716,True
71ae9710ebbc7cace6f537908cc91fce,170130a20f16a39581bba39d938d2e25,1,"Não recebi o produto , no site do stark nao atualiza e ja passou do prazo de entrega",1,0.758,True
b72bd3fd585afc34753bab0faa77d064,73e019fdcb05a01a6a7200bce40ef5f6,1,Recebi o produto dia 15.12.17 e encaminhei um e-mail ao stark sobre ter recebido o produto com Defeito. O stark informou que estaria repassando para o parceiro. No aguardo da resolução.,1,0.607,True
2168c1b723b215324299655ffbfb7ba2,2cb5ed8e391a8ef966fe938d480510b1,1,Não fiquei muito satisfeito pois demorou muito ,2,0.535,False
859a6920a529cef6b9c13e27e1a776fe,8a9be36ffd78382f9ac518945e909636,1,"Produto do camelô... 100% Paraguai
Pior compra que já fiz na internet.
Anúncio não condiz com o produto.

Quero devolver...",1,0.935,True
3512ff1323c91ab59f353443105d7cf8,3426a8ff7d6108c541c7edd4ede5cf18,1,Produto de péssima qualidade,1,0.934,True
435f7e9c1b354ae359ca3e96b3a47fbd,ed8ac79c99c0289b3ed850eb54ddd2bf,1,Recebi o filtro incompleto faltando o sifão coletor aguardo providências ,1,0.622,True
85abb793414a8bb0aa14d81eea882357,6cb6dd42d4278b77aded588ee52089af,1,"Já recebi tudo que tinha que receber, agora eu gostaria de parar de receber Spawn da loja lannister já ficou chato todos os dias aparecer coisa que eu não me interesso na minha caixa de mensagem",1,0.545,True
441b3bf8865b17d39cfc43f3a4508144,6a6f17e757e213c9287c353998a5b054,1,"Comprei um Shampoo e um pente para barba, me mandaram apenas o Shampoo e até agora nada do pente... estou bem irritado e se nao me enviarem meu pedido corretamente eu vou entrar na justiça. ",1,0.84,True
6ad80e6a231d76acbf99496e56e10ea9,6ec704c9a120baaa6b3e162255ec684b,1,INFORMO QUE NÃO RECEBI MEU PRODUTO E ESTOU MUITO INSATISFEITA,1,0.859,True
34fab30cbd627cbd2f98a0983bc2203f,f6a40045364c9ef1f9405ef1d094c389,1,"Foi embalado de forma nao padrao de original, a caixa é igual a original mas nao é.
Celo orográfico falso, nao mostra o nome da marca, caixa nao lacrada. Fui enganado.",1,0.888,True
8028eb3b4ef66817063e87726f020fde,e62c3201015050463bc2e3b6599a6bc5,1,"Comprei o produto e até o momento não recebi e também não tive nenhuma satisfação de o que aconteceu. Que o valor foi debitado, isso foi.",1,0.71,True
896b97b6da69a825ce1dbcf3f0686f10,4886ba57227500f0a374a1fd079b02f1,1,"Gostei e recomendo!!
É de confiança!!",5,0.652,False
9a7b4b078dda721871f7f535857869d5,e804ad37d90d9c32dc3ae61e90a06345,1,Ainda no aguardo da entrega do produto. ,5,0.421,False
c3eb144b7ab98e0aaf812c73df9fe100,badd0610d349f865d84d27e36b2abde4,1,Só recebi o puff a cesta não chegou e no site parece como foi entregue os dois,1,0.528,True
728358c1ddae52a3b951c0962a74118d,7975bad6e2c65b59ab15b7152c94c63d,1,"Não recebi o produto comprado desde o dia 26/12/17. Não tive nenhuma resposta da loja dando satisfação sobre a compra.
Solicito o reembolso da compra.",1,0.834,True
78501a9b9db091b048acbd3ea7e48026,0bd044f3b358bb88951e3ea66eadcc70,1,"Depois dessa compra meu cartão foi clonado. Estou muito chateada!
",1,0.806,True
ea26fabc9c138718949ed5138c76d625,5d7e30ce84d0d3813b10a6d0ffb7884f,1,Não recebi um dos produtos..atendimento pelo sac é péssimo pessoas mal treinadas.sempre compro pelo site lannister nunca tive problemas mas dessa vez horrível..sem explicações atendentes péssimos ,1,0.923,True
0393945717e951a578c353eefb9cfec3,b2966db1aadf7b21b86cbd1131855a68,1,Vários atrasos e o produto com absurdo de atraso!! Aguardando providências da lannister.com,1,0.693,True
00d39d8952f26e6bd4b68f24bfefbe6c,0551ab30e952cbf19e26f0f6baab13a6,1,"Mandaram no prazo correto. Mas não encaminharam a nota fiscal com o valor correto. Mandaram nota baixa e estava descrito apenas um produto, com o valor muito mais barato do que eu realmente paguei.",1,0.638,True
fc9217eca28081c3f4d88d82f2b01e37,da7e4fe598c5bcd3fb94f8f32456a6a3,1,"panelas pequenas,não observei a dimensão quando comprava.",2,0.398,False
be5ee84b468eeadea14d65bab28d34a0,bb9e31e54af342d8e3f32fc1cb2d8804,1,produto veio errado,1,0.611,True
2e18a0b9ee50e031a5564fd4e3223c37,5c05c6001482248cca1f553a2c0b0421,1,O pedido veio errado. Está a maior burocracia p trocar. Eles jogam p lannister' e a lannister' diz que eu tenho que resolver com eles. -.-' ,1,0.483,True
368722f2eeb86f0cd7d013bf39d0ad45,19f876202a3c47556d275e9905d4400c,1,"Prazo ruim, sem retorno.",2,0.326,False
2f195156e6aced30d4c2f000d6d6df23,25cbbd756ea300d0566add5ebb8b3a25,1,"Muito ruim, não recomendo ",1,0.688,True
bf28a1ecf4e781f8bfe278f7fcf47910,ab7903b95175ea31f7bd33718a583e88,1,Não recebi o produto até o momento e não tive explicação da loja! Absurdo!,1,0.895,True
9b2b141c491993f3165ea395cbe881fe,c3897336d5d3d5a54fd2203ee9483312,1,"A rede é inadequada pra criança, pois o risco de acidente é eminente.A rede é muito estreita difícil de colocar o bebê nela. Minha bebê de 5 meses caiu 2 vezes. Caiu emcima do colchão mas se assustou ",2,0.484,False
ba997409a24a5b6a4310dc0aa6f87af5,2c494cef88b908df152b7d6d69c8beba,1,serviço ruim,3,0.346,False
6bff7243dd75d8abe34ad11b1fdcda65,de15fbaac5e9c765778cc4c6875f183d,1,não recebi meus produtos!,1,0.726,True
cfd5aeb84f416ffcade596a3eeef4c1d,c2abe874b6f1922459cfee827c8f02f8,1,Ate agora aguardando a entrega..Nâo cumprio o prazo,2,0.315,False
c40a6b6e0181e5ec0d12cbc2e12c49d3,f3468d6a2c7586711e9952242898aad4,1,Faltou 1 produto e os que recebi 1 veio quebrado,1,0.803,True
443e4df7ae803676253915bf703d119d,1aaa4f61529fb2b392016a694b437885,1,"Já paguei e ainda não recebo o perfume.
Não enviaram nem a nota fiscal. 
Gostaria de saber quando vão ser entregue 
Aguardo
Obrigada ",1,0.748,True
c24509442920e9e7d7cfa45975381d20,32c5abfa9eb2480a7162f1ac2425680d,1,A cor do produto que veio é totalmente diferente do da foto. ,1,0.452,True
70d9a007d3cfb39ba1c59de161923844,a8e925972920153be4f6c40a5bcd630f,1,"Comprei um produto de 280,00 reais e chegou um produto diferente de 30,00 reais ! ",1,0.724,True
7cabf170d8154296da4f29a7e6cd6c28,1c5ea09d670777647e55f734e3d784b2,1,"Olá, estô muito chateado Véio Errado o produto, Estô tentando trocar más ñ consigo...porque quando EU entro no site ñ completa à minha solicitação...por favor preciso de uma solução. ",1,0.709,True
8caae8046b88732124028122e12d19f1,b9a703ce4f5ae752f1ea894775d250ff,1,Produto chegou quebrado e não consigo realizar a troca pelo site da loja.,1,0.79,True
bcb1935255ec03d26c2614d5c801744d,f80418398916bd31aed5238ba6efe9b7,1,"Não tenho como opinar, pois o produto ainda não chegou. Já se passaram dois dias do prazo de entrega.",1,0.635,True
2377a154e3d70d13979624d8bd89ead2,3740acc7e5399d9f0dcce30f5a8fbcfd,1,Meu pedido veio faltando 1 controle forao pedidos 2 ,1,0.59,True
23069688b535e676934c6b3d17a524ef,e494c29003c61332fdf1340bba650cd3,1,"Bom recebi um suporte, mas foi com uma ventosa pra colocar no vidro, e o que eu comprei foi pro encosto do banco. Porém não tenho interesse na troca. Ja comprei outro. Obrigada. ",4,0.54,False
65ec5e6d5db5d12c5dc01e7843b3d109,dacbba6fa0fb5bbe678d0d3007b0be10,1,"Falta de respeito com o consumidor, nem me procuraram pra dar uma satisfação ",2,0.499,False
d6e63615fc8f13a124b540d8e154a492,9263d44e38972f77bc8c17ad8c063fa1,1,Isso é uma falta de respeito com o consumidor,1,0.43,True
ec8af1efda3406d127ffdc6a889fb5e6,db66dca329373cf37340222e240340b6,1,"O meu produto não chegou, estou no aguarde, o que chegou foi somente a nota fiscal. ",1,0.814,True
e8f66fe8854f0dcbbb4998e2cbbbec4c,67bc7ff7cf5396dc164d5d3c3d251760,1,Quero receber,5,0.296,False
d9c3dee4b33449dc0ba40104991f794a,f7c061a1028ca02063801272ba6297f2,1,Solicitei a devolução e até agora não entraram em contato,1,0.829,True
3295c59b29255af591790b625af52934,ed9a73914b6e0fca8d1b8939f2c41879,1,"Tenho acompanhado a evolução da entrega e verifique que o produto se encontra no Rio de Janeiro desde o dia 31/03 e simplesmente não entregam na minha casa.
O status está: Encaminhado para CEE JACARE",1,0.496,True
56df0ad463546a440ed1efb60c6d3def,284a65b124f634fdf426aa8e768fe8ab,1,"Comprei para ser presente de natal, porem nao recebi o produto, estou solicitando o reembolso",1,0.554,True
fb9bd45f8769c56d5c4a0ce27291a030,d8bd004470081a1d36e3fc745cd96951,1,Comprei e eles não tinham o produto. ,1,0.609,True
139796620a5b63e4cc097380c7a9a810,045e9ebd4d41affc66333d58c3d107c1,1,"A cadeira veio toda arranhada e encardida e a montagem não é fácil pois os encaixes são muito duros e no manual diz que precisa de um martelo de borracha, que não tenho e vou ser obrigada a comprar ",2,0.483,False
68877b989cffcfa1228cdb5a041c450f,92acd9b1e9af0117eee9aa972e0a4841,1,Até hoje nao recebi meu produto. Aguardando retorno da empresa para que seja tomada as providencias cabiveis.,1,0.756,True
22dded7c983cca580bbc64205ea1e4ca,638c9cf27361e5d5ebfd404b72248390,1,"Mim deixou esperar muito tempo, para depois vim avisar que não era mais possível efetuar a entrega",2,0.39,False
1d7f9b59af0aeb2c8d63b9a75422257d,71081f5935795063b2da072531dcd1ae,1,"Não recebi meu pedido, já tendo passado varias dias do prazo máximo estipulado, sem contar que a lannister nunca respondia minhas mensagens, então considero a empresa péssima.",1,0.83,True
d152cc4eb7fd1d9d73ac119288f11d51,1cd11ceddf403341992843e08f53c75f,1,Até agora não recebi uma simples capinha. Comprei a capa antes do telefone pra não correr o risco de ficar com o telefone novo sem capa. O telefone já chegou a muito tempo e a capa até agora nada. ,1,0.437,True
6ee0ea7f67dcf0c00ebe4d51375ef869,a39b459bad02888e07ddf9d3321673c7,1,"Chegou somente o preto, está faltando o colorido ",1,0.481,True
472ecfdaed067b48f67b0f0f427e7314,066da535b01be4b26ca70864a62d92e1,1,Fiz a compra do carrinho de bebê do meu filho antecipadamente pensando que chegaria em tempo hábil e me encontro numa situação em que não consigo devolver meu dinheiro e não consigo receber o produto ,1,0.626,True
bd8bd4c7580ab07659b35e684bad3179,625f92d47eee6330318032089c61a90e,1,Até hoje não recebi minha mercadoria.,1,0.475,True
437b4b1e059b6362508034b8b8fc2f46,270c25da086ad763f34a2cd66c6aae7a,1,Comprei um controle remote Philco. E recebi na minha residência um controle remoto Phillips. ,5,0.359,False
ca393bd93f46fd410986bf891263a1f1,35f34f644e23f2201ccc411a2cbbebce,1,"Produto veio sem cabo USB e fonte,a caixa de dentro veio danificada e principalmente parece não ser original. Aguardando por uma solução.",2,0.44,False
6bd7685fa37d93f87a915a4b032d4b6d,e13713108caa1e5a2604672467aa9d8a,1,"Não tenho certeza, pois ainda não recebi o produto.",1,0.476,True
81d4baca56f85bc4312f0a9767c8df26,c4c40026e751f9603f58fa3b332c937b,1,"Comprei uma capa para um Note de 14"" e recebi uma capa de um Notebook maior. Como faço para receber o produto que comprei?",1,0.308,True
9743cfbdc4f2187079ffb7e12a7ff311,513f45dfe361a2cd8b5627b1414b20ae,1,Não recebi a mercadoria.,1,0.657,True
b98b5439161b0cb2c4b70928380064cd,e8f1e6bc58ce50eb224d5ea7408a88c0,1,"demora, paguei um absurdo no frete ainda não chego, eu reclamei para correio para a lojas amiricanas, o correio falo q não pode faser bada q eu tenho q esperar, ja passo do prazo de entrega",1,0.805,True
f51a5d398f2374cb21257cc26a2ee01a,dcbec508f4fc195063833b2054995d32,1,Eu não tenho notícias do pedido anos do se e o correio da minha cidade,1,0.384,True
b3435359914ae8b3b09fe2b07e97e2cf,3b84a70de03a9f409e2d164096ef9423,1,realizei a compra e no site tinha uma data para entrega só que essa data não foi cumprida ,1,0.532,True
2285b2497d2e49bce8b5aa0812fb3bf9,b73c273d02a8045c60df03ae7c03dc4b,1,"Até o momento não recebi o pedido, também não recebi informações do atraso de entrega do pedido. ",1,0.583,True
f1d70daa4e903a8096ee7853890ce0f0,7451bae6c17cbaa82fa2bb466c97cb45,1,"O prazo de entrega é excelente agora o produto é péssimo veio rasgado o meu pedido fiquei completamente insatisfeita.
",1,0.714,True
c6b750dbcb6316cae8bdf36d48548f5d,d01c5b46e00bd214519fe9f64bbb2649,1,ainda não chegou,1,0.624,True
9f5600c5ab1457f1ec08b2ea6720cf49,952da942e2586c7131de1381aba049a3,1,entrega muito atrasada.,2,0.456,False
dff195ddeeff303ee1642834309a3e6f,4509039a1ebb56dc11e06c719432b76f,1,Paguei um frente caro e despois tive que carregar peso do correio até em casa. Não gostei!,1,0.737,True
339f88c58d7eb8a041c8a33afdca899f,a61a5c36b1749690eb8fd91ea1b0ada4,1,"Recebi e não funciona solicitei a troca ou devolução, vamos aguardar....",1,0.865,True
2e7d87a1ee58927a51926e796e476ace,ca27a287674894b782ade649665cdb1e,1,"Olá boa tarde
n veio a boneca serie 2 e sim a serie 3",3,0.344,False
923521f64e6b242cf17f9bc9eaa5eda3,effe6b3c0a442e88e41a15c0cdd09a83,1,Super recomendo lannister. Entrega tudo no prazo. 🖒🖒👏👏👏,5,0.838,False
fafb73c3ebf26412c0f6c4780ebcc9e4,2cacbc4da6d979f44adb568674fe8763,1,"Solicitei a devolução e recebi um prazo para obter a reposta do cliente. 
O cliente simplesmente não respondeu. Fiz o pedido de devolução dentro do prazo de 7 dias conforme o codigo do consumidor.",1,0.875,True
41ed8254635784cbc62d612c5ededecc,35b8e54d765e6b217e2dc5ab34f6b323,1,"O Fornecedor entrou em contato mas não deu nenhuma solução nem prazo de entrega, não se responsabilizou pelo atraso, colocou a culpa em uma empresa terceira, apenas comprei e quero receber.",1,0.841,True
bf9c625a951e4d98db681cd0e7c95a04,30c26d11b6d707abbd543b6d1910106d,1,"O site da lannister tem que encontrar melhores parceiros para seu negócio, produto entregue não foi o comprado e a embalagem em que veio era apenas um papelão enrolado. Arrependido pela compra.",1,0.614,True
a9c2c1a6bddb7730eda1342376aead72,6317c6fb9c91943963e275a6cbe1867b,1,"Produto não condiz com o especificado no anuncio, produto não original sendo que promete ser da Matel,hasbro.",1,0.655,True
3aa93a18e63fa74c4534ae0135bdccca,cbeaa013552d74983472628c5534d3e8,1,"Não gostei da qualidade do produto, pelo preço deveria ter mais qualidade, Lojas lannister entregou antes do prazo.",2,0.526,False
f460cb3a243456a2512832b4eb41b624,ea5f30a182b04fd1296273605983b9a4,1,Comprei duas faixas e somente enviaram uma.,1,0.614,True
2e1da3cdbb12ba8276c370ece3bd754b,9a769002f689e9dd972f6008d7312ead,1,Muito bom eu gostei ,5,0.688,False
2416537c8261985b1927caa5a927c64b,7a725159d3784d99725573981fcdf93e,1,Ainda não tive retorno da loja sobre a entrega do produto ,1,0.363,True
98fdd34a4f09d13895542a4bc06553bd,c2deaee5e0fe626293e81bcfb557932e,1,Comprei 2 unidades e só veio 1.,1,0.727,True
84427c29e55d3b041ccad6a3eeb3078b,adf7dde7efb2d3ce93a32ba439bce856,1,"Realizei o pedido e pagamento de um pendente meia lua amarelo e do kit de 4 arandelas.
No entanto o pendente não veio, e preciso urgente, alias comprei justamente pelo prazo de entrega.",3,0.337,False
5fa697d9d63910a0c0c41de7facf057a,c5a1b0ee6416312709869716d1c54d73,1,comprei 3 produtos e vieram apenas 2. estou tentando entrar em contato a dias e não consigo. quando sera entregue o outro produto?,1,0.734,True
3d0660ca06c2c6fe5e780b303b74380c,47d7bd38284cac71afd4fb618c810b6b,1,A targaryene está dizendo que entregou as cinco banquetas mas só recebi duas. Tenho como resolver sem entrar com PROCON?,1,0.357,True
f95f3211a8c1b875f30115f0015831e1,0c23c36327d99027c61ca570921b0fb7,1,"Infelizmente o relógio não é original, achei uma propaganda enganosa.",1,0.864,True
72d4b799f11a370eec7274a0c2028d05,5f064781620790a450c0308f09adfd8d,1,"sem comentarios ja disse o q penso em email anterior , só coloquei uma estrela p poder responder a enquete, p mim daria menos 5 estrelas",1,0.786,True
eabfd771353d7e495cffa399b6f36107,28c723236c59abdde8cca758e1afd07a,1,Comprei dois cobre leitos e veio apenas um!! Esperando providências das lojas lannister!! Pois foi no site de vcs que comprei!!,1,0.713,True
64d03ce539d9ad688ac1c682c1aeb552,bd80efb9eb7bbd9c465bd5205d6a43b8,1,O produto a inda não chegou e não dá satisfação nenhuma,1,0.823,True
15ff5b774c65ccd02968f3c64d9a26a4,1c437b4d4326d36b71e91dd7a7c2c4f6,1,Foi entregue apenas 2 capas das cadeiras sem a toalha de mesa sem outras 4 capas das cadeiras Isso que foi cobrado um preco muito alto pela entrega,1,0.44,True
f815cf61868be9cf498089e21a19b817,e5507d205012f77887831308321ac9e3,1,Não recebi o produto correto. Estou esperando um retorno até agora.,1,0.552,True
e7c82b9fb4f3d634c56895962343a961,04cb4d9e4f236cd2d6d42de8f1eea4ae,1,"A loja me enviou um produto errado, comprei um produto de quase R$600 reais e me enviaram borracha de relógio de plástico.",1,0.828,True
8a90511249a72061a421c9bbb7a6f45f,a805d7a514bcde0719f99ddf2a3bb31d,1,Recebi um produto diferente do que pedi e não estou sendo assistida quanto a isso !,1,0.543,True
9a8c4d56bcd2ac219e823b0f41c73ba1,a97ceac85877d8753d3e47be01636ce2,1,"Não sei se o problema foi a transportadora ou a empresa de cadeiras, mas, das 3 cadeiras ""presidência"", são uma foi entregue.",2,0.326,False
05d49508e8ef4575a2fde920baafdcf4,070162e1ae6ad420c0766af516a31a5b,1,Comprei 2 e só veio 1. Espero uma resposta pois só esse pedido que veio errado. Aguardo o outro ah eu.,1,0.691,True
0c00b49ad1bb7f2e243c9d42eac2dc08,b0ed825ce4ca8cdc787a4f71bce6fba2,1,Não recebi até agora a mercadoria. ,1,0.473,True
952bb81d2646969837a01e10027eef96,d1537836c453f9672f80c422d1af8cab,1,do produto 60xl preto foi entregue só 02 unidades e eu adquiri 03 unidades,1,0.652,True
03e5a07487c1b49fdc458621476033c9,f481e2c2c039ab1665d048d7e2cf5e00,1,"COMPREI 05 COPOS E RECEBI APENAS 01 COPO, POR FAVOR SOLICITO A ENTREGA DOS DEMAIS COPOS QUE FIZ A COMPRA E EFETUEI O PAGAMENTO",1,0.694,True
d0855184bd86befb2fd7aaa594d9aa39,104db3ac25a8c92d8b4a1bab46c92c66,1,Produto não entregue,1,0.744,True
8022b9ca812e328ad0778e6f092e25fc,298787a86f7ed145b210dfa7262fca2f,1,O produdo não foi enviado ainda,1,0.622,True
f62e21bd38a4ec9d8db698fb82f5faa4,9156fc69417fcbcd95042aa80d9eaaab,1,Recebi o produto diferente da foto e faltando uma tesoura.E ninguém até agora resolveu para mim! Não recomendo! Não comprem!,1,0.868,True
71ef6efc050e56b9b8ad8c0528d99c6d,a6f980db92567852107fe54fa64726f2,1,foi solicitado o reembolso que não aconteceu... Descaso total...,1,0.68,True
eb83eca6c97a6e983b2ae962c4d898fe,4609e3dffa747068028fe0a5962b41f2,1,"Comprei um cesto de roupas e 4 tapetes. Porém nenhum tapete foi entregue, só chegou o cesto de roupas. ",1,0.509,True
4a8d739553fd90d040bda4572aab5bbf,a5d3d2b978722a86e82f2b7bd0567840,1,Produto que chegou é apenas ok. Mas faltar é grave,3,0.48,False
d35227505c28e560c3aabfe9c6427236,49584997a9180455c41d4c70ebaac683,1,enviou pelos correios e ate agora nada,1,0.642,True
71899d0f63ed05c46fc6c13daa467859,d5a6117da9e539f1a08e0443644788ff,1,"Apenas um detalhe, a película de vidro não é recomendada para o Xperia XA1 pois a sua tela é abaulada e a película não adere nas margens. A película recomendada é de Gel. ",1,0.402,True
c287f9ddfc7416dfd6e9bdc30fc955ce,4516299f280a0f30720256ae0cd592d6,1,Fiz a compra no início de setembro e até hoje 11 de outubro não recebi o produto aguardando uma solução da empresa,1,0.805,True
716db2217866eedf84772dbab6536e0e,51d52f115820f57bd947308b77f392db,1,não recomendo por que ate agora minha encomenda não chegou,1,0.654,True
d1adefe1d5d650fd3ee1533a679a8d52,c2ee895532a4463f765efa0c39d2f878,1,Mal embalado e por ser de vidro veio quebrado e estou aguardando posição do vendedor.,1,0.666,True
fa9715b09fd369c3aa58fa72c676bf3c,e7834b339f0ee60fd64151e9ca2c6376,1,"Comprei duas capinhas e duas películas, mas foi entregue somente uma capinha.",1,0.443,True
a79e7a16ac1ec7d66da4cc2cfefab22b,615e54068238441742c4daf6a7b4ccff,1,"Nenhuma informação, total desleixo",1,0.944,True
379995ed73e715fadef187a4072685e1,d8f135a040950408cd059c27a623bd97,1,Nao recebi o produto.,1,0.74,True
ad0f2d32ddc630252875bfa2d800942b,b28d8bbc74731fb20234ba949894dd13,1,"Entrega rápida, mas esperava uma qualidade melhor do tapete, pelo preço aq na cidade encontrei melhor,mas gostei do desenho.",3,0.589,False
655a5ed10ca8f97cd2b478bbd6172cb4,eb45ff263f9e77136f626c712add7354,1,"Comprei 2 garrafas termicas, mas só recebi 1.",2,0.301,False
a58ead6f5717855da780960d415ed427,c11770b0aaeeaf11800205df9b333d78,1,O produto não dá a voltagem correta impossibilitando o funcionamento do aparelho. ,1,0.582,True
740f9e40d1a91272de989d3392a5b801,085dc4386ef92b335b19c17b1ab7876a,1,"Recebi um prduto (um urso), mas encomendei um sapo.",3,0.357,False
ee40ec76a6566abad15cb95596544d9e,0c65eb5a1415db7a20dfc869c9277e7a,1,Além de não entregarem.não fui avisada nem reembolsada.,1,0.91,True
556f7ab74163a2edb3259b95836d9d3b,8375044308874af1c50719ecaee3786d,1,"Ainda nao recebi meu produto, que seria entregue ate dia 12 de janeiro de 2018
",1,0.645,True
47f9abdf9bff2e35b757a67e46569ddb,3ee6f1a94cd7b1aa622553fd94a3aaf3,1,"Recebi somente o Toner da cor Ciano
- Toner HP 311A CE311A Cyan Original Serie 126a

O amarelo não recebi",1,0.544,True
a74e625163df3bb5cfaa3f24bb9a0e4d,363b0ca1f6415ac4da76eb3a3d91f191,1,"Tive que ir no correio buscar a mercadoria, além de ter pago o frete para receber em minha residência.",1,0.272,True
0e249472bec47b0c4b88a8e8bfa8d241,7b994fc7c7528d2098eebcb19d18ce7e,1,Deveriam contratar transportadora e não correio até o momento não recebi minha encomenda ,1,0.662,True
414bd5bdc0867b4b4230c048d11d3328,bf205457ee84ab84c423d67b88239982,1,Esta nos correios desde 8/1,1,0.344,True
812d3e56e74cd4d63799bd6bb70044b6,5de443f7adc75b72230b61e63ce5007a,1,NÃO RECEBI O PRODUTO,1,0.753,True
7f836e6d32b627f1ff432c9ae8164dec,d0cbe4010369ff1b911352d8d99b162b,1,Produto diferente do desenho da foto,1,0.334,True
a6b04aa8f3c756a9b4a31e59928b47fe,fb393211459aac00af932cd7ab4fa2cc,1,"Comprei um relógio, e quando chegou, me deparei com uma réplica! Em momento algum me foi informado que era réplica, e se eh soubesse não teria comprado.",1,0.703,True
aa8d8879ec582aa121f6b4d8b7aa6e30,f7d991e51703014752000a5a1dabc152,1,"Tive que pegar nos correios, e na caixa só havia uma cadeira sendo que eu comprei duas!!! Vou processar!",1,0.622,True
3a0b0a0dd1ccb11582eb81e9a0c784ed,005d9a5423d47281ac463a968b3936fb,1,Ainda não recebi todos os produtos,1,0.524,True
f117a73a43ff183f1f7e21143de5582e,07242ddf6ad8487cbbb700fd9ca45906,1,Eu quero meu produto,5,0.488,False
488f5ad66f112743c91ae61731522375,5e3ec924bc1a1f3793e12632c2b2f85d,1,"muito obrigado
",5,0.559,False
a30bfc3a9fb4ea43dc2ad7c62e3336f4,af71e9e2ee3f91d619aacab51fe2e75b,1,"Estou muito chateado, pois comprei um tapete e nao recebi, estou tentando resolver a questão de forma ",2,0.413,False
561f445c8450b4681d28e3dd6dd3379a,f53340ca014b3ee6d71eaca8c0262828,1,Não recebi os dois controles. O que houve?!? ,1,0.558,True
04fcdc70fc4ef992e85666d65c19e853,b67c30c269ecce5a92826b392f1749e5,1,"faltou as quatro pulseiras.. 
só veio 3 pulseiras na embalagem.. 
eu efetuei duas compras.. uma de um kit de 3 pulseiras e outra com um kit de 4 pulseiras..
só chegou o kit de 3 pulseiras.. ",1,0.475,True
6905bdcb8eaabf3a7b6dc08292012512,dfd5653b035d78ae9984f014e5903709,1,Ainda nao recebi o produto,1,0.639,True
ff30539512204e8939deca3f32531f21,eda8ab7b9c9d5e8456d446ad54339c2f,1,Fiz dois pedidos uma mangueira pra entrada de água e outra de saída porém vieram as duas de saida preciso resolver.,2,0.317,False
2d417014efe259d9ec75a3be19e7ef59,0f72cb4b59a055ff45e334ecfe7cfee1,1,"Nao me entregaram a pulseira (bracelete), somente a carteira!! Os 2 sendo feitos num único pedido",1,0.739,True
21d9b93129aa058e0f4d47e61fab5006,35df3b4dd9ccd07b51ef412f243e1483,1,"Me mandaram os potes vermelho, comprei preto....",1,0.608,True
91ab0a294525d542dfeaa1216a97e6f4,da2b5ed33ae5068005e9d2c43e7a3de1,1,Pedido com dois produtos... entregue apenas 1,1,0.734,True
557c3d422c186f3ab25589afa06c2694,e77d85bec584c36b9558adc732947c76,1,"produto de péssima qualidade, estou aguardando contato para devolução.
O tecido é transparente, mal costurado e não veio nas medidas.
Não condiz com a foto, propaganda enganosa.",1,0.972,True
95cf551d535a024e57bb1646d017c86e,93c0ee237d690478ecc66db76b8365f4,1,targaryen É HORRIVEL,1,0.272,True
42becd578c85bec3378ea35b80ca4b7c,979ace0e958f3017f51d2b3dd92d9c28,1,"Comprei 3 câmeras com o vendedor targaryen e chegou apenas uma câmera embora na própria NF entregue constasse 3 câmeras.
Tentei contato 7 vezes com lannister por telefone e é impossível falar com algum ",1,0.585,True
5aae83cb75b399520cfe95604b8aa05d,1e7daa50f3b5b4b0325e1467947249f1,1,O pedido consta de 1 cartucho preto 60xL e outro colorido 60XL. O colorido nào chegou.O pagamento foi feito integral e ja consta fa fatura de meu cartao de credito.,1,0.669,True
885cafe505f836bc4694b2742d21aa5a,b4d859fb4b08bfe5535ae5c37e658715,1,Gostaria de saber se ainda ira chegar ou se não vai vim ???,1,0.359,True
bacf1c70ccb3d403fe6759179502fb69,e66c28c44f4a12382611f0de3e522478,1,"O produto foi entregue sem estar na embalagem adequada, o que danificou o produto.",1,0.688,True
bda000c0cfe849568fd4a407d7ad6ca9,50f586b30979f7ff925cbca8376bfe6e,1,"Vcs me enviaram e-mail avisando que chegou, mas não chegou. Meu prédio tem portaria 24h e poderia ter recebido se alguém tivesse ido. Aguardo!!!!",1,0.725,True
2505943706ada51678fab70236d639a0,3cd7a167d6f4300d15a7c8816c1b29d5,1,Não recebi o produto é estou aguardando o estorno em meu cartão de crédito.,1,0.742,True
c6ffd9b83641c3b6a69f754cca26c3bb,c7d561ef533f624416dd087083e5539b,1,"Péssima qualidade do produto.
O cobre leito esta parecendo um lençol com babado. Já comprei cobre leito no baratheon e parecia quase um edredom. Vcs deveriam escolher melhor os logistas participantes.",1,0.811,True
da642960eb2217a2589a0dd555401da4,c62449227473f63a96e42cec192ec143,1,Já é a segunda compra que não recebo.,1,0.586,True
c84bef868136eeafcd72f6e1bf5e1a44,ce7be9c906c372368c7786881d6a6842,1,so recebi um produtro foi pedido dois ,1,0.639,True
d5ee3f1981fe3552a2e21a0958b9d338,2321337240c200736e346c2445003fd3,1,Estou esperando o produto chegar ainda.,3,0.325,False
4a4cc14b3fd268babf164f104c7fa928,8bde999dc4ad8ff2e39ca01c02a81119,1,"Produto de qualidade inferior, não deveria nem aparecer em propaganda do baratheon pq sempre comprei produtos de qualidade nessa empresa.",1,0.533,True
cc3b1b00cc626e8c89d02021310c6c8e,e2f1a9fca16cf7780e6b22a78fb85479,1,"Estou insatisfeito, pois ainda não recebi meu produto e também a central da lannister informa que esta sempre lotada de ligações e que não pode atender.",1,0.674,True
8668dc5d02f1a4d15920adc2a81c3334,eecc2228a558c977d240693c7adf6dc2,1,"RECEBI O PRODUTO ERRADO, SOLICITO A TROCA",1,0.667,True
dc4592199380713133576d661570040a,13b7cdafde78bebb404d4dc74c04fb82,1,Meu pedido já passou do prazo e o cara da empresa nem responder minhas mensagens não responde.,1,0.852,True
37f2f32b16c55f8034c01cf4803c5d23,d673513c79ca55525c1a535452b4b6e4,1,"Quero saber o que vão fazer, se vão devolver o dinheiro ou reenviar o produto e não tive uma resposta",1,0.745,True
422d6120dd528cf1bc3457bbb55f342d,f26fa27bb0f1337c570d70e32fc2e413,1,Olá boa noite recibi meu produto com à cor errada. Por esse motivo não recomendo à Loja.. ,1,0.628,True
0cf1119c23bcdd9fa0e04c7ba3888aac,688fb7e7c929bfa4711317fb51d8820c,1,Passou o prazo de entrega e ate o momento não recebi o produto as lannister deveriam ter mais cuidado quando oferece produtos de outras lojas. Tenho que correr atrás agora comprar paga e não receber ,1,0.495,True
2c9aede258bfe12708c681efce41aecf,1751f4e14a08d5188324c3a04175f76f,1,O relógio está com defeito onde efetuo a troca do mesmo ou seu reparo.,1,0.362,True
e1d94db8e4dbfac1f24d27004761e905,33c72b5830923cd768fa76c738f6d402,1,"o suporte pra grelha é bem mais fino e frágil, a cuba tem várias marcas de solda em diversos pontos o que dá aparência de um produto feito em um ferro velho. ",2,0.446,False
41975492718e018823a6362d424ec17c,a02898dcd7117b317f28c8de4cb9af61,1,Vender on line exige responsabilidade e respeito a quem compra! Vendedor muito ruim! Não gostei!,1,0.739,True
dde83bf1e23c4a7a6df1e5a53604d3e6,d8970edba4396fca8d53449f1942a530,1,Não recebido ,1,0.851,True
a8ccbd14bb411950b1ddcc0ae3481280,7c7dc1f3affc0d38b97ea22a8aeedb82,1,"Recebi apenas o copo térmico personalizado, mas a placa decorativa não.",2,0.416,False
52a62ed3801ce4331d91acb424a60c64,cd74cd8f3a1445a29e098dcac4cc8d11,1,Já pedi a troca e não fizeram,1,0.703,True
3c466ff22b67f6e2015bd4f4c9a89e25,f50852b20857fd7ff56126315745e45a,1,O produto e um abridor que simplesmente nao abre! Pasmem! Eu coloquei na parede e depois fomos tentar abrir uma garrafa e a tampa da garrafa simplesmente nao cabia no vão do produto!!! Absurdo!,1,0.946,True
039789c4ddfdc8601e921a6b90730700,f8f7fb9bc13c0bbfaf2eb09493de90d6,1,Produto não chegou e não tive estorno.,1,0.848,True
9045ede04a5d9c5aa16afdf074e59411,938c8cbe289e7aa04f8eb3221cf19574,1,Eu não recomendo esta empresa para ninguém pos ela não cumpri com sua obrigação estou muito chateado com ela ,1,0.795,True
d3d5aae3ac1a8b79c1f504e5cfc568f4,c5c8d33a3102ffa7d6fe4072ddf0ea8e,1,"Recebi o produto errado, há três dias tento resolver e não consigo. Quero devolver o que recebi e não sei como fazer. Quero receber o valor de volta, pois tive que comprar meu produto em outra loja.",1,0.837,True
98e5c6962f35fb49e0ce132d43b8ed77,236087c146bdb55ebd6d5316b00308d9,1,"Produto fraco, de péssima resistência. Não vale nada!",1,0.952,True
32477b2c00883173605ad397c99394ae,c22857ca01052cca0c4dea70902c5a92,1,"Comprei a película para celular e não recebi. Houve problema com o pacote no meio do caminho, abri reclamação no correio, no site da lannister, e nada foi feito para resolver, não tive nenhum retorno",1,0.785,True
df7a6abd75766f9250b6ab55c8c9b24d,d21a08b18679aca2a35ed7fe46c513d1,1,"Não consigo falar com ninguém nas lojas lannister, comprei uma placa original e mandaram uma placa compatível...Paralela e não consigo falar com ninguém...apenas um email sem resposta até agora",1,0.81,True
4b441b99e2a7e6d30fa0377881ee6bca,423c157cb61f228b20c08e79cd28b9b9,1,Ainda estou aguardando o produto,4,0.421,False
6df44a385888f80408015d7e82267506,8ab08a832f16966f270a9bbffe395cfa,1,"Peço auxílio para resolver esse problema. Não recebi o produto até agora, depois de 2 meses do pedido. Aguardo retorno",1,0.667,True
9d6c1f490b2b4bfef33820b5679e2d82,a97e8bd621edbcb4558c0de4c02f05a9,1,Não recebi o produto ,1,0.753,True
02e5d591a55c27f6b272867ec4c3f92d,d2d8c96cdc3a00c418d2a5539e598add,1,Não entregaram o produto e agora estão alegando que há dificuldade na entrega. Uma simples capa de máquina de lavar que deveria ser entregue em um bairro da capital do estado com toda infraestrutura.,1,0.715,True
a7b4067ed7462202a0e0d2cc71b6d1ab,5bfd0cddafa5fbbaa95429ed5577be6c,1,Produto de pessima qualidade e ainda por cima a cor da foto nao é exatamente a cor da colcha. ,1,0.919,True
4ca0a936facebcdb544944510090982d,6f88df04acbbbb0f5c98ef28271d27ea,1,"Produto não é Funko, semelhante cheio de defeitos.",1,0.595,True
4385bfa664802640537c0fb85b98e44f,2de47e473306065fb0cd0322d8d9952b,1,"Recebi 2 mensagens da loja, me dizendo que o pedido havia sido cancelado, porque o fornecedor não tinha entrado em contato!

O que acontece agora, me manda uma mensagem perguntando se recebi o produ",1,0.681,True
cde97e23deec3aa11e838402378706ee,512ba2efae3409f37660ce26199b32aa,1,"Não posso! Estou aguardando a chegada do produto que comprei!Logo que isso aconteça, terei minha opinião formada!",1,0.374,True
607957a0a16be63148e7e51fc2b7c1a5,50be1d483c83bc791be7bad19a5b2cfe,1,Poderia ter sido melhor se a entrega fosse em minha residência... Pois tive que enfrentar uma tremenda fila para retirar nos correios!,2,0.423,False
3d4d72bd998f786927d0ee2b73ee6b3e,eda3cb37479a52de9848bfba4b805cdf,1,O produto retornou para o vendedor e até hj n me deram satisfação... N consigo entrar em.contato com eles... Liguei nas lannister e me falaram q iam solicitar o reenvio do produto... Até hj nada...:(,1,0.717,True
68ac9745acb009bf5ceba8ddc859acdf,03bf6a245a6dfdc3cea6bb75ae4fa3d7,1,Ainda não recebi o produto que esta parado em São Gonçalo desde do dia 29/03/2018.,1,0.791,True
ba46f8bea5808c800ef788f2837423da,6c16d886be4fe03174a289a4ca70a775,1,Nada de produto!!,1,0.72,True
42310ac5a702a5c03582f0b1ae815145,f64c7fd99793f1416dea0acbf3d9892f,1,"a base da cadeira não encachava no acento

deixou a desejar",2,0.446,False
3c87d05125538020da08ab14780441ff,57a82f32fdb1ce036662861d8dbb6a6b,1,O produto ainda não foi entregue.,1,0.618,True
f3ffaddec4f8079d58b476a5c878455f,33b50846ef5349564b8be2af1d6000aa,1,"Deveria entregar na minha residência como no combinado na hora da compra,
Mais infelizmente eles enganam o povo e temos que perder uma hora de trabalho para ir retirar mercadoria na Ag dos correios..",1,0.655,True
37c0a1c32e8df48df78a643da8d7c676,12e336061c0f1f6d33710d969ba62bec,1,Meu pedido esta preso nos correios....,1,0.71,True
0fe05afb1dae81c74d6d6e22c69d062b,c595bbefb93ccf827f9dd4b7c3f25785,1,Muito prazo e nenhum cumprido,1,0.645,True
7be0bd72fc71a376c439825e3d3390c1,5f8f11858f0aa38dd3dac7d851aced95,1,o produto estava previsto para chegar dia 10/11 até hj ainda n recebi nada... estou precisando urgente!!,1,0.565,True
9f30a6e419fcb310041f03edca9c3714,cc12de2df2defa0f3352ae0d4bd2ffa2,1,nao recebi o produto nem mandaro nem uma ligaçao,1,0.86,True
42699d993e236cd5ef38a872cd31d709,18c528b07b50f67122420d4b645dc84c,1,"se vc não tem o produto pra me entregar
por que vcs não devolvem o meu dinheiro..
...vcs querem que eu entre na justiça
aguardo uma posição da lannister",1,0.72,True
f9d9829821aec9cadd096e71caebb42b,2697851a8696a6d7c13a64e8a9bafaab,1,"Produto veio com um furo, em uma capa de carro impermeável não pode haver duros, vou adaptar com uma fita mas deixo meu protesto a respeito do produto.",1,0.68,True
f15fdbd3563d47306d26495ec72b24d1,423e3739c511dd6b0752a064f9f20527,1,O produto não foi recebido no prazo sem nenhuma justificativa explicando o motivo do atraso,1,0.77,True
89b3abf93c0c2afef6e8cd8d890bcfca,9f8cafb0bdf2f13c7d2406c36296592b,1,"A qualidade poderia ser bem melhor,e a cor não é tão bonita quanto na imagem",3,0.491,False
6ce2c486adad69ec68db3ee3a436417d,090967205f5215e5d3053cefdbce5aac,1,"Meu PEDIDO ERAM DOIS PNEUS, e só foi entregue um. Estou aguardando o prazo de vocês, mas gostaria de saber se é assim mesmo. Se chega um e depois outro, pois só recebi um. Aguardo retorno. Obrigada ",1,0.565,True
d2a171215ddd370f5c874cc7652310f8,6bddfba55a760cef67198cac2bfcd0d7,1,Produto falsificado código de autênticidade falso.,1,0.946,True
6e97423635790db1bf4d3f2311d0ec59,d3aa5667ad65af7fa58a5481d0aff07a,1,Não recebi meu produto ainda,1,0.667,True
8dae82a53c3c615263a881b747d45b3a,9917855d5e68773f7db62f2dbfc06f71,1,"Não recomendo, até o momento não recebi o produto.",1,0.726,True
fc126485c08e622edc62ee1407660547,4de5e476244e0fced5eabc7d26c02dd9,1,"Pedido veio pela metade. Comprei extrator de cravos e caneleira, mas recebi somente a cabeleira.",1,0.639,True
1ffe410191d36735e6c5278769a8abc4,723e462ce1ee50e024887c0b403130f3,1,"Comprei dois produtos, 1 Sling (recebi) e 1 almofada de amamentação (não entregue). Dentro da pequena caixa do Sling veio a NF referente aos dois produtos, porém só recebi 1.",1,0.586,True
97046768f59f00a552ed3ef415188e9e,f8a6d03ed88e47a216d244f20d4333b4,1,Recebi o produto com defeito e estou aguardando a resposta do fornecedor do que devo fazer....,1,0.514,True
6f8f95f14128b25cc60c07d46f0946e6,c1556665d5eda63ad0a01cb682e2ad6d,1,Ainda não recebi o produto. ,1,0.636,True
893659b7a097572978ae507c5aba896c,ac9389991e196542581dc80f6be7e5fe,1,"Produto diferente do oferecido, e cheio de defeitos.",1,0.417,True
a3c8279e3602ca6080c5f62f6cbee83e,68743b7445ab5ce45c40b8490752c44d,1,"Recebi produto errado à uma semana. Aceitei mas o valor do produto entregue é menor. Pedi reembolso mas até agora nada, faz 9 dias já",1,0.707,True
e2151cbbe41614f383562310b6438748,e3a851896a5960f36443bee36f006936,1,Meu pedido veio incompleto. Ficou faltando um item.,1,0.713,True
6d43c93b3681bcd2ab77d7599ec4b424,ff41c61254c0df3698b8689d9493ffb0,1,já comprei por diversas vezes nessa loja e esse foi a compra que mais atrasou.,1,0.557,True
6a0ea1c4d0fcea9eb1447b019c31ffb4,35bf7f86bc7add201e5b6573052157f0,1,Não veio a cor que solicitei marquei azul e veio vermelho estou insatisfeito com o vendedor gostaria de saber qual será a solução que vcs vão me dar,1,0.651,True
ba5d32db98e447802513ec268c0d1b9c,d94600e5b855ffe8db3b9bc06e21b1bd,1,PRODUTO PARECE QUE JA FOI UTILIZADO FEIO TUDO SUJO E RISCADO,1,0.537,True
c429a534b9bf33d921930e8e7f8f4719,4a4ded48a84c0cee9a190dd22ce96866,1,"Efetuei a compra em 02/02/18 e até hoje não recebi o produto. Quando tento rastrear a entrega, verifico que o status não muda há mais de 20 dias.",1,0.789,True
3d13e3e915a15c14c3412625214ce0c8,19802314932831a78e4f0e3dead30f83,1,Gostaria de saber quando vai chegar ,3,0.343,False
5c7b2ce6682290f2b982118dc415cc05,9edf857fb745380a09bf319e39843439,1,O peoduto veio com defeito,1,0.521,True
ca79d98533c33a3d9bfb194e87fd0100,0ebc490cadb55779894fe2a498e64439,1,RECUSEI A ENTREGA DO PRODUTO PORQUE CHEGOU TODO QUEBRADO ESTOU NO AGUARDO DO RESSARCIMENTO DO VALOR.,1,0.757,True
2a61ddc668310df42ba28eddffcf57d3,ade919610216d8fcd6333ce3696449a4,1,"Não vou recomendar a loja 😡 Porque eu comprei dois produtos e só recibi um. 
Entrei no site e o outro vcs cancelaram.
",1,0.774,True
ddfae824222583debd6fa7da6d4861af,ee6830242df204d5290f7c4704464b56,1,Comprei o produto faz mais de 25 dias e não recebi.,1,0.784,True
ae728c1061bf163b4bd256ad9ee0bb83,45c780334bc32cb77559a65c5f171160,1,"Este foi o pedido
Balde Com 128 Peças - Blocos De Montar 2 un - R$ 25,00 cada (NÃO FOI ENTREGUE)
Vendido e entregue targaryen
Tapete de Eva Nº Letras 36 Peças Crianças 1 un - R$ 35,90 (ESTE FOI ENTREG",1,0.721,True
554e780c4f4a091b9449f31b3b3d4b22,47dc3a1de5a0aec4323cdade0588655c,1,Não recebi o relógio digital até a presente data 02/02/2018,1,0.694,True
89f1be937461a932b5521a02d760aa10,e56bf94fb5b2e858e8b8896c565a96a0,1,"Muito ruim, não veio um produto e o outro veio errado.. ",1,0.823,True
e1b82e60eef0a357efbea7cf7b6272c6,7731a91dd46b3556ca99d3b3c34373ef,1,"Comprei dois perfumes, o Tommy Hilfiger recebi caixa lacrada parece ok, mas o perfume da Gabriela Sabatini a caixa está sem lacre e tem etiqueta auto adesiva fundo do frasco lado externo. Será falso??",1,0.415,True
793057be1b9214320383c0cbc55322cd,6c49d31e69b107dfcd20d06bf4141749,1,"o couro eh sintético e de péssima qualidade. o pingente tem aspecto de lojinhas de 1,99. a medida sugerida não serviu no braço. joguei no lixo logo que chegou.",1,0.832,True
34b882ab5dcb12d49e4357387fa7bc71,28f4aecc81f76b7e6055d4c9e6b7e9e4,1,"Consta que meu pedido foi entregue dia 20/12, e não foi, gostaria de saber o que vocês vão fazer agora. No aguardo",1,0.555,True
6badbe99a91ea5c5934b7b824f7c44e4,e1a90f68f1eb2b0f154dbfdace7bdab6,1,Comprei um produto e vocês me entregaram outro.,1,0.665,True
9db043a63b54e244ad49089aa4dd4b4d,01d48ed99667ce49eaeaa7980a31b987,1,"Não recebi o produto até agora é não falaram nada como vai ficar, quando vou ter o dinheiro de volta ,ou o reenvio do produto porque tem quase 30 dias da compra e continuo sem saber. Não recomendo. ",1,0.865,True
f642d6cb07bc013def68de27251867ad,c94ac7d021bb9260946da4c7b153366d,1,"o produto adquirido não é o que eu esperava...
",2,0.424,False
4db282664837c4d23f58699d952d7823,fc14039d9862e0c47917cbb337d06b64,1,Infelizmente comprei um produto que veio trocado e não consegui solução com 2 meses de pagamento e 1 mês do produto errado entregue! AVISO: Não comprem dessa loja!,1,0.934,True
abf61b99bc7101baaae96052d4a64519,89ca1c6fae0e21f0395c0e3b1d89914e,1,Produto não chegou e não obrive resposta de nenhuma das duas solicitações que enviei para site da lannister e nem da targaryen. Aguardado resposta.,1,0.783,True
4f8617e63b7edcc271f2f2cc5e553e28,e422e79c353461906ac09d654bd28ad7,1,Produto não entregue,1,0.744,True
656c93b88ecf0790f53bf19b9c3c0540,5eca2113141f2c0e048b11bdcb7a0371,1,DESDE O DIA 09 EU SOLICITEI A DEVOLUÇÃO DO PRODUTO E ATÉ AGORA NÃO RECEBI E-MAIL PARA SABER COMO PROCEDER,1,0.811,True
bd19295b358180efdb4421feef816768,3dcba6a4791ca82b9de4b0590404b27c,1,"Ja recebi os outros produtos, que comprei junto com esse. mas esse ainda nao chegou.",1,0.498,True
8a3a5868150b304bbe274ff108771a2e,9f9451274bc21055d9306c98eb7eb8f8,1,"Ainda aguardando. Prometeram entregar esta semana. 
Na verdade em comprei em 7 de Março e nao de abril.",1,0.326,True
8913359e8be6633d6b68279e829e5f90,cb61ea3467956c7b83c342c1cc488364,1,Faltou 1 unidade de luminária.,1,0.477,True
4f49e2653b0ec714c8d6c7baf008dad8,d45eb8b423190d51b78089dfaccc95a2,1,"O stark precisa ver melhor a loja que indica porque recebi o produto (um termostato) em dia, no entanto, sem funcionar. Foi frustrante!!! Espero que o stark faça a reposição do objeto que comp",1,0.55,True
0254bd905dc677a6078990aad3331a36,5bf226cf882c5bf4247f89a97c86f273,1,"O pedido consta de 2 produtos e até agora recebi apenas 1 produto, e o que me preocupa é que o status aparece como entregue.
Solicito providências

",1,0.368,True
df04781ea4bd396f9c639f30ce3de9f6,d2787e74c073dd7a21b4e4a873abd9f1,2,"Eu tenho uma dúvida,pra tirar mas não sei quem pode me ajudar,sobre a entrega ocorreu tudo certo dentro do prazo,meus parabéns ",1,0.384,False
e122d601250bd4e2ba54ad453ea9fa5c,ff25dab86f7fc3fab00de25bf1489a30,2,"O produto chegou, no entanto não cobriu a tela toda como descrito e não é de gel, é película de vidro comum",2,0.387,True
368345f5a941e8757376276bf39c5b6d,7e52365eb2fa03f8f4ed8a69da1e7fc4,2,"comprei 2 toner hp ce278a e só recebi 1 e ainda emitiram a nota fiscal com 2 produtos. Estou até agora, esperando a entrega do segundo toner já entrei em contato com a targaryen e ainda não me retornaram",1,0.67,False
a75f894a4aa1656702bb495a128dd790,a79ea0bbaa6e8a7b2a2a793862c418a8,2,"Recomendo a loja, porém sempre tem algum ponto à melhorar e a sugestão é p/ logística, pois a compra foi efetuada dia 16/03 e até o momento não foi entregue, ou seja, quase 1 mês e ainda não recebi.",3,0.415,False
85a150f1bf620917efae51272e748d61,9519371e37eebc065ffca4a20134aed7,2,"não quero o produto, não serviu pra minha sala.",1,0.574,False
fd03f797e6b8cc82be1b949704b400d0,0683849d0c0146afc4977ada6e86bc88,2,"o produto não se encaixa direito,pois o modelo do agile é 2012,só por ter 2B não foi o correto,mas falei o modelo/ano ",1,0.355,False
af9876b8ea0bc96e69f91898e3dd24fd,14a51ed90079fbc00365d6848d837ff3,2,recomendo,5,0.511,False
e07549ef5311abcc92ba1784b093fb56,136cce7faa42fdb2cefd53fdc79a6098,2,fiquei triste por n ter me atendido.,1,0.418,False
bae078c591b85f0f333cbc334e019d84,320ecf6854e14e86b022c562c759b713,2,"Foi entregue somente as fronhas estou aguardando os travesseiros .
No momento ainda não posso recomendar a loja....",1,0.521,False
9a1502407ccaab2ed1dec189e881d004,fade3e37b5640d2582de9aacb77f9758,2,"Entrega feita no prazo, porém o produto entregue não foi o comprado. Estou tentando resolver a situação.",1,0.441,False
ee1aa0d8606aacbfc7d96428a2232de7,261f725152296e3e8d5041687181d836,2,ate presente momento nao recebi a a ultima cuba,5,0.259,False
567500c1775c73df1f1a1ca7535ff363,7015505fc7302da88c0e9c58e8c3262e,2,só achei que era de borracha e não de plástico,2,0.379,True
3896c3eee0db7feaab0c4b81f8da2806,07fac8f9cadb792264f2985ef93eaa13,2,"Na descrição e fotos do produto, mostra a capa do Zenfone 3 Zoom, mas a que chegou pra mim não foi essa! ",2,0.377,True
ee9b99e11ec627e17202dd2d98ce28f7,c2b32a9eef15f09698bb2ec1a17a6a70,2,O produto ainda não chegou,1,0.706,False
aca2e1fcabddf4cdbfffc3e5c23abd2c,fc8a4fcbc1b484046b9ff15de7c73577,2,Faz mas de 25 dias uteis que fiz a compra.,5,0.46,False
5fddb0109014e240d05ef9609bc230c9,b5d08e6b71d4af8f816daf169014c908,2,"O prazo apresentado no momento da compra era um, mas depois que efetuei o pagamento mudou sendo postergado para após o natal. E mesmo assim chegou dois dias depois do informado.",1,0.522,False
14ebbf02445a7002f16ac37eec124a6a,14b01335f19b97fce1437168032ae388,2,"faltou a almofada cocozinho, na nota consta o produto, mas o produto NÃO foi entregue",1,0.53,False
446e0af1cbd73d5e619953e84d679238,8a1971d2df1c5e6101ab0285700c7ebd,2,"Não achei legal a loja, pois eu pedi um produto e eles me entregaram outro. Então não indico essa loja targaryen",1,0.614,False
2f895373ed13fc577bdccb8218e92ee1,75687059537f4b53423dc1d645c6822f,2,"Comprei, o prazo de entrega já se esgotou e ainda não recebi, tentei cancelar, mas o vendedor diz estar tendo problemas com os Correios",1,0.646,False
3479b109d365da65ca7f35045bc96868,150da40a26382d8954208e5bd858c285,2,COMPREI UM CARTAO MAS NAO FUNCIONOU E DEU ERRO E ATRAVES DE APLICATIVO ACUSOU SER FALSO,1,0.846,False
680315f6d5a87d16494491d8fe0b72d0,bf321eacd8e3dad568b84111dc820e55,2,Mais de 22 dias e ainda não foi entregue ,1,0.766,False
75ed80f68d731eeb23e6b508e5cb9fbd,ccbd198eb55e22f3b2240d1605961c5f,2,Gostei mas veio com a mola de apoio das folhas quebrada de resto está perfeita ,3,0.399,False
48dfb09da10ec86135fedeb9941364c2,454ecfc568c4d964048236e91a42bda6,2,Falta de respeito com cliente,1,0.398,False
0eeb0b2358ab272235d88427f1d5d290,8164479321ad8dee50301cba9250bf42,2,Comprei o produto antes da black friday e até o momento não foi entregue (quase 1 mês de espera).,1,0.623,False
81f96f2486e7f0cc44ccb5b5d95bb139,2bb02fdf5637a68cd5d13c78c37c3376,2,"Produto c defeito, tentei por várias vezes, mas foi muitas, devolver o produto abrindo chamado na lannister e não consegui.",1,0.688,False
595841af5795c84f40c9158e53474286,1ce8144d59eef2763c0fbaf8ffd26d31,2,"estou aguardando o produto,!!!!!",5,0.499,False
9bea28503e4287035f1faba4605b57cb,8f1a2a26d4f0ed5608a8857e0e88b7ad,2,gostaria de receber o meu produto que ate gora não,1,0.409,False
97e128c1f6c5237e418f577aea822340,dcb4a1d21593a108db61f12a4b3d61db,2,"Produto chegou no prazo,porem, nao veio na medida correta.
Tentei entrar em contato para troca ou devolucao e nao obtive nenhuma resposta.",1,0.557,False
63f0470b226a104fd3a8b520d63adefe,778c4b126dadc4564077343c319a97e7,2,So acho que esta demorando muito ,3,0.505,False
af4730fbd920cb1c1d08faf9f3ba0438,6e25a89b2b006e7da0ff978bdcfe66db,2,"Comprei dois produtos, mas recebi somente um.

Entrei em contato e ainda não recebi resposta
",1,0.597,False
5ad0e3c0eee5f86ff7c2d690fcf6bc64,1ba1c0a51a27e3c9c621d7128ba44a5a,2,Faltou uma unidade comprei duas unidade e recebi uma empresa não é confiável espero um esclarecimento...,1,0.677,False
95b1d50fc97be09b61fa81f47253557f,ff40f38705c95a8eceea1a0db29bff66,2,Comprei 02 relógios e um veio correto e o outro totalmente errado.,1,0.721,False
30ed41912d9ca9c27704a92fbe905696,f2710c3e65b68cfc927a8aac6ecebe83,2,"O cor e estampa não é igual que a foto,mas ...gostei..",3,0.436,False
63fc1507f5bd7b7b3e3c49bab26f26c9,07c04599729da94f8aeb0974035ac307,2,"O produto na venda era uma imagem clara e bonita, quando chegou e totalmente preto e quase não da para ver a imagem .",1,0.472,False
f3620fad3398b28838a949ebb4a41fba,9080bbebe770730d55977265386a0b21,2,Esperava mais do material da toalha. É de pouca qualidade.,2,0.631,True
9da5990c51c04946ce0a6a611acc78f3,60671dbc6a3437884fe12844687b2049,2,O produto foi entregue dentro do prazo porém um dos produtos veio danificado.,1,0.439,False
cfd672ef810b24373155f6903ff69835,9550c6dde457784adf6688cea59cd6b8,2,"não foi cumprido o prazo da entrega na data prometida e até hj 10/08/2018 não recebi a mercadoria, falta de compromisso, no minimo teria que ter dado uma satisfação, mas não o cliente tem que correr ",1,0.673,False
871dd1632e8fa5b84b163af1f36125e8,22cbb862caaa697ec27060c8112bcb10,2,nao recomendaria se nao haver soluçao,1,0.571,False
63fa6d758ba4411769e129032a777714,5850461d2bc7d1529169bafae36a1165,2,comprei um kit com uma mascara magic color e chegou pra mim uma mascara energetica forever liss. Quero a correta.,5,0.339,False
cd76169860187096ad46036ee35b7706,ad5ad3658e7ba2b40e80f791dfb3dbb9,2,"Não recomendo, pois o praso de entrega é muito longo, pois comprei o produto no dia 09/06/2017 e chegou dia 04/07/2017 muita demora, pois compro em outros site e recebo o produto no máximo 10 dias ut.",1,0.65,False
c057776ef72b6bf01392eeb8b4425a00,b4d85d4356b0ece0e421f5c58d757107,2,"Recebi um email relatando que o produto teria sido extraviado e fiz o cancelamento pois era a bolsa de um bebê 
Comprei outra e agora recebi a que comprei com vcs agora estou com duas mercadorias",1,0.766,False
6df890a527e1fb392a4a84ab46149871,6db84e80e54c938d5112dbdd6494b7f4,2,"Não recebi o produto, e tento entrar em contato e não consigo sair do atendimento automático ",1,0.782,False
896ab188ffe4b1249ef5c7a7a70479db,884ddcd0965c8f4d41006f07efa3c32b,2,Ainda nao recebi o produto,1,0.639,False
d832f74aca1af64b4f525edcb5426dfb,ec451fb3a1ee5782fef4937473a9ffac,2,"Produto chegou sem nota fiscal, ainda não instalei, portanto ainda não posso dizer se está em condições de uso.",1,0.566,False
d25026282e14fc531f0711246e121cc2,48d94e7406a8d5cbf7505590d86ff0ea,2,"Foi entrgue dentro do prazo, porem nao foi entregue o produto com as caracteristicas q comprei. ",1,0.425,False
6f89c10a08e4c11fe7b33378a736d7ac,580603672a21252f21fa8a8b4ca85986,2,Recebi somente uma. Porém comprei duas. Não gostei da qualidade do produto e não veio embalada com etiqueta. Fica a impressão que é usada. E comprei para presentear. Quero devolve-lá. ,1,0.62,False
d2d983ac7b7476e08048f619059d1db4,840d0fe65e307594f2f5fcd49d6898d7,2,Oieee Boa tarde recebi um produto que não pedi acho que veio por engano por favor veja como devo proceder com a troca o quanto anteriormente produto que deveria vim seria uma taça de sobremesa chamada,1,0.726,False
55ffbc6435b1f6ce484421370d364401,6e0f64efb04a60cc8a5bff3e30663c02,2,"Fiz um pedido só, e veio separado.as.entregas faltando um produto (best whey)",1,0.588,False
fc2fef694db6a15268ef8d653a586821,9e13610356ba6774adf5c06c32f8448f,2,Muito bom!,5,0.726,False
405fc62d193015989706c24f95eb0329,4ab7de78c72f664992f3171d28974c87,2,"Produto é MENOR do que o anúncio diz.
E veio sem a Nota Fiscal. E o link que recebi por 
e-mail para acessar a Nota Fiscal não está funcionando.
Favor verificar.
Aguardo.",1,0.697,False
38231b52cbf8dd5f2f2d7a889d0bbb90,33c395f5b7eaa637304434e553d45cf1,2,Faltou informação substancial quanto às necessidades de outros aparelhos para instalação.,3,0.427,False
aee7d954a0122fb807feadf0d54d584f,35990049382e07dba1a9ef3550cad655,2,"Não foi como o esperado o produto foi parcialmente entregue,comprei 6 baldes de 15 kilos de impermeabilizante e recebi 5 falta 1 fiz uma reclamação porém não obtive resposta ainda,no aguardo",1,0.644,False
987deaa0a3ff68c212e8f5dc5806108a,233da90437ba0d4dcbe22506b45612ea,2,"Veio sem um dos ilhós e por isso o tecido nessa parte esgarçou, espero que na troca venha perfeito.",2,0.359,True
40a4a1753d4d0ec9b3369d23d31decda,8337da5abde9a018a9ab51bf20aee333,2,"Chegou bem antes do prazo previsto, porém,para o drone H18 entrada não foi compatível. A entrada do meu drone é a JST. Existe algum adaptador para ser adquirido para a ulitização do produto comprado?",2,0.37,True
102182c3547e292d072f3285170229a2,421cf19961f42317267a94c6ed066cf9,2,Não gostei da qualidade do produto. Achei caro demais para o que é?,2,0.511,True
a555fec0a2d54ccb104762e54f058603,306b4ec62d908535f2bfa2877665e899,2,"Fiz um pedido de 4 itens, ele foi separado em 2 entregas. Só recebi 3 itens!!! ",1,0.629,False
103fbe80b510033507349054e169e18a,24843df655e56c3713485a7880677287,2,"Recebi o produto dia 01/12/2017, 6ª feira, porém, ao abrir verifiquei que uma das peças estava bem amassada e a outra possuía o acabamento bem ruim na extremidade, não sendo possível sua utilização. ",1,0.395,False
21697fa9d5baa462e5d82c4f599d5eb1,0df7ce137bbb12afe0a4e2643c6c43ee,2,É preciso entrar em contato com o cliente para informar qualquer mudança no envio do pedido.,4,0.358,False
8e93dd240ee9c0d8ba83436980caa09e,543191db0a8f28cd664d601260fb1dee,2,"Colocaram nos status como entregue meu produto, quando na verdade recebi apenas um cadeado e uma carta de justificação de atraso na entrega. Mas, mesmo assim recomendo esta loja. ",4,0.367,False
b9677c5ecaf9a9030e9ce79b23539688,0e3e9e19e36c877fbd3decb94152e837,2,Muito ruim na hora de devolver o dinheiro,1,0.82,False
29aaf763d139f325574aa24b37713c42,b75a6018e7dd4580ea41116341ec362f,2,"O produto foi entregue sim, inclusive antes do prazo. Veio exatamente o que escolhi, mas o produto veio com falha, parecendo até que já tinha sido usado. Deveriam ter mais cuidado e embalar melhor. ",2,0.455,True
a1d3170432a36fc29e0300e750db622e,978314826289d9ec86d6d6a627eaf810,2,"Não gostei muito do produto, fiz a instalação mas não funcionou muitobem",2,0.467,True
a5cfff9868bfbf6aa554f28c6b1196ff,1016b48b6d8c68e73002bdeb36e3deb1,2,Infelizmente demorou um pouco para chegar.,2,0.472,True
3058dd3c26b382fae64f265dc1bd3274,829dd3ef512422255299763d6cce8f96,2,Só achei elas bem fraquinhas mesmo com o preço baixo achei que se tratava de uma promoção e não de toalhas pequenas e frágeis,2,0.424,True
417ed14c808f80f32ae9694d3841ae82,79c8c817d8876952db086059ef7f522d,2,"O produto ja passou do prazo, e até agora nao chegou .",1,0.712,False
970bd1fd0482b3e0e15769800de6a7a5,9f2b23380dcf7e8f6984dbbf19bb3e3f,2,"Muiita demora na entrega do produto. Protu comprado em 03/03/2018, e até hoje não foi entregue (19/03/2018).",1,0.649,False
f5abe05962e90915a4b48b2a12327ace,011c899816ea29773525bd3322dbb6aa,2,"Recebi o produto numa embalagem de papel, geralmente esses relógios vem numa embalagem de materiais duro etc, fiquei com medo de ser falsificado. ",2,0.357,True
c0dfc36efbffb4ad7d43b17f08c0b7fa,89fb8b371b28dcc037a9c1f798eacc81,2,"O prazo para entrega do meu pedido, que paguei o frete, estava considerada para 01/09 e não recebi na em minha residencia até hoje....",1,0.603,False
985c22a982d129b4b337a59f2d8f73a3,b78ff92837a4593dbc8ed0e5f7ce3e16,2,Produto é muito ruim,1,0.548,False
92bbbb07a21c5a25d34ef71d9e3102da,c952071f38138a067c714cf653f34aa6,2,O dia da entrega estava agendado 03/08 porém não recebi,1,0.552,False
a7ca43954a4abd9a400d2c57a26e48cf,2526d08a2985e1b276a405915c2d8be9,2,BOM,5,0.49,False
745d611023f00ddfaa444e01ebcc9d3c,40177473ba36616817cf3e1c3a0643ed,2,"Usemos recebi antes do prazo
Desta vez atrasou pelos correios tudo bem,mas enviei duas vezes pedido pra saber o que ocorreu e não tive resposta ",1,0.445,False
f1146cac2d1b3cf23fa464b36c65537b,85647e1ff3e4b10814f375af01c38836,2,Ainda não recebi,1,0.533,False
83a4feae179836a9552ede6eef305499,e3ca9704b9f6ef0eb0c40f669da0d873,2,"Mercadoria nao veio conforme pedido, com certeza erro na hora da conferencia e agora
Q transtorno",1,0.686,False
ef87bc123cc63a4663d024b076f63149,06addb9b5cc9c47e661a6eed12276418,2,"Além do atraso do produto, veio sem manual de instrução e como sou leigo, tenho de me virar para instalar o transformador",1,0.632,False
d5d5643eb7fc2f69e5cf30456c3daff8,c252ac96b969b3f1f2c4b266a7a98c28,2,Um dos controles não está funcionando gostaria de saber o que é necessário para trocar ou a devolução do meu dinheiro.?,1,0.665,False
8e4bd70f0443a6d82091fa956bb56a3e,f33804414861bfaca84228b749e3085b,2,"Tipicamente carioca. Recebeu em 24 horas e entregou em 168 horas, um pacote com 330 gramas.",4,0.216,False
01086356469b27ab3025c8aae6f65385,f8aa20752115b536eacee3d561989f35,2,Comprei no site cabos hdmi retrátil e me foi enviado outro tipo. Na compra a foto e discrição era retrátil. A dois dias liguei para esta loja deixei recado e não retornaram. Estou aguardando. ,1,0.674,False
949ca8a399fa59f0e100303190579997,e7d4ae390bc647da72d2aa2a9faad141,2,Recebi apenas 2 das 3 unidades previstas. Requeiro verificação e acerto da situação.,1,0.558,False
31fdd8bc04f5a2e415fa87c12159698d,84a5898c018be5c7ee3e45969708ebbe,2,Recebi parte da compra. Fsltou a saia matelasada. E não recebi nenhuma informação sobre essa pendência. Aguardo instruções sobre como proceder.,1,0.793,False
b854b31dabdb93f67caa52964f0aaf08,df5b1e6edf6451c6cd99e167739d9d56,2,Melhorar o atendimento sempre ,5,0.433,False
5c21268a0f8bae726edb3aa4db3e6bde,0036757472ece3dde52fd4bfd929c90e,2,"Demora absurda para entrega, dentro do prazo especificado por eles, mas ainda sim muito demorado!",2,0.43,True
e531cf1aebca7e96e2e55a08b44c0e2d,a908872306574c9405b29a838aee5521,2,Recebi somente 1 item.....faltam os 2 jogos de lençol e a compra está no site do baratheon como entrega efetuada. Peço para verificar o ocorrido e informar qusndobirei receber os itens faltantes.,1,0.734,False
7820e042d799dd69201561dd814ded7c,9771ffb6db813111ffcd3fd1d7047236,2,"Compra de dois produtos com previsão de chegada para ambos em 05/09/2017, porém apenas um produto foi entregue até o momento. Então o Relógio Digital Mormaii Acquarela FZU8C chegou e outro não.",1,0.512,False
37ce09037d58596511980626c8d9230f,6b6691a02fbc1d93db80af20e602b8e9,2,otimo,2,0.3,True
e5890840e17be8f0d6e90ab6807828c7,ec375850cc8dd9f34f98be4fd8657576,2,"Recebi o produto ontem. Como se trata de um ventilador de teto comercial e pelo alto preço, imaginei que no mínimo as hélices eram de aço,mas não, são de plástico.",3,0.352,False
ed0c0e2857e70873fad29ed1ff5253d4,232674aa2334edfdd9c2dbe346291712,2,"oi e como fica o produto,que ate agora não chegou.",1,0.352,False
179527c47972453d440d9f65626945e4,20c60f23d0f1231ad895fde039554666,2,"Comprei 2 relógios, mas só foi entregue 1",1,0.346,False
5cecc19b26b867e5b1f4946f4b2b636a,0664199560952a51d76e1ccdadbd2cb7,2,"Não gostei do produto, material inferior. Imaginei que pelo preço fosse um produto melhor. ",2,0.593,True
e8b0e8aa4aa6bc43fc936579da18787c,a4b45ae5dd9fc64c6ad2093aa51dbc30,2,"Fiz um pedido de 2 cortinas iguais e só recebi uma e mais uma de outro modelo q ainda está pra ser entregue, e paguei pelas três...gostaria de saber se ainda vira a que está faltando.",1,0.603,False
2cb679cfffd69784ae97b7f48293f6bd,0245631f7bd55dbee7c6b441629bba94,2,"Essa cortina não veio com as demais:Cortina Voil Branca 8,00x2,80 Forro Microfibra Ilhós Cromado Branco",1,0.462,False
636b237e87574ba29654deaba9eb9797,d7361a834a2dd8db2f6f133ce291ab6b,2,"foi escrito que o produto já foi entregue, mas não chegou nada :\",1,0.639,False
35d70a9ae74fa7c6bc01125f3ef0f04b,302e20550af8f4aa30223f3cabcc14c0,2,demora com a entrega,3,0.363,False
ff1dfc9a95e3eff7cae0dd7041901add,c0524fb1b4c905d054adbddaffa2380c,2,Produto de baixa qualidade x preco x descrição do produto,1,0.477,False
e6e8bb27277ae45c9033819eabc8ee57,b0707b7956935b194cfa319dc1501d96,2,"SRS

O Anuncio de uma capa de Couro,para o celular , NAO confere para o modelo anunciado

 Ao se colocar o Celular , na CAPA , os BOTOES , o Microfone , ficam Bloquados ......e sem Acess",1,0.593,False
b8a5bfbf666ca87c71c455b28a490753,93274b931b5771bd02154c9b716168ba,2,Nunca tive problema Comba política de entrega das Lojas lannister porém tem reparado que o frete tem ficado cada vez mais caro e os prazos mais extensos.,3,0.456,False
7dd498082a9b42b4fe2d85129e92380a,1c4b050b03674a68df8780c156a1e117,2,Não é da cor do anuncio. Ele é cor de rosa. Não gostei. ,1,0.579,False
20b5c041a7b666efdb241d9dcd2b055e,7dc55217695a2ec178b513fa24188247,2,Achei que o prazo oferecido pela targaryen foi longo demais para uma mercadoria leve e pequena.,2,0.4,True
b1c08a737850987bb66fbe9449dfe54a,65c28faddc1bdb2d3d5de4f713de3f9a,2,"Veio na cor errada. Enviaram o lustre laranja, em vez de amarelo.",1,0.533,False
ebc75dc1e5f1aab722d127a0847be818,66866953330f81976a2adcd51f603560,2,tive problemas com a entrega a mercadoria não foi entrgue ,1,0.336,False
517bc634e0c9979d4ce2f7e22a2b9878,c6da58c3b564bd7fe69eeef7c5e89593,2,"O único problema foi que comprei 3 pote de banho de verniz de 1kg),e só recebi 1 pote de 1kg.",3,0.362,False
848b72c65af0a6ba0a1cb3be87f90588,ca6475db54a7830e664bd059746b144b,2,"A caixa dá a impressão de produto usado, a qualidade deixa a desejar. Como foi para minha neta, passou. Mas guardei a nota e se der problema vou reclamar, pois achei caro para a aparencia e qualidade ",2,0.42,True
9862967da12b5624de09062c1de0bce4,296e1020c48c85d07b3fb22436e3e65b,2,"Legal 
",1,0.281,False
52c97eaa8423be300b20474053645896,068c06f0ea08ab32e127f87aafaa834d,2,A cor não veio vermelho como na descrição do produto e sim vinho... O material achei q fosse melhor.. Porem vale a pena pelo preço...,3,0.441,False
5823c73b5c49dac6a32b37803b3e2477,10a94cfc443be920ad332f21f5285d0a,2,"A mochila veio muito pequena. Não cabe livros. Pedi o cancelamento , a devolução do produto e o valor de volta como estorno no cartão de crédito desde o dia em que chegou. (20/01/2018) Aguardo contato",1,0.872,False
a20c24976e5130fdc8ac993ecd6b649b,2d7112fbe786c9c56050866c853e3a7f,2,O produto chegou rasgado ,1,0.563,False
86f8ad3c316ab8cf42a11e53cc8c244e,4f3f48cbedce0c316c688af6fc7e9c56,2,Não recebi ainda meu produto.,1,0.544,False
36272a624d93914a3fc574b0f9fad77b,0abc7357d2bbb06a7d4d0b2a24d4ebd3,2,Chegou o produto errado,1,0.689,False
69957e955195522e448911e89cae286f,989196f56241e43b0bf10162011e6b30,2," Pensei que as toalhas fosse mas grossa ela são bem finas
",3,0.473,False
92fc88d99622e08c0975b8649358ff0e,10482cea058f80e06b62b933eba72928,2,Achei de péssima qualidade,1,0.882,False
77fd8abcd41a384690d832b347594fc5,cfec583bec70f00c3a46676a88937f22,2,"O Produto é muito diferente da foto, a cor é bem clara, escolhi o escuro para combinar com o resto da sala.",4,0.456,False
3d73bb322d552c4279e33cc4a1273258,125065dcda5fb5549b43a1ce085bec63,2,"Não pude acompanhar meu pedido pelo site. Site muito ruim, não atualiza. Até hoje não aparece. Fiz 02 pedidos iguais, e não aparecia meu pedido. E ele chega de surpresa, fiquei com estoque de produto.",1,0.903,False
b73e8f69439e629c14a33368e5c917fe,d0c925dd85481e3b99bbc725dc56e1a9,2,O produto q recebi não foi o mesmo q comprei no site,1,0.645,False
6c34525f268f78de3cc63f4e7bd1f722,bb1d4525338473e108ecf58d9cd57a6b,2,Ótima loja totalmente responsável com o cliente. Um Exemplo,5,0.528,False
8ab1cbaa45ab4ca97d24f5e5884c0c39,db145d39d51668d2934a47dbae8e5e66,2,"O produto chegou no tempo determinado, porém com uma rachadura enorme na tampa e tudo lambuzado,acho que deveriam rever como embalam, principalmente o que vem pra longe!",2,0.499,True
6f90ca0354205d409ba72f8fbdd2542e,8489131c7dcc42a6d6d7df1be6802643,2,"ainda nem recebi o produto, que esta com entrega atrasada.",1,0.58,False
198792ea93ea10443410ecfca83a6c3d,b70007824303eaad6d7736673b76b17d,2,O email avisando que a minha encomenda manda está disponível na agência chegou tarde de mais pois está disponível no Rio de Janeiro ou seja agência proximo ao remetente.,1,0.492,False
4f065935e9c6ee0e47a0b3a6796267d7,a72c7ab8344502cd9a7614aa0af4ab68,2,"Recebi o produto e o mesmo veio dobrado ao meio, acredito que para efeito de transporte. Acontece que o Material do produto (PVC) é muito ruim de modelar e tirar a dobra que ficou.",2,0.491,True
48b3ce236ea9d35a4850ea94ca9ca38f,fb7688c98b85305cf636fb26b2804186,2,Produto não chegou no prazo ,1,0.684,False
7182ff75a4d75780b33e3b90b3193880,ad01e26d29b4818ba6299d1356a130b7,2,Veio com um amassado pequeno na tampa da bateria! Nao reclamei pois iriam alegar que foi mal manuseado... dificilmente iriam me repor. NAO quis comprar a briga!,1,0.815,False
cb770d3c460119845882aa6a04606e56,ce7e2fea4efc732fbc5fd04753f2e549,2,produto veio danificado,1,0.631,False
d5308f48b32d24592840810ab7ebe830,74f6a72d401864d8a0d5b73e2533a3bb,2,Ainda não recebi o que comprei ,1,0.287,False
cbc01bfbae1deb90673757d69dc3b593,e02abba86c2340a09ce002e3dcff5229,2,Muito demorada a entrega do produto.,1,0.458,False
52acdf0503449b4ba6a064fcb1263e1b,8e0ea21ee6cfe4bbb2269955fb3967cc,2,FALTA A ENTREGA DE UM PNEU,1,0.413,False
748a7105739819685ec4fa87be4da715,f6cf8d4fd766fb0bd2d664fbbc94e9b7,2,"Recebi o perfume, mas veio sem o selo da Adipec, não gostei disso .Além do mais, estava mal embalado, o celofane da caixa mal fechado, comprei de uma loja e recebi com nome de outra, não entendi??!!",1,0.618,False
ec4287226cc7cd25a479a4f1d44cff42,f885037230ad5460192a6a2c609af8d9,2,"Pessimo o produto de má qualidade, tecido horrivel, não é igual a foto.
\não recomendo esse produto",1,0.95,False
68854e50b649cc8afd0a2f7b360e48b2,2e0ff81253a7fa54020cedbb9835d1c7,2,"Ainda não recebi o produto
",1,0.639,False
a9dd71a622ad48be09e2d57b89f0e6fb,4e574601fa03ae371593a005d9cc7a32,2,"Muita demora na entrega do produto.
Não compraria novamente!",1,0.614,False
858226160cc0d0fd05b08548ecc4f02c,c05e92bb9bfed43c6e5b6d3723fbcc2f,2,"Olá,
O produto retornou para o CD, vou receber um reembolso?",1,0.573,False
2183705682a589bbe303e721a52ab4af,7c9c86e000d63d474d4e1f17d1b06fd8,2,ainda não recebi o produto,1,0.639,False
f065fc6c8703c41424e316207f5261af,8f627f546b2cb0ddbb0d8627461b846f,2,DEmora na entrega,3,0.327,False
22b278e44b6d2ec7b3ae6e930c41f5ef,f77e126a18d3f6d78bab9e393cf25a73,2,"O produto chegou antes do prazo. Achei que seria melhor,na foto é diferente, é bonito. O que recebi é bem simples a cor é outra.",3,0.521,False
6eb740716e9f437816dce390b72a5072,604e8476eddf429624f25bb3615ee6c8,2,"Já pedi minha devolução e ate agora n recebi retorno, isso tem mais de 3 dias e me deram prazo de 48hs. Quero meu reembolso",1,0.879,False
b1db86411f885467912c2992eb18e734,c504f1f5fd54cc8398d57dc0da49de01,2,"Nao tinha o produto e ja respondi o questionario, ficaram de devolver o valor ",1,0.811,False
d5ec0edbe1505d4f8c80f52d9c19f98d,574b6436062a78088de8066ee209f9a8,2,"demora na entrega, ainda não recebi o produto",1,0.433,False
356dd4fffbd41a4daff086cfe0fc052b,44f3d1f080f4d91df2ed14744c6e8184,2,Deveriam avaliar os fornecedores ,3,0.316,False
88ce13e429ce3faffb0225b64b4e5336,ed81dbeb0cedad4d3d1f1551b06d6ca3,2,"Fiz uma única compra de vários produtos desta empresa, e a mesma divide minha entrega em 3 envios separados, sendo que 1 desses, nem notificado eu fui sobre o número do rastreio, descobri ao receber.",1,0.668,False
a2e3801cdb9fcb54394f77a9e78fc2a0,778c123689474f1e0abaae724ebe2136,2,"Até o momento não foi entregue o produto completo. Fico no aguardo
Carla Goés",1,0.583,False
ff63ff91acaa1e23eab5aca11ecc6672,7cb67275a494651008ed5b1f0353ddce,2,"As focinheiras n°s 01, 02 e 03 são ineficientes, pois o velcro está na ponta do tecido, ficando muito frouxa e o gato retira com muita facilidade, mesmo a n° 01. Precisa colocar mais velcro.",2,0.57,True
7b50ba7a5dce6830597b7d729b440c9a,8adee5f27ae7551113fc26ce21202576,2,"Depois de um longo e árduo tempo, o produto foi entregue. Acho que ele veio de carroça.",3,0.284,False
cc6af213b571171ee0ef75d1a9c11c02,b9de9e1eb84649fb4958de11ac492b6b,2,"A carretilha veio com a manivela torta , mas já. Arrumei .
Recimendo a vcs coloca na caixa fragil para não acontece o que aconteceu com migo.
Eu tenho a foto.",1,0.455,False
199230aa533406b9564ad1ce09fe0f4c,c4d2f075fc3bf3a06d1e68e113c35cbd,2,"tenho outro sling de outra marca com tecido muito mais macio, maleável e agradável",2,0.459,True
d38c2458335ad219ac242af5c53a41b7,d95ca1fcb72812383e41e2eb7ca65dc2,2,Eu comprei 4 rádios e so recebi 3. Estou esperando o restante.,2,0.328,True
0bbbf0ef90d9b70cce96f33957f071d9,cc8412c7495b3d013e638dae26f04c9a,2,"Produto chegou bem rápido, porém, quando conecta na tomada ele acende a luz, porém quando conecta alguma coisa no adaptador a luz enfraquece e o aparelho não funciona.",2,0.499,True
8937ffc793129f6dc2fe84b03645bfda,8a531931fb00c5c35c96c51a58fe6746,2,Comprei o tapete para presente e infelizmente veio menor do que o anunciado,1,0.489,False
cdcece0cb8ec834e67d217c25ffe5b1f,396f84886eb4046aa249fdf2aacf3994,2,"A entrega ainda não foi realizada,estava previsto para 02/01/2018,nem status de onde anda o produto eu tenho para acompanhar.",1,0.669,False
cec84fc401a7d06c34cf120ad8230a69,7aad0379bac4fe5dcb0a97650eaf957d,2,"A loja é boa 
Mas meu produto veio com defeito
Um cabo hdmi. Gostaria de saber como faço para trocar.",3,0.363,False
5fa335159600530ba4e5b1c65e85cd92,71b17a1dca06f13bc0c69595e244d3e7,2,O produto não carrega nem com 10% da mesma capacidade que o carregador original,1,0.632,False
8de59983eadc752efaf5e7c5b4b46787,c021ea4a80ce0d1bce358a2f831c34db,2,O produto que pedi veio numa numeração diferente da que havia pedido ,1,0.477,False
b89da8bf58ac57525ae180e9c6f05e6f,fefeb61b51f4a30efa5d44a833e3a797,2,"Esta loja targaryen não cumpre o prazo,este pedido eu recebi, porém o anterior a este ainda não chegou",1,0.545,False
60a7d138d21e67f0bfaeedee9a7ab783,669c18450a52085fedc525141e81e104,2,"a capinha a qualidade do plastico de dentro é boa a parte de fora ""couro"" é boa Porem a pelicula de vidro veio quebrada e bem quebrada,veio bem embalada oque indica que foi embalada ja quebrada.triste",2,0.516,True
7894f8463bce34a4e5ba2c542342a208,2de88b97e4bbf3a783afbdd55cb955e4,2,"A película chegou, mas o produto em se, poderia ser melhor.. 
Não sei se todas as películas em gel sao desta forma, mas mesmo seguindo o q diz o fornecedor, é inevitável a criacao de bolhas na tela!",2,0.422,True
9bbd192dcab4e6c835123ad3c71d0f20,d0269d8e6e340202e519f59cefeb094d,2,"Não recebi meu produto. Não posso avaliar.
",1,0.69,False
2a6dde7f3f02c36dae89b7b55d14ffad,b53fe2cf3a372c3ee003f70652185fa9,2,"O produto foi o que pedi e entregue no prazo, porém veio com avarias na tampa traseira, mas a embalagem estava em perfeito estado.",3,0.389,False
96813c044224f5c1ea4226e2083b1f9a,044d94a4ac73b24fe28ff5293ac35bd8,2,recebi 2 dos 3 produtos desejados ,1,0.375,False
014552bc1539eed96d4937a07ef1ba03,3e60f029bab712985ebe5bb542730b6e,2,Produto entregue diferente da compra,3,0.256,False
0668f1ce31cc70c59d3820faad8bb2a6,d17c532b7b6e2aa56945b55f0757fee4,2,"Boa tarde, até agora recebeu apenas uma parte do carrinho",3,0.349,False
aab4257a8882d1e7fd458291bed52fcc,b0e779f901eb8bbbc2e223a783dc46a1,2,Regular ,3,0.361,False
d1464a43022581fc4fc1e6cf31d2f84a,9ace889082238720c827037211d2510f,2,Não recomendo. Produto não funcionou e veio numa embalagem sem proteção.,1,0.888,False
c7bce59a85de00b5bd99b3d16bf8faf9,ee24e7d976a47cc46be7304fe5654ae9,2,"Pela foto o produto parecia ser imponente e bonito, porém quando chegou o relógio quase não coube no meu braço, pela foto parecia ser lindo mais a realidade era outra.",2,0.471,True
aee72c0f293739ab9450a25d7966c5b1,c038a5b29abf034f262370c75f739875,2,"O pedido tem duas etapas, uma foi entregue a outra não. Estou aguardando, são fintas para impressora do computador.
Grata por receber o produto e poder continuar prestigiando as Lojas lannister",4,0.271,False
7152273d6bb7454301a27a7fb4593926,12c876d1fcac530f4415cb03afc041a6,2,A tesoura tubarão não corta nada.,1,0.655,False
a0c74f3f1948b2b6ad6c5b92484308e2,c63f4a1a51b78e8b9c14cae50f2e1817,2,"Bom dia!!!
Não veio a nota fiscal com produto, Quero o porque??",5,0.303,False
f2c45cbb5f5123e47d5012b9de3ce3e6,f2f0e2137eed28bd2c8531655ddb7d77,2,o produto veio errado como faço a troca?,1,0.482,False
e0e00c3e9b5e2d501cf05bed4647a43a,5be2bde9982c297012273b2fc574b2a8,2,não recebi o produto ainda...,1,0.693,False
8c60b8af830f3aa52688f1a737586637,0ca9a58f008bf2603e4b02b0813996e3,2,"A loha enviou corretamente e dentro do prazo, porém, alvez por conta do transporte, o cartucho veio com defeito. Por isso já pedi a troca do produto e espero que minha solicitação seja atendida.",1,0.422,False
84f9731d1b125a5cc9d4500c721c4009,403ce7c187ea2be61ea4f564d3c71688,2,"Comprei o produto errado, não atentei a descrição, verifiquei a foto no site novamente e percebi que colocaram a imagem do produto, por isso pensei que era o Redmi 4X e não o Note 4X",1,0.665,False
3ba1a7ddae6d123a1d54e7f6c9fac135,1671068b64a9cdbffb5bdba38a07382f,2,Difícil acompanhar a entrega. Rastreamento não entra,2,0.444,True
c91548a0d483f1a8779faceee71bcbe2,8e72d023c1371c9bb78de1516a30174b,2,"Não chegou todo o pedido, no pedido são três, mas só chegaram dois.",1,0.684,False
36ec7beab972a0bd81e25c048195342f,7433b1786e1af2042c2c4c76d3e4b750,2,Razoável. Achei a manta muito fina.,2,0.519,True
18b759902d50cc4b835b7d65e1f293c1,2b25bdbc985fdd953cced7c3fdf0a2fe,2,Prazo de entrega muito longo.,2,0.378,True
ab125211266c7cb8542597fc230766a3,1069874467b6a425853288c450f68fc9,2,"Entrega foi rápida , porém o produto de péssima qualidade, fino , não passou nem perto do que eu esperava , está certo que foi barato mas eu não pagaria nem 10,00.",1,0.493,False
de896ccbef67cc6128ba1a4e54f7becf,42f2f38b2e99615f8fa65dd99a455294,2,Comprei um modelo de motor deslizante e mandaram outro diferente.....,1,0.558,False
3be32536d1f13ad5dede569d6ca97b3c,02acaa2a6f24e9c4e0bec7141b65f29b,2,Nessa compra não etendi!! eu tentei realizar compra do HD juntamente com a capa o cartão aprovou a compra somente da CAPA. O site pd ter me ligado para cancelar a compra do produto menor,1,0.754,False
ab938137df4cfa0eda6967e32b4a9b1c,894f6cd6c690b0d8d94011c8461f25f4,2,Nada a reclamar recebi com antecencia ao marcado.,1,0.637,False
108195606e37780c4335f0725c4c7e3e,bc535ec5ab20f26f4b9dc626fc4f7bf8,2,Atraso na entrega. ,2,0.401,True
5914714c08935047ca6790f270d79f95,912a714073cf7bcaa2673fce2ec99d6f,2,"Foram compradas 2 cadeiras, porém entregue somente uma. O vendedor ficou de verificar e não retornou.",1,0.803,False
bc2b53da5728cdf44996ccf16bc9f785,410bbe52ea797b594e24bf3d7dadf8d4,2,Um dos cubos veio danificado(tipo amassado),1,0.468,False
ff73170d8a9deb95aa4814ddbec217b4,7cfdf7265c9572fc7b7cbd3b9cc438b7,2,entregou faltando um produto,1,0.505,False
3922c2e85d7a1a505def56fac14de192,8d3280c1ecf98c7dce004f7c67d67acf,2,demora muito p/entregar,3,0.321,False
ba3182e6063573b55e8570ef29fd806f,ccd9ab6d617068dfcefbe49e1322c878,2,"A caixa do produto amassada, parece que algo pesado estava em cima. O olho esquerdo está frouxo dificultando e muito a visão. Solicito informação para devolução e troca do produto.",1,0.566,False
950ffe1b366fbd12a549708fa6a03560,a8375c727655c94388acaf79f017be5d,2,Veio faltando uma peça,1,0.539,False
c503dad58a30d89e78ccc13365492910,f65ca26881ac6c0ef00ce00baf3d157b,2,"a cadeira eu esperava é muito pequena não e giratória,,, ñ tem a peça pra deixar alta..",2,0.479,True
fdaf19290aedf04d649e2358b7e5cf2f,8855d9953624485990826e20fc9fc2e1,2,"Segundo site da Pineng, consta uma relação de códigos com produtos falsificados.
Caso fosse para comprar algo falsificado não compraria pela internet, e sim em um camelô ou 
 uma lojinha qualquer ",1,0.783,False
1686235a474e47e1a0b469ba8372c9d5,c08f913d8edeabde7839e5b6a953ecf3,2,"o produto chegou e como estava em viagem demorei uma semana para montar e quando fui montar estava faltando uma peça, que na verdade a peça principal,onde se pendura os cabides ou seja vai ficar sem ",1,0.489,False
e4bdd5b6263b9fde2cce56ab02e91586,93dc7c78fb2b4efe25f1ed813f84992a,2,O produto está atrasado,1,0.489,False
55505b569f79dc826cf7de4e29e0fdf0,1d7f3280ef428fd4fb454e6d0d1fef43,2,o material do produto é de qualidade inferior ao esperado.,2,0.504,True
b1369cd1e29c25a216d676ee01b5ec4f,2ae0d5789dfb9195d410a8b56f7cc75a,2,Comprei 2 mas só recebi 1,1,0.409,False
43f7e556068e3dff6715a2d6d47e4aa8,ecfac5c29a3281d0ccd4cd7b53ae7ece,2,deu tudo certo gostei,5,0.55,False
80e989186527f2df6d26c7aeba39250f,2bfa7e40282f34e7c06a00cfd2cbe1ab,2,"Ao encher a boia percebia que estava esvaziando rapidamente, coloquei na água para procurar melhor e descobri que tem dois pontos de cola com defeito. Preciso que a boia seja trocada.",2,0.4,True
3671a38d2a38eed803a9b106371d08b2,ca70cf8792727da384ba1b6e384cfbf6,2,"Recebi o produto com defeito! Como proceder para devolver? Aguardo orientação.
",1,0.816,False
4212c52fdd32a8361ba2d655f3811fb3,0afd81117f1c67a42890fb705304cb8d,2,"foi entregue uma caixa lacrada, mas somente 1 produto estava dentro da caixa.",1,0.587,False
05af726028990486adfa937cdabe092c,bdccf03ca8600528b6f897db4f6329ef,2,"Não entendo o que está acontecendo, me parecia uma compra e um produto bem simples.",2,0.425,True
f73ad011be57d3af9090154eba962df2,8e337e3b4df76fa95a5e03ba9675cb56,2,"O produto foi entregue no prazo correto e as cores eram as mesmas das fotos, porém, a qualidade deixou a desejar. As toalhas não são felpudas como diz a propaganda e não enxugam bem!",2,0.567,True
39511a8128d337def36dba8e476325d7,122d77201f2281c9420f54d73240b310,2,O produto entregue é diferente do produto anunciado. Quero meu dinheiro de vta. Quero fazer a devolucao do item,1,0.647,False
f9980752bb555599ef9eb236ce859386,8a20e2954602a0738f264299255fd5af,2,Não tenho como avaliar até receber o produto. Espero que me dêem uma posição de qdo irão entrega-lo.,1,0.549,False
327b08931777223e853e3bf495590d9e,5e93017b6f1f803a8daebd361ac1f98f,2,acredito que seja problema nos correios,3,0.362,False
e80e9b305e64fd907e9a8e2eae389d9a,7a502e545ea55a7ff2a035abd83c6d84,2,Veio com um defeito no acrílico que fica bem aparente. ,2,0.376,True
b2d976dd8ce9f84823d532c7012e8e26,feebdfdb4759bd4600d52547c81b4fa8,2,ate o momento nao foi entregue meu pedido,1,0.651,False
daf6f0b7c153fa0cc1689f28000ec087,beb19a07c97b17bc12756b493b5d59c0,2,Gostei da saia de cama box ... recomendado,5,0.526,False
ff79c220548a14cc00d863426c5dc669,6435ecb2bb5ff8583de1db425e2de5e5,2,o sistema mudou automaticamente o produto que eu comprei por outro veio errado,1,0.598,False
cff0f0a13fae4955810924f132dc19e9,0777357b31babc84dc93894f0a58b942,2,"Embora tenho sido entregue, devido ao rastreamento do produto, que foi faturado no dia da compra, poderia ser entregue antes.",3,0.346,False
5f492814e4e3f7398ec8eab0b2f41c48,9ba2c9b0388923ffcdc4c4f3dffec0a8,2,Bom e rapido na entrega,5,0.463,False
3b1de1bc082d413c0583014bd2e4782a,c2d61723f3e69b1e2bb9cc9c638c0b5e,2,"Cobre-leito sem forro, ficando com um pouco de transparência, pintura com aspecto desbotado. Porta-travesseiros sem costura, totalmente lisos. Muito abaixo da expectativa. Não vale a compra. ",1,0.491,False
95c5b958c36bdac83340d240e556c428,cf937bac66a020cc0077490569f3465b,2,"Recebi somente apenas 1 dos produtos, falta eu receber o Massageador Facial Anti-Idade Vibração Harmonização Energy",1,0.594,False
86b1ed1db848be1f2ce2c4a7093bf04f,5e23655bee02f45b9a3f47282ad61b17,2,"Já comprei várias vezes na lannister não tinha problema .
Fui comprar com essa parceira dela não foi bom negócio pra mim.",1,0.388,False
f8318b8dfa51a8c7a239f190cec30816,ae11d192084ba3db24965f271590124d,2,Quando vão entregar?,1,0.455,False
0da64eb80b32150db814d8443fa4d6d4,ac3de6d7b9ec81af1efc301be217be81,2,"Produto bom mas, veio com a base manchada e arranhada. O controle de qualidade deve ser mais rigoroso.",3,0.68,False
da6b738ea64f699e23d8421fdc0632ca,b3729cd1670144c7b451137853e3f46a,2,"Comprei dois sapatinhos para cães e recebi apenas um. Porém, a nota fiscal foi emitida com os dois itens. ",1,0.398,False
72a0bc7853a31a18d1be389570b79cce,9c3843505b51a21d1955b27664f70827,2,"Ainda não posso avaliar nem o estado do produto nem a loja,Quando chegar farei uma avaliação justa .",1,0.515,False
b606e3b0bb7a99880d67586f496a0699,f3ac96719aada8e7d197ff55ddea4d12,2,O produto não é aquilo que pensei. Parece imitação bem barata.,2,0.521,True
11fd635265e09e34a165499cab31420b,e54db55a39ec332bc36c1176f6eb4773,2,Não recebi o produto,1,0.753,False
61cb43f8f4f01a370d984fa808743ab6,8d40f6aeb11aa6d03d17b3fa59b14fbe,2,"Não recebi o produto que comprei. Comprei o seguinte produto: Isqueiro Zippo Preto Com LOGO 24756zl, foi entregue um sem logo, não correspondendo ao produto pelo qual comprei.",1,0.737,False
03a673dc9858b1fe77fc26a3900c129a,85255dfbdf9d963a4517ef2587876dd4,2,Produto veio quebrado ,1,0.663,False
87740b010df52d1f32fa553c54a7b386,626d1cc366da566023f1b3d8e202d568,2,"A descrição do produto refere-se a um material e acabamento que parece ser muito bom, porém recebi o produto em MDF, que nada mais é que um adesivo, mal colado, com discretas bolhas...",2,0.504,True
48b38aa9000d66f72d3edc46a1cd6bea,bbfbe3c62a4a810fb97d10267acb5f10,2,Achei demorada a entrega pelo tamanho da mercadoria!,2,0.39,True
fe5fd07210a1c8083122648f491cf731,be40ba471371fdea735b41499c8655c7,2,Antes do produto chegar falei do critério da entrega... não atenderam. ,1,0.739,False
90ce115f3007a837435da45c6f9d6c72,e3ce941c85b5ae1ae2862a7344cbb845,2,O produto é bom mas exige um pouco de paciência para usá-lo por causa de suas lâminas pequenas,3,0.674,False
c63fde3b651a1b706ed056c1fb8f4aca,e8899387e52fb6a10ae971c69eb09bf5,2,Não tenho como avaliar se ainda não estou de posse do produto. Qual a previsão de chegada?,1,0.442,False
662d4ca710682c799c6b45a8ac5a6709,2a63765c400304a82efd12bd16d8f1d4,2,"Por enquanto só foi entregue o decantar, a tábua ainda não chegou, sendo que os dois produtos aparecem como da mesma loja, chegou um e-mail para eu ir retirar nos correios, porém so chegou um deles!!!",1,0.671,False
1858b4e3f929d501203644865b571c76,561e1660c58ab3daf4a9176547f0259a,2,Entrega vagarosa,1,0.371,False
992119ef0f9cf599af33796269feb344,2b9028857f54fa9bbb2a049cd5948d15,2,"A caixa veio bem amassada parecia um produto usado um dos dvds chegou com a caixa quebrada, (a borda), os outros vieram lacrados, mas tinha um brinde.",2,0.367,True
7945870a59146fcc70a0c45dc931fbab,cfd355e6233b9854f7decc72472f9c3e,2,"Os orifícios da capa para conexão do cabo P2 (3,5 mm) e do microfone não correspondem ao celular.",2,0.402,True
f7c0d3bdf02dc38b059df935e7659c12,3324e0b9570581be76b4559b10df4aba,2,"Não recebi o produto ainda, peço ajuda.",1,0.644,False
491f2b4d5446fda21cdf94454159a088,a3475ffe00b0ffdf1951a56d5a6b8102,2,"Cortina boa, escurece bem o ambiente, só esperava que o tamanho fosse conforme descrito, comprei uma cortina de 5 metros, minha sala é 4,70 e mesmo esticando toda ainda faltou.",3,0.42,False
8aa8ed3bdb982ceb298961ad0b3c82da,f97ceada945c2f47998a4005f87f475d,2,"Tive que esperar além do prazo prometido pelo produto, o que me deixou descontente.",2,0.484,True
55eebf6661ac280d43fff82a0d15c1fb,9cf6d08e57855a633b5c0c79258ee121,2,"Apenas chegou um pendente, enviei 3 email descrevendo o ocorrido e ainda não recebi nenhuma satisfação, aguardando.",1,0.576,False
663de98451ef8785972482d84156ac0d,0b3407e419ef6be66392971885acce73,2,"Desta vez meu produto não foi entregue corretamente. Pedi e paguei por 4 unidades, mas na verdade recebi apenas 3. Estou no aguardo de um retorno da loja.",1,0.741,False
670f77a2c95febd86430842c82a7e85e,cd6cdd3e527f46113dcab23d5f27c0fe,2,Entrei em contato com empresa que entregou o produto que veio faltando 1 toner. Pois tentei contactar no dia que chegou a encomenda para Lojas lannister porém não tem canal para fazer reclamação. ,1,0.426,False
2f5b0ba87504fe9253ab733505eb7c53,2dd1110225406663fec91a10b3c47c4a,2,Falta 1 produto chegar...a fatura já chegou e minha lancheira não chegou em minha residência.,1,0.755,False
f92001270e784f9396a5a51de489d0b2,36863ac8590d8776002418d844275735,2,"Bom dia! Paguei pelo produto e pelo frete para ser entregue na minha casa, mas o produto está no correios e adificuldade de retirar é enorme. Muito insatisfeita.",1,0.763,False
e4740c4637654b486dcc41dbee4e104a,11e75c2a931a2968007c44bddf001102,2,Na descrição do produto dizia que a base do pendente também era na cor cobre. Mas os 5 que recebi a base é cor preta. ,2,0.367,True
5dac7ad9e8958f5e3bf17fb30b96c6b4,b4583d271827d4824cdf5ae34b21322f,2,Bom dia!estou insatisfeita com a demora,5,0.229,False
c1df364081b02bb8c35a7480e990126d,312ca70771f7faab638a5aefeaaea172,2,Gostaria de informações sobre a não entrega do produto.,1,0.461,False
d15ea7149e7d5234d9c2314ea876b5e3,23e95591b180a24c38bb1fb3f26023a9,2,Demora muito pra entregar!!! espero que o produto ainda venha!!!,5,0.43,False
a4013d060bf08da0df541a5e45c61bf4,1bc7434bd3185b311a6d4016a03ea06a,2,Ainda não vi o produto pessoalmente mas o prazo inicial foi extrapolado. ,2,0.337,True
3b84059929769dce04b06199d49e9999,10fda92f9390e0b13e41ce5ce692a2cc,2,"Previsão de entrega da mercadoria em 11/11/2017, até agora nada e status do pedido "" dificuldade na entrega, produto ainda não chegou ao destino.

Se não receber até terça 14, 11 tomarei providênci",1,0.771,False
acf97a6a9e69ba14150422de35fd5afe,da792ccf2fb581023240f57c7ad5c14a,2,"

Pilha Recarregável Kit 4 Pilhas Aaa 2700 Mah 1.2v Ni Mh",4,0.291,False
162dabc4bb037d92a1497b3c2358038d,b8871d60cf4ec81490da7658b25c1c04,2,Produto com baixa qualidade e resistência.,2,0.542,True
ecd47c74ec819f1501925a83c59d9eaa,b79c15d698bc94cd61de571f5c6cbcb2,2,"RECEBI APENAS O CUBO MÁGICO, AINDA NÃO RECEBI OS TAPETES.",1,0.415,False
07b94e4e0f7e0687af02e144c510517c,f244880fcf6548e9e5f1c2dccc19ed8f,2,"Produto ruim, furações não bate e qualidade do material e péssima",1,0.693,False
97597e688350889d0ad9b90ebe949d8a,b4bc40a1e857b8ebe41c4ecb73594e58,2,"Faltou mais coerência pois recebi um e-mail dizendo q chegaria dia 08/12
Mas logo depois recebi outro dizendo q se eu não respondesse um questionário era considerado q tinha recebido o produto",2,0.412,True
74f648ec88963ee2b77388e6465388bd,b9dd3f0e6a1d159b84a47b61a8824f65,2,O produto ainda não foi entregue.,1,0.618,False
60e76a159ac80bcaff4930b6b2241805,b8edc6668eb315d1b730348cac5e9520,2,Comprei quantidade (2) e recebi qty(1). Quando vou receber o outro cartucho?,2,0.352,True
ecbaad7396b8dc532b177f40176dc368,d199e49e9cd642beda8a36b85fd6d51d,2,muito fina,2,0.405,True
5ff2600946bc0693e4d87f27a2f73f85,1c03b97f7acb4f04662663e0d1b58e17,2,recebi corretamente.,4,0.357,False
1a50a85e138fe3da99075e29dd71c656,725d5b45e6010a8d3da5106833e22bd0,2,"Até o momento não recebi o produto comprado.
Espero que a Americana resolva o mas breve possível.",1,0.446,False
963c6b2026c77c91a718e8a3aa6e30c7,9c3d7e9c15eacd69760b2e438fd5e3bb,2,Fiz um pedido de três relógios e só chegaram dois. Estou aguardando chegar o outro e até agora nada. Já faz três dias que recebi os dois relógios.,1,0.788,False
0a7a21ecaa58c88d57b808539634a444,72add4bd00723dddd208bfd31cdfe97b,2, faltando o meu produto é um guarda roupa e veio faltando o fundo de uma gaveta.,1,0.67,False
d9ce12b5b4ca4a268ef56bd7da4421a3,d5f143e9c159a5f1c33f7477c89db770,2,"Nao recebi s mercadoria por isso na estou satisfeito
",3,0.366,False
e4080d090432d5381db06ebd7b3cd78b,9387d427f564a63a5d9e87418dd48a54,2,O problema foi que chegou após o prazo,2,0.359,True
dc567b1fcd8088e8ecd26ed6c6d29322,de8ff53ccb831c621c49cdfb8953fd9a,2,Eu so recebi um relógio o do mickei...Pensei q chegariam juntos mais até o momento nada.Por gentileza possível verificar.,1,0.387,False
b5bfc83cdc11cb9f0f45176a3c58ac56,f34f5fc0699f22c0ff25056c89074d28,2,"Produto e ótimo, porém não gostei do fornecedor demorou muito, esperava receber antes a tampa veio quebrada.Queria outro ",2,0.507,True
71d3388f71d75c44554318cfd5c4e34c,777f517b51cac586a9532d1d8b596c10,2,"Apesar de estar dentro do prazo prometido, demorou quase 3 semanas para chegar. Prazo muito além do praticado no mercado.",2,0.469,True
8eb61fc560a7479dfe176b8ef1ccfbfa,f149be0602ecbdd2222b8fdfa075a73f,2,O produto que recebi é diferente e inferior ao anunciado. Quero devolver.,1,0.802,False
d55995af4ae6ce8652634df2334f13e6,af5d451462c41ba96112208443d3b4c7,2,"O produto entregue chegou diferente do produto ilustrado na foto do site, induzindo ao erro na compra. Estou tentando devolver no site, porém não finaliza o processo, quando tento dar continuidade.",1,0.68,False
6ef12ee4985ba9f74fda873b98f5adc6,2cadf7b6bdc085bb4a8a3a32a40e344b,2,"SUPER RECOMENDO, VEIO ANTES DO PRAZO ....",5,0.784,False
d741e7f4cf36c3cbe07339b6150048c7,ac446e82125c862fbe4c638d69f807bb,2,Esperei até? o último dia do prazo para entrega e não chegou o meu produto conforme o combinado,1,0.699,False
02f29e4ac238024f80ed96cc0f30e772,b0d9e11d4daffb6828bd2ca9ea78d916,2,"Não gostei. Muito fina. Não é cara, mas por esse preço compro uma melhor.",2,0.58,True
5b17866fb05fded9fb274ab5ad526aca,e8a8ff2fda1e5eeeed6e56a9a882f648,2,"Um relogio Bonito, más sò pode ser usado o mínimo possível pois lavei as mãos e ele encheu de água. ",3,0.498,False
c8f87e249f8573942b8b8c7fae93aa52,0914478fdcadbaa5c8c8b3442b4f28d2,2,"Comprei outros produtos e sempre vieram, só estou tendo problema com este, mais no geral é um site muito bom de se comprar.",3,0.407,False
de00d2f5a3373345eb8f157702c59c70,0476f6eca64ad7ce1bef51f7308871bd,2,Cabo de energia veio cm defeito ,1,0.643,False
8532c31f13bd07242597756eedb5be4b,1cbfc1686ec52edcda358b248aae81fd,2,Então pedi 2 arara veio so uma,1,0.674,False
9ccb5308ab1cfc3b9199e67c7b00004c,ec4406235854ee5e0fea135054afa0e6,2,"PREZADOS PRODUTO VEIO QUEBRADO DENTRO DA CAIXA. 
OBSERVANDO O GUIA DE ORIENTAÇÕES NÃO CONSTA A LINGUAGEM PORTUGUÊS.
NÃO DESEJO O PRODUTO DEVIDO DESCONFORTO EM RECEBER O PRODUTO ASSIM. AGUARDO RESPOS",1,0.65,False
1bb7b1336749755b1969ece96874855f,486fd37a365a65189747be8c6c4f05af,2,"O produto não é o mesmo da foto porém com mesma potência, valor do frete alto parece preço de Sedex, mas demorou mais de 10 dias, além da demora p/ postar. Não recomendo a targaryen",1,0.549,False
f3f98c615e31644ace1aa5cea7814f00,0f9cc7808799d149c260814488be8e26,2,Entregue dentro do prazo,3,0.308,False
e3b059877e3130f32aeb7de294aef7cd,72aac576696a046d89aa7ac132ecd3d6,2,Recebi o produto errado,1,0.624,False
b8c8305b8fa242e7a4f1b52a963812a4,7c8cabe92b0d78f64750cd7091610d13,2,regular,3,0.361,False
8e13d2fc070d5b5cab85f58e307d59d6,9372445ddc10678e804717702a911665,2,"Comprei 2 itens do mesmo produto e tive que pagar 2 fretes... Acho uma sacanagem isso, e também chegou 1 produto e o outro ainda não",1,0.807,False
4a3f0013c2098372181134b10b412b15,c0d98bbbc820c00ab877fbb053b1e517,2,apesar do produto ter vindo em perfeitas condições o produto foi entregue com muito atraso e sem nenhuma comunicação do motivo por parte da empresa responsável.,1,0.469,False
0412a2190814b96ced181c2d6ccf8121,e158d5c24705aa1915440227823e4573,2,"Produto da China, no qual a marca Targus não é o verdadeiro fabricante.",1,0.408,False
ed34b51b8c7abbd77f6c4ccbe9a1760a,b240c1bc75d70d50013f23ca255b7ac9,2,"Não sei o motivo, mas dos 4 ítens adquiridos do mesmo produto foram entregues apenas 3. O despacho foi feito individualmente e até o momento ainda falta a entrega de um ítem.",1,0.438,False
ecd4ffbba8ca91acae946a125706c279,f850238de020e40b355e62b3198da17e,2,"Recebi aquela frigideira de revestimento preto, que tem valor inferior. Imediatamente solicitei a troca, porém o produto correto não estava disponível. Mandaram qualquer coisa no lugar sem me consult",1,0.584,False
2d252afef013ea5392e79df6173acc9b,3f752ac8c1676fac14b0fdc9dc26539a,2,"relógio não tem caixa ? veio muito bem embalado, mas sem caixa ?",2,0.325,True
30e2188bc22986b85f836924535ea463,c435a12c69420ebee5a5e0f5cfded1e0,2,"as toalhas que comprei eram de cores escuras as duas , no entanto veio cor clara .o que eu não queria .",2,0.493,True
d209b09f0dd43724c3ef350a83c85ef5,b2673ed6360dc341a4728dbd632f935b,2,"Empresa que não entrega o produto no prazo, precisa ser avaliada - são exatamente 30 dias da compra, inclusive com o pagamento já efetuado.",1,0.662,False
86b8f28757b213a5f9888c8f31f15dc5,8d48068c3ecbc21886a881562c96d7fa,2,"parece que mantem bem o alimento sem murchar (batata palha) mas a tampa é estranha, parece que não fecha. e o inox da tampa é feio.",2,0.415,True
e751faaae76c4ef082be4c4317226b49,f340220668141a9755810a13d31f95ad,2,O produto não tem muita qualidade. Não foi o esperado. ,2,0.562,True
b177e3c343cf59e0d0bfc5c5f2a1f81e,10c8dc196ef9940faeef9fb9e6790abd,2,As toalhas não parece nada com a que eu vi na televisão ,1,0.494,False
4509268e73002d14328d37b8f43ab3c4,0fa425ec819100fb29a4838e37e5d27e,2,"Dos dois produtos listados como entregue , o único que veio foi a necessarie. O colar não chegou até o presente momento . ",1,0.406,False
d36c41b88586fe863a44db0d0e84effe,28f5b7eeb630d537533dec10991130fc,2,"Achei que o tecido fosse melhor, muito fino",3,0.468,False
7f839ea98959a3b1f6b3b5c2c6b7fac7,95469d3451e471f3e68f18903e341d16,2,Previsão para a entrega do produto até o dia 19/02. Hoje dia 21/02 ainda não recebi.,1,0.636,False
696d188c4b63c89ddf651e74f1399fb1,0cc217cdcf3d4c3aec8a027679e21f89,2,os parceiros da lannister são ótimos mas ainda estou esperando o produto que comprei ,3,0.514,False
4896f89f1a7af4527aac17b77ded3503,7764b1137f1449a900532727d4a58763,2,Recebi o pedido em 8 dias.,1,0.295,False
ada327898b508738fab836be801ae35b,b40cc33d658c4e802526de2bf8a56d43,2,Kd o rôdo?,1,0.391,False
fa598a2cbeb3e9e4979052c332ef424f,c71ee8376af932d723ef73120320af53,2,"Veio faltando 1 kit de pendentes!!!!! Aguardando a solução. Eu pedi e paguei por 2 kits, ou seja 4 pendentes!!!!",1,0.64,False
95a31582487005fcc1cf30907d86454e,b77c7b2203310a5160f61121eaf97415,2,"Sempre gostei de comprar nas lannister, mas essa entrega deixou a desejar.",5,0.266,False
ca25630895145a0b552eadc98a5ab445,58028d410e59d118cb0db94a3b2ac293,2,"eu comprei 2luminarias, so que vocês só me mandaram 1 luminária, mandei um email pra vocês falando do meu problema, so que até agora ninguém me enviou nenhum email me dando explicação! 
",1,0.742,False
8344ad4e0688a744fff74245a3ee27ca,cae5561bbfbf3f71fd6a01bc0527fa78,2,Produto de aparência boa porém qualidade baixa não é forrada e o prendedor da alça é de plástico ,2,0.499,True
6ac63cc5bd4f1c93880bb060fea131f1,bbc3a95177ff0c8a012e117f4dcb06c8,2,Compramos um kit com 2 produtos - tinta colorida e tinta preta para impressora. Recebemos apenas a tinta preta até o momento. ,2,0.259,True
a2a57bf2fc42d185910f9881502faa18,3cbf332e7f3e5a7c73f6106f0ba94967,2,Recebi apenas um dos produtos e a empresa não entrou em contato comigo . ,1,0.787,False
2fcef827bfa0048a2bd8df5ef991dfa7,3d98513a866612491197796c741dd71e,2,"RECEBI APENAS UM DOS PRODUTOS,RELÓGIO DE PEROLA.MAS O OUTRO RELÓGIO DE LED,NEM SINAL DELE.NO ENTANTO,FOI DADO COMO ENTREGUE.COMO PODE?A EMBALAGEM SÓ VEIO O RELÓGIO DE PÉROLA E JÁ USEI.(?)",2,0.363,True
c6a0180d4e7ba4fe063c97e22f8ed72e,d199e989bbb5f7b410c1a717d589499e,2,"Um dos produtos que foi solicitado nao foi entregue!
A solicitação feita foi: oculos e o controle, apenas entregaram o controle!
Aguardo resposta",1,0.808,False
de315454bf99b99e3a442ed08f972313,e0353eeedba2f065dcb285de34e49f03,2,Recebi o produto com a caixa toda violada e o produto veio com avaria na regulagem de altura ,1,0.724,False
057891cc832006e28868b88fa1236fbc,fddb3d597fc61e3f11ce9e3e8e7a3706,2,mas poderia ter sido mais rapido,3,0.613,False
08bf1042f44f3a8fd86391ccdaf2c3ae,3d7843619ba9dab89ba9aa58cfa11e31,2,"Diante da taxa alta do frente (em torno de 30% do valor do produto) e um período de entrega grande(estimado em 26 dias úteis), a empresa conseguiu não firma o prazo de entrega. Lamentável.",1,0.828,False
026a25fd1ae986a8fdb60ad90e1b1f98,ceb9ba23c2692423f47bd10e0f86bcc5,2,"Recebi o produto, ainda não usei portanto, não posso qualificar o mesmo ",1,0.522,False
1c22e36f2ea8496e5791b53b8a3965bb,6b38e49992a77d12586e9cc2cc5b94a2,2,"O produto demorou muito para ser entregue, o Site stark fez uma grande confusão na minha compra e demorou muito para chegada deste produto na minha casa.",3,0.267,False
f19964d8d15017f46b2324b45229b7d4,6b9f14d8f9da9c5626af3b152be03417,2,"O cesto foi recebido com uma das duas dobradiças amassada e faltando um parafuso de dois de uma lateral, que sequer teve a furação do parafuso na madeira, ou seja ele nunca foi colocado.",1,0.66,False
57f7c9b02921e73153bf2fa0173a0099,cc178cb47677a3eae9282800d609ffb4,2,Minha entrega está em atraso mas acho que é por conta dos correios. Ainda não recebi o produto. ,1,0.441,False
096a2e3292771524fcdc34d73028da69,7ef47a1e75585d3f1b03dad4bf944a2c,2,"Eu não recebi, porém acredito que seja reflexo da greve. ",1,0.297,False
07173afc065031e616effee81be5ad06,56b8dfac98a87021344bae2675b86709,2,NÃO ENTREGARAM O PRODUTO TODO.,1,0.842,False
2dda217cbce6c248f5488fe095547840,dddd54d8113f120fbbbbe593502a2d47,2,"Demora na emissão da nota levou mais de semana pra isso, demora na entrega ainda não recebi.",1,0.435,False
32415bbf6e341d5d517080a796f79b5c,65fdcb432cb9cfa970e3a3817b39040d,2,O produto veio com defeito! Espero que não demore muito a troca pois foi comprada para presentear!,1,0.556,False
ddb3a4c9c0dc5ead130ca903e9806687,943dc313319b98a46f1aa70d59b68715,2,Recebi apenas 1 kit de quadros. Estou aguardando pelo outro kit.,1,0.394,False
bc3343847caad098aa1bd65c47fbdd7f,33dea0203a24cd38fb9a7f8ee4bbe0ee,2,"Comprei por um capacete no tamanho G, claramente especificado no anúncio. No entanto me enviaram o tamanho M, sem ao menos ser questionado se atenderia às minhas necessidades.",3,0.334,False
b7122dccc182fc512c229ac036001b4a,30f54cfb85a2cf596ee5b7a589d3ffa0,2,Recebi somente parte do pedido.,1,0.571,False
556f5701981068e40f3f1ff9df60e672,7d57370d053b938c6dda99e5b72ad270,2,O produto demorou muito para chegar.... além disso as imagens na internet não deixam claro como é o produto real.....fora o frete que é muito caro.,2,0.487,True
e1892bec08462af39037dadc0ee18b3d,6cd6ee8cba5c8dbddb25d90578edba0a,2,Já comprei muitas coisas neste saite é a primeira vez que fico insatisfeita. Espero que me devolva o valor pago .e vou devolver o produto .mas já estou tentando a 2 dias mais o sait diz ERRO .,1,0.831,False
372b1534320f2f0f6942243584722863,c9c2db5b32175fba946f9600ff4a9bc3,2,"É a difunda vez que tento comprar e o produto veio errado. Vendem produtos que não possuem estoque, só dor de cabeça, não recomendo.",1,0.795,False
92265cb5a08b00fa4b0672b384fd79ab,2cb14cadfd564d88f59990e80cd4e81b,2,"LOJA QUE NÃO ENTREGA PRODUTOS COMPRADOS A MAIS 20 DIAS E DIZ QUE PRECISA DE MAIS 20 DIAS.
NOTA ZERO",1,0.889,False
d4553ac6c45ff32d062a6e09863e445e,5d30afe97f086b0a5cd532422514c3b1,2,"Acabamento e fragilidade no produto, equivalente ao preço pago!veio envolto em um plástico,muito de mal gosto",1,0.588,False
00b0911a450d29be43bf741bb1250414,917738df2199692a3d9b6d85680a6595,2,O frete foi muito caro. Não valeu a pena. Porque eu tive que retirar a mercadoria na agência do correio.,1,0.607,False
0f8e2131fead738f99a2d2f1f03a7261,0decd9643e5f685a9fc1bf05ab16a186,2,"Produto não tem o selo de garantia da Xerox, não é autêntico. Não há segurança e confiabilidade de que se trata de um produto original da Xerox. Já solicitei a devolução.",1,0.832,False
7bc15b7bfcffa5328ee33c83f7be950b,0c16e6184d4cf8be09b57e667eb67bcc,2,"Recebi o produto dentro do prazo, porém a tensão (comumente chama de voltagem) da lampada não está de acordo com a informada no plug do suporte. O Suporte e para 250V e a lampada 127 V.",3,0.482,False
0a9dc1c1615d17d68272f1b8fd9c8b7c,ebf5000bc2e96a884fd7536b9d28100b,2,NÃO RECEBI MEUS PRODUTOS,1,0.672,False
02377414b09793ca500cf9ef40b62cb5,c9c703564ad4d6fb43a1cff5524574ac,2,Nao atendeu minhas expectativas em relacao ao material do produto. Pelo preco achei q fosse melhor qualidade.,2,0.609,True
8ab0ea47581f3a31d4352a853bf5982a,347a523a41b9c5ff0194b0cbdff11fc7,2,Comprei 2 travesseiros foi entregue apenas 1. Tive que entrar em contato com a empresa para receber o segundo item do meu pedido. ,1,0.774,False
36ec7beab972a0bd81e25c048195342f,a4b276bd4a9eba543ec90cdf29a67308,2,Razoável. Achei a manta muito fina.,2,0.519,True
7e67fe7a08cb66b1bd2c0891839ae610,df125b2cdede89b0ff68ccfb07682470,2,Quero o produto espero que esteja no correio não recebi notificação de chegada,1,0.528,False
b5972ea8668b8f578a351add9b8fea39,4552d969c2ffe2ac446b7a970e6953fc,2,"Não recebi, então não posso opinar ",1,0.531,False
3cc0323845c8ae0048ee088e0dcd7e0d,3310a2bd8c292776c39ea3fa6cb47447,2,"Esperei até às 12:00 HS do dia 17/12/17 para receber o produto, e não o recebi. Sendo que a entrega estava prevista até o dia 15/12/17.",1,0.719,False
f72caafecdd773fb1efcb9e4b84f1c13,abf95d8f93963d70ab53ff935297c315,2,Pedir na cor preta e veio na cor vermelha.,1,0.502,False
7a983f0a7d29d1298f93d123eba121fd,3fd7b46e6db1b2d7094ad6a73685ccc5,2,"Depois de muito atraso na entrega, resolvemos cancelar a compra e ter a devolução do valor depositado na nossa conta corrente. Porém, depois de mais um período, o que recebemos foi a mercadoria.",1,0.6,False
5b6cf1796ff312990f143e28891a495b,631d1fbe8db293dd7ad93b6cdae940f6,2,"Boa tarde, recebi o produto não compatível com o apresentado na foto e nem compatível com o valor... Desejo efetuar troca",1,0.608,False
fc21202173d915332023865ec08feb8a,d5aa77f5eed8acdd598a687ccc27cfa8,2,Estou aguardando a entrega! Sempre compro nas lannister e nunca tive problemas! Espero não ter ahora!,5,0.769,False
3cda01b6a2349ac9c88a9ab410eb2534,87df9743b232127b4f035bdd0a472850,2,"Não considero que recebi o produto exatamente como imaginei, pois na imagem ilustrativa constava uma capa para a garrafa térmica, a qual não acompanhou o produto, não comprei em outra loja mais barata",1,0.436,False
6957c0682302622ce8737c0a33151d4c,0a4c05d2e1ae812a342af2f5c9a34b36,2,"era para ser entregue 4 produtos tres e depois mais um, so foi entregue dois produtos",1,0.532,False
200dac09a2d04b40d6579bbe1f3d5690,2f7999e73c5e27ffcb9ba5621b9884d0,2,"comprei 2 unidades conforme o pedido, chegou uma unidade a preço de 2 unidades conforme a nota fiscal, ou seja comprei 2 lonas de esteira e recebi só uma no site tava 89,90 cada unidade comprei duas.",1,0.666,False
42b3cd1634f9613559f38187611136d3,1c7fe02ac4c7be50c59afb295cf85b89,2,Uma cadeira veio faltando a parte do encosto.,1,0.47,False
0735b219f9537d2fbc80cc75d12d7c56,2a7c1794496ea317e6f88363616ad9e2,2,O produto era pra ser entregue até 23/01 e até o momento (03/02) ainda não recebi.,1,0.661,False
bb238783cf0a35b6e415acf4889fd00f,f095f540bdb49344ad5fc17cc494e88e,2,"No momento não recomendo p ninguém, estou chateada , mais espero receber os produtos ok !",1,0.744,False
5e4dc0054dd3dbe358a2eabee41bda16,5958fb8c6e854b986800307f995fd209,2,"Deveriam não ser tão demorado na entrega do produto e deveriam colocar numa caixinha mais bonitinha por ser folhado a ouro, valorizava mais o produto de vcs, mas não indicaria não.",2,0.343,True
c594f50651ba3e376a425fe04b325220,6d5774791f826a27e8e5521a9b816ba2,2,De 4 toners comprados somente um foi entregue.,1,0.674,False
ce5b5670c0d4eec5daa883c71b6a8fb1,69840aae60642aee7093192b37961c08,2,"Entregaram a NF com as 06 unidades compradas,mas entregaram apenas 04!
Aguardando resposta da empresa a respeito do ocorrido.",1,0.685,False
8c3a4d5390b2ccf084b413054dbaa3a0,b4c9708f4e37c6ac87564ef1f0efa7f3,2,Recomendaria se não tivesse pressa para receber o produto no quesito entrega esta perdendo feio para concorrência uma loja desse porte se enrrolar tanto p fazer uma entrega tem q agilizar essa parte.,3,0.309,False
df0eacf4d85c543131c4ebdda368743d,bd692242647dcc885acaafe72c34eae0,2,"veio produto diferente da foto , modelo diferente
 ",1,0.339,False
5e7a01af6ac7a1223a1a6cccbd0a33fd,deb46eedbf903626782bcc806f26df87,2,"Meu produto nao foi entregue , produto se quer chegou na minha residencia ! ",1,0.731,False
e1a7e60087f19d01411b3bfc9c2c4ee3,696f3d1ca8c81318d2b46200ddf3023b,2,Me cobraram taxa de entrega e tive que retirar a mercadoria no correio.. ,1,0.662,False
cfb68c2c57dbf63edc6b702e32b9f9e2,4caa878dd26539c88f5243c6bd277ad5,2,Comprei um produto e me entregaram outro e ainda escreveram na nota que a embalagem era nova.,1,0.58,False
6b667c97d9dbb57b0d3dd327934177c1,1f6a5335ecf1406eea5f2cccc0c5946f,2,O mosquiteiro é diferente do que eu comprei. A ilustração mostra a peça com aro de diâmetro maior e com o tecido bem franzido. O que recebi é como um funil. Detestei. ,2,0.362,True
1e972e14bb9d496fef92eddd3dce4cef,b2ac7b0754b724547abf07a172a45bf4,2,Eu pedi dois kit e só chegou apenas um o outro não chegou ,1,0.785,False
f45e3373e177f56944a549ff601f838b,4ee4b8462b9a39ac1fa86e28bcc22ad3,2,"Comprei na cor amarelo, entregaram na cor rosa.",1,0.427,False
40acd7e881a1e1b1fecef521e1da46d6,e393acae9e64be5b2a7d48ef2ae87710,2,"Pedido correto, antes do prazo. Porém, a pelicula já veio um pouco trincada na lateral esquerda.

",3,0.558,False
9304c62d6d3d567662fa1445c8f14418,41e12d2c0b4b336d20ccb6d37cffdb17,2,"Recebi o produto bem antes do prazo previsto. No entanto, uma panela veio com fundo amassado e duas tampas com amassados, também. Entrarei em contato com a loja para saber qual procedimento darão.",2,0.396,True
a989110e0d74588b1da9302eb638294c,21dc00cebbf91043aad476465c49c42f,2,"Ótimo preço, porém ainda não foi entregue.",3,0.462,False
4efaeb5bf49a4d269f06980dcc45ad06,790fb58b26bd95b481d6df9c7a0ea696,2,ok,3,0.495,False
66b26500d3150a442eccac565bd5b6bb,aa870603711e38df064454224e013c3a,2,Só quero que o relógio chegue. ,3,0.344,False
7aef54164c43cc500cfc10f8e69a85d9,df68ea0d1a2a2b9d4dfa236820acbe9c,2,"Pedi 2 jogo toalha banhao c nomes e códigos diferentes no site,mas chego dois jogo iguais da mesma marca passione. Não sei se embalaram errado. Vou ficar c os q chegaram até mim. ",1,0.583,False
9b3af874b361f237146931ef16d98cdb,99cba2721b39974a1f5045162748e2fd,2,boa relação custo beneficio porem qualidade não tão boa,3,0.583,False
5d338ab41101fe9d4c0abe97a2301d33,f738b7f44b5be61ae982e3ea9c87289f,2,"A loja entregou rapidamente, bem embalado. Recomendo a loja, mas não o produto.",3,0.428,False
3399c230c47b20e122f6b143546b61a7,a9c8ac0c26c178f0ad33618f96225a01,2,"muito ruim, atendimento somente eletronico, vc é obrigado a esperar pele boa vontade da loja para entrar em contato.",2,0.436,True
98e87c5ee69c0e518bdfa264e59ca220,f68cab86ff2a610cff4a1c13fca1cdd2,2,"esta faltando esse jogo pro meu pedido ficar completo , esto aguardando a entrega
",1,0.521,False
ac537cbbe14f085e3750f234ee9a6f1e,655a5b69bafd871b61130f67836142ae,2,Produto não é original. Qualidade ruim e com defeito (fica oscilando o carregamento),1,0.497,False
bda128c6ff4947180ab204a452ea368a,f190884813097fe74073188f97302e98,2,Fiz um compra de três produtos e só chegou dois o que vcs vão fazer.,1,0.575,False
e6e806459e212de17590126e4c22bafa,ba41c48ea14a8b704c1645f32aedefa8,2,"Não gostei do acabamento. Nem do bordado.
Poderia ter sido trabalhado melhor.",2,0.57,True
f2621e379dea4fd993a35a69fbbc8a72,ee24dc874cf2cb44acd098173b7ff240,2,"Nem uma satisfação ou justificativa do porque da demora, ainda sem receber o produto.
já é a terceira vez que tento comprar o mesmo produto e não recebo.",1,0.767,False
a29fa7ae34e5742cddb1d43ecbcfaf5f,67ac8397ab2a26915fadd6e3ed4250ee,2,Não recebi meu pedido completo.,1,0.631,False
e54c77234bc659b805999a68b5ca8309,65c470b5a3afad5b2af39828131e3e8c,2,ok,3,0.495,False
0d322bcc61875aa8332aa2c4b85d7704,fbe61ad65fab58d509a6785653636a57,2,Produto de baixa qualidade.,1,0.487,False
c32bfbad9cac2eed9870ca13626d9559,b6a4acd4de8a93e329ace89646cd7363,2,Bem simples mais o valor era compativel,3,0.579,False
6462f6fb66846e9ba076c54e6f6219fb,21adb757aaef1f7f6240352b33d30e5a,2,"Apesar dos produtos da loja serem de bom custo, o tempo da entrega e a falta de informações para o cliente sobre o andamento do pedido, deixa muito a desejar. Infelizmente não recomendo a terceiros.",2,0.502,True
9256232a07f2a45a6cb4a047de4f13b5,256c2127e05b924a7cbf69f95e3c4830,2,A pelicula que informam como sendo de gel no anúncio na verdade é uma película comum de plástico. ,1,0.466,False
9a51d1c482e096296f0fffc70686bd16,a65fde0b04e8ca23f84e79c9935e3b93,2,"Não recebi o produto na data prevista, enviei várias mensagens p informações, ja q no rastreamento estava parado há 3 semanas, simplesmente não gostei e não recomendo entrega da targaryen",1,0.822,False
ecbc75f32c2ede5000085adda4db0c6f,6401cfe160d72392195bd6e311a582cd,2,"A informação de que o produto chegou não procede. A previsão de que seria entregue dia 16/03, porém o produto apesar de já ter a NF emitida não foi para a transportadora.
Aguardo retorno.",1,0.78,False
07286dde7adc674ec902a8cc2114f4cf,773ecfb47260922193611c913a702942,2,"Gostei do produto, mas ele fica casando muita água e tá tive outros e ñ ficava casando.",3,0.452,False
4ba5b0ecd10c4a46a58493b5ab2547f6,c19c55592299c2b3c838a4b77b639ed3,2,"Uma loja que só pensa em pegar o dinheiro do cliente, mas não entrega mercadoria.",1,0.601,False
40cfa2e8584581dd891b1a25e16f1531,459a7160018ed718a744f12b450a46c5,2,Melhor procurar outra loja para comprar produtos. As lannister vacilaram na primeira entrega e quase não entregam a segunda.,1,0.417,False
9b7f186bdb84e90acc8ac7af8a67016c,17421d31a07ce8e9c61fe6b1adecfdaf,2,produto chegou no prazo porem veio quebrado,1,0.407,False
4253e35c9142c7ad3c7ee3590f28f8f6,d3e38f61c91f2cdbf65e9e2c025f34ea,2,"O produto é bom digamos muito bom, porém o prazo de entregar era muito longo e além disso a entrega foi fora do prazo previsto. Eu recomendo o produto mas não recomendo a loja",3,0.514,False
f29c994912885f6509c0e7f64210d3a7,4f37cbf1e88e6a573c864f42e1072dd0,2,Comprei achando que o cartucho era original da Canon. Veio cartucho recarregável e não original. O anúncio deveria ser mais claro.,2,0.455,True
8bbdf91a176b4c6910f4b4999fb13580,9e22b00fd1b9f036577e8c517ea0a5d4,2,A OPÇÃO DE RASTREIO DO PRODUTO É MUITO VAGA NÃO DA INFORMAÇÕES REAIS DE ONDE SE ENCONTRA O PRODUTO. O MINIMO SERIA TER COMO ACOMPANHAR O PEDIDO,2,0.436,True
e6e408aea41a3fe7c741fcf0c75978d2,e14fbb884fb89b4ed687485a902caf75,2,"Foi aberto chamado no site ontem dia 22/11, pois o produto recebido é diferente da foto do anuncio. ",1,0.722,False
a50f5b9012d4f21f54d6566e0cebcee8,4f53691b758958dca780dbbe19dad2ab,2,Quando fui colocar a lâmpada quebrou o parafuso dai colei . ,1,0.527,False
18a3328f0b1345263abbe00868a5ff8e,0e5423b2f5a2083884f519fbd18dd11a,2," recebi os produtos dentro do prazo. o jogo de copo foi igual ,mas comprei 2 conjuntos de taças com uma estampa específica e veio outra completamente diferente. Me sinto insatisfeita e frustada.",1,0.507,False
093575fd62fab28197c45e51e6b8c806,e4843f518acd76cc4c3bf8731b18f57f,2,"A película não encaixa, não possui o formato do modelo Xperia XA1 ",1,0.531,False
c7b4ad99640faaf1bebe7f0230d621d6,31328a81d4ea41d47dc777dcbd88f222,2,"Demorou de entregar geralmente chega bem antes do prazo teve algo que atrapalhou a entrega!
",3,0.524,False
40b7bda5e4f7d0f416484f62935c5960,dd1240d12bb27a5516e0bfe172c26d0b,2,Eu vou devolver o produto,1,0.775,False
fce56bf0fa0af771bb9f65026c186b0d,507920861be390ea5beb588607e4b0ab,2,Este recebi certo.,4,0.327,False
6c99a3aef68e5330e0b621b38fd742ce,7b2f3756c235e93b2ad6330c54805401,2,"pois era pra entregar previsão para dia 03/04/2018 já esta quase chegando a fatura e o produto não chegou ate hoje , nunca comprei um produto pela internet pra demorar desse tanto.",1,0.713,False
cadeddfc924c941517913adcc05dcb26,5f0729d8bd88589e8501140a9eb86ed3,2,"nao satifez minhas expectativas, não funciona como deveria. ",1,0.521,False
50417ae8c494d4510a2454dc1d8f35c5,ea55649d169dfde9b307707c2d3f78cb,2,O produto não veio com o m\nual de montagem.,1,0.556,False
64180c2c7916ed488bcb592f0f4b4921,c7e1e46af92704b1c2e1924de96e7479,2,Está faltando receber um produto: Pulseira Masculina de Couro Caveira Couro Legítimo + Pedra Preto 20 ,1,0.589,False
06c4c2ad4c11199f2b0544b08baff7de,bd33d6543dab80671198f9df40e3411d,2,Produto muito bom porem por uma falta de informação da medida no item acabei comprando/recebendo uma cuba grande de 41 CM,3,0.388,False
5fbaf2d47b555b58748f5f7b9db01a7d,00ac05fe0fc047c54418098eb64e3aaa,2,A tinta da borda preta fica soltando na nossa mão bom que não saltar,1,0.406,False
a28a06c28497c38c8670c1a95e58f3bd,11978d520d85578c9f024b99ac1a87ef,2,"o produto falha muito, cai direto e as vezes nao funciona e nao reseta!",1,0.752,False
d394c1733de665414a3c1793d1563397,ef5cbfafea632f181983df020dee5199,2,"A embalagem do perfume não estava lacrada, ou seja, a caixa não estava revestida com o plástico que deveria envolvê-la, além disso, o nível do perfume no frasco estava visivelmente abaixo do normal. ",2,0.486,True
1dfdad5f905706ceddd4bfc0a6cbfb70,ac66a6311540888f9742530ab8d3115c,2,"Mercadoria de qualidade, só acho que o frete deveria ser mais acessível.",3,0.432,False
048f89d5550f6d495dbfb726b23ba2a1,eaf42d23fedb6d8d7747c8ab44b8784e,2,Atraso na entrega,2,0.367,True
4597355168b5a6fa36bf8dd95bf90eee,7ab2b693aebb8e032fc16f9c75051fdc,2,"não recebi o produto
o prazo já acabou",1,0.736,False
2385bc600ff8319e9029edab3f0c19e6,d12750a4a29395c6d1cd3a83992f1e16,2,Comprei 2 cartucho de tinta mas recebi apenas 1 cartucho.,1,0.496,False
559d0de3fbceb6ea4bd7b5cd18e23ad5,6275954c6646fe2a6fcc3b1f7771de04,2,"Comprei duas unidades , apenas uma foi entregue.",1,0.585,False
ca0394a85fd6a665ca81206304ed650d,46da9ca70ba869541332f73b43acad1e,2,"Produto com boa qualidade, mas no encaixe dos botões de volume não encaixou os botões, tive que cortar os encaixes.",3,0.518,False
b5be606d37fe1a0bd2bbcb7e550574a2,cfa438aab28ed50c386312e0e475dd82,2,"Recebi a encomenda de forma normal e dentro do prazo, contudo, recebi de primeira uma data de entrega estimada e que posterior, a data foi aumentando. Não gostei dessa atitude. Demorou 2 semanas.",2,0.515,True
b17acdc70e373302a3827de08013f89f,9b015744ffb8748e8888aa87144186a1,2,"Bom dia.
O relógio encaminhado foi semelhante, mas o visor do solicitado tinha luminosidade diferente. 
",4,0.526,False
9071124acb32e2bd9a1d3c6a835ce616,aa9247a7a8a840b9bc4a0755c1c8485e,2,"Não recebi os 02 travesseiros que comprei, paguei por 02, porém só recebi 01 unidade do produto.

Quero o segundo travesseiro ou o meu dinheiro de volta.",1,0.768,False
8186bdc146b4f2d9b977c12a9df0fccd,31c8528678f80f4491b0e2634ae8940e,2,"Atraso na entrega(a qual já possuía um prazo mais do que suficiente), logo não consigo avaliá-lo positivamente, muito menos opinar a favor da transportadora.",2,0.604,True
3590f7118931850934e4e02073811fdb,b5930ca6b3a52bd7169cffa2a4b8a83e,2,a entrega foi entregue certo dentro do prazo mais acho que não precisaria demorar tanto pra fazer uma entrega sendo feito o pagamento a vista.,3,0.407,False
beb2b114f225cad5388ccdfcda153a9e,e5d5cc62d5d1e1a4e31d7e581247de3d,2,Eu comprei duas unidades e recebi uma unidade.,1,0.535,False
f82331c770937a9b52582faa2b799762,d83f19fa5fce346e31c60b35257f4329,2,Faltou acessórios,2,0.407,True
14ea6decad5dd6bad11cfb2afd01c478,334e118f51cc0e200822d5f117db5f19,2,"Foram comprados 2 produtos, que seriam entregues pelo mesma loja e fornecedor. Entretanto, somente um dos produtos foi entregue. O outro não foi, e consta no sistema como enviado.
Sem resposta da loj",1,0.676,False
d2685d708ee3a49340a50dd2184deadc,1c4b283e95602be28c975207016558f1,2,PRODUTO NAO ESTA CORRETO,1,0.414,False
e9dce1af06ccd06a9423148036b7af88,54787cae1cb90fdafe197fe2bc300cd0,2,O produto chegou porém não funcionou. ,1,0.671,False
72675fe27dec6a470e25c5711ae8129f,e0a392ae82bc219375ace26ec32a6301,2,Produto conforme anunciado.,5,0.505,False
dc68944736ee18129b154291134e4a75,59abaffabcf78a9b635f9c5f16a8cee3,2,"NAO QUERO FICAR COM O PRODUTO, QUERO DEVOLVER, NAO ABRIR . ACHEI QUE ERA PANELAS GRANDE MAIS E PEQUENA PARECEM DE BRINQUEDO PELO TAMANHO DA CAIXA.
PRECISO ENVIAR PELO CORREIO, MIM PASSA OS PASSO ",1,0.834,False
413d91661b25bf8cf8ce26c82a06c848,90e4c72e836cb3e0bea6a31fd981a346,2,"Muito bonita a cortina, só deveria ser um pouco melhor o material desfia muito fácil ,mais pelo tá ótimo!!!",4,0.619,False
90679c70f1df876fb9fc43339933fc85,a542a9cfa2781b4971db13cbb7ac88e2,2,"gosto muito de comprar nas lojas lannister, mas ainda n recebi o produto acima, aguardo um retorno grata",5,0.414,False
4012c3e73167f1f61e8e5280d02ed934,e6eea6fed0b356b11cf7e35f76320b03,2,"Srs, efetuei a compra de 2 produtos, entregaram apenas a Varredoura Feiticeira Mod. Compact Plus, sendo que o parceiro foi a targaryen, e o pior é que consta no site lannister como entregue os 2 produtos",3,0.266,False
32fa9ae8bb200f6e9bd3a226771c45d3,758888bc05afa2d25b8ebd3c47020016,2,"As luminárias vieram mal embaladas, portanto amassaram. Os copinhos que escondem o fio na base não vieram.",1,0.48,False
2b850af2c597ea87d8981d33c08402d3,9eca84d28a0c3cd0746a25f588705d30,2,No anuncio diz outra cor,1,0.482,False
98272cc7e9dd4d8776f34247a3f07449,28a132c45555139dcd554dfcf6d21ef9,2,Qualidade do produto é ruim. ,3,0.383,False
88e249eb87b104cce663479b3250e03a,b4b23a5f1e3af0a90cce47b18af0e612,2,"1 de 2 cartuchos não funcionou; mensagem de incompatibilidade e, depois, nenhuma impressão após ajustes nas configurações e páginas de teste. Solicitei devolução e troca deste cartucho; o outro ok.",1,0.761,False
a9ee2d1e4f840d94f43289d693461a1f,24cc891b9b356e89a45d5313bddf4607,2,"Péssimo , porém ainda não recebi meu produto...",1,0.889,False
24d46a7a87b49cc958edeb55bf7f4970,9052b9e9831316aa74d32b45bbcee6c8,2,A caixa veio totalmente deformada/estragada. Alguns produtos desencaixados. Melhorar a embalagem dos produtos. Achei o produto/material fraco,1,0.488,False
6d363cc4fad13298161de16d6a0f5b44,61685f5d646af5b5f7fbba31e885c7ec,2,"Uma cortina veio com defeito e a outra a cor é muito diferente da demonstrada pelo site, ",1,0.405,False
2b47fe693b92e346504e983bf2e46707,b1d03262cf81d5151e15a73bbde8e22e,2,"Além de não ter sido frente grátis, teve um prazo muito longo de entreg, quase um mês",1,0.513,False
7915e2341302aef1bc5363453bd61c30,fda166699a8b8396eaf3b8569a431817,2,Demorou n veio a cor q escolhi e comprei um sofá caro e já faz mas se 1 mês e nada de entregar muito insatisfeita e fiz o cartão pelo site no nome de meu marido Cyro Dias Braga entao fiz polishop,1,0.644,False
44bb8c2ad3bb9c2bb3552a034eeffc4c,56c79c2be1ceff5839d56e340e847833,2,Bom dia ... comprei um bebedouro vermelho metálico... é recebi um bebedouro Rosa... obs... meu cachorro é macho...,4,0.33,False
c3c23649b369713e7df8f1f5c8895146,8104cba0cfe32e03aa870b61f6cdbf24,2,"Não recebemos ainda como dar opiniao ou avaliar?
Com prazo para responder se recebemos ou nao?",1,0.548,False
1d31355669014511eb2c899cfca05e78,e2244e42c2d85b8e677c622dea93cd78,2,Não recebi ainda o produto,1,0.628,False
596337da62fcd0fbfeae639394a6d56b,2bdb4d9144e83d80bd260aedc3932c2b,2,"A case de tablet veio perfeita. o suporte de tablet veio com defeito no encaixe, alem de ser um produto muito frágil para segurar um tablet caro! A entrega foi muito antes do prazo.. A loja impecável.",2,0.254,True
8ef3e8fcb7d8d687fe1afeb98a711792,26a14aeb2410adbbf74a72c4ef0c8ae3,2,Não recebi meu produto certo. Exijo uma resposta ,1,0.669,False
80457ae14ae95b6b2cca6ce4bffb123a,287a3634b689a3b876e3993e081bcc6b,2,"Demorou de mais pra chegar, se tivesse comprado fora do país não demoraria tanto.",2,0.415,True
553f005f4d7bb361c3c343d706657878,2b0b75a2e7ebb3fa4a95e3b6ab121e86,2,Então conprei gostei mas nao e tudo isso nao achei q seria melhor,2,0.403,True
4a931f21d5c22dd22b55ca236dc3cabd,f0635a71f7207aab8ef29df0d1ee7104,2,"Só chegou 1 dos dois produtos comprados

No caso chegou o BCAA e falta o hemo rage black ",1,0.69,False
8d26a48260b9c89619a9f0788439fed5,bde4e874383e1817284c013ec6a2d72e,2,"Apesar de dwntro do prazo, achei muito demorado os correios estao cada vez pior. ",2,0.534,True
c3542714507b3198ccc76a6627523dff,8583257b3c36c8ea0b9b0644b21567a8,2,O produto chegou com a pintura lateral descascada. e o lacre não estava violado então ela já veio com defeito do fornecedor. mas como fica mais caro pedir pra trocar vou ter que ficar com ela.,1,0.453,False
e049b4edc0075c13e699fc64ab220105,65475724044e5b94d968124fa141af0c,2,"me encaminharam um email informando que houve 'problema' com a entrega, já entrei em contato para saber o que houve, se iam devolver o dinheiro ou prorrogar o prazo da entrega e não me deram resposta",1,0.711,False
b5a3419cc784fa4fcfa65d7cc44145ac,ac0d19143b07550124df5139ba1faa6a,2,"O produto tinha previsão de entrega para o dia 27/12/2016 e até a presente data não recebi.
",1,0.613,False
73cc55bcec896339ed49bccda8b522c9,4bea7c11bcf3f690cb3feee7b57a1e98,2,"não tenho como recomendar, pois o produto não chegou ao centro de tratamento dos correiros em Brasilia, e, até agora, a empresa não entrou em contato para tentar esclarecer o atraso.",1,0.5,False
13626b45359760ef7f5f2d54cf66144b,b95ee76467f40a43ca737b18839d83d6,2,"lannister o parceiro fez a entrega do produto, evitando transtornos como ocorrido anteriormente.",4,0.456,False
b0991e2673cd0b872a40dac5f44187e8,03f4fbe820830f14931ffa4631cb0912,2,"Fiz o pedido de 2 un do mesmo produto, foi enviado em pacotes diferentes, ficando sem rastreio.",1,0.326,False
2f97a0e75596224896b36a3fe920d68c,66057d37308e787052a32828cd007e58,2,"não respondem a e-mails, houve problema na entrega e nem deram muita satisfação nem importancia",1,0.606,False
49cb1b45e23f07f438b471464c97be39,43540d468d10c89bf259ac47151f3ff5,2,Muita demora na entrega.,2,0.377,True
65b2a48a2bf19055fabba94e26d14d69,b3aca462b5aca4e8bca35ac69f094e8e,2,"recomendo loja lannister.
produto não entregue de acordo. Já comuniquei e não recebi resposta. Loja comprada e targaryen sem credibilidade.....",1,0.751,False
be1b2afd9dc5d5578e556891e6a6ffdf,f9ea74a0ba3d0e01f8f3a2c98bb35b9b,2,"Não prestei atenção no anuncio, não gostei do material, sinceramente não compraria novamente.",1,0.559,False
d6096704b4ee25d0336dc056f119f70c,5a18318628961a2982d19b5ef6026e2b,2,Produto consta como entregue aos correios do RJ desde o dia 20/03 e ainda não saiu para entrega.,5,0.25,False
1389fd3d86ebbb6775fa68f7526c5b4b,c23ef0b7332bb9b0b8e3ae45346a364f,2,Eu recebi o produto parcialmente..está faltando o jogo de lençóis ,1,0.632,False
e57d3c1c75e45e647d736b2231df32cd,bda31774eda0320ee68c33da94027e4d,2,"Entregaram somente a furadeira, está faltando a maleta como estava descrito na hora de compra. Fiquei muito chateado e fiz uma reclamação.",1,0.829,False
e8d8f824f2133fd07e2a6c5e8e7a5edd,9ad25d16fe851c6e868769cec5d2882e,2,"Comprei três luminárias pendentes, recebi apenas duas.",2,0.446,True
550becbb18123571c33b39347ab641e5,f18c6aa6a5d583e8ec36beaabb81d9a0,2,"Produto nao é o que mostra, diz que tem 50watz de potencia mas é mentira..
Eu medi ...",1,0.407,False
2b37219af6a7f9779a12e3b5602655ce,664141bb6dcd20117425954f2bae35ca,2,"óculos lindo, chegou em perfeito estado. Mas não foi entregue dentro do prazo. ",2,0.444,True
b8b0488f2349b4682c9af005df0f7cef,f232ff45f991fa2386608fdab459e65f,2,Produto veio todo arranhado.,1,0.668,False
89df5cf97334599a1435b163e28e000b,b3dbda02f0861fee4f3d609a22e904d6,2,"Comprei bebe conforto e suporte para colocar no carro, sendo que só recebi a cadeira, o suporte não veio.",3,0.404,False
6d0e34a734d0222d3b9da783ed4920d2,652e317bb6d649095346bf24ba207c15,2,A qualidade do produto não foi a esperada. ,2,0.452,True
4d05593294cb87f9412ec522d3c6333e,cf4e2fbc22f6efdf6c5988003626bf48,2,"ainda não recebi o produto, mas sem receber o produto, a avaliação fica ""furada"".",1,0.692,False
d54fba66ce0ba0004bcdf58476d5f51b,6e1af4e0d4cf82af38671a14b609634c,2,nao recebi o produto,1,0.753,False
0edf4a7e5a01cd378c390fc012ee9b98,d7f6ace2a350940d10999a89ceb44d72,2,lannister ótima mais o produto é péssimo! Descartável. Quebrou no dia que foi montado. Não recomendo a ninguém. ,1,0.953,False
629edbad1a5168371146144510f483a8,725e447394783623c41b52e74e2c691e,2,Verifiquei que o acabamento deixa muito a desejar.,3,0.431,False
9b967813ba8d5232a8fc3775b5568eb8,e40d016b1ae85a70208463f0969fcfce,2,Estou esperando o pedido,3,0.272,False
8491feec182f0f1e300691948ca286aa,7dfd52d05dd4bf18de9e17066c123de2,2,A cor e diferente de como está na foto,3,0.371,False
3ae70fba568c6afee646d1f5894d0bdc,daf485798ac9032e3dfa16ee39d2d75c,2,"efetuei a compra de dois (02) toner e recebi somente 01. Já comuniquei a empresa que emitiu a nota fiscal, estou aguardando a resposta.",1,0.635,False
f8d94c466b88fedfddc6517a4d8650b6,081c75b9982020f01f5672792408d728,2,Microfone nao tem o desempenho esperado ,2,0.401,True
e34ab45b78e9bb02caeedbc409b44ded,06f539e73d3a46feae1fa4667cc82f98,2,"Dos 2 produtos adquiridos só um foi entregue já que um veio errado, falta mais atenção na hora de empacotamento dos produtos",1,0.44,False
6faf2f9fba41e2bdbccd9fc4be64801c,c3a6968588b9919abfdbe63026307d70,2,"A loja mandou foi o produto Saia Box para Cama Casal King Perola com Lese Tecido Microfibra - Branco, e não a Saia Para Cama Box Casal King Perolla que esta para ser enviado ainda. estou aguardando.",1,0.379,False
d6d41377ea3069b9572ed2355d921388,3c0892663d9f2c3fd8d3d7bafc543e19,2,"Dos 3 itens que comprei, recebi apenas 1item. Foi rápida a entrega, que foi a película de vidro. Porém não atingiu as expectativas pois não cobriu toda a tela, e parece ser frágil. ",2,0.528,True
7bc661a6974bd601f7f4a2c808aa66f9,ad263bc9111c1e0cbb780c4b7c1009e6,2,Correio não entregou na minha residência tive q ir busca lá correios,1,0.714,False
528785db65c6445df1d15acc64599f89,c5e1ff5a434a0e128ac186bd92c1060d,2,Estou insatisfeita pela falta de atenção com o cliente! Foi solicitado no início o cancelamento do pedido no qual não fui atendida! Não pretendo comprar mais tão cedo por aqui! !! ,1,0.791,False
b6d959c77439cee3748285df1e17ec26,2208f3a59d7067fe62c900692f5fdcaf,2,Veio com defeitos ,1,0.433,False
fb689386ef4622079ec1b24fed4c221b,925f350ec2562f25e3431c97c2c1546d,2,"A foto estava errada o produto que comprei foi pela foto, enviaram outro. Preciso trocar",1,0.625,False
302d8dc021829cefd5709101965502c6,9b256bac4d128fa4841abe19f6126836,2,NOTA FISCAL E MERCADORIA NÃO CORRESPONDE AO PRODUTO DO PEDIDO,1,0.705,False
33af462fed492da991a1176229242946,1c7348dbdae957a76d7886476cbc97e1,2,"Não funcionou, o equipamento não consegue fazer contato com o celular, preciso fazer mais teste para ter certeza, mas aparentemente não funcionou.",1,0.715,False
04966d9afb3e861bfa4b39d98f4b5525,619b6c8ac39a9c798780d761e4b36fed,2,depois q chegar avalio novamente,1,0.305,False
03ccc1453f9e06d7bda13b87eb24806d,7e9d429736ca906b27567eceda90f4b6,2,Comprei um produto e me enviaram outro similar sem me perguntar se eu queria a troca,1,0.596,False
64cbc30ba05c3e97943bfbfae9160cb6,7349428ccc1c563f452b351a461aeb09,2,"recebi a encomenda em prazo record, porém comprei duas unidades e recebi somente um, já encaminhei um e-mail para a loja visto q não encontrei num de telefone para ligar, acredito q será resolvido",1,0.59,False
2132d25974bf0c97a43558f2da0e568d,3e269d8ec37b0e8f74c0aaac57c8b059,2,Pedi 4 controles e recebi apenas 3. Estou aguardando se entregarão o outro nesses dias.,1,0.656,False
bae472fad885da38be6f18b6ebf2b3d4,b86149c8139bc8a77792c2b24942a0db,2,"Comprei uma lixeira para cozinha, conforme a foto com suporte somente para o pé da lixeira, veio o suporte errado para banheiro com porta papel higiênico.",2,0.389,True
ee4b6ed6a24ee4ba8d3f4d3ed6e14adc,f8e926b4541bd4af7a14350967ba217e,2,"To tendo problemas,para. ativar no ceular,não consigo por pta funcionar",1,0.486,False
8ab6855b9fe9b812cd03a480a25058a1,11c177c8e97725db2631073c19f07b62,2,Foi entregue somente 1. Quero saber do outro produto.,1,0.686,False
b0900f625c78268dcbd100da0594b60b,a7982d7c8e5f1fde0c06a1e958487a19,2,"ENTREGARAM UMA COQUETELEIRA DIFERENTE DO ANUNCIO, TUDO SUJA EMPOEIRADA E QUE VAZA UM MONTE DE WHEY DURANTE A MISTURA !",1,0.658,False
3d48be6d0b39e4383f614cd7baa9d038,845686dd9137013d73ed42078be18809,2,"Não recebi o Kit ainda das tres luminárias. Sabem me informar, por favor, o status. Obrigada,",1,0.344,False
51ea97e3ac34acadbbe87e6a47bdd0fb,8179e1a142b156c4c24a824d0bf0af86,2,"Achei,ao olhar a foto q o produto era melhor, q pena",3,0.315,False
49ec117904c22c909dd15a1008b78179,5672fc8f50b8761ce7d2a3ec4ffc2b52,2,"COMPREI 2 CARTUCHOS DE TINTA E NA VERDADE SÓ CHEGOU UM, GOSTARIA QUE FOSSE TOMADA ALGUMA PROVIDENCIA.",1,0.574,False
de09cfec88a3135ca633f49156662b75,5cc643c866ee7077eea087b9a7bb60ac,2,Infelizmente recebi o produto errado. Pedi a luminária thomas edison com 6 lâmpadas e recebi o modelo aramado. Gostaria de trocar o produto ou receber o reembolso da compra.,1,0.865,False
1f76168d64114654d52b821d45c86804,e67dfbc421e0d2908ef7e2c96d222f42,2,"O produto é lindo, porém é de péssima qualidade. os acabamentos são grosseiros, os parafusos para encaixe tem defeitos e não encaixam corretamente, enfim, é bonito mas péssimo em acabamento e montagem",2,0.547,True
9740c39fe70be3fdd5b610c34358a278,be73d4698f2f4939662dd7788cf3dad3,2,Até as que dão no lava car e postos de gasolina são melhores.,3,0.391,False
e467091377faa27a1f99213b98cd9c73,f321507959f5d110b06985b282a5ea6e,2,"O produto chegou no prazo, mas veio com o lacre rompido em uma embalagem não original, dando a impressão de ser um produto usado. Testei e está funcionando. Não inspirou confiança.",2,0.443,True
f378e67bfa5f051d4066c80396107422,b8fa6b82124d10ce03fca71fba70a4db,2,"eu fiz o pedido de 3 cone pagando 150,00 reais e so me entregaram 1.quero saber se vao me entregar caso contrario recorrerei a justiça.",1,0.792,False
9e3f609364479ecc228cf38239029219,aced4ae5d9332b2f1020d42e4718f532,2,"O produto veio conforme solicitado, porém não serviu, por ser muito menor do que os tamanhos padronizados. Preciso trocá-lo por um tamanho maior.",2,0.47,True
f69bf052b3b43abde9856c27c1b8bf05,626add0c9183e7802564bf732e183dd1,2,"Recebi o produto certinho, mas quero o reembolso do frete pois eu paguei e tive que ir buscar no correio.
Gastei gasolina e ainda paguei o frete, sacanagem",1,0.436,False
9a2cd716541ca35682a526a6a7632239,464324a0ca5b6a5b1448b02f24e588ce,2,"só recebi um dos produtos...
até o momento não recebi o Conjunto Quadros Decorativos Fé Amor Família com Vidro A4 ...
no aguardo",1,0.611,False
310fc67e2e20c0e3be180ccbd35b97a1,2b91a37b71adaff0cc49079ce382939d,2,"O prazo de entrega é enorme. Não voltarei a comprar, pois recebi 17 dias depois do pedido ter sido recebido (vocês terem reconhecido o pagamento).",1,0.604,False
573447a3438f279798e4b16a95ace88b,1762d149a68887991734edbe6df5f15d,2,Comprei dois itens no mesmo pedido um chegou em 5 dias muito rápido o outro demorou 15 dias,1,0.472,False
4a6cff6f9cce6004d9f6d66dcf416edb,6c2a52b8ca498855b567ef1e5577940a,2,"Recebi apenas um produto, sendo que havia encomendado dois.
Estou no Aguardo pelo outro produto.
O produto que recebi é de boa qualidade.",3,0.32,False
bf57688bdabcbd44087aadfc2af13b06,3668a28064ef9032629644a5a53e0bf9,2,comprei um modelo de relogio e veio outro totalmente diferente,1,0.345,False
1d29949509375f5bd9969dd3545514d3,d0a3f2251346c62e270f1680cbac775d,2,O produto que recebi veio incorreto,1,0.56,False
da019fba5d8be9427b00678f9cc80f51,4f259869d5c650af6f847b027032515b,2,recomendaria só que ate o momento estou insatisfeita com a demora na entrega,3,0.46,False
63920f731a16cb9f225ff624aee9bccb,bfcec91a0841313fabd35ed075e4a8f5,2,Carregador diferente do que está na foto e é paralelo!,1,0.225,False
ce8cf4501ce473b990135c51f0e21ba2,20179c04ba0e2e024542349ec1d5d263,2,não usei o produto não mas parece bom,2,0.321,True
94e4bde9a16194c468881a8f4bb08195,341dc4ea81fabe7de6af564b72fcf3e2,2,Eu comprei o KIT cartuchos 664XL (preto e Colorido) e mandaram ERRADO Kit de cartuchos 662XL . QUERO QUE TROQUE PELO PRODUTO CORRETO COM ESTA NO PEDIDO E NA NOTA FISCAL QUE É : KIT CARTUCHOS 664XL .,1,0.562,False
45d15060fb432a746bb28ca63deca435,f1cd9d30a289847f9a18900d191a4f05,2,Comprei dois produtos e recebi apenas um.,1,0.678,False
fd65d0641ff35f23ac550c7de72430a8,153d12e2d5e7765786be73cb3900a442,2,"Estava muito ansiosa pelo produto. Expectativa alta, mas quando chegou, o produto não era como esperava. Ai tudo bem, mas o pior eh q as travas das alças não fixavam, e sempre escorregava. ",2,0.536,True
43334848a48a7abf6faa2f8aba675b8a,019aaee09698daf81dcffe9d94a18b5c,2,"tudo correu bem com a loja e com a entrega mas o produto não funcionou, vou devolver",1,0.734,False
bb72d713b1349a79b7649fa5ba400f15,5d79d483f058dc640b8948650d14562f,2,"O filtro foi entregue perfeitamente, mas uma das velas que o acompanham veio com defeito.",2,0.395,True
54f113ad167a196e52d7f1cf5db36585,37e5806494067b6dcc269c80c272eab2,2,Estou aguardando ,4,0.363,False
9eab0bc236ba1fa442c2ca289cc069b3,8081c44895cefcfebc13faec5c9ed8bf,2,Os relógios veio com modelos diferentes do que tinha comprado pelo site. Só não vou devolve los pelo fato de ter que usar na minha viagem.,1,0.366,False
3b7d55d2bf5c68d6125138ea91391cbf,9ce991aaccb4817cc0ca0b4edb5c5ff1,2,Bonito,4,0.383,False
61330a64c0f3647fef85341f2a497f42,52d4b2f313a33c4f6ae0f774f4d9221e,2,não foi como eu esperava quero devolver o produto,1,0.66,False
b47b6464ca08cc70d28fd74b9f7f227d,93c244c6bb63cafcde3117a2b2a5e151,2,"O produto vendido pela targaryen chegou em uma caixa de papelão, embrulhado com papel de jornal. Produto sujo que necessitou de limpeza. Um absurdo. É triste ver as lannister com parcerias tão ruins.",1,0.886,False
c4cab6d06a9bca48ce665aec3fa340d4,65709b9620e3ef6f575918b8348a8ece,2,"Comprei 4 toners (magenta, amarelo, ciano e preto). Um dos fornecedores (Tonerbras) fez a nota do amarelo e magenta porém entregou 2 magentas. Não consigo fazer a troca.",1,0.56,False
fa5ddb0f297e8b3576a6085e2ad1a911,3246fdc7c13d566c0081c78d49ab6515,3,Ainda não recebi então não posso avaliar ,1,0.425,False
6650bebd45266c2ab012d43c0eff7330,d082758d583505f358d7893ac95d4f0f,3,"Chegou bem fora do prazo. Mas, o site estava me informando do status do pedido. ",3,0.395,True
41e6cec3d5a178c0c7377cb7ce8bf09d,aca5ef1d6df08d476703f538ba867594,3,"opções de entrega deficiente, com certeza prefiriria uma transportadora do que os correios",2,0.449,False
d10578b3fd2bbb6c71b849464e5797e1,cfda238957842ae525ab84fabaf8d4dc,3,Gostei as duas são de um bom tamanho e o material condiz ao preço,4,0.498,False
c71ba03f1a6e2d2031f98baa5b0f9529,67df019d84e04f3b626f8ede2dce4517,3,"O correio só fez uma tentativa de entrega e o produto ficou somente 7 dias no correio, depois foi devolvido, o que está causando bastante stress. ",1,0.689,False
4bab4145a3ba25c8e9cc964ebbe509cc,69097064067ca87a7fec01db107c5af3,3,"Demorou muito pra ter uma resposta ou nota do produto, devido aos jogos da copa (segundo informações no pedido).
Mesmo assim chegou antes do prazo....produto respondeu as expectativas !!!",2,0.281,False
a56cabc25bed2d55ddd1a73c0b791566,05cd5649410dd46b0467669ff19e294b,3,"Quanto à entrega e prazo do produto, tudo correu bem. Sendo que ao funcionar, o conversor apresentou um ruído intermitente. Gostaria de saber se tem como substituir por outro que não faça ruído. ",3,0.463,True
b4a45449b93886f44300e142cd3c78e9,fb1eff538c7c7033fdb5a6a0a3edd456,3,nnnn,1,0.304,False
20f2fecce99d9fb8da5f34dd3b9dfb88,96483030ebe9ba32808037bfadaa1119,3,O adesivos chegaram amassados. Vou ver se quando aplicar normaliza.,2,0.366,False
7ce4af6ab27133abc686dc19fc13a3d2,fa8bc976c444fee300429c2465aa1842,3,"A entrega ocorreu até mesmo antes do prazo, nota 100, porém o produto (aparelho) veio com o adesivo das medidas descolado, achei bem sensível esse produto pelo valor pago. ",3,0.299,True
d08317951589ae76e9c807651f63cb5f,0fec5b52f7f6c1e7b725c742a8bdf7d4,3,comprei 3 entregaram somente 2,1,0.75,False
b217a216fe52d68efbbc7a46640059b9,8d6eadbda0197bd0dda13db3e179117e,3,o produto de péssima qualidade !,1,0.934,False
985c593ba26d5ce27fe8a6478326ed09,d34eb5c929ae5f0d803924b567328c56,3,muito bom,5,0.646,False
4f0bc385328fb1385d28813eafe53be2,b13161e10d5782a69eb14fb3a064c711,3,"a chave veio sem pressão , porém veio a chave original",3,0.282,True
b840cd445f8a79bdf7fc23d5f4005435,5545b19e008b4a2989c495761e53456a,3,Aguardando a entrega,4,0.44,False
b89361c3b5ab9eace5ed8a9c242da5b0,b4903df9dcac3f7fd8d2625c04133301,3,"Demorou muito para o produto ser postado para entrega, e depois demorou ainda mais pra chegar.",2,0.423,False
85e03781a16161fcf85ff0d9f4abb4b3,762daee2f96924ae9dd917fee13176a2,3,"Chegou antes do prazo tudo certinho ,mais trabalhando com o produto notei algumas falhas não foi o que eu espera até pq ser um produto mais novo e de ótima procedência ",3,0.47,True
1422561645d5ca46cdf7e2b37e162c0d,00d50baf1bc56a3c59de1810a6b84b0d,3,quero saber o motivo de não ter sido entregue o produto - 2 pares de anjos de rede,1,0.579,False
5adbb35d67dd80d4ae764ee127ed0fc1,8f5e238b871f4bf8132d533e4c41d871,3,Recebi o produto; mas estou aguardando a coleta para devolução. Não gostei do produto ,1,0.589,False
b7654b0f527378bd085fea8a1014daec,eeb03bd554e175a6c6ae5cdc2e86d841,3,Tudo em ordem.,5,0.47,False
e5391a94a0c6a03f9304cd1069587ac3,f9f19aa140c738c064cb3cb17040a30d,3,Nao entrega o pedido no prazo certo ,1,0.759,False
1e4c04c7653024e3e745ea6a090699e2,4587a031fbf9d49139d63f2bcc156693,3,Produto chegou com a embalagem bem suja e empoeirada. Deu até a impressão que era falsificado ou que a embalagem já havia sido aberta.,1,0.608,False
92bbc6038b05def6cd65df5a404f947c,6e55e4357294c390e20e59615b237026,3,"Ainda não irei avaliar ,pois estou aguardando a entrega de todos os pedidos , após receber eu faço uma nova avaliação",5,0.265,False
1a4830668e4cbc94f35bc41225070b14,1a014516e31169d67ede0e351097a9d8,3,"Cobraram o frete e não entregaram na minha residência ,tive que ir la nos correios pegar.Se minha área que fica no centro é área de risco ,não sei onde mais é.",1,0.805,False
1588ccbd9bf885877511333d26917d85,e82be22636894dbc523a70c20fc35ad8,3,Boa,4,0.407,False
d16066b9e315db4e0a92333d1601ff98,ce42a8b69a1f006400c700bb5616f736,3,Até hoje nso5tecdbi eu produto e é bem satisfações ,5,0.527,False
696f9a0131264c1473fa91ade03938a8,a4ee9df6b5f93107253c0a18145b1e51,3,muito bom,5,0.646,False
4d42cb3d8149bc3027eec26834c85ef7,43070b94b6d741a764e8e1ba4a2ea91d,3,"A cadeira é confortável, mas tem acabamento incompatível com o preço: peças tortas, rebarbas e manchas. Embalagem frágil: chegou se desfazendo a ponto de cair peças da portaria até o apto. Sem manual.",2,0.581,False
911cc91fabae91c1fdb10043b118752f,308163f9666c3f335e92b0f0f61554ed,3,"Poderia melhorar o estrato da compra no site, pq as vezes não aparecia a minha compra",2,0.384,False
089b50dcaec8c6b4fd1c324b143a9b7c,88b89dae0dc52bf881d9a8a9072f880c,3,Não vem com nenhuma identificação por escrito,1,0.665,False
dd75d4519e8d8ec3baadade5f6abfdc6,1958f9c53ded478c55050913c2367266,3," A loja vendeu e entregou tudo certo, porem não compro mais, o correio nao entrega em casa. Fui buscar na central, as duas vezes teve barraco, e paguei pra entrega ksa, nao me sujeito mais protesto.",1,0.738,False
5dce1521c5211ef3b88f861990a0a639,f046d54c32beae04f22c7f3232425f54,3,Entrega tranquila e dentro do tempo.,5,0.528,False
845349ae426fbff64f291e629119644a,12bbbb7513f1fe839bf451ba8d06c859,3,"Parabéns entrega antes da data prevista, um produto bom e barato som do produto muito bom corrir com ele não me incomodo não ficou caindo ou folgando no meu ouvido olha que corrir 8 km recomendo.",4,0.478,False
5abcaac1606e4a521a79550d43235613,043ba86e4e3f73fe5cb856f225fd8aa4,3,"nao gostei 
porque demou muito para se entregua tive que compra outro produto
mais chegou tudo certinho na proxima talvez chega ante do ´prazo",2,0.432,False
5074321016164859ebc47ad169e4f635,442da52f7e1c635406d2ed070bf1c358,3,"Entrega super rápida. Quanto ao produto, não gostei tanto, imaginei que seria melhor e mais bonito, se tivesse visto em uma loja, pegado em mãos antes não teria pagado R$21,90 não, mas ok.",4,0.388,False
b649632844008b8cff9a819116efe11d,5c468b18e44fe58da9d5584b05fd988f,3,Regular,3,0.361,True
2a214fe1071ca6fa92f3fc39d377f683,16f77b7311d2685235f9c8936da1480f,3,Muita demora para a entrega.,3,0.435,True
c8ca1058a796acbc4ccb6b72c87d4ddf,94fade3ce4aef6f9a24bb31e0ff03edf,3,"so o preco que nao foi bom, encontrei o memo produto 300% maisa barato. ",2,0.449,False
3aa67af6b9d59576d2a5f704a181c4d5,5f9c456bbb57754ed7f95c12c8f759f5,3,Bom,5,0.49,False
c0f3838a1497c7bd4088c14b537afbb1,3cdbf328dc0f52112842b474f208831b,3,"Achava se tratar de produto original Samsung, alem de pagar frete e ter que buscar nos correios",1,0.502,False
78923a29ee5d3dae97448fb05df8849b,b60b53ad0bb7dacacf2989fe27ad567a,3,"O produto não foi entregue na minha residencia, precisei retira-lo nos correios.",1,0.631,False
fa2a9c4aa8cecb3e89271899c3a4930d,1f9c4827a2d12030d6f364aa01425f65,3,muito bom!,5,0.726,False
36b12e149ca7b09cce6698f08dba3c2d,d82b6e7da21a039639022ad9e9bc3e56,3,chegou antes do prazo ,1,0.418,False
f835e13f53c3e7ec33645b9080f24345,5e76e2e15855045054765a7690a11f71,3,"Muito bom
",5,0.646,False
7824468ce893e3fd0f3baa4ff2c68f68,fd6570a375422eb90b25eae62935db7b,3,Chegou bem antes do prazo e chegou sem nenhum problema. Recomendo a loja.,5,0.553,False
a41ba9ad031cf9ec8e03b7950425642c,5571222bcd19928723500fbf1d62c819,3,"O produto e muito ruim nao e igual o que estava no site 

produto bem fajuto ",1,0.52,False
d288639c5d404d8a14be32a2bb5e2580,93ef5624aaaeded1aa197fd63116d902,3,bom produto,4,0.467,False
fe7a8e59afcd90e2e28d3e0bbf3c10d6,0757cf1c2a32b4597b8192f2c4912adf,3,Na foto a almofada parecia de melhor qualidade.,2,0.427,False
d15ec7fbf73d246a918e3bf1a7e5f268,df8282afe61008dc26c6c31011474d02,3,Razoável ,1,0.328,False
c4ce75dfa645e1a3c57c40e01518715b,1774ba82c4fe803da714e3f5c48cbcdc,3,"Ok
",3,0.495,True
c3764b809d0bab66d91b1709c3bf3f4e,f1a82d00303b9e9a5863f0eb32ed07ac,3,Veio com defeito desfiada ,1,0.62,False
d8daa5edd263c96bad9dd9aaca596c44,101a1fdfd16c29a1608a58883902ec1d,3,Acho que a loja não deveria mais trabalhar com os correios,1,0.471,False
31a73ba86a16dee2d71da41b09ef91cb,aadf5fc042b64c57d336c1ad8a28a455,3,"Recebi o produto 1 dia após a compra, porém ele veio com defeito. Fiz a solicitação do estorno do valor e a devolução do produto. Estou aguardando a resposta. ",1,0.644,False
026e01f0618e7eb9a233c89001aa4eda,d080ae08baaaf19491c5b2d62cd02bf2,3,"CONSIDERANDO O VALOR DA COMPRA, O FRETE DEVERIA SER GRATUITO.",3,0.299,True
0bb20d4f394f7bd4b6158541ea9b27af,b9eaa4a76558ca828580d82dec38cca9,3,"O cesto é lindo e decorativo, mas esperava que fosse um pouco mais largo. Ele é fino, nao cabe muita coisa. 
Quando comprei procurei as medidas mas nao encontrei.
Mesmo assim recomendo, porque é lin",3,0.493,True
c16ba8ca10f0b0cd639045ca97fb93e8,464a1b1092ddca5bd47cac2e7a0fa2ee,3,"É mais bonito na foto, se eu visse pessoalmente, eu não compraria!!",2,0.304,False
cd9f657de88e6e2cc91653944531c932,d12bc53f5678ff02dd4b2e82bae44705,3,"Produto perfeito, mas a cor não veio conforme pedido.",3,0.404,True
d3602fee131e910061ffb34dd476c691,cb589c751e6f002a96214f3a5c9284d4,3,O forro interno é frágil e todo manchado de tinta o suporte de controle tem grandes falhas na pintura interna,2,0.449,False
300922ed651d4e16c7b9fc97435b1a10,fdbd371c335ecb94ccb8a65c37d8ebba,3,demorou no correio para entregar,1,0.413,False
c1bdea9591e68fc2866f857b0165b027,470a0f13c7dcaed98920bf6dd918e09f,3,"produto bom, porém parece desfiar com facilidade.",3,0.561,True
230e81e5decf79918c7d69dbc6c48c5b,f32d7a54ec5a62d53d78a7c812c9eaa8,3,"O problema esta na incompetência dos correios. Já foi uma das melhores empresas dos Brasil, na opinião dos usuários, hoje esta falida e com uma péssima prestação de serviços.",1,0.736,False
53748ba885e46449e74d0af7f3dee61e,fd3691fc541bcd1d4348033c3cda810e,3,Eu pedi dois produtos só recebi um dos produtos solicitados,1,0.591,False
462549263fa613c72ad64b83a1a74162,1ed70e8d41f1ea6bd7763ade88da02a6,3,Nao recebi nada ainda,1,0.643,False
9a9694d1112370dce616fce965e0d6a9,3114c613f929e41052d2b64661080c44,3,Ok,3,0.495,True
800fc0c9e6cee85231ce506306ab6d3b,e964a325e20b6ce062b81b14b63675b9,3,Bonito e bem levinho.,4,0.486,False
5cb094768b71eeb7cc9b2ddbfa95521c,0f14db1abb2772e95d78a72c30d69678,3,"Não recebi os posts, apenas o papel de parede.",1,0.489,False
ec80016dbd89c167b60d6a8107046d9f,f53fee7428c6bc090f954df111b6e0f0,3,"Comprei um leitor de Blu-Ray, porém veio um leitor comum que não lê Blu-Ray. Solicitei a devolução do produto há dois dias e a lannister ainda não tomou providências.",1,0.709,False
4cb916a9a99e35c07144d8c615089cf4,02d9d1d66bff41ffbce36cb7248351f3,3,"Recomendo.

",5,0.521,False
5cde481004f05bbc1992693e005403a5,6283d2cb264f76928dffd1faf0f5ff33,3,recebi o produto errado nunca tinha acontecido isso estou acostumada a comprar tudo pra minha casa online escolhi um tapete liso e veio um super diferente do que escolhi agora quero ver como vai ser .,1,0.599,False
4e7696ca45c639595230f2263fc6d058,b26530f9c2437788f9290f8339dba184,3,Só recebi um produto está faltando o outro,1,0.658,False
904c00137ae328a7bbf7a0fc85825e3c,4a34aa679137ec3d1b3ad0c4c8b7a7e5,3,"Meu pedido ainda não foi entregue, aguardo resposta. ",5,0.282,False
b24c2a3a534eaa169e174863513d1fd1,a3cf24eff0b2bd4737149569c12c4ef0,3,Bom!,5,0.504,False
04891b9390ac562c54be0ecbf10341a1,6bd3baa0af5fdc1f3fe70a01055c597b,3,"O produto é bom, dentro do esperado, mas achei um absurdo a loja mandar uma escada pelo correio. Sou acostumada a comprar produtos entregues por transportadora. O serviço dos correios é péssimo!",2,0.438,False
4cb57ffd701cb140866770c4cd9b2cbf,960f1dc42251b4fdfa41d260f5c8e3cf,3,Os quadrinhos são lindos...,2,0.392,False
8a3d2dbc87bc8b5f3d1be87f9540f077,2f2a857f1d838454c26f5fb0fc4356ba,3,Bom,5,0.49,False
79b9d818ce4690a39b9f8700b1351564,c4ff8f56a1fdb2e9dcb882b73903d104,3,"só ficou pequena, futuramente pedirei uma maior se tiver",2,0.438,False
2e56674aa72757a9c730a5886e3b210a,3b075cdef3ce549b7e7b8d6b4678ebd8,3,Não entendo no mesmo pedido não entregarem a mercadoria completa ,1,0.839,False
3edccd890598be66fdd5eab1f5d66bdf,ea200c2f72468756bdc5cd200dbc7a8a,3,"O produto veio correto, porém um dos potes vieram com o imã do lado errado. E a parte de solda do gancho veio marcado. Fora isso gostei do produto, so devem dar um pouco mais de atenção aos detalhes",3,0.446,True
608e890852fc78c3854d83a0cfab8557,2d1f07a3af3df1ddc97efd57a74be3a9,3,"Até agora não recebi nada, a colcha estava prevista para anteontem(18/12) e até agora nada",1,0.72,False
19a752b683040a8f949d2b3d10c8dbd0,e6b3a4b18f4aa0958228e833f2927c30,3,"O stark sempre foi muito confiável, porém desta vez recebi o produto sem nenhuma especificação. Não sabemos para até quantos watt's pode ser usado. Propaganda duvidosa.",1,0.585,False
a096ee30cd6f0374e5e793269e8f0800,b91ca0418b6f2ae549bb6f356eee80cb,3,"Foi enviado o tamanho para cama de casal (1.38 x1.88) sendo que comprei para cama tamanho queen (1,68 x 1,98). Já solicitei a troca.",1,0.339,False
27e8c94ed66b65d7285181ba1207d6db,6611ba034599c08d41ef42aced5adecd,3, a loja é otima,1,0.373,False
f99ff17e430a53efe61d359faa3b425e,009838529bb913846ab6670d22865381,3,SOLICITEI DEVOLUÇÃO. PRODUTO COM DEFEITO,1,0.858,False
161599190455cba07885b8354ff07fde,2cfc25c768542047dde9549da3f65fa8,3,"A loja me enviou a película azul e eu tinha adquirido a transparente. portanto não vou usar.
",1,0.707,False
20f4e2a3123d0f8fc6bd514727eba788,25dd1f1d02c23e3aeae4950e52dc5c5b,3,Porém faltou uma embalagem descente! Vieram jogadas dentro da caixa de papelão ,2,0.419,False
2ed55cf7e4a4692f3ca5aa9c76e790a6,cb01f5da9344f4c8dce9d954754b4253,3,"Recebi apenas a película, porém, o vendedor mandou uma carta informando que houve um problema junto ao fornecedor e assim que for resolvido mandará a capinha, estou no aguardo...",1,0.564,False
02aa1cb277f0b399f8f510d844398a3f,2baefcba89167375b680182633028792,3,Muito bom,5,0.646,False
5205a32c65ecbde12d5c1bbb311ef5ec,4140060a1718f4c780ee5a5459298e3f,3,"Recebi o produto errado, ao tentar entrar em contato com a stark não obtive sucesso. Tentei entrar em contato com a empresa parceira do sub Marino e tb não consegui. o telefone restrado no CNPJ na",1,0.642,False
db947d57dd7720a83b2224879fe06a7a,02218eb2a33847087a46d34397835b2a,3,"Tá faltando ainda a película para o Notebook, o pedido foram 3 coisas, recebi a bolsa para Notebook, a mesa, mas tá faltando a película. Porém sei perfeitamente que ainda tá no prazo para receber.",3,0.384,True
7c5687a8af2aa3b9c04f104abc94ae6a,9a259797098595401e84f676d0c57320,3,"O produto chegou no prazo , e com todas as peças , porém algumas vieram com as cerdas tortas ou muito ressecadas , e alguns pincéis são muito repetidos . Fora isso o produto é bom",3,0.614,True
bf599d5e845da6c55c1cf5929e8db4ba,157d64d36f001ed71b81dc87e46a0809,3,"paguei frete, mas tive que retirar o produto nos correios quero o valor só frete de volta",1,0.642,False
8b22d7eae94c7eb4874b03c1ca43fdc7,113a61c584df74eef5d2f6e449d2890e,3,Produto de qualidade média.,3,0.583,True
089ad71795166748f0fb992a2b335418,afbe79b5d924f62c10998a3c046ba7a7,3,Tá demorando a entrega,1,0.283,False
bdd8f02988e307e8f0791056266f6f1d,444881cdfe678e977b5e268fb6200760,3,"Só achei que o relógio é muito pequeno, porém bonito.",3,0.556,True
f68cd2536bc6484da07fe9894d051423,dc9d98442e1b036b58ba9dadf51a52ef,3,"veio com uma peça quebrada, nada grave talvez na embalagem não tiveram cuidado",2,0.399,False
c2844d2cc773923e28177e14a153dc11,89344f70ec7aae1fdaa6dc1b338c5681,3,O creme estava derramando. Sensação de produto velho. ,2,0.462,False
fc4e2b53f6d0e4742bccf83bb2cdd83b,c9283076b0f196acde755765fcfaec9b,3,Atendeu as minhas expectativas.,4,0.539,False
96616c4c1ccaf42bcb7dc3f01f74e5a2,6be2387f026d43a5aafdf9fd969f5417,3,"Comprei um item limpador de ar condicionado automotivo de lima limão, enviaram de lavanda.

De qualquer forma chegou o produto.",1,0.82,False
c7ff232bba53fbbc25ff4cceaf47e53a,3591b137120676965cee41e9cdb29cd0,3,"Atendeu bastante as minhas expectativas, fácil manuseio em relação ao ajuste de horas dentre outras funções.",4,0.601,False
1d24c337156d41b1bbcdceee67212aba,5fd42e84b68c024a8dca0dbd781279aa,3,"Boa tarde , comprei produto para 110V , porem veio 220V. Gostaria de trocar o mesmo. ",2,0.378,False
fcc5de6829f4b0e18987193e9a18d13f,2458754d32649761e2c31fd65cb3fdf7,3,"Paguei 2 fretes mesmo sendo produtos da mesma loja e comprei juntos, mas ok ( o pedido foi para o correio ñ p minha casa! Apesar desse estresse. Está tudo certo! ",1,0.378,False
6689aabfeb781e9fc59aceb91b5de579,df410b19c3e348fb548ae68badd49827,3,so demorou um pouco mais valeu,3,0.613,True
854e0f3939e7c6d85146e5638ad71aed,2631afe2c28beb1d0b168915054a952b,3,e bonita mas pensei que foce melhor,3,0.568,True
b344965cb1f641de60538d1b7e49a847,07bf5c685616f41e3e2ec06b6f5623ff,3,recebi no prazo acordado e estou satisfeito com o produto.,4,0.519,False
b318f7ed60d528c41b91c9ae893e140a,ea10bafdf9e136fa51a7d9a436ad9bae,3,"O produto veio certo, mas o produto veio com a pintura desgastada em vários lugares. ",2,0.505,False
dfcdf845ebb6dbbf0e877a50aa769cd9,37c3eefe09fbbf5fd314de9cbc9e07a4,3,Encomenda estagnou na unidade Cajamar dos Correios. Tenho outras encomendas de outtos siyes paradas há muito tempo em Cajamar.,3,0.239,True
a8a3d837c408d13a19437decb37bdab7,ad5e99a57ab431d66728520491ed659d,3,poderia colocar mais essência no perfume.Achei fraco. O outro contratipo do SI (OUI da Linn Young é bem mais concentrado e dura muito.,2,0.589,False
1c904a02bb226029600ed457bd8a47a5,2d2f7f564738bc7bbd535580aef84e09,3,"Produto veio embalado de mau jeito, tudo embolado muito feio pra uma loja como essa",1,0.751,False
4adfad59289a2e8a92288351b9f73137,ce2d26887805bd860b4ed0368e29ae95,3,ENTREGA NÃO EFETUADA,1,0.65,False
51de4e06a6b701cb2be47ea0e689437b,b7467ae483dbe956fe9acdf0b1e6e3f4,3,"Bom dia 
Das 6 unidades compradas só recebi 4 unidades, estou aguardando as demais",4,0.273,False
bc9f4602ba1974a232325630668b5447,30ee51f86a9d676801e824efd4aad215,3,Comprei o produto acreditando ser um tapete mas é um banner de lona.,1,0.439,False
f4839f938eff2babf3927e642972e8da,d5beaa273a2549c34c6660bb0fb23543,3,"Recebi apenas um dos produtos. Nao sei por qual motivo o RELOGIO LED SPORT BLACK nao me foi entregue na mesma embalagem, ja que o codigo de rastreio e encomenda foram os mesmos. Espero receber em brev",1,0.556,False
1e3e8e031ffa18e9f6c7ca098f110f9e,27a14f1949c308b236684c6b7732eb03,3,Gostei bastante,5,0.474,False
f02d53807b5139530efbbcff78e224d5,a1abeb653a4d4cd1e142ccb8c82cd069,3,"Foi bom, obrigado.",4,0.475,False
0f0534a43edeb28374f70c963bac9193,8a3c41e07ed9a435a6fe2749311f2b04,3,Na minha opinião não tem que cobrar frete porque somos nós que temos que retirar a mercadoria no ponto de distribuição dos correios ,1,0.451,False
360c0dcd08e788454e8907f7b741f24a,9bb5771c04f059c10c1f9783fe164d90,3,"A qualidade do produto muito aquém do anunciado. Embora citado como percal de 180 fios, na realidade é apenas tecido comum 80% algodão e 20% polyester. ",2,0.524,False
dd350a6af08ad2dae1443c8d62900a3f,30192988070ccc8d5f5d40aad62b8ed4,3," Preciso de ajuda ! O produto chegou no prazo porém não ficamos satisfeitos com as cores oferecidas. Seria possível troca de produto?Ou devolução para uma nova compra? E a cor ""escarlate"" NÃO funciona",1,0.422,False
5bd6c0161a8f119fb77508e648ae7068,e0324d1696ac7872c9dcc6ea30afad20,3,"PRODUTO BONITO, MAS ACHO QUE DEVERIA TER VINDO NUMA CAIXA ADEQUADA P RELOGIO.",3,0.587,True
408a519dc131484d6599b07f022761fb,9fe67982918cf778dbf3cd0b582aff80,3,"Poderia cobrar apenas um frete de vários pedidos ao mesmo tempo, comprei apenas duas pulseiras e paguei quase 30 reais de frete para os dois",1,0.707,False
ca066ddee5978b04ecbd8b7155b21291,42e69ecd0778c6ef53d99623cb1f3b9c,3,"Produto parece ser bom, não usei ainda, mas pecou na entrega.",3,0.515,True
831ef900f2979b33e2600ddc381d552e,4a855a494e08248858074dddad7f5b6a,3,Produto está soltando muito pelos é normal?,2,0.414,False
182d3b407f13d4e5b8bb6bc261ad05cb,509e9d1f29c6fe103a4738b15478ac45,3,"O produto em si é bom, mas não veio os parafusos de fixação. ",3,0.583,True
2ee2c5714477ed70909ce02b1590e53b,5d790fe3637a350e66c1f7f6d91f4c4e,3,"Só quero meu dinheiro de volta, o mais rápido possivel! obrigada",5,0.592,False
52242b27c8617adf286d840e915260f0,5a548ca91de6462f6bf5c2eac853e0c3,3,Comprei duas colchas só chegou uma. ,1,0.586,False
364df0f2f982dfacc722a9990f8fbc7b,a0eb4b1d3b5e4c29890291cc63a8eb20,3,A loja em si é boa porém eu pedi um colar e veio um outro totalmente diferente,3,0.406,True
867cde0a72bc79d8f2d76528520d5fbe,f18209d8f562e6e43f73013f3e9aa40c,3,"Adquiri a cortina pois gostei dos detalhes e preço e preço, mas a cortina chegou com a cor muito diferente da imagem, e sem os detalhes. Apesar de ser bonita, não a instalei, e não sei se vou ficar. ",2,0.51,False
a2cbb83819589f2526f9276b40c29088,1f453524ca7946b73a175299b82a66c0,3,Mesmo com a greve dos caminhoneiros chegou no prazo,1,0.273,False
6a91ea10cd425ed0bbc2dea358f08e21,f56822cb69b5f9cb9f0737b59b0f0f1a,3,"A cortina não é a estampa da foto que divulgam no site, emo tecido do barrado também é mais comum do que mostra na foto do site. Esperava que fosse de melhor qualidade",2,0.503,False
466955c83a10d0ec143b60511c906bc3,07723291efda5721921a779f58cd3946,3,"Cor amarela bonita, simples e sofisticado, mas a lâmpada leva alguns longos segundos para acender totalmente, e às vezes falha, tendo que religar. Espero que não queime logo. Não recomendo pelo risco.",2,0.522,False
fa1ba64ab9e0b665df02130b735d7ef7,33f49de8c93f34764335c37dd65f63ad,3,Entrega passou do prazo mas o produto chegou!,1,0.371,False
055f48e41c3413b81ef0dcdee9311d61,371d3a892917017b32ada644ba1f301d,3,"produto bonito, porem com acabamento mau feito",3,0.563,True
642f5ab2258732442350a0d8f4b9bf94,c982c1af10010b2f227a2ceb69a994fa,3,"Até agora não recebi, tem coisas que chega atrasada. Outras chegam no prazo certo. As toalhas estão atrasada.",1,0.488,False
25d3f9780026385272d9faa4b660a501,57ac42b13ab9e5c23733ab0911b2e7dd,3,Nunca tive problemas em receber encomendas. A primeira vez que acontece de não receber a encomenda.,1,0.392,False
b3965178da61685be9c8d8d18ab9b21b,45056f9c6ae664d816c385b9f2d2c1f8,3,O manual veio todo em.ingles outra coisa.alguem mexeu na mercadoria no trafego talvez para testa lo ,1,0.446,False
0f8b4ad4c22348c7c58e790c28c2c627,7af99279a8af75b4b281a28927b84b81,3,"Recebi antes do previsto,mas ainda não testei, por isso não dei nota maior.",3,0.512,True
af75e8009bcaa44c0b42ba66b9351ae3,c0a0e85637a11f4f6c0e90520b2eccaa,3,"O produto veio direitinho, porém embalado em jornal, sem manual e sem embalagem.",1,0.403,False
861d92ec33d23b0b5a393fc1384816f5,813f8916cd12b887b0fa271f3263a4d3,3,"Apesar de terem emitido Nfe com dados incorretos, corrigiram e o produto foi entregue, mas fora do prazo. Mesmo assim recomendo!!!",4,0.278,False
b510ac3990b54833e9d253170d5aff48,8a81337c086e3ab740913c061cf6c2d4,3,Achei o tamanho muito pequeno ,2,0.423,False
805bdb0f96e9c48e0e3dd9e1bc26f33c,49cf32489672b15ea441df827b693bfb,3,Não recebi o produto como anunciado no site. ,1,0.708,False
158a89db69834c539149d61f0e50cecf,ae06ecd5e96edbfc44668e2cd8e0ff84,3,"Produto chegou com defeito na pulseira, entrei em contato pra fazer a troca e até agora não me responderam. Demorou pra chegar, e eu tive que fazer retirada nos correios, não entregaram em minha casa.",1,0.793,False
a1dae4732d7c20a3378411f23b9dbf6e,088858a852d62de0c175c9cc4bc0ddb6,3,Entrega muito eficiente ,5,0.652,False
e02b4ce57f76291650cfcd5cde6e1bb6,8ea1a1b5bb41e4093d30dbd5d3466b69,3,"Nao vale a pena a reclamação, mas encomendei um carticho preto e outro colorido e recebi dois pretos",1,0.611,False
7df5637d757e951831fe28eea2b5c699,6ace4fd24c8e5661014f21454a84bf1c,3,O produto ainda não chegou mas é sabido que o motivo do atraso é a greve dos Caminhoneiros e Petroleiros.,1,0.509,False
66ab6cbaf62623a99462ab51af58814c,5dcaecab15d20be174a67f4f5392cd84,3,O produto foi entregue no prazo porém veio incorreto. Entrei em contato e eles vão providenciar a troca.,3,0.324,True
3257e4f3c99ea386f27e6ddff9f47f88,c38d4404acc45d16a0efea202c53271d,3,"O tecido é ótimo o cumprimento na altura também a, porem na largura não veio exatamente quatro metros veio bem menos, então deveria ter comprado duas aí sim fica como na foto. Chega bem antes do prazo",3,0.497,True
aedd9a70c3cafcfa6493755a2c3ae57a,03772e1a30e1a11c351ff80f0e20263f,3,"Foi entregue dentro do prazo, porém o produto veio com uma parte descosturada",1,0.436,False
974083ef01734807839d40f9bf27d52e,1dfbde97fe9eccbac2db9ab2f3d45a9b,3,Não veio com garantia e na discrição falava que vinha com 12 meses ,1,0.576,False
4e2f8754dcd1c225118bdb09ac5c7098,705de20d99bad1d33f30357181b9e9ad,3,"Achei o produto muito pequeno, e o material fraco.Como os produtos do baratheon são de ótima qualidade deixou a desejar.",2,0.59,False
18d7eb1fd03118650e3c018926bdfe8d,c7b44077f6d014b67c3164e103e3bf02,3,"Boa noite, fiz a compra de 2 pendentes e chegou somente 1 no dia 30/11. Gostaria de saber qual o cod de rastreio do pendente que está faltando. Att",3,0.306,True
97aa31bfd719270fde87df2c82c2b8cf,857963f443c1183582fc6386fd62ddcf,3,O quadro foi entregue pelos correios e chegou com uma madeira atrás quebrada e a tela do quadro danificada afundada...ou seja...chegou avariado o produto ,1,0.761,False
7f2f0fcb20ac0149d944fe516625b8d8,34ae480fe2cec3fa921d33b72b32572a,3,"Comprei 3 unidades de delfetores do Ar-condicionado, só fui recebido 2 unidades. 1 Não fui recebido até agora. liguei ao vendedor 3 vezes e disse que vai mandar, já faz mais de 1 semana,. nada.....",1,0.864,False
b4544f06c4e2a702a6f27754b7057078,4c374f090868ac5a5910f6b1fd383c25,3,"Recebi parte do pedido, comprei 6 cartuchos, mas recebi somente 5. Já enviei uma mensagem. Por favor, poderiam verificar onde foi parar o outro cartucho? Obrigada",1,0.654,False
2aff17b27e1fa4125d6d9e9800b22d07,d0d30d1f6b48c8e1266d9b960dc191d5,3,Tudo em ordem.,5,0.47,False
ce63c482824764c7b9e0b78767698db3,36c837ea192cfeb737b78024800b3cb3,3,"O produto chegou com um pequeno defeito, que pode ter sido ocasionado no transporte, porém devido a urgência na instalação do mesmo, optei por ficar com ele mesmo assim.",2,0.348,False
1b2c67a89670267c3389759d15414336,82e77a081a87b4df3966d2fce4962e3c,3,O canudo do borrifador do perfume Individuel da Mont Blanc não alcança o final do frasco. Os dois que comprei vieram com este defeito. ,1,0.522,False
eba57077dd9a42781d27f716be67c381,b3428c9dee69a4b1b8c6cda6055e5874,3,Gostei do produto e chegou antes do prazo.,5,0.546,False
b5a9c11a10ed92eb226c9e870c29a1c7,62a1dd419d1944689273edbf74ba1ec7,3,Prazo muito longo pra receber,3,0.295,True
65128c95d2309170ba0cba5492047e06,d2d67121a09535b3a7b6a000e58d8625,3,Achei um pouco demorado a entrega,3,0.531,True
0dd1898196492ce54a4ee7dcc78e0ff6,1733916305727c04da99e1ceab781c93,3,Um bom produto. ,4,0.549,False
d8441010ea3e250b25333ec36b869fc1,c516d2f709c6364f4972d91c96569568,3,"Produto muito bom, pena que chegou amassado. Mas recomendo",4,0.48,False
fb95ac3e3e20b0ce31ad54919af48520,99bccccad5e2c29b5e0c964c7a0e5340,3,sempre compro neste site muito bom,5,0.68,False
a56724f500d6eb34a676dfc81e3ea30e,56f5835a474cdf734462ea3149a1fa90,3,Motivo q um dos fones n consigo sintonizar rádio FM da cor preta n restante parece bom.,3,0.404,True
b56cd03e7e646d56c701c6608807323d,56dc63a3acc55198e59e64a07cb6db7f,3,Colocaram uma data e até hje não chegou e new uma data prevista para a entrega vcs colocaram dinovo ,1,0.705,False
a096233e4810ab81f7ead145254bc1e6,b605af5fb88eb77cc70df27f2df3a883,3,"Produto diferente do modelo da foto é fabricante, pior qualidade. ",1,0.427,False
c5efc0219f2949a8f81d5e8b39b9ca0c,1cbcc355e275e5143ab1dbf260ca14f1,3,Recebi corretamente o produto,4,0.272,False
a7d3b8dc3964b56c369aef8de1573bc5,1347acf3fe05018c48139ce35aca77a6,3,"Único defeito, eu pedi o produto da cor verde e veio amarela .",1,0.425,False
6e151daed3abac013475fd7942af067a,8d5af908ce8ffa721a9f665abb660200,3,Recebi o produto em menos tempo que o esperado mas não atendeu 100% das minhas demandas. A alça veio estragada e o tubo é difícil de lacrar de verdade ,2,0.534,False
15cb66fca6bc4b85dd1346951f5b4a79,c00b90f6bc9d5a080080d5c3f852f50b,3,"Chegou dentrou do prazo, porem a cortina estava um pouco torta na parte inferior, achei a parte em pvc ""fina"", frete caro.",3,0.54,True
2decd5d691ecc931cecfab39686f8cad,f1462fd2d8a35339426c88472ba32354,3,Difícil de montar ,2,0.418,False
cf94cdfaeecd50c96f6ce33955739718,56489a88db0de4afa3664cb5712f7d31,3,"Produto excelente!
So veio a cor errada. ",4,0.404,False
04a86ddc8dc7a59bd1963915a046884e,29a73b04c3a24a3d00b7262ab67299ad,3,O tecido não é bom.,2,0.503,False
aac99722c57d142d984db08e9aa56c8d,dbf28dc3dffa48ddd066ad50c10c54e6,3,O produto chegou porém atrasadíssimo pq era presente,2,0.419,False
b73c11c6ade88f89503676c6bf2e7cc7,67ac603e90054a9d303d24bd48fecaa5,3,produto entregue e em boas condições,4,0.481,False
b89b4460c0b589c0614d9b0126ae755a,3c75044db750a89606612ed286713eb8,3,Produto bom em conforme com o preço ,4,0.509,False
a0ba97ce98f76cf57bb2c5530513be70,7033745709b7cf1bac7d2533663592de,3,dentro do anunciado.,5,0.24,False
ab6b7c5d3391999b753c0bf4a994a6d2,08af87fbe33eeebc7840433d94718046,3,Pedido cancelado mesmo antes do despacho. Irei trocar por outro produto,1,0.778,False
afcd6f7bcf425a6d5e4c42ef080c72e6,46e0dd5cd4dd2530f0e9563886d82e09,3,"O produto foi entregue, porém a pelicula do celular veio no tamanho incorreto, impedindo o uso.
Ou seja, usei apenas a capinha, paguei total de 100% para usar 50%.",1,0.534,False
08a5df4d031359571e4ad830fc048d20,63001e1c2d2bbc51ed386b4830c757c8,3,Boa,4,0.407,False
28bd97c0d1bb8fe71145880138994ecc,915cfc1bb5564cda804c1e544780f701,3,Único ponto negativo é que achei o tamanho pequeno e o tabuleiro não fica fixamente reto. ,3,0.469,True
3c3af66071d04f16ca094ab723ed1b93,2e7ca2344bf0db90bba866fa90409cfd,3,Nenhuma,1,0.507,False
c3c7a148164f07326f1d927912b3617b,0731519818400f39a85714db501f1781,3,tudo certo entrega rápida,5,0.538,False
3c337cda1dbcf8d527fdeee1a2cf0feb,89fd0af8914b1f149a531f98a183a860,3,"O jogo americano mostrava que eram dois guardanapos, veio apenas um. Colocaram um Livro que eu não havia pedido. ",1,0.717,False
dafe744cb9c8ad2c4135391b1a46f1b9,88b6c7abc4434ef05f56d22ada8f957a,3,O produto apresenta defeito de fabricação. Aguardo ,1,0.645,False
8892d9e70de3e86e4281abee4daa125b,6fae9a0c40ff98d96a5ce24aed7ad0c7,3,chegou no prazo,1,0.279,False
f3391b83c48e1ff67d0f06f27d4f86b5,47a1cdc1ae52b80a3800fb4509e657e4,3,O produto veio errado,1,0.574,False
77dec29f8515e02e0e858fd92a601534,96c9a85ac467d3065eb7f6d184672511,3,"Produto de boa qualidade , só não sei dizer ainda quantos ao benefícios ",4,0.529,False
387f9786a2a1e00ae0ecad8da2e59530,321b1257cfaf6c0ca8a709d230158920,3,"Tudo entregue certo, só o tapete que era bem mais claro do que o da foto. Por isso dos 3 pontos ",3,0.977,True
6c86ec20e0c482e936bf244e9cfda6a4,ea54412cecde6581601103024747302d,3,"Produto veio embalado corretamente porém mesmo assim a lata veio amassada demais, sorte que não durou ou vazou nada. Produto excelente",4,0.294,False
2b8b6ed7fdc7f245ccc8d14682ed79a2,eb4a0e0fa996c4a0815f6ac1347235d0,3,Gostei. Achei um pouco frágil.,4,0.567,False
2dc10355cd4c16a2850882da88dec09f,39e3311579afb8c467eac9a76b7e8561,3,Entrega muito demorada e ainda houve atraso!,1,0.579,False
5ac621f07bffede8f98981812466c4d9,c1455c8a20a788e3c2d4093001d92c05,3,"Recebi o produto correto, porém o valor do produto na NF ficou a menor, R$ 172,00 sendo que comprei a 219,90.
O valor do frete calculado foi R$ 18,90 e veio R$ 93,00.
Gostaria que viesse com correto",2,0.394,False
b963d99f58884549580bb91b0d8f2480,0d3361c2f225ac28b02f7a5492ed73fb,3,"comprei a mercadoria mais a mesma veio sem N.Fiscal, sem Manual de Montagem, braço veio lascado, o tampão da mesa todo marcado com riscos e algumas madeiras com sinal de mofo, Solicitei a devolução",1,0.833,False
7ccc16ff4b3600dfec5913c529929242,6a7a8e304ef95be2494384f8d2557845,3,infelizmente o produto chegou ontem o tecnico instalou e nao funciona em nenhum dos notebboks como faço?vou ate a loja hj ,1,0.878,False
91819ee1e79ef33c1bdb10568b37dc71,911e92767c07ba9926268bae6b4362b3,3,ATÉ AGORA NÃO TENHO NADA A RECLAMAR,1,0.61,False
143a4c6fc98176a2b080bd76bebad70e,65a39f90b35161fae82145e9a9725bb9,3,pedi casio prata com fundo preto veio com fundo branco ,1,0.364,False
c9aadb1be0fd9dd281a5aedc058a8e9a,b482da27c44f99cbb2c11a278ba31d6c,3,"o unico problema é que comprei dois produtos identicos e recebi apenas um, a loja alega que o pedido sera enviado separado, isso não é bom... Mas alem disso nao tenho o que reclamar!",2,0.391,False
64f5ab4adae0a617db0f00f9aacde8d8,70dc122cb381c36bb405197904788449,3,"Pagamos o produto e o frete. O stark informou que o produto ficou parado no Correio, mas o correio não nos informou que o produto estava la. Pagamos o frete até nossa casa.",1,0.68,False
42a4de4b480075e5cf80d98fcddf88b7,71049671af38d8dacc4b8bc9e488a4af,3,Ótima,3,0.267,True
ef8d2046c41b725d72761ecfb0c4b5f7,396b08e638fbc9a9d6747df738dbd29c,3,"Produto novo, parece estar tudo certo, porém a caixa nao veio lacrada. ",3,0.519,True
38bcaf95057f842c3b64408733eaab1b,ca36cc19c0a413c8f724ae07323cd2cc,3,Só recebi um produto. Consta que já recebi os dois. Não recebi a sapateira. ,1,0.641,False
2cf53d5c5c7d27d7138e227b1d45251c,1d28f6017289eba334290b00546ea432,3,Sem opinião,3,0.265,True
74d19a5edbce37f2cc72670e49f21d43,7b8d0a893743d55557532e35a0b73a31,3,Entrega ótima. Produto ruim.,2,0.439,False
2ef0a97f7e3c2b0e7ec1f43b714ce52e,922acd93e452539fe6833fd485296ffe,3,"Maior do que eu esperava! Gostei, porém não vai da para minha cozinha! Muito grande! ",4,0.318,False
b862141e62ede6da3cb894b414ec715a,f6352809547e1221141a36c6cbaaba58,3,"Achei que a corda do pescoço fosse mais grossa, pelas imagens, mas ela é bem fina.
Também a ponta da flecha tem um formato côncavo, atrás dela é tipo um buraco. Nas imagens não mostravam isso. ",2,0.497,False
8732be6dc2bfa5923569d88fe0c072ed,fa5140866cde7c9764922065831a5510,3,Apenas é muito demorado o prazo de entrega.,2,0.372,False
56576c8075a480ecc49e88c88ed76b72,f23026c2bb8bf3bb814eb4454f169f51,3,FALTOU 02 TUBOS DE BOLINAS,1,0.584,False
22389927db0c1a93992bdfa88c7716f9,4e1fb96e2f63c315a9ca0c11d9254ada,3,Eu tive que ir buscar nos correios.,1,0.298,False
65a22088e8057ea477b4b4c36766f38a,886ddb536ba82bd61a9d3ddbf5d0e73d,3,"bom dia.
efetuei a compra de 4 kits de molas 18cm ( cod. KLJ34634) e chegaram somente 3 kits.

aguardo solução para meu problema",4,0.325,False
3ee35128115fb68bf4f87111c304cfd8,35f6a9b17cd336ceb1ac0c37f4ec5c1a,3,As entregas da lannister é sempre muito rapidas. Referrente ao produto é razoavel.,2,0.459,False
aad6a793e022c4ec81cab60401e126db,da486904a2675b4a8878493429ead8d0,3,"A película enviada nao proteje a tela inteira, nem em comprimento nem em largura. Apenas a tela funcional ",1,0.608,False
dc2290fce0f542f8d62dbef716ac38bd,98dfb59cc8884799f0bdb54acae8735e,3,Bom o meu produto que no caso era uma fonte para computador não foi entregue. porem eles tem um otimo atendimento.,4,0.587,False
29e6acb07b6dbed84c95d981d2aaf489,39263e1d21c19dd12321cbdb04b3175c,3,Material fragil e com cheiro ruim,2,0.502,False
88a55c929e81e5460731442fddceaacb,7585d4e21b02da91dd6b9dae232f96f8,3,"Não sei o que aconteceu mais o meu produto foi desenvolvido ao contrário, 
",1,0.402,False
8aa43efae32b9a8269e8b40100227a40,ca29aec188eb04a764fce98c6f69232c,3,"Bons produtos, preços razoáveis, contudo o rastreamento do pedido é completamente ineficiente.",3,0.555,True
437934b3f4e53e8b5aa77f5b5b0eb1b9,f7d88630da18acd4a11e2ade9eb1bb52,3,Até antes desta compra foi correta,1,0.282,False
092063c9bda31804a98f38dc8c4baff9,7ab41e111c9259cb0c56f80621a6ebf3,3,A qualidade é inferior ao que eu esperava.,2,0.53,False
e790f14a3d6030e2c242b1cabbabe9d4,c124ca6c2e3c84647f8694c95abec68b,3,"Provavelmente que tenha sido falha dos correios, mas paguei pelo produto e não recebi. ",1,0.687,False
597312daca8539590e53e4e5bb789bd2,ccddd1bb47228d484521b1d3613e7b28,3,"Boa tarde. Recebi apenas o livro coaching ministerial. Fico no aguardo de um retorno sobre o outro livro.

Desde ja agradeço a atenção.

Lincoln Santos Lopes.",4,0.272,False
9b2bd708569ab4c30c75d1aa21dbf246,c11b9c3650e886882788fb2f834dd152,3,"O produto chegou no prazo, mas estou na dúvida do produto pois não veio nenhum logotipo da Sony",3,0.345,True
771e823ccea14b79a440908c29d44883,90a2b2da168b833dcca42bdb705790c5,3,"Gostei, chegou bem, porém o produto é menor do que eu esperava. Muito pequeno.",3,0.663,True
0979b8ffb3f55f5b658431cf05e19e17,8efc9ad397c5d6a387d07826e5ffcacf,3,"Produto de qualidade. A trama é bem feita. Não gostei do acabamento, tem grampos à mostra e levemente torto.",4,0.535,False
a2c4a0af867a5e1e400e71b7c9e8b22c,5065ad433fb01b8ee48433c8ce6c6be9,3,"Produto mal embalado. A caixinha veio solta dentro da caixa grande do correio, aberta, com os ítens todos espalhados. Deveriam preencher o espaço livre ao menos com jornal.",1,0.77,False
f185293a826a87acdcd55d361877023d,5270a6da2c326132afd3b3c0a186a795,3,Muito fino....mas bom...,3,0.547,True
1d0278be60e3bf8a07b6a9a425e3fdda,f16e3a8c0140ade96be78de15312125b,3,"Tudo certo, exceto algumas informações nas características do produto não procede
",3,0.352,True
9a673ba1e23274483956d871028e321d,817b5c93f134a292fe75b0e313a14c7e,3,"Fiz uma compra só, o produto foi faturado junto saiu na mesma nota, quando chegou, veio só um com a nota com os 2, acabei reclamando e depois de 1 dia chegou o outro relógio, produto igual ao anúncio.",1,0.786,False
8675b5d04d170eda1efd751b707ff8b9,9afd9ae98cb2fcc3bc5b893594ccf663,3,A travessa retangular só veio uma. E eu comprei duas.,1,0.463,False
8b4d67eac6b4391b26eb9f7d71383d9e,fc2f758d05227510a9f46e37a1e0095e,3,O produto e bom mas o acabamento nem tanto.,3,0.61,True
d6d6de3952753e989cb411de9386152a,b132ad2a1d3d44a9fe2fe6b63c406593,3,A entrega dos produtos foi muito confusa e fora da data.,2,0.456,False
21d8ac3d2ddd04925aafe0b3f5b6fbc3,7ef0e1c98232d43b6e92ab32795aeb06,3,Bom,5,0.49,False
6ce4c537de2fdab3ca7101ba83433855,e25f6eca6acb03e66f46143b18fa6829,3,"Recebi o produto correto, porém a NF chegou em nome de outra pessoa.",1,0.432,False
18c0c8713f7b4675a87fde5face771b9,88aa3c3fb095aabfed68ad9cfe82c151,3,Houve atraso e tive que ir três vezes no correio para poder retirar o produto que comprei. Não comprei mais quando a entrega for feita pela targaryen. ,1,0.65,False
cd9125d39cfcb70ed3967732642e4864,cc80e8ed42d1d4ac3dbe8e800672d01c,3,"Achei a qualidade do produto muito ruim, não veio nenhuma bucha ou parafuso para fixar na parede.",2,0.469,False
b3c646f86314c066292a755d307889ee,dc43adc8cf44306503fd3db002d5db5f,3,"Um dos baldes veio com parafus quebrado, podem trocar com urgencia? obrigada.",2,0.375,False
d01af98e828e408ac7c931b10bbc7ffe,702019955fa998a0414ab1d64a9984e6,3,Eu Encomendo relógio bom bonito,5,0.514,False
d789c32be7abc4e2eb2b8cd43c2d4a59,3a545de1e0e068eedf5535c5d3a39838,3,"Recebi 01 un. dia 19/02 com a NF informando que tinha 02 unidades. Enviei uma reclamação para a lannister, foi muito desagradável. No dia 20 recebi o restante, levei um susto por falta de informação.",1,0.712,False
3f33fc1c73c846b33ec42aa3b2299be0,a73c3ddde7053504491569e480840e6d,3,Lindo o kit. Um pouco frágil. ,3,0.638,True
70e766e69c12f5e68cacfcd5a367a6e6,fc8b5696b23d0710ae737ff9c16f80ea,3,bom produto.,4,0.479,False
e90351a2e646910880be93f44eaf7cdc,0c6a2732270e3f0f66bd73dbde93b59e,3,Entrega dentro do prazo.Mais a película fica descolando as laterais ,3,0.401,True
370c57baddf84d52f899df0be78284b7,c2346355ba8062d8c308b0a82854206e,3,Tudo perfeito,5,0.751,False
d02df2d850fcaa8c9974d85f0a6b13d3,14c981a2e9e98dbc3eedc6084803ef1b,3,...,3,0.256,True
eb0b814a6d169fb5777215af141d39e5,7b58fca3faf09217a36d5febee5739a5,3,O produto ainda não chegou,1,0.706,False
3c533ad2525539abe9c3733a09b97153,943124300f49c04925947c81838ab67d,3,Indico,3,0.288,True
af9cdab9e0793a928a071030381a0ae0,ff3024474be86400847879103757d1fd,3,"O prendedor é ótimo.
A entrega demorou.",2,0.392,False
a9a20293d2efb658f74c495a87d66889,d44b754260def6c94daa9e661e530044,3,Pelo preço vale a pena ,4,0.355,False
06b56cc86301fe539b7894a23d7f7351,10ccb4dc0cc0d605b71afdcf4584128e,3,Foi entregue um dia apos o prazo. A entrega levou em media um prazo de 3 semanas quase. Muito longo. ,2,0.389,False
604ae62913d5d0774e55b561aa61f8d2,946f3e7b0d6366f4485b948f11d01ee5,3,O aspirador não chegou,1,0.531,False
ab9ba34a2343ebb950f96577da6f641e,779f3890fa0528852a6d4c46cd5772cc,3,"O produto chegou direitinho e muito rápido. Igual o da foto. Porém, sendo um carregador, aquesce demais, a ponto de não ser possível pegar com a mão. Risco de queimar algo de tão quente. ",3,0.46,True
424444d8f2a68fc64f5e9fbd765bd921,cbdd135deb197f0e58e13b3168600666,3,"Produto bonito, no entanto, a parte musical não funciona direito!! ",3,0.484,True
5a0f8e5d90407378564ddd39eaf9e9df,2e2a0af256d902ab2e816447f6f531be,3,"Os cartuchos da impressora vieram com defeito. O preto não funciona e o colorido não funciona a cor vermelha.
Lamentável!!!",1,0.85,False
d84b23985080cd218ec4d59f03a5d47c,bced9d44b71edeb7df9229c6b86fd784,3,Comprei o Mouse Gamer Usb 3200 Dpi Ótico 7 Botões X SOLDADO GAMER e recebi o Mouse Gamer Usb Spider 2 Om-705 Preto/vermelho Fortrek,1,0.298,False
8be67a94946385a09e2eecd37680f9f8,dde27525b15a17fe5d8b8503e60143c5,3,Comprei três tonners pretos. Entregaram dois pretos e um magenta. Para devolver eu preciso da nota fiscal que eles não enviaram e a chave de acesso para a nfe estava incorreta.,1,0.805,False
2828fc9550935cc39972e2588163f723,61c136fddac571834516a52d2e03458d,3,Obrigada,5,0.379,False
970ae7c9df61910a0a30c38670db7ae5,b7e332393b5e64cdc10d308c971a41c4,3,Teve um probleminha minha pasta multiuso pra notebook. 15.6 pedi a cor vermelha.me mandaram preta.nao foi do meu gosto . não consegui falar com vcs ok.,1,0.527,False
8f2b628682e6ffa13fe7a46d65bab97a,6e0eaecee9bbc83b77b4632e6c592963,3,Já comprei produtos e chegaram no prazo só esse que não chegou ainda,1,0.659,False
d56de13343062a5ca28b73e637aa7d66,dddfec61fb1cf6bbba0c10703db126ae,3,"O MATERIAL DO PRODUTO É BOM, MAS DEIXA A DESEJAR NO IMÃ QUE FECHA A CARTEIRA. É COM POUCA PRESSÃO, E COM UMA SEMANA DE USO, JÁ NÃO FECHA MAIS COMO DEVERIA. E FICA SOLTANDO LINHA DA COSTURA. MEDIANO ",2,0.584,False
bf2a118ff331c9f921d612ad09a0a945,2528fb34afc8310d8f94f0c29aa72e4e,3,Bom,5,0.49,False
435de8d66421e4d0e7efc7aa795abd7e,086d8c0d2740866ee3d4730987640d4c,3,"éu achei hotimo 
",5,0.294,False
b87652754bbfec9b4b8c94f13d710639,7b7aa18c12be9bec06ecb74c33609bcf,3,O produto é de ótima qualidade só que tive que buscar nos correios e não foi pra minha residência ,3,0.342,True
429856d721b6d33c24c79f7c319c177d,2e8e21db96a8ab922e51cd297678c6b2,3,O único problema foi que um dos potes veio com o vidro riscado. Como se tivessem esfregado algo. Acho que deveria ser melhor embalado para transporte. Mas tirando isso ok. Obrigada. ,3,0.576,True
45db266493662596c3ef869178bdc298,4e0d63d72f1cacc32d4cbc36b7d1d176,3,A caixa veio amassada e molhada. Veio quatro frasco de 500 ML e um veio trincado e vazou metade do produto.,1,0.778,False
58b4413cd843fed2be9fe01ca1dd7aef,f1ec04b3b8679de55776bea7e3ad436f,3,O site dos correios diz que a carga foi roubada. Esperando resolução. ,1,0.665,False
871f10efee03617de5efc5cc58f54770,a17a8c999619b6b4a7aec9d534cd56f2,3,"O carregador veio sem o cabo de energia.
Quanto a entrega, ok",3,0.427,True
f8760ecbec041a4efbc30c98710de2a4,5e80bc266978655e4e9e1ef166f52885,3,Só o prazo que um pouco estenso ,3,0.57,True
3bd21696bcc6ec4f7c233bb9145d5cc2,510c373425eabae593ad4cb8953d60f0,3,"Produto muito bom, recomendo. ",5,0.633,False
8a7d04305cd75402550eec285b574d7a,4a9d3281429a5cb0ed545ff8aa3f6f93,3,O produto veio muito mal embalado. Era um relógio que apenas foi colocado dentro da caixa de entrega sem nenhum cuidado ou proteção. O que poderia ter causado algum dano ao produto. ,1,0.761,False
eac0b3c759a637f2007a89ac67eca505,0547cd893959df1f7e54aeaee4368577,3,Bom,5,0.49,False
3394d14c869ebb4a429fb1099aad543f,a465a6d5ac23c4a20c1dd7e542352106,3,"Eu comprei somente porque não tenho pressa, porque o prazo de entrega os produtos está muito alto. ",2,0.387,False
27abf8de367a1083b41fa70cdd175a80,adc12f10b0d49b969eeff04bfef21427,3,"Recebi a fonte correta, porém o cabo de energia estava com um dos dentes da tomada partido, fora isso testei a fonte e funcionou perfeitamente",3,0.41,True
7835d6f3ef7dc35aebc3b33760d863e1,373ed2d4d423781420b5755892ef90ff,3,"essa versão 2.1 que pelo que vi, não funciona, não recomendo, testei em alguns carros, em nenhum tem sincronia com a ECU",1,0.728,False
5de6a637796792a503a0ff9235f62194,e68452f95dc9b23ff16c3ed8ca0275ac,3,"O pedido foi entregue parcialmente. Veio a Castanha da índia, mas faltou a Moringa.",1,0.436,False
be4e16abeb792466bf0e7cf98623402a,0cda834be88c6e549a9895efe5e0b49f,3,"Fiz a compra e chegou apenas o filtro , já o difusor estou esperando até agora pra ver quando vai chegar",1,0.356,False
fbb072266cce6a8e9b32864d8bd59bdf,7226faa7c52097729fa37ede3e8a625b,3,Muito boa! ,5,0.7,False
570e5a874821746d62b88a48eb36683a,b01b69dfa0d22c11ded5988a866d2d7c,3,na foto tinha tinta canon mais quando chegam os frascos é de outra marca,1,0.405,False
9698ab9b3ee62a3bf54a88e12ff5dfff,f054123dcc8f4f62b48652df19a22661,3,A entrega poderia ser mais rápida!,3,0.49,True
2fd79ce728399238576055c8f5cb448b,c503f01e35a4c24abaa34ddaa0c2b3ff,3,"Entrega dentro do prazo,porém o produto veio diferente da foto,um tecido muito leve e fino!",2,0.402,False
a03c8f7fddca7a17e394deccbd8d1913,279e00e0fbb287131056b0612f84ab6d,3,"a entrega estava prevista para 29/08 porem ate 31/08 não chego,mais creio que próxima semana chegue,ficarei no aguardo depois avalio mais.",1,0.422,False
5a5d362c8809f9b273537ac1a2283301,62fb68c86804042f32e43982f71ebb1d,3,"O comprimento do parafuso é maior que o original e ficou um pouco para fora da roda, na minha opinião deveria acompanhar as medidas dos parafusos originais. ",3,0.57,True
28ab5f5b112efe2a2f4582bf4d070485,5f4415c3829ad05566ee455a5344d07d,3,Eu ainda não recebi o produto para avaliviar a nota ,1,0.484,False
e5e2ba8bdc86cd32e7baf0bf9db238a9,47689e1278494cce8946914ea3a7ccab,3,"O produto veio empedrado e não tem consistência, coloração ao misturar com água.",1,0.625,False
6e74e5f2a1e45e98ea8f8a876b146576,a260362d840e55aa9895f1012776a329,3,Recebi e o produto dentro do esperado ,4,0.335,False
54e65ea9b1e84a47c6e3b4ef26b1f331,f1036577176d907152534984bfd5018f,3,tem problema com un cartucho o preto nao funciona,1,0.601,False
208fbd41f2cf8bded1af92ba00c75493,b0f3b60e4ef21a14515d0e51782a7580,3,"Funciona, mas os buracos no filtro metalico sao muito grandes e deixam alguns graos passarem.",3,0.674,True
67ccc82c97ea6bb5a99713501d9bc151,976d9425872f2283bdadfb50fd7e4188,3,Eu gostei muito mas esperava mais do material achei fraquinha..,3,0.424,True
a43fb7a065662b4017f3367c360fa762,c785921c49242bfac499ee30c455154f,3,"Gostei do produto,(Mas não é original) mas quebra um galho, recomendo...",3,0.475,True
d997bcc0c74c42eb5eca8a39e2503905,aa1b607cfe0e87e9a0251b792ef61d3f,3,Bom amei que era móvel mas gostei,4,0.403,False
a9aa22dc2be36857d3ebf82a4026d7de,98073f968a57983414bdfe914432f100,3,abs cdsf fsdfasd,4,0.291,False
06d08114b5186aba7aec24f842d42c19,2e0b5c286e103111a7b4ecfdfce4f8dc,3,Não recebi a nota fiscal. Favor providenciar.,1,0.645,False
3b832135ecc38433a22f120fbf642c22,0a80da8a2e86f5f401c7514602bc1105,3,"Foi entregue no prazo, mas ainda assim achei que demorou demais. ",3,0.569,True
86351ff283f6021610d107fa62cfa44e,4571099e8d87a92750edfddf99e5b56a,3,"Capinha simples e boa, porém a película veio com uma borda racha da ,película muito frágil",3,0.422,True
2376f556b8d5c24003acef73ab11f636,7e40398e4b930885edc608594647816d,3,Foi entregue apenas parte do pedido,1,0.622,False
eeba1449347bac009bab97e5109023a8,6e37d33226a8c50b397a7a334bcfd8f4,3,Produto nao é original.,1,0.553,False
3e34211927edd6389dd17ecd7eb2abea,326e63b8d39ccc6ed4d6090784876a40,3,Produto com pequenos pontos de ferrugem. Não estava em perfeito estado. ,2,0.498,False
f0797ab1b53feea89f2bb993625f62cb,c9229f668c1028a77a433afa8b93f122,3,"Tudo certo, produto recebido e nota fiscal enviada com o mesmo.",5,0.29,False
29ceda25c8d305a2b52e74669d4441b9,7441d0f70c52613e4e761304a7d2be9a,3,sem maiores problemas,3,0.354,True
976af80638bd76bd95adf58616886b37,81a57f43681d0997118092af56f37ce5,3,"Nao funcionou, parece queimado",1,0.866,False
19d1fc4d59f25eec899281abdfe5944f,c1961b98e4fd21637c3d46794c5ecd19,3,Recebi o produtos na data porem vieram um pouco sujos os protetores,3,0.581,True
ebc771717da8dff6a50799b4b7e8008b,411753995b9d6dde2c840f9b96ad946a,3,Foi entregue no prazo então tá ótimo ,5,0.282,False
2bc7dc2dddda8637c3cd92e967caf7ae,b86cef4892346edbcea1de0da1f3b8af,3,"Comprei 2 mosqueteiros e me cobraram 2 fretes..... não achei justo isso, mas tá bom.....",3,0.405,True
644926b134945775fcc996aec98f3680,010ff1cfe12f3094577e72b7bcecdf98,3,Comprei um produto e veio faltando na entrega... ,1,0.645,False
22711065ed5d2ee2174d0d8a369bce2b,ccfa6e3822b06cf58321331e07db2a2a,3,As toalhas tem um bom tamanho só não gostei pq são finas ainda não usei mas as lavei pra ver se muda a textura notei que mudou um pouco vamos ver se enxuga ,3,0.553,True
983dd82b36b40f6e34b609a5330b9a9d,a51ce8127e0b31efcfe6b5bb17abe9ea,3,"Muito mal embalado, precisa melhorar e muito.",1,0.584,False
32f9b42bf51fb414a97c23743fec7c9a,947857fc478a90e909d7e3d4b2b9dfb3,3,A logística de vcs demora demais. Tem loja que entrega em dois dias. Fica a dica.,3,0.349,True
8855c8831f3c61d526cd4756612adb5c,b0dd307838694a75cf71bf19c41a98cb,3,"Este produto foi entregue correto, mas ainda não avalie sobre sua funcionalidade.",3,0.385,True
e7055fc0ba4d556b1c6b7a8b6757b421,767e4a48d385494c5c662f61f9145530,3,"A capinha é um pouco diferente da foto, ela é toda de bolinhas, não tem a parte preta como aparece na foto",3,0.489,True
8b37b735da80d5db02728456a5fc17d3,1e2f320acd9cf7428412fb4ba5c537fe,3,As peças vinheram desmontadas e algumas delas vinheram maiores dificultando a montagem das peças.,2,0.564,False
489409d269312419d76f5b9593223a28,86c6e56273d0ef4bd22ba9fdeac0a439,3,"O produto é bom, mas a entrega é muito demorada, pensarei mais vezes antes de comprar, existe o mercado livre e com mesmo valor de frete o produto chega em menos de 7 dias",2,0.456,False
554744a6e9dbeb5c234b361e34285c9f,6d0f408f4dbc8d4ea87b6c5d5ab48775,3,"Produto entregue dentro do prazo, entretanto veio com um amassado na ponta do Long...",1,0.434,False
2c319830d0849a9f24ba45c364bec424,ed12c1acf2aa565658a1353aa0443768,3,"Material entregue em um pacote de papel kraft,recebi a mercadoria com o pacote todo aberto e rasgado.Este tipo de empacotamento nao é recomendado pelos correios.",1,0.622,False
a9d65ad284bb1c477d7473cd06272070,a6c198c8e63125ae81a291223605c872,3,O produto veio com defeito e atraso na entrega.,1,0.608,False
aa8f41f6f9838dc3614508a26bb72a5c,b80a30ad4fad5c35fbc7904d46cb25e6,3,bom,5,0.49,False
6cb3bddc7369e99fc2802d27cd274493,4e36ca9de4b97cb87ff2c474107c28f1,3,"Olá,

Faltou uma peça, identificada no manual de montagem como B - Hanging Rail. Veio apenas uma. Vocês pode providenciar? Aguardo.",1,0.652,False
4795244d1f5ce48a127037c883008809,02680f764ca402aabbb86572ed2731ef,3,acredito que poderia servir como uma tampa que levanta na frente e fica fixa no fundo.,3,0.424,True
02c64b0f3a0804aa1bade0a2d3ce8992,421458b47a5a081467392d21eb42aeb4,3,"A entrega foi feita com atraso, mas não por culpa do vendedor. ",3,0.308,True
72fc0c9262763d7a6b47cee12ecdbf96,ff61c865c1495e71465c79009005611c,3,Entrega o produto correto é no prazo. ,4,0.413,False
2367b2340c67f01ba582d0304660f064,615915458e5cdf8939ae422e043ca879,3,Comprei um produto no qual já estava precisando e o mesmo demorou a chegar em minha residência. Comprei outros produtos e outros site bem depois de ter feito essa compra nas lannister e chegaram.,5,0.311,False
89f6a3cc3320aed957a2743c90fe3d3e,b2645c2a65c62e9c18bf2a83d10203b6,3,Produto frágil,2,0.434,False
082eb17b6aa03398be816eeb2a66928f,1bc003426b11b20491aa5b7810c9cbf2,3,Achei o material ruim,3,0.382,True
90c70b90103b97e4c803851a2b91e0f6,aaa4c8bb37dd88031c3b22a269ed74ea,3,"Chegou rápido, igual a foto, mas a chave não serve para o modelo GM Agile como disse na descrição. O comando do controle remoto da chave original não cabe dentro da caixa do canivete. Pedi a devolução",2,0.394,False
d51ed05f67b66d49ec9c0d2781068366,c679e1baef76a7cf123dc697fe11c7ad,3,"Esperava mais, as toalhas poderiam ser mais grossas.",3,0.55,True
63fc595b5dac16d41d499878b82b9b07,5adb5eb1fe82008e15f6eca420111c7b,3,Um pouco demorada mas tudo bem.,4,0.557,False
478ca365ae20db231cd31d80c0d2ea80,ceb30531e11e250d849ef8e10eab9b81,3,"não sei falar sobre o produto pq foi presente, mas gostei do desing e valor",3,0.279,True
9a00e9def910da499d6593d3ebf92f16,d9f8dfc775170aba5d24809cc2c04058,3,nota 10,5,0.277,False
fbe2d06d09571b61ec2064c7ae49e275,b4cd9b81ddf6c61fd05d5e2cdecd4598,3,"Lindo, só faltou uma caixa bonita.",2,0.334,False
6a5b448b5916939d000eb43f934af615,3a353ddf8b0cac74d4b4376f526283cd,3,O cabo chegou no prazo tá tudo certo Por enquanto vou testá-lo para ver a qualidade do produto,1,0.226,False
755b82a331efd062dfd2b973a299a733,4d8a2d9a0da9e6fc1c7bf59dfde5a697,3,O material do organizador de sapatos muito ruim.,2,0.509,False
523446538aa60178f65663461c86e70a,8e0236224be5c6d6b07eb06b9f5e0139,3,"O produto chegou corretamente, mas achei o frete muito caro, para o prazo de entrega muito longo.",3,0.504,True
a012dbe4eb423520b4b54f9da13c9426,9be011772d473c8a8c87e86029ab511c,3,Na realidade comprei dois produtos nesta loja e foi entregue só 1 por enquanto e sem nota fiscal.,1,0.716,False
0ab7ecbd201f6f66732df6dd71099462,e52c9dfec957c503bed5d050a39c740f,3,ACHO QUE DEVERIA NOS ENFORMAR MAIS RAPIDO ONDE ESTA O PRODUTO,3,0.481,True
eb89af8ff135fec44d0865e2bf5c3f9b,f6aed65c2ae30760c5c950f95d1c124f,3,"A capa que comprei veio menor que o previsto, sendo que a marca do carro e o modelo era compatível na loja ",2,0.391,False
1c3aa4f0c759e70f0e04cca71ecf7659,1e83365a2599c645e08374e7b16558e6,3,"Ao comprar o produto esperava que pelo menos em seu interior, o mesmo tivesse um elástico que segurasse o notebook. ",2,0.399,False
2f415d728152a1158167e79cf1daa470,a250e33c3d40fa9dd726391ebc5a4abb,3,"bom dia... recebi meu segundo produto comprado nessa loja, porem o primeiro estava bem embalado e nos conformes, mas o segundo estava com o lacre abaixo da tampa aberto.",3,0.447,True
b600bc981dd7a426497c5c625badbb47,29c5a7f7a7e0947fa6d28f355cd28c5f,3,"O site é de confiança, por isso a compra. Mas imaginei pela imagem no site que o produto que comprei era maior, o que não é. Por isso solicitei a troca/vale. A entrega não foi no prazo devido a greve.",1,0.398,False
c4a6a5972e04ed56b7898159f61ff5ce,a66196d313e431749d0ac48fe827ab1b,3,normal,3,0.384,True
e8bb97b6b648d64956948ece5f544489,de1fd807103f4bbdf1bd55bcceec0276,3,Muito bom a compra,5,0.626,False
42586aae6e35c1255f85e6a079853208,3981ab3fc085c2a1d4dcca88197fe7fd,3,"Recebi o produto no prazo, mas veio faltando uma peça.",1,0.349,False
9892fdfbdc13a1980efdc0cc77e0b903,1c709af6dc28e45be0dda17b368271df,3,Não recebi o produto e tão pouco orientação de onde retirá-lo ,1,0.722,False
7db8b450a6d9791cb6ac3bcaf591d79e,b60b122b336eaee3323565272f117bec,3,Muito bonita a cortina e de boa qualidade.. Só é um pouco transparente ,4,0.72,False
7a944ccb6339db5a6892f7d7671db9fd,3549d4f44bac42a299415349e0fcad15,3,"Eu encomendei 2e só veio 1
",1,0.37,False
5c7c905269239efe682adb5761086e54,8e031bfad27930ae71c54bd0ee2c0cc9,3,"Boa tarde 
Meu pedido eram 2 wheys, porém até agora só foi entregue um. Gostaria de saber se o outtro está vindo separadamente ou se houve falha no envio. Obrigado ",3,0.308,True
a73672585858a511c630b06d35cf865f,c7a102f6b038137e135115a15c791f74,3,"O produto veio com uns pequenos defeitos nada demais, porém me incomodou um pouco.",3,0.695,True
db765038a7adb8c3699139a46a01c0e6,6e3b262fc2ba819e9cfcd9e9bad5b7de,3,demorou a chegar e a mandar o número de rastreio ,1,0.326,False
455ffdfd247b41dbc59be518236f1838,175825d48ba5a2082a843888ac1b08fb,3,O Produto demorou muito para ser entregue!! So esse detalhe .,2,0.373,False
812a47d3ea4a16b5a66849d3cac47d42,087a5caa838085de4baa54e02f8f2878,3,"Boa tarde,
Faltaram pecinhas para a montagem das araras. Conclusão, elas não param em pé. Já abri um chamado.
Obrigada!",3,0.323,True
2e57aeaa2a93d983c7136d956fa535c5,c01f21ada50a5698452ca20ddc90925b,3,"Produto chegou, parece muito bom, mas só tem um porem, na foto do anúncio mostrava seis pentes e só viram 4. Em nenhuma parte dizia que a foto era meramente ilustrativa e também vi outros anúncio do m",3,0.344,True
3b2850941b10813af5fd5bd1f3e88b8c,641ad3cb05f84cf88956f08997234c7a,3,muito bom recomendo,5,0.715,False
3742cdbab35130b0d8df3da606dd4d7b,e6d47ca86bcbef462feb6a77ce1d21ce,3,Não recebemos a mercadoria até hoje,1,0.667,False
f406e97b00d06af1d5cab0fcde7afca5,c76851af7999b8aa431fe982f3fd1126,3,Tudo certo. Antes do prazo. Recomendo.,5,0.493,False
a0bd563623eaf9dcdff034eadcc62987,13f6d85f845b8bbd1af0a040dbc51a4c,3,Ficou faltando a nota fiscal,1,0.483,False
8ba145bcb15305adfe1bdd04de8972f2,261e56a43de07e1b1bc9e8615c8e8aa9,3,Demorou de mais para entregar e quando chegou o dia da entrega eles falaram que não tinha o produto. Mas devolveram o meu dinheiro. ,1,0.653,False
75d2411e3139d84f0950f650d1e0eb44,59b3620bcd4c286333b2db46533afe81,3,"Olá. A entrega chegou rápido, em três dias. Produto muito bom.",5,0.608,False
ca8675b78bdabd3ca8ad4f59c92c554f,5960d0cd975b6c256e9609ebea940f4c,3,"Não foi especificado que ,que produto era a pilhas ",1,0.504,False
0c84a741d5fb52fe1e0db1aa2990eb8b,529abc5277ea995c10bae0fa1ffbe39b,3,"É uma cortina boa, mas simples. ",3,0.486,True
b6de5104bb310c8150064b65829fd16d,b2fdce90b6f515d645e1e98430176ce2,3,"Olá, o pedido não veio inteiro, recebi um produto num dia, liguei, abri reclamação, fiquei com medo de não receber, porém.no dia seguinte recebi.",1,0.69,False
371b53a7931dc495729da3308526c29d,5f6d7bc44eb2d1588b7cb6ac202d63a0,3,comprei dois produtos iguais e recebi apenas um,1,0.619,False
3a7803182a208792d89f8feb0fe38dcc,4ed868229ad01b5686124edd1f82b18b,3,"A entrega foi feita dentro do prazo. 
Não testei o produto mas veio certo 
",3,0.321,True
68842e63e4dfe4f42d3c6ec204ad30ce,c3cc4bb65cb5500dceaf8b5f9938c90a,3,"Só que o controle não funciona todas as funções da minha televisão. Acho que não é o original, mas enfim funciona as funções básicas.",3,0.618,True
ce1f9aed6a191369b2be663a1ef256fd,e2bd28bec2c4b78b6b39dd0cda08c177,3,Gostei,5,0.429,False
9030678f6ac5e3a1f728b485cce63752,76fd5bb49ba9bda8891b61cf1b45f0f2,3,Estou satisfeita recebi no prazo,4,0.466,False
fb1bbcb5d14a17d51b0d4842727ecec0,5d073530ec28aa4104bb37b6c4b1a22b,3,"O produto chegou com a caixa toda amassada!
Muito amassada mesmo.. nenhum cuidado com o produto!",1,0.86,False
13eff5faa3978a8ce971ae19a9747862,cfdc6f2061897ed3b3f1a9ac3437c6f9,3,"Preço muito bom, porém o prazo de entrega é muito extenso. ",3,0.516,True
573941bc964885f289b454f34ed4aade,c11daae957ee4447f2aa894fcdf28cac,3,Embora tenha recebido corretamente acho que deveria ser mais rápido entre o pedido e entrega,3,0.456,True
a260ebcc8c69d5df4bbceccf2f582da6,67d06af97696c95df2bb26acf82db637,3,Estou no aguardo...,1,0.634,False
267b071286076b984781ea3af00dda15,be47c07fc0095b7f75dafce1451bc891,3,"A Loja tinha um óculos constando como disponível. Após efetuar a compra, recebi e-mail de que não havia mais o produto. Tive que trocar por outro parecido... fora o transtorno com as lannister...",1,0.68,False
0d8e76313d7990c8232600246077cbcb,d295fdedde1742dab056f335be894679,3,O Objeto não é igual ao mostrado no site,1,0.417,False
47e59df100faa5c07ef1f73256187f04,ae6144c470984a7dcd32074f5d981973,3,chegou rapido ,5,0.442,False
e0d9b3af6f9753a8df86da663fc070b5,6eb4132d1d991320ff5f03a7cd28561c,3,"o headphone é bem apertado, comparado com outros modelos ele tem a estrutura diferenciada, sendo ruim",4,0.452,False
b28a7b00febe6bd205877476a23b1381,b0980803dc397415a4aee2d3a7c2604d,3,"Esse mp3 é um produto chines da pior qualidade que existe áudio péssimo, bateria dura apenas 50min mesmo trocando fone pra um da JBL o áudio ainda é horrível não recomendo ninguém a compra.",1,0.962,False
e1c907ac22c3b2d8ac083d2eb9d2ea5a,4480ac0eaab783664bd03d73f20e2896,3,"Entrega muito rápida, porém a qualidade do produto não é muito boa. ",3,0.578,True
88b68c2cd3f38d9fa50a6c10d0fe38fe,3aa0a75931f649d9e3e83aaa9d6a95e7,3,"Gostaria de saber como proceder para receber o produto, pois ainda o quero.",3,0.325,True
36e21cd6d8131bdd6fb5c86f0ce9c9c1,08fb515ec54c34ca06b1e2268acc429c,3,"Os produtos foram entregues no prazo, porém dois produtos tiveram a cor e o modelo alterados!",2,0.381,False
2aff17b27e1fa4125d6d9e9800b22d07,b8801cccd8068de30112e4f49903d74a,3,Tudo em ordem.,5,0.47,False
876ecc787db036a50679566c9c2053ab,0a280a8b4ce3fd3a61a076492e5d6b00,3,Até o momento recebi só uma peça das 3 comprada,1,0.434,False
919a174bdfae37dc93bc85ffad55fa51,2e6a1087eb563f7648142859dceb5d90,3,"o produto nãocondiz com a imagem, e a descrição. deixando muito a desejar.
vale a pena? CONCERTEZA NÃO",2,0.478,False
44d06866a30a687872b8c92fec98eb7e,d7afb34a55fee792585830fc0509d1fe,3,"lannister é legal, mas essa loja terceirizada tem um prazo de entrega de quase 1 mês. Afff...",1,0.524,False
28182a0b45f3e327c285d4864b7694a2,d55668bb11f39447c1b40421a936e403,3,"para fazer um novo pedido estou aguardando, o ressarcimento do valor do produto não recebido.",1,0.552,False
1bb2ed2053331b349c6551c6277fa9d2,86200deb58eb0b29e666114e87e76302,3,Pedido entregue no tempo certo ,3,0.296,True
b588636a93a2236b329dcf25301ce4e4,57a382ec5b2ec69093d3bdc7de3ec927,3,"O produto foi recebido corretamente, dentro do prazo mas achei curioso o produto ter vindo sem manual. Restaram dúvidas se realmente é original. Fico no aguardo do contato da empresa.",2,0.342,False
c519ccf08afe340a3df1e2e39da441c1,3d6902773dc70468fbaacb8e4ef01dc1,3,Boa,4,0.407,False
fcbf638814f859ffaf6b95306ce56119,91cb837eb3bd9136636db21568d04a78,3,"Eu recomendo esta loja porque eu conheço,mas estou aguardando mercadoria.",5,0.458,False
09260c3efeba1c247a0a0e1b71bf9b0d,caca2d936195ed2a43dbb6f64d6820f2,3,Estou usando o produto ainda. Não tem como falar se é bom ou não. ,3,0.29,True
a0cb6175f484689eac0eb6d4f463fbdf,25735b38f376510aa1e9762e25343124,3,"Pingente venho num saquinho 
Pelo menos uma caixinha , ficou devendo ",1,0.798,False
2e6818de484079f7e138c9bcc1936090,41a9892d27af50019d56c037a3256cab,3,Entrega sem problemas.,5,0.425,False
8f8f3e2d703c1546320f3c59fd797f8e,f5d76afa9187f43bf70b16cea5c97c1a,3,Gostaria de receber o meu produto pois já estar passando do período de entrega.,3,0.313,True
fdfb14550ebc7b9390ae13db828406f4,aa0ad7208dfed775d5b4afb627cef397,3,"produto bom parece ser de um tipo de eva bem grosso pensei que fosse de silicone mas não é, ele também faltou um pouco de acabamento tem algumas rebarbas chegou muito rápido em 4 dias",3,0.501,True
00d2524d2467bed9d27562755bd3dc87,83078eacae0feb71b78ec731be836ab4,3,"o produto apresentou folga na articulação,,é um produto util,porém pensei que era de melhor qualidade",3,0.494,True
206fcd0c7e9d3248ff891f31205ae6ee,d6cd9d63e25452e0278cb6eeed08de6b,3,"Um os produtos veio quebrado, estou tentando trocar ou devolver.",1,0.78,False
cd9024db094fdf3ec53cea6405691382,7e05645577366863a93350aac5cc7de5,3,"Recebi o produto, porém o mesmo veio com o encosto do braço quebrado.
Sugiro à loja que acondicione melhor os seus produtos, uma vez que veio embalado em um papel fino comum.",2,0.438,False
3106ea497d43ca7dab0a730011b645b5,03ff7f74352df18b6a9a261d68befe5e,3,"Fiz essa compra e recebi meu pedido em dois dias separados, até fiz uma reclamação achando que estava faltando o produto. Acho q deveria ter sido avisado para não criar uma nova situação.",1,0.711,False
631e85fbf852781ae287b35da46f1096,724d428017f2d1e905e1e695296e90f5,3,"Sei que não é culpa do produtor, mas essa capinha não protege a câmera",2,0.378,False
18d759f63813bd811bd7dc14cf5fcaf1,440efc866515b274c87852a745f91726,3,"Faz um mês que espero e ainda não chegou,preciso saber se vai chegar ou quero meu valor pago de volta!",1,0.772,False
83fb68a268ac4012b48521cad2540617,bf73701b5b5b3896c9530b11ec89e8d9,3,"O produto é ótimo, minha única reclamação e sabre a entrega, que não foi feita na minha residência",2,0.347,False
76316bd2809f185e0a111cefad46df74,0b1e77ab8db5ec5c6af5514bcdf20240,3,Qdo entro no site e coloca o frete eles dizem que entregam em 1 semana mas demora mais ,1,0.495,False
022b63030708e5fd241fca5dde29708b,dedfae6510ab02ac08526276e245e006,3,Demorou demais pra entregar,2,0.338,False
6371fc57c454985844591b6254ec562c,38907d62f0ad31245147a7a2378ff1db,3,"Os pincéis em si são bons, porém, foram enviados na cor diferente da comprada, não recomendo este parceiro!",2,0.463,False
ab502ecb07f2f4fd0e4387d162efbe7d,2d8f8f85abccae68275f423d878f2b7e,3,Achei o prazo de entrega muito longo.,3,0.44,True
ae5ba63c94487c3b8299854ae657cdf7,402571417385ea134265f371272b0cce,3,"Falta os controles 
",2,0.363,False
22d478af7ad6c0fe370f5a1393dc007c,87993df58718ae05426e9b6fb1d838ab,3,Um pedido com duas unidades mas duas entregas com uma unidade cada uma e pagamento de duas taxas. O produto ficou caro.,1,0.721,False
b9e637f0dc50f898cf987d355ba93130,bbfaea06953d72e48fcf89341d352638,3,Eu recebi apenas um produto. O outro produto ainda não recebi.,1,0.677,False
8bb3e802449fac4db93c9fa1d11ba083,640f82f9967dcab29b95d5a62abf911b,3,"Deveriam diminuir o prazo de entrega pois perdem venda com ele caso a pessoa queira o produto com certa urgencia, se bem que chegou bem antes do prazo mas a data possível é assustadora.",3,0.485,True
ef9ef383ff6625e8e118db388ad3420d,67274e3826cb110f3d0cb45f33c2275e,3,No site o produto parece ter melhor qualidade de material e acabamento.,3,0.397,True
de3bb1c614f65eae8451f2986c498aba,e2d66db1ac680c44e6419a6a7a5095a4,3,Muito rápido na entrega ,5,0.267,False
0d061e8b65c61987407e33de9cc076a5,366b94daa22781675a0ffffbcbd517a9,3,Só entregaram metade do pedido por enquanto ,1,0.482,False
bd56ed5264bd22aa8811304835b8aaba,78462cf509142618ab317d7106e8919d,3,"Muito bonito e com ótimo custo benefício, mas veio com algumas costuras soltas",4,0.597,False
1b7b9f9df09b420570c9c8c442f9ab41,dcfd7c52a6963113ae9c4e12ceebde69,3,Esperava mais do brinquedo veio faltando parafusos os em caches dos braços veio aberto pensei em devolver depois decidir ficar ,1,0.538,False
d405236ecf90c21e5c88058d17220ba0,c467181d4844c139feaec6947fd94606,3,Prazo para entrega mui longo!,3,0.329,True
53488f1d9a2ba0f94675e30fb9b6f3c7,af4c2f98bd7bd3031e4e9f8db1b4e9db,3,"Comprei Capa + Película de Vidro Zenfone 4 Selfie ZD553kl 5.5.mas só mim entregaram a película, pediram mais 10 dias para entregarem a capa,ainda não deu os 10 dias,estou na expectativa.",2,0.362,False
c405acae17f1a8c3b62268169acf1fc0,e3f0b99663affed1a7f0f74ae482f636,3,Gostei do produto,5,0.473,False
ebc5c1459591d576d73ea464b8d2baff,fea59446572d8db3b8e9709ab5c096d6,3,Compramos 02 peças e só recemos 01 no aplicativo informava que a outra chegaria dia 05/01 mas está atualizado como entregue 02 peca No e mail enviado pela baratheon diz que foi entregue somente 01 pec,1,0.737,False
ebe731fd857c94fa522bf0e9f4562b71,4f68ed0836136db8064bf34ebb1965e2,3,m,2,0.292,False
be071d1e1c8cdb12516fc323bd4d321b,d3cefa3b994d2662eba354f826cd64a7,3,de boas,5,0.403,False
4e8ec5e3b092cb15bca7f7e5f9135412,f01bca7e8e6bedab1bbcee4ccddca238,3,produto bom forte mais tem hora que funciona tem hora que não com poblema na tomada mais fora isso muito boa maquina,4,0.535,False
634a1bdb931379873f0e7526378a838c,0758015124a0c9af755d31a7bf0efedc,3,"nunca tive problemas com a loja.Neste ultimo pedido de 3 itens, apenas 1 chegou. Estou aguardando.",5,0.322,False
765ba204ffdc662f5bc54651edcfb0a1,56a879c57a3b6118c13d30799d1ae6a2,3, Pedidos anteriores foram recebidos. Somente essa ultima compra não foi entregue ainda.,1,0.541,False
338fbd77588a2861ac0172ae1965d724,4603cc4d4654635e3c16a1ac226036f4,3,"O produto depois de muito tempo da compra, fui informado que não tinha disponível. Cancelei a compra e estou aguardando o estorno do valor no meu cartão de crédito.",1,0.769,False
06003a9e2ac756acdbcf30aa984b983e,bf0b6e46855aa361a0dab877c439ef93,3,O produto é realmente queen serviu bem o tecido é bom mais é liso quem não gosta de escorregar um pouco não compre porém ele não sai do colchão.,4,0.482,False
8c2e0e9d398001e03cc832fb2a0e2046,1ab4ba2aaa118a756ac6f15764adb2ec,3,"Comprei um produto e não foi entregue sob alegação de que não havia mais no estoque.
Em seguida o mesmo produto estava sendo propagado com um valor maior.resultado adquiri aquilo que não era meu plan",1,0.638,False
8f8a9e8346753da6be11f381ed26bac3,0ed61f5ab3280ff43b157a6e91942538,3,"Produto muito bom, e entregue Dentro do prazo.",5,0.593,False
0013e9dd48c5a38d258a9e0bd1917fa7,fb778dbecc94ac70dabbc1bf2d339e0a,3,"Empresa entrega dentro do que promete, no último dia do prazo, demora de mais, não encanta o cliente, pois só faz a obrigação básica.",2,0.42,False
7b58563846ead5cf00c5aca18c7f495a,9378f7fb4dad9527f338b16cd75fc196,3,"Apesar da embalagem ser da HP, o cartucho não era original. Além de possuir erro de grafia (Cian em vez de Cyan), o formato do cartucho era diferente e a impressora não o considerou original.",2,0.506,False
112895fa1b3c8ee9696525b9b4e53842,6a645937a67633b590e3f491c0123051,3,"Material muito ruim, não recomendo! ",1,0.678,False
275c819eaa8549c30fbcbe35fb8afd70,6681163e3dab91c549952b2845b20281,3,só achei que a altura da saia poderia ser maior,3,0.523,True
434316c844abf32a4e0dbd3f8aef51f4,cbd4818fd2df9243a5f4698948f80bd0,3,Apesar do tamanho a escova é leve e de fácil manuseio,3,0.458,True
5ef8c3cb16e280f8b223e1af635940c3,dff1532187e859496ef16857a44c3d9b,3,Produto entregue fora do prazo mas chegou corretamente.,1,0.33,False
f49bc0cac69634c1b6357e095c4bc3c9,5189eca8aa65ca525e4929c6f6a758d1,3,"Tudo funcionando, mas percebi alguns arranhões no corpo da máquina. Nada que influencie o uso, mas pelo valor, fiquei frustrado com a loja.",3,0.519,True
b26ef437189dba2f9231e30b8557613e,ade69ba18f873dc21f043783d60beeb6,3,Faltou 1 jogo de toalha...😠 ,1,0.647,False
a2d3bd91174bd0ffc5a5f3b2ad1409c6,b394c91714441e1146cc0091a94f99bd,3,"Tive problema no produto, mas já entrei em contato com a loja e ela já está efetuando a troca. ",4,0.393,False
cd5d2724bb5ee255bd79a4d4a6740387,d9fc4886cbdda945f7974e3857807bff,3,"o produto mostrado na imagem dizia ser de um jeito,com o acoplador retraído que seria compatível com meu câmbio,PRISMA 1.4LT 2013,na verdade veio manopla com pino interno saindo até a borda.Desisti!",1,0.59,False
b1b7197610ef1de45c1b5686edcd4705,69b60c85164df072f63b06bc0bda9804,3,Bom,5,0.49,False
7fb26d1c28b6dbcd68a683a816875e5b,afcda0566edd7333aa8184a5985a47ba,3,"a única observação negativa é que o produto veio sem a respectiva nota fiscal, e aliás gostaria de saber como obtê-la.",1,0.347,False
7fc6a5c83b1bf07270f919b284bc70a2,ef8ab3e652b44dfe541199dc0b9f5d09,3,"Não tem como avaliar nem o produto e nem a entrega, além do problema ser em parte dos correios.",1,0.74,False
7bda7bdb13549b6d103c512c7fbf8445,547f2652ebd95d8e369d22057e1035a2,3,Demorou,1,0.411,False
108a42713e93d7575062c00da3777864,44d079b84edcef02c872e157438940e7,3,"o mostrador do mp3 está de cabeça para a baixo,
funciona só que tem esse problema",2,0.371,False
54d42c6a657559f83209e08ec2525e16,9a58ef14cb28c0d8eb1772e86f0ac133,3,Até o momento foi satisfatório a compra ,4,0.537,False
0dcffe71f4f2cf8dbf17b622bfaf4943,cad4f1f1630718b17426b3f335d0404e,3,"Houve uma tentativa de entrega fora do horário comercial, não havia mais ninguém no local para receber. O novo prazo dado é hoje e o produto não foi entregue até as 13:00. Minha opinião pode mudar.",1,0.635,False
daefe97009a79518f936fa8b80ee28aa,1f3fcd02b6ab99b6b499dcd412076175,3,Os detalhes do produto e o acompanhamento da entrega deixam a desejar !,4,0.403,False
2b3e1b6cc7d379fd0a2296180a0fae73,92a9ef7f0a0d392c9ad0d5f44e86b4ba,3,"Os fones vieram jogados e as caixinhas em cada embalagem individual, nao gostei do produto ,achei de baixa qualidade.",1,0.621,False
9a57f79fb12723c946bef9d2d110a7f1,ce989095754190db3dfe99fdc63e1124,3,Recomendo a um amigo,5,0.463,False
20c62732f58d08577d8563910dd1f6d1,9ae880d57df6bee34365e6406e1e0203,3,Embalagem chegou amassada.,1,0.436,False
33335ac59cb83888e4c9c337655205c7,e1d3f67ea81edae5f2975c2adb668b80,3,Veio apenas uma unidade. Porem na nf vieram as duas descritas. Quando vira a segunda unidade?,1,0.516,False
159d39740cb252eefeb5ac83fb53cce8,6eac247f4bce09d7fe35d7cf903c74b3,3,Entregue no prazo!,1,0.312,False
69247cc49cf4daf5bd78632cf80b689f,d4cb1c0045dd65ebfe15e14c4d083281,3,"Lindo, chegou muito antes do prazo. Só não tem nenhum tipo de certificado de garantia. Acho q não é a prova d'água, pois não tem nada dizendo.",1,0.452,False
3ee6185e2f5131927f4458b739852daf,c5222412ad9d123721c453c7c21a6cfa,3,Demorou muito para chegar,3,0.357,True
065853e63fe965368a1eb826b5aadda5,0759ac0ac1a0c11ab13fc66564f4e112,3,Faltaram 2 jumps que até o momento não foram entregues.,2,0.403,False
b59c0234fda1e97d84bbf03ef28e6947,e4a4383d0ef8c742a8c2c58be61b9722,3,"Porque utiliza entrega pelos Correios e já tive vários problemas com entregas assim, nesse produto mesmo afirmaram que fizeram uma tentativa e não havia ninguém na residência, 3 adultos no local ",5,0.267,False
a8886e28d64275e6cb90eca7a708d490,e93910bafae4cbaa0f18ae0d66959cc5,3,"O produto é bom, mas o vendedor precisa ficar atento a qualidade do produto.
O meu produto veio com um furinho, que parece ser de alfinete, mas que para mim, ficou escondido.
No geral, o produto é b",3,0.566,True
3f835cd72d3402daa9ce4f32507ca2fc,7f1e6c8280634faf3e57ac93f781b98b,3,"Lâmpada com iluminação correspondente a mais ou menos uma lâmpada de 50W e qualidade do som razoável.Ponto muito negativo-controle remoto não funcionou,precisei por bateria nova e mesmo assim falha",1,0.636,False
bb2b220f62e4d70abe70df4a5085cf17,092e3282c11e71ea0c568efc2a92f91a,3,É medicamento requer tempo pra saber ainda,4,0.398,False
f14c6454c1f0b5c3360d9903d49e84e3,498461a2f4ef628aa153ee9d3c57eab2,3,Gostaria de saber quando vou receber?,1,0.294,False
e4c0a66bd51fcb642d2ba4beff8e956a,9b2444e525ad45d903e5e98de8665975,3,"Fiz a compra de 2 conjuntos de cama, somente o vendido pela Shop Time chegou.",1,0.57,False
52e4216c8381a44136f45c1e1ef7f78c,b740bd4096a75c3d97e686dee682607d,3,"Comprei 2 produtos, só chegou 1. Eu acho que deveria dar como entregue quando chegar os dois. Certo. O suplemento Dhea 50ml chegou, mais a creatina Black skull 300g ainda não chegou.",1,0.485,False
c0768e26a52bd7869ab941e5bfef9a14,510d5ab9d1299666e8dadb24d137209d,3,Foi uma compra que chegou antes da data marcada.gostei do produto e recomendo.,5,0.586,False
918a3d8390d77cd59fd1fd68e4977948,dea87e82c0c86203867522c013b7743b,3,gostei do produto.,5,0.478,False
f0b29dcdd31d25bc3023b8c823a2dc69,01ba495d945c6a1c5b198bbad63e61c6,3,A qualidade do produto não ficou a contento,2,0.499,False
7bf7e3bc68e8079855ed1d2513ca63ca,8f28ec50f5b8025bd728c535fbd7eacd,3,"O produto foi o correto, chegou no prazo, entretanto houve muita confusão no rastreamento do produto, passando muitos dias para atualizar uma localização que fisicamente dura 90 minutos. ",2,0.418,False
ff5c2bc13b0227100a4467e0c3038a6c,0a1ff79efed81178cd6303f7704e96da,3,Produto bonito e bom porém na descrição tinha que ter o tamanho achei que era maior e é bem pequeno.,3,0.588,True
c18636fae81657b65354a21fdffed916,c1875eb040541568d58640849b68b052,3,"Produto de ótima qualidade, chegou como descrito. Mais a entrega foi mais do que o esperado. Deixou a desejar no tempo de entrega. MUITO DEMORA",3,0.427,True
0b1a393b7eb2c62cbb3fc7983b2cde52,22268b58e6b35e218f4cf7928de636e4,3,"Achei diferente do anunciado,mas tá valendo pelo custo benefício!",4,0.39,False
c8c6701bf01b2aa857c91c8674f1eba1,6e869d1907ce294ac97ad48718569c68,3,"ESSA LOJA É MUITO BACANA COMPRO MUITOS PRODUTOS NELA, MERECERIA UM BRINDE.",5,0.411,False
18bb743974bcb21a67f83dcc4905b4ca,6da61def5ee2d55fc6b9dfbc43efca0b,3,solicitei a devolução mesmo assim me mandarão e mandarão errado,1,0.827,False
e9c908429373d001404bebddd26496cd,e328e23027b916218c9fba2f6cf9b682,3,achei que demoro mais que os outros pedidos...,3,0.37,True
c46669eb2c1546df7a22590bcd83ad87,04c8fbbbe02b38bd685ad085fcaf29bd,3,"Frete caro . Apesar de entregar no prazo , demorou bem mais do que outras lojas com o mesmo prazo .",2,0.406,False
74669f9631d3c654a40e566fbc8b6a34,7059c2afa0f74d0d09b1a8bd04ed2f7f,3,produto bom... mas o vendedor demorou a responder e avançar nos passos da compra atrasando a entrega da mesma.,3,0.62,True
ec1d08b198d2267fb1ec3624b37bfae4,c6928363562453a5782ff77bebe5bfb5,3,"Foi entregue somente um frasco do L-triptofano, sendo que na nota fiscal constam 2 frascos.",1,0.473,False
fd9cd0a2afeae8e4dff269e058684797,4ebadc22cfcf79aee972ae7009d6b2d7,3,"A película ficou menor que o aparelho devido a sua tela ser curvada, como podemos fazer? ",2,0.444,False
453811a7debcf6ad42502fc3a451f5f8,965e76a46add2947780548a4a1e9d661,3,Excelente produto entregue pela porcaria do correio brasileiro! Privatização já!,5,0.787,False
27d9313e76a5afe1fadcf4195074f3c0,13d8d37bf20ffee3f1e6e32d7c4d4849,3,A entrega poderia ser mais rapida,3,0.497,True
300fb117f254df8fae24581c43ae0d9b,5a854278109ac48d0a19b5a30590af27,3,"gente eu fiz o pedido de 3 bebedouro e so foi entregue um, tem outras entregue?",1,0.534,False
ccc10d7021718b2fdd289deae3298c6b,f7cbba667c1c2d258e79dc28a30368cd,3,Apreciei a rapidez da entrega e o valor do produto. ,4,0.469,False
d9a192a68aa03c8a31cd3155b7066a57,136286e8ffa587be2d282d0975515ad3,3,"Gostei muito de comprar na loja pois o produto chegou bem antes do prazo, e eu amei um produto de ótima qualidade.",5,0.461,False
59a7a373d8dd68c2293114b470ecb46d,3ca7b3fb51ca030ccab5b14f9b68cbf7,3,"O produto veio de acordo com o descrito no anúncio, exceto pelas 4 presilhas que prendem no banco, elas são muito fracas!! Uma pinscher conseguiu como peso do corpo dela fazer a presilha abrir...",1,0.483,False
30924786213fe921601f7509cefd7436,6954f8261ff8147d4f4570c7d65990bd,3,Estou satisfeita com o produto.,4,0.543,False
bfb704388d9333cef09a4fd69bdbd774,421d08636eed6cd2041826b40405c194,3,"O que achei péssimo foi cobrar dois frete para duas unidades do mesmo produto, vierem em caixas separadas, o valor do frete foi um pouco a menos que o valor de uma unidade do produto. Absurdo ",1,0.927,False
8649aa1fe0b4342c615195bcafe2a16d,50503051a38d8ee049d1226032c7d82d,3,"bom dia, infelismenti tivi que cancelar devido a situaçao em q o governo,estao colocando nos professores contratados,assim q as coisas forem resolvidadas quero comprar,mas obrigada,",4,0.343,False
80b56b4f0111cd8f6381f107c24920da,ef6cae0913beb2c708d2305fa7c2764d,3,Um simples mouse de computador não deveria demorar tanto para ser entrgue.,3,0.339,True
6eb6e9daacece449b0286c05215ee809,d2816e182d8750e410a4288b16a9ecd6,3,O produto foi comprado em 6x no cartão e foi cobrado em apenas uma vez. ,1,0.804,False
68ab95a8aa59bdd29c944282b79614de,666642b8ede81bde2dfe4365b47b1ba8,3,entrega Rapida ,5,0.465,False
4fae5b57dae16239e118c9b294f4335d,6c353b764e0d5e28cb2852e8e8603def,3,"Nas Lojas lannister já fiz varias compras sem problemas, mas essa está muito atrasada",2,0.436,False
d13b2ebcc9403482cbe43f768238f7b8,af84f0b808d076913403b036e34b12fa,3,"A qualidade do produto deixa a desejar, muito frágil.",2,0.56,False
f04f0103c3f9918d10b2f82068c18329,bcafa3b6425a9c7aaa008f3a9678d46e,3,"Preciso devolver, produto veio errado",1,0.824,False
925d741032e32153d8dbe41c6b82813a,09bfe605baffbe939fb10d3e8936346e,3,Vamos aguardar a entrega do mesmo. ,5,0.44,False
8fe51fef8101a314b47b090e8bc3f6a3,5f2ca185b50a74d71d7db083f0d11b4b,3,Meu pedido veio errado. No aguardo da correção. ,1,0.522,False
7bf4550966295d9aaafdc486dc4c7f99,985f418428a2040e904e93491b78c1f1,3,Recebi a metade do pedido. Nao recebi o lustre ainda,1,0.577,False
3c7e9141160ca87d7a8844bc40c5635e,d263c6d795845c0224adf410912ba638,3,Gostei do produto,5,0.473,False
bf796bbf98859accfb3e19189995b931,39948b49e7e68844f9f5a31d12a3c4c6,3,"Então Gostei Mais veio diferente do que eu pedi, mais Gostei também, a entrega foi bem rápida",3,0.35,True
14c89db7c655419365d5f7590ed4efe4,af79884abd4a25e4ed96f94bc7db48b3,3,"A mala veio amassada na lateral. Achei muito frágil, na foto parecia ser mais resistente. Não tem divisórias internas. ",2,0.552,False
efae336c4fe5edbbb83bfa018b2715c8,9ee3edc7733fa734090a08a679636037,3,"Produto bom, frete caro e demorado",3,0.467,True
a50fd6cb5bde51ea6ec6debf883beaa0,26967c9a40c842f7e0067b4ef5489082,3,Comprei 2 produtos na loja e só recebi 1 estou aguardando o outro produto. Confesso que não entendi,1,0.786,False
f676e0f95a897447d758e89fa990b4c3,ff3d961f941d0784936dbe5da739575e,3,Queria q essas ecomedas fosse entregue na data certa até agora n recebi meu produto ,1,0.488,False
2b842add8a8fea161fd0988cb58c8f60,bc3d816db1aa7215dbde5b1b00d3d32b,3,"Correu tudo normalmente. Mercadoria chegou no prazo, bem embalada. Sem nenhum oribjems",4,0.361,False
489862b100507bd291adf2024e6dc111,f586221f29e99ec237c1779b4ca609f8,3,Ainda está dentro do prazo de entrega,4,0.279,False
650db9f1d650e83b48247e6fe81eb5a0,93b3fec4ab5648e985ee7e781e0e1b6d,3,"meu produto chegou no sábado dia 25/11 e veio faltando uma peça fundamental e agora nao consigo montar a cadeira,como faço para trocar?",1,0.563,False
381dca77b8ab41bad4a10e93e2a1dc12,72fd9a44c510d4f0d8049e791ad3a073,3,TUDO OK,5,0.464,False
eb316f118d0937727f528cd4b0c13db5,86a2598982da9b1eb9532cbb31996cff,3,"ótimo produto, entregue ante do prazo.",5,0.291,False
0ec47b2e146653bcc5e3b5d06f75acbc,dbec54e46dc0fa4809af85a952a4b4d6,3,Excelente ,5,0.786,False
c210f534b715417a658401f4d527c95b,d2fd6afcbebfee356931bf32f9f67e0f,3,"No anuncio falava que era de couro, porem não era de couro",1,0.405,False
50fb726887f44e8cf1079927b8c3e192,b92fa055c4f004d4ae52eccce4efbe5f,3,o produto é bom,4,0.463,False
3aca3d8c1520a36beb7ead8cb8d5b85b,7bc45317580df2c811c370ec4b6196da,3,"Muito bom,entregue no prazo ",5,0.617,False
30d520bcb1aba1192ea50d4be0101063,27214261769c9a48e5294cfe2d9869d4,3,Bom produto! ,5,0.531,False
bda669d22b08c137982c8028a4c6bcc2,54222af95be89a263082f3998e8bf8a0,3,"O produto foi entregue, porém, com o prazo de validade para vencimento em dois dias após a entrega. Logo, não conseguiria utilizar totalmente o que comprei. Estou aguardando o estorno combinado. ",1,0.435,False
a510ad51f41f70454eb3d5f10edfeb49,2483fa0e74034abf26bb7843b1848564,3,"Logo após a compra tentei cancelar o pedido porque queria todas as cores mas não achei onde fazer isso no site. Fora isso, tudo conforme o combinado",1,0.437,False
042b7c995635364a03c5bb79e994f513,19e31a421ef559a7772d01fc5074ee14,4,o filho gostou,5,0.448,False
961920f06b1cdbb646cb71b99106bf8c,d437feefd975db4a8882cc7408b51033,4,"Valor adequado para o produto. Só deixo a dica que se colocassem uns chaveiros de emoji ficaria perfeita. 
O frete por ser enviado pelo sedex PP que é uma das postagens mais baratas poderia ser baixa",4,0.544,True
4621bafe7564f22421e54866fde89ffd,eb188a175542057d90b3ca5628b7b5a0,4,"Boa noite recebi a mercadoria em parte pois uma cuba esta quebrada, como devo fazer? fico no prejuízo ou quem e que ira me repor esta quebrada",3,0.296,False
541112b322768cd16c0616d6a9f1d9ea,6f2ae8728d4663eecab7315f623ac889,4,produto foi entregue no prazo e perfeito. nota 08,5,0.617,False
ec49fc52d1d7bafe31c99da933cf1484,1eba8812bd34c3579947a0f26ea0462a,4,"Produto muito bom, dentro das condições que foi anunciado. Chegou antes do prazo.",5,0.533,False
2d122fdd37b07413391508ea395ae5b3,20bfd4b6f0ed6f72f3d3f9a2eca472cd,4,ótimo produdto,1,0.311,False
7458fc51a8f69a4dde95663e74a6db8b,e13177c5e11c2a87dcfd3e87529664cc,4,Gostei. Chegou rapido,5,0.621,False
67f16f021652050698b734c23d148b5d,42df71f66e653cbe9e87913834e59873,4,acuso positivamente o recebimento do produto.,1,0.467,False
1c036db1a8f4f0b4a900e227cd87383d,fcc0c3371e0af4947b6b4c013ecc6e35,4,O produto chegou conforme anunciado. Gostei.,5,0.525,False
9a8a77882095a449a638f9cd30d9a0f3,c8a26f68531d30c813a16902aeacd380,4,Produto bom,4,0.484,True
91b3b3a4ca731b5082bed1ceff4fe757,9e59025992bd64bc26551391ed44a450,4,Recebi o produto antes do prazo. Recomendo a todos a comprar dessa loja.,5,0.642,False
10cd0e2607d4c26bdda44e0603103bd6,e4c35e0087c99d3416b1d90566f28e3f,4,"Produto entregue antes do prazo, satisfeita com a compra.",4,0.532,True
e9e81e73f44a0fc9212369c351f9d08b,9a06f6b071c10b11ce8e6e8646dae224,4,bom,5,0.49,False
63fece601f7ef9a3d20a166e3ade1912,0b584b729bdfec204ec2aa5d21d6ca56,4,sim,3,0.306,False
29ec235a20cb209aa24ba19918dac30d,984cefe3260707e1f6fc38b18b2b276c,4,"muito bom produto, pra ser melhor deveria ter manual do produto pelo o básico de informações",4,0.503,True
1af6cac43781e27a531b601315dd5911,a268b656281801419a238a044577dfb5,4,"Produto chegou no ultimo dia do prazo, ou seja ,exatamente a data que foi estipulado a entrega. Produto chegou bem embalado, muito bom e resistente. Recomendo a loja e o produto . ",5,0.675,False
271e4a57c944715d163fe02c844a62e3,ce5f7f7ad317c7433154353ccd683f5b,4,"Excelente
",5,0.786,False
d0a120b8b30330db4353b5eabe1a5603,8e54a072860136e58c8c812ed15eb2f4,4,O prazo de validade do produto é que está muito próximo. ,3,0.429,False
6a770c1ee24adfe4e050332cc70112e9,a0ba767f45d100f0a10b9c7c5ffe077e,4,Entrega como combinado...,5,0.397,False
1e07d52b4015b9290c549d6f86c9ed96,2113e9503e6160f8ec18ad18d9bed051,4,"Excelente, muito bonito. Apenas atrasou a entrega",5,0.556,False
aa0dd77c6b16be718e0cb1d48b96938c,41901ef295b6a4e15de7843558af4ebe,4,Como faço para trocar a película?,1,0.271,False
0902f6f99677f9d5cce49a486f4a3b9e,9dd9186fa80eff8f1a2c916957e8444b,4,Gostaria de receber o produto!,1,0.312,False
356ee50ffd8a28d029509c015992da60,afd8111e2263ddf8cf41bea299457693,4,A entrega foi rápida....só não foi 100% pq a cascata veio com uma mancha bem em cima da curva da cascata. ,2,0.461,False
5e4b43ffbbcc445528f4c2671c9197e8,7d63f6eebe0dba6fbe9a8c9b5d11aa96,4,Recebi no prazo.,1,0.438,False
e41319672e439314d45cd2fb71eb32f8,d994f5af091bcabf15d48948085ca684,4,Boa experiência. ,4,0.464,True
b1b19b6aba8df9aabe830e84fa2ae9ef,93dac07d310a7f6ef301a01a2bd2e33d,4,"Chegou dentro do prazo, ótima qualidade ,porém veio um pequeno arranhão, mais recomendo ",3,0.459,False
6d6f381d6da231f02aa4e4a97a686bd5,f34e0df97c804d04e00ec61cd77cf9da,4,bom atendimento,4,0.521,True
efc93cd492dbd5db74b7cc8a640dd343,cfa2b603d428bb936f63a21c3f2b99a9,4,aaa,5,0.288,False
2c6c08892b83ba4c1be33037c2842294,42ae1967f68c90bb325783ac55d761ce,4,"Chegou um pouco amassada, mas nada de mais, e chegou antes do prazo.",3,0.461,False
9c293ae72dc5b132f791281bfde99900,b2026cc24ae47d44bdfb8fbe3b38b78d,4,Gostei.,5,0.459,False
449d97baf7a3c839fe26ca92b224c3f0,4e9909164c9d3f4d58d9428b6e09d523,4,Produto chegou bem antes do prazo previsto. Ainda não instalei + é exatamente como descrito.,1,0.324,False
d0b4db5ef14a38ea519694204d0d0a28,67604c69e12e3ff76b5a2379ba3abc51,4,"Em relação a ter uma chave simples como a do Versa e ter uma canivete como esta vale a pena, mais alguns detalhes pegam, a carcaça é de plástico e a indicação de abre fecha é mal impressa e desbota",2,0.539,False
a521d1b5224a485ccc8f68438b80182b,ef3defd6c98b9391dfe8737b97117d5c,4,"recomendado sempre, o produto chegou antes mesmo do previsto e satisfez minhas expectativas.",5,0.514,False
66fe69fdb5eae86c647dc698e2b45e02,50b12be3bc56611c2bfcc398100bc07b,4,Perfeita top só pensei que fosse um pouco maior ,5,0.484,False
c587962d35352f4a20751a29ac397f71,717655141667e7ddd98d141db089030f,4,Achei apenas que o acabamento da peça podia ser melhor.,3,0.518,False
4a257076b81c10966614f17addf5c134,ef9948e6c8bbcd52c8164305be683daf,4,"Gostei do produto, por mais que na descrição apresentava as cores que eu gostava acabaram vindo outras cores mas descrevia que.poderia.mudar conforme o lote, mas gostei sim,recomendo ",3,0.427,False
3ce522e88d2b60663ddccf7a4172e5ca,19c12787aa9334d1ccac97bfab56e576,4,Produto muito legal e bom acabamento,5,0.419,False
38472a4f38d27931d18a878a9a3261c9,f53a2d931e67099351c1cb7cbd9b5e94,4,O produto chego antes do prazo. E muito fácil de usar. Agora aguardo por efeito. Muito obrigada.,5,0.432,False
aaadbb5315f43742aa7ac38b573b3794,f9899b702b4c536b09ae0efdb5023a71,4,"Excelente loja. Sempre que posso, faço minhas compras aqui.",5,0.854,False
c610c920bfda8e0b0a1109a75223d5cd,63fd927963e60a8c2f1baa83431cfedc,4,"Entrega e serviço perfeito,só o produto que não cumpriu o que prometia. Escova rotativa muito fraca e fica com cheiro forte de queimado",2,0.446,False
6452911fae3dad5d7dd8553ac35248e2,d87c46e5d841c98f8f7c42a5069f6e0c,4,ótimo produto,5,0.395,False
fc63cb40e62e6243efef9a40f4487978,da81fbc27b55e0f3d2813cf2078dc780,4,"Problems existem, porem, necessario compreende-los.",3,0.567,False
b6460c871b6b1b8eca16e23f74276ff1,acf439da18812b2e710a2e7abe7f0ab2,4,Atendimento cumprido.,4,0.517,True
4de6d124664acfb56fb8715533225766,d18c62967c0e60ea439822111331f6ec,4,Gostei muito do kit... agora é experimentar. ,5,0.574,False
15d158c745a125f6f9bf6eff96b3f650,c05a01b6c9f5e7ffda5b8d367db045a1,4,"Amei a valvula e a entrega foi super rápida, veio com uma pequena marca na borda, mais mesmo assim vale muito apena! Ficou linda!",1,0.38,False
76a630ea6af2530ddf65d02d2914589b,a5a4c85af7827f2a7ec7221ee9a5fc9f,4,Chegou antes do tempo em perfeitas condições,5,0.501,False
9bf8026358e58bc72aa495b9f81d5271,0c6e84e1109b6c5630774291a85fef1c,4,"Produto entregue corretamente e dentro do prazo. As tampas não são firmes, mas no geral é um b",3,0.524,False
cf3a15eb7455620e6e107bbcc0a53225,7dccc310577a4bbf99e57f1ae7ac587b,4,"Produto bom, entrega rápida.",4,0.511,True
a5b24f1ebefe3fbe3453c7a64eff0230,27d168c6a89ffc87604d2e42c7761956,4,produto muito bom,5,0.557,False
0651ca79ac5feb0975039702eda72437,a69ca27e5ae20da24dd0b144a6bfe2e9,4,Adorei!,5,0.767,False
c931b10d00040366429d6f35406a9c1a,ffea79d8c5fecc22cbff0c54eda9b65c,4,"Produto dentro do esperado. Entrega rápida, antes do prazo.",4,0.427,True
b227f31d828fcb0c2a8a2fc210a001b4,45ec085d1fc0e1539bd857ad32f45c99,4,"Bom, entrega antes do prazo",4,0.445,True
0c989c195ed60e2ab77611d87c7fe23f,f0276135124a092375f710cd9975bb82,4,Ok,3,0.495,False
c34b37b19f5343e98b543deb69c9d230,3b93a7bb88f4b1160dc579d15c706a2e,4,O produto atendeu as expectativas.,4,0.522,True
ec2b5d9e4129b92e5862d52ef0b9c16d,e9d5fd7f8cef3acbe54ba2b771856038,4,"Deu tudo certo, houve só uma demora dos correios",4,0.359,True
18086ea6e470a569de4d7b59910f7ff7,5cddc0e7aa59980c2f6018bbbde4b776,4,Produto bom! Entrega antes do prazo previsto. ,4,0.491,True
cd58b3b52d2707cb115de2c429125c5b,4c074254980764fecff977c97ce88c4d,4,produto tudo em conforme a descrição,5,0.459,False
a2eb7bc69578b37c9386e90bac9e19c4,7c83cd570176d1b7e42606920fd81d81,4,"Loja confiável, entrega no prazo e preço acessível e produto de qualidade",5,0.538,False
aad2cad572bfb242f557e0681bcd51e0,eba75422c6a2414d3cd8289123e64200,4,Com certeza comprarei outros produtos.,1,0.253,False
c4ec86a4b51469925583dbb4b38b556c,7ffb2f75de37b73b297a0923735af96a,4,Ótimo produto e loja.,5,0.558,False
d4d53f3ed8a3974af4699a4ce2da29e9,40969a63dab14f62173be9affecb17d4,4,Foi entregue o produto correto ,4,0.351,True
8cc3c42fc9ccef9c27f0c5cadcc11fe4,5e2c1da37a5a687a068bce41d8b56904,4,Bom,5,0.49,False
78b71c155969e2366f6c2ec2dccb868b,897abc3130a6d4c579a229b45349f611,4,É SEMPRE O PRAZER COMPRAR NA AS lannister......,5,0.624,False
dae5a78729fd69013f55c992ff15f298,ecc812c240c4f03824a3c5d7e3b6d351,4,PRODUTO MUITO BONITO,5,0.586,False
1581b8f985d4eaa73bf2dd4d83e67369,89de41fe841ea70c375e551ad85ecfb6,4,SUPER RECOMENDO,5,0.814,False
c6a4907c29f9e84adf47971b167d94ee,55b8dc586cc360e553bf09d7f81ee36d,4,"Muito eficiência e rapidez,ta de parabéns",5,0.671,False
476f9f0acb1a350622e73dd4f341ecec,092de8ef0dad90862e5c0dfb15a10790,4, Produto com qualidade e com toda informação no rótulo.,5,0.585,False
e4448385415a739f4cdb7ad7f139e5db,f2bba1addbdc9530839fcde7c33c596e,4,Recomendamo sempre excelente loja,5,0.804,False
01e55995b828eb9eac03aa16f1a88663,8dae9d1421512248b0b7113ec0d7554a,4,"PRODUTO ÓTIMO, LACRADO E CHEGOU ANTES DO PRAZO.",1,0.718,False
f431a3fbd3af7f664fe7aa2f910c8995,3bd43a26499bf56a2fff6adb8464f172,4,Estou satisfeito ,4,0.533,True
33a409a330f4a74b79696a4d5f3c6e1e,ceb435f46d86d2fb2890334c4862315a,4,consumindo apenas a 4 dias.. ainda é cedo p ver resultados,1,0.522,False
ca8957fcd51b919e7ee32c65169b0c23,2bc3d02aecb787b5e3272b681c0092e7,4,Chegou antes do prazo super recomendo ,5,0.763,False
cfd51e80c7487bbb3a320940f01a72e2,c5cc5507fd7537da058bf67fb12d28af,4,"Conforme a empresa targaryen está de parabéns.falando do produto veio com defeito por isso estou fazendo essa reclamação.


Já solicitei a troca da parte que está danificado que é a ( base estrela) 
",4,0.378,True
23af8f6a98971a3b88078191afa71ffd,b96e1ccfc3162bcd442fccd2074e00c9,4,"Foi feita a compra de dois produtos, mas só o primeiro chegou na mesma semana ",1,0.441,False
6dde0ff80b5bb0222341acdbe2469bba,6c6abb921625dd44d3d406ce4b890cac,4,"Produto entregue antes do prazo, o relógio é original e de ótima qualidade. Não veio na embalagem original da Casio, veio em uma caixinha de papelão escrito Casio e não veio com a garantia. Loja targaryen",1,0.272,False
af3f5c0c1c21fcf744153e95b12cd31a,f0b96ba79d596f91b5ea273b9183b363,4,"Capa chegou conforme compra, qualidade satisfatória.",4,0.474,True
50f5a37a7c97417fcc0fd72a6371fab1,ba1f99140d4a9799217d7a9d67b8c1f3,4,"Ouve um imprevisto, q o produto chegou depois do prazo, mais em perfeitas condições.",1,0.287,False
3459b7184d2d6b9062ae310385725e20,ff6b6db3d3c1548c9b511a5320ee27d2,4,Preço bom porém entrega um pouco demorada apesar de dentro do prazo.,3,0.631,False
89cebf4af4d73752961c0e04e808ffad,3e1897c6193a83db67bca47e9cd163f8,4,O produto atendeu às minhas expectativas. ,4,0.511,True
7dd163fe175817e9e57f965a4382ecab,c1387d81aa7018f9ecca06376610696d,4,Boa compra.,4,0.451,True
183340d3d7d5dd7d395154f0bc53e3c7,680179732742008e49abbe7724279a81,4,"ENTREGA RAPIDA, OTIMO FORNECEDOR.",5,0.649,False
757bf893f3f15458de11786cdc0a6588,8f6d8ee78537f5977e5b70a12761403b,4,"A atendente do baratheon, por telefone, nos informou durante a compra que o kit seria com 5 refis. ",1,0.362,False
08c574e4d62a6bf6eaf33ed9c9d2d074,17536125bc0b2189e30b5fa945a8773a,4,"O produto deveria vir com parafusos
",1,0.56,False
9a89ed19650141e72c62b333ebed8104,f352ac1d5c7a30a8108382cdb40facc6,4,Chegou no prazo! A caixa é muito bonita mas peca um pouco no acabamento.,3,0.471,False
9b3befcbcf41e8c3017ff0df7de79b8d,0667371275636232a05d55f2a8eada60,4,ok,3,0.495,False
380884f53f113319198a99516da2ada4,109294a0d68947b6b49c0a59a8f951cd,4,"otimo
",2,0.3,False
daa1d2e12c4efdb01014260803602e82,c16ec8e984cff6fc7c08ca725f3ea5d9,4,Entrega é produto conforme combinado,4,0.453,True
d5cfb5a153d532821440086750c51741,bb8d02c6bd5c148f41176b66ee1ae726,4,Bom,5,0.49,False
78b83d38b664523542c97e11d45ae1f2,6df6e5a717575661689cad7b3828358a,4,O serviço como um toi foi bom.,4,0.41,True
3a0a9d9d4ed9e6323a527572187a987d,69c7a1e070c1759e15f7a5fd24c36e5b,4,Recebiemdo o produto no prazo produtos de Qualidade eu recom,5,0.558,False
4b4c9c7cb84d85d4b61963922ebe75bd,4822b9a2b5589396deb0956b2b844afa,4,Recomendaria sim,5,0.32,False
5e94351ca595c28811db13be59a95fa6,9337001e908fabd60aad0728f4a8f5b6,4,Não recebi a NF da minha compra. Exijo a entrega da NF.,1,0.755,False
39ea9e7ea4a606b0d7b32525bc323fb7,6514f4ab77bfe2791416987c6c136b84,4,"Só não vou pedir pra trocar porque eu vo ter o trabalho de ir no correio!
O produto veio com uma estampa de caveira mexicana que não constava na foto eu queria sem essa estampa mais infelizmente .",1,0.648,False
acc9eeef1542ba643a5c3fd1d69eb398,0f67e615d797da223ac5601b9b08b180,4,Gostei do material bonito e forte recomendo,4,0.451,True
970f50a599c1fa87d8bcaf649148997e,5384eba8f22866695801e33c6dc25745,4,Produtos conforme descrição do anúncio. Qualidade satisfatória.,4,0.521,True
588f0b69a48c75416fde15f7ec70c637,6ccac061be472c84db514aca9acd26e0,4,"Embora eu tenha comprado o produto errado, ele foi entregue antes do prazo e em perfeito estado",5,0.237,False
a10b9603e11bb11a53741cce4662775b,46a960198503941a98246a108f151e0b,4,"Das 3 unidades, recebemos apenas 2 e não temos o código de rastreamento para verificar se está pendente a entrega nos Correios. ",1,0.624,False
bb4dd4d6ab24778dcc344d50acdf5507,d7ebe26f7b9c7600c40edd2b0edc7afc,4,Foi entregue antes do prazo. Só não gostei da qualidade da capinha do celular. ,2,0.442,False
90974ab9857ddf72bd372132de69a304,df87f618719ef397d4681011b2e2e934,4,Sim eu recomendaria o produto chegou antes da data tudo certinho,1,0.314,False
37c4111848e2210d47f4c7caddaaf8c5,6744ba320cc05c157f4ce99347a87e12,4,Produtos de qualidades ta aprovado...,5,0.397,False
33990ce545b3096486e0ec163c9b3b63,bd02833fc86efad05af6d9d8cc4a8b3e,4,Muito boa,5,0.649,False
b74cba1fc2734020bb720f277821fbcc,5f4415c3829ad05566ee455a5344d07d,4,Bom,5,0.49,False
eef6687aa8600d8dc74773969b43b680,58cf4bf760edf8c8fd391eb871b0eaa4,4,"Ouve uma demora para a emissão da nota fiscal, fora isso veio tudo certo.",3,0.297,False
393d4ccebffa1f16690ddd3b0f8081ee,06ed17679c8b0ff15675069ab6217783,4,Apesar do atraso...Recomendo,4,0.43,True
7a7cfd43f9b3c7ef29c931148e40aa61,d8bd1a832e609b5dfb2e9ff4591720b8,4,"como eu esperaca
",5,0.541,False
b2c10736435b2f9d697693d77b59c71a,f6bce229e7e3fce75cf00f2028efbcac,4,"APENAS GOSTARIA QUE O PRODUTO CHEGASSE UM POUCO MAIS RÁPIDO DO QUE CHEGOU,MAS NO GERAL , NÃO TENHO O QUE RECLAMAR,POIS O PRODUTO CHEGOU AO DESTINO E É DE QUALIDADE.",3,0.492,False
6d6ea453f883cc2422868f7adb7dc81d,56181fe566dd895c41cb4c0665207b81,4,satisfeito,4,0.551,True
3d1390a72cc113bf50c51286747c0d3b,a3629884bf8956b0f572069b8a20cc55,4,"Entrega rápida
Produto muito bom.
Excelente. Recomendo .",5,0.764,False
97cd92cc53033431068eef4e4d7197e5,2a206d4997fedfb60455f2a06ae3028a,4,Muito bom.,5,0.664,False
604f8f601eeef7288fa7c835ef4e7f78,db32ee8b0e87ee3a544e6bdb2a69d749,4,Só demorou um pouco,3,0.543,False
e2602ea0e89b5b0787597ee38ea88673,455a06b2c87c0974656c52d6f315d56e,4,"O produto ainda não foi usado, mas como primeiro teste, está dentro do esperado.
Já o prazo de entrega foi excelente, chegou antes do previsto.",4,0.415,True
0fea448b8b293c0becc37b67d2ab4f81,9839df28efff4e28f25b2cebdda3aaa6,4,"O produto foi enviado rapidamente, loja eficiente na entrega! Recomendo a loja a todos! ",5,0.619,False
d96d0328721fcb67ecbd0f152978a96e,4ee4f0e0b56bda44d48cac579f3c5908,4,Produto entregue conforme expectativa. Muito bom!,5,0.558,False
097723befab656359201b27b99e044f4,9376d48a8f0dfe09122a2e197aee2436,4,"chegou bem antes do prazo, direitinho.",3,0.33,False
d9eb99de30371216a601a7d9ed148919,657d6ab783018d32016fd49494d5cf4e,4,Recebi o produto muito antes da data prevista pela loja,1,0.314,False
143c2a3fb1ab65d0973ab37965d26819,beb1c748e3742c97274d107f109c6298,4,"amei o produto, super fácil de manusear e a lannister está de PARABÉNS, pois chegou BEM ANTES do prazo.",5,0.357,False
6030eda8e6dd59ef5142b7749a94d683,73ef343c9dbf2f6d45362c9bc150f4b7,4,Tudo ok,5,0.464,False
54e7b833d806e3071d1b7fb0934f099a,526043f9d39d510f7a79547410cd3318,4,Do jeitinho que eu queria ,5,0.477,False
b200aa07470794e4c428a08171f3d8ce,2b0fac8016e16d2f605fcaf2c3a8db95,4,otimo,2,0.3,False
442f1a44dd6491705f8bdef892cbec87,441ab430a31f0c3424c85496c65bc8f2,4,Foi comprado para meu cunhado utiliza-lo no dia-a-dia. Conheço a marca ALCATEL e acho que este aparelho será o ideal.,5,0.615,False
3e8a1c9b026008274e1623eb24151959,b7f9ef5debe4cc9e54333fa441e8dfd4,4,Muito bom atendimento e cumpre prazo de entrega ,5,0.516,False
167e396cd8108e54fa20f405f281aa91,8c3651ff7833e7345fd13c7132f9880c,4,"O produto foi entregue, entretanto com atraso devido a problemas com o correio. A loja se demonstrou atenciosa em resolver meu problema.",3,0.418,False
e723ed85e1f4b217802e4df4848c63e5,9058bc799c3791077efb3aaa8e0d5e02,4,Foi bom tão de parabéns,4,0.396,True
7f4dfbcc9e538656a01b31728abfb68b,7a0eb0a897a19d67575a24798ba26fc5,4,É de confiança pode comprar que os vendedores são top,5,0.687,False
369ac7d29d92e2fdd6ea167f74455dee,a8385b0ed2ef8109ce800b799f53fb7c,4,"Entrega super no prazo,só não usei ainda",5,0.608,False
26ccedab64af303bfa98ffe1765572e0,f2b00200fa3b427fee60eb4fa811720b,4,Tudo certo!,5,0.567,False
87674a5ea0c06831e1b50a18c14208d3,047f9a218bccce8342d77f72c2240f8a,4,Produto veio com parte amassada e descascada.,1,0.588,False
ab8a0966eda906eecdebcc544e58e37c,ddf2697b0c774f17d443112b787af490,4,"Grande , cabe bastante coisa!",5,0.428,False
a2bba47c9e9ffe3f494355c70dfeb669,1e5ce0718c723a6d1a6b486ab15ac17e,4,boa,4,0.407,True
4f3b396773f0c9b12d48d1310040cb5a,5514f341fc1dc2f32da4facf97699be2,4,muito bom,5,0.646,False
8f8c7d7d8a06b8d0e7bdb31a94d8e814,2db4d7de1f3f3a182139f64acfa9ab25,4,Produto bonito com bom acabamento.,4,0.544,True
438904227597a964e3c16a2666541568,2285cbcd1e0676fb56344c2844df98b4,4,otima loja.,5,0.446,False
0755c7178625a1cd2bbe69e6193c10c0,ba6f6f90eeff8fa9dd5b4ec6ed8196af,4,"Ótima rede para levar ao parque, pena que não aguenta um casal, mas dá para tirar um lazer.",4,0.477,True
ec560cda39ef27c887c79bcb19f1c5cc,c9151302a710db6b3fd4aa4d140bd264,4,"produto veio correto,talvez avaliarem melhor o frete, pois, foi mais caro que pra trazer o próprio telefone",3,0.455,False
330d75fe1669e2e8348b43ead263125b,09475a764868b0fa004ced42388fe6c6,4,Muito rapido a entrega produto de otima qualidade,5,0.663,False
96e28a430f63ecaff86e347df6ebfabe,cd9fc86d944e6e7e6845deab57fdb8bc,4,"Recebi antes do prazo, em perfeitas condições, super recomendo, o preço é bem acessível e o produto com ótimos acabamentos!",5,0.77,False
7bb344dcbdbaf2377dd64bf374f71b21,dfc5a5525471e9341af3ad103adbef79,4,Loja muito boa,5,0.585,False
a8e9e483574cfa9e973a7ec23994dfa0,cf4eb4d5203f0c0d14f191c15de0743e,4,"Ainda não usei o produto,mas parece ser bom ",3,0.424,False
e34f4727d8360d4646ed5fea51bf29bf,ff455a4ac6c4471e4e1ddc55f6610e60,4,Produto foi encontrado com um bom preço no site e entregue bem rapido. ,4,0.485,True
2bd6fcb542c5c2457cd6bf409467ba77,36e954e851bc552fe31416b9cb10afd9,4,Amei o produto. Entrega antes do prazo determinado.,3,0.27,False
f21c150d6febf6a8700a22e570c10469,2cb6e38ed0cc360e8364ac92cbd72c6a,4,Ótimo de confiança pode comprar chegou muito rápido,5,0.562,False
407f328a4b8a496d0fa24db5eac85367,ba2e16aeb4e0a8e7f3d8eaf0ed7589e2,4,"demorou 2 dias a mais do que eu esperava
mais chegou ",2,0.402,False
65aa0469e987469d6d21e85b3a9aa1bf,b1fcaac6e8a89bb18db51bcb62c4a4e6,4,Muito bom ,5,0.646,False
c0414db8f49b5a73752e9d6f8fa3b179,9d1f7d7ab032ff42d6c6b9491e83c18c,4,Recebi a película quebrada. Estou tentando a troca do produto. ,1,0.65,False
6a236c9bd83281cf375ddc527ebc4f6f,35e848019d8ceb908dc3729407016572,4,Foi postado os três aparelhos com códigos diferentes e no site da loja lannister foi informado apenas um código para os três aparelhos. ,1,0.603,False
8e7254701f6a900b05d03d8c8ecb1e00,df9f35f4d3e966c35d7c1c81c4c7ba73,4,"muito bem embalado, mas demorou muito a chegar.",4,0.53,True
264d25d4ae03eecd10955fe8abed3584,e93eb47bed2556150d399b6cc03c4e60,4,empresa super competente entregou bem antes do prazo todos os produtos em ótimo estado,5,0.754,False
488ec1aa862d1f21dff2f2003838ca85,e6bcb00ca5426e9d00b50f8eeee367c7,4,PRODUTO ÓTIMO.,2,0.347,False
fbbea8d61e03a66ac97a97439b63ba44,b170989c8ac091e327b7ce5b07e72f4d,4,Site confiável,4,0.4,True
1d0aeb6111900967b6a253a7aefc43e6,d79458e753af6edec4b2c73e07ddf01b,4,Bom,5,0.49,False
91573d5fd14bcce85a7f767826df4ba1,0985a44f5d8e8bf1d6a48717584cec06,4, bom produto,4,0.467,True
012d9e3baeda875fa8f5d57ae2a9a2c0,33576b663693aaf1afd5b5920c37401f,4,"Entrega no prazo mesmo com greve do correios, produto bem acondicionado. Excelente.",5,0.694,False
27ffb37f01062a8aeb87292405be9131,08cdab6e94bb86120c0041ba5ce8697a,4,"Tudo conforme anunciado, produto de muita qualidade",5,0.694,False
a4333b97d8bcc3e31a9bd46bde2f3954,db738d19eb9fe6721be783d4e46f1c4d,4,"Amei o produto!Do jeito que eu precisava,com varias divisorias...chegou bemm antes do prazo e pra fechar com chave de ouro veio na cor que eu realmente queria vermelha !Simplismente linda!Amei!",1,0.522,False
24b905c7f7e530a8540bbc3185c409d1,c5739db7f3e9978c46904140ccbb6fb5,4,Bom,5,0.49,False
301c0d4a24f899b815cee1290b4a2a0d,17db3c7c3dc64b6f036bbe554a3520b1,4,O produto eh bom..e atendeu minhas expectativas de forma parcial devido a grama sintética ser d má qualidade..,4,0.427,True
f3cece7583fe7b6fb5a1ac93d3ea2a26,f53f689b6008c22da247ed23e3c0b685,4,"Produto bonito conforme vi no site, chegou antes do tempo, apenas as tampas que não fecham direito (elas ficam folgadas, acredito que seja essa a proposta) no mais o conjunto é lindo
Recom. a compra",4,0.424,True
714f48940d2d23533fc4489efa770330,858d458b39082890e96fbb1fed8c2a52,4,"Embora recebi o produto correto e no prazo o produto veio com Defeito.
Estou aguardando o contato do fornecedor para efetuar a troca.",1,0.361,False
87abf0314fd9c55ccc142329c872de31,b0bad9219303b3fcea179db39243f615,4,Eu gostei é bom produto qualidade boa.,5,0.486,False
1792971275893870276abda12034cae4,a794d432d0990aa47220cda510a0a872,4,Entrega rápida e bom custo benefício. Relógio automático Winner excelente. Pena que que a bússola e o termômetro do relógio Oulm sejam só enfeite. ,4,0.586,True
614a22fa215baebb562d9ab1357b892f,109b3ecaafb30490a70c27edf80ffa55,4,Linda cortina!,5,0.485,False
1d27ef2ef85b0a311d0e3c269982fd49,d1f61db27cb2ec79064854fc336bfbe3,4,GOSTEI MUITO!,5,0.649,False
a08723bcece623658bbf866443da37e3,9953966666a1f0ea583d94649ea21344,4,"a voltagem aqui e 220 v e veio 110 v , mas ja contactei e o fabricante fui prontamente atendido.",3,0.315,False
cdf892ab249922236a537111da93b508,ee21a244d02c03d23adaa14fe3049b88,4,"Tava tudo ok.so que o espremedor nao funciona como faço pra trocar
",3,0.422,False
4128cd59a4cfa91a715f59408c6f16dd,3fc0323af515c9e4dba71c703ac3d011,4,"Recomendo sim , porém comecei a usar recentemente. ",3,0.48,False
f1f7c913d396a687f021ae96b6f8a093,e437a323d90b04581fd8418d4afcce4f,4,"Eu tive problemas com o pagamento com cartão internacional, eu gostaria que esto não aconteciera ",2,0.343,False
7bbed20edbdbef40df091446cfd51c7f,1e0a395430b20ee676be812c714b1ba6,4,"Produto muito bom, confortável, ",5,0.604,False
f87b67c126dbceb8e017d8c1d624c029,07ba523a0c48b0ae0920551684e13ab9,4,"Mercadoria entregue , conforme prazos e regras acordados. Recomendo. ",4,0.504,True
a0572185f70c5b623ea7ae3bba6dd1cf,85485db1f11cb496d2fbd2def0d397a3,4,Está tudo certo,5,0.441,False
ebd8c36f73727c1d773bcc9ce716615b,dbf2c0164b592abca90f6c6817f37a9b,4,"Produto chegou no prazo, apresenta boa qualidade física e design, superando as expectativas nesses aspectos. Ainda não está em uso, portanto não consigo avaliar a sua robustez.",4,0.447,True
5389c422bb128098563b03d0a0cc46ca,2d609a52d61c0a90d5e88a143630bc7f,4,Gostei do relógio. Estava disponível antes do prazo. Parabéns pela rápida liberação.,5,0.435,False
a0068425b43637af7be0ee4fa3b8d4d7,64c0c5937e0922b1d2f1124087499646,4,"entregou super rapido,e é muito bonito",5,0.715,False
5b05252f188ad66c99a88f89a66e70c5,b3bcc046b1a81b0a1068f3b5e6de5be0,4,"Sempre comprei nessa loja, espero que seja somente um falha dos correios, tenho certeza que resolvera essas situação do meu produto.
 ",5,0.296,False
d08eff19eade5f8e065ea2884369d893,27d3cb85b133351c7a9e5d8d4e5f994a,4,"Produto bom, leve e prático.",4,0.515,True
4fb1aef3d4bd6462d6197d0da18b5543,da532fc1a4b9307f2d351689f9e39a4d,4,Ilumina bastante e a buzina é bem alta. Gostei ,5,0.48,False
788018f2a1e8cd2b63beeba502579989,5dc24bf5707bbc27e862fb141ac5872d,4,"A questão de recomendação é muito particular e própria de cada pessoa, por isso não a faço por questão de foro íntimo. Kotosun.",3,0.353,False
0fdc324d7c4b8e1c2776c0afc6f7294d,2ce188fdc7fb58e72c2adeedc6419827,4,O produto teve um pequeno atraso mais chegou e muito bom eu recomendo!obg,4,0.496,True
8c9a835d5da3cb015889fffdff3fc3f8,c754e56721e29d971fe4e9a005a3e439,4,Produto bem embalado e de boa qualidade.,5,0.47,False
1686bca09c7be45162427995db82d480,5a7ca318214b5a70fd94e277af9643f1,4,"Baixar o valor do frete, tem sido um pouco caro",3,0.47,False
bc8249fdce9317bbb733dda466471802,43c8d05a1478e794217ad3b39398022a,4,"Foi feito o pedido do produto,mas houve problemas com a targaryen e o mesmo foi cancelado",1,0.457,False
a6ccb69431b5bf95ef64045a357e0070,cd5be8f92135682a584bca7d11218aad,4,"excelente produto
recomendo",5,0.773,False
a6843675914cd7419092862c73ed0760,8e029d51bb988ddd1e92385dce8de59a,4,"veio muito rápido, recomendo",5,0.638,False
27f3dd0288e889b73cf7089510cc4333,1475f5ec3a992c94a397148561439873,4,Bom produto ,4,0.467,True
f12ec97a0a13728871b1052231495d92,3464107c541f0583d599cc7d335cb9c7,4,otimo vendedor,5,0.342,False
75a57717d1bab57f24eab4b3c638438b,62c5d13fc49db297fd55a998c9cde780,4,Produto entregue rápido e conforme especificado,4,0.439,True
2d741330023eb02054c89b10745ce850,74b142d6556fcd693f9151d041d3ef3d,4,"HOUVE UMA PENA DIFERENÇA DE DATA DE ENTREGA MAIS NO GERAL EU RECOMENDO
",4,0.419,True
347884b0292b83d18bc0de5dbc9dd862,ad48ecb306503a2b1707a029cc13a76c,4,Esta falando o aparelho j7 não foi entregue,1,0.729,False
531a57806b5e85b9b0cbcb1a7ab9c3f4,4186d97cef6fd694f27860fa65bc53ec,4,Só achei o tamanho do saco menor do que o original que vem no aspirador,2,0.412,False
cf30814d40224bd28afc845ee0759a1c,f596454780aa1b19597e739fdae8c56c,4,Produto entregue dentro do prazo e a qualidade do produto parece muito boa!,5,0.512,False
c0aa60d87dbed83c8e0621d963b1cb41,341fde35809d4cdae709b875a0040b23,4,Gostei muito do produto ,5,0.536,False
73baa1270fbabcd8e7da2044e887eaca,343ee80178e16012130cb0007eac5888,4,otimo serviço,5,0.62,False
475816c39c114375279b786178656f87,f4cb34ec54f101a3e81f542b1a81eb00,4,tudo certo,5,0.431,False
fbb226303116ac762114a91ac1adbcc0,f19d5645511d4cfda32b81bf9a99d98d,4,"A loja é boa, mas o produto é horrível. Um desrespeito colocar a venda um produto que se diz compatível com o Note 8 e não cobri-lo nem 80% da tela. ",1,0.531,False
f82219b1428ecf05a8fe7e8b21b2a6b4,35aa6b03b34d8d0a5c1eaae2bb5fcf76,4,somente demorou muito,2,0.358,False
97f5d5734c09483ffa237e11fa93870f,5a0aef62fed458de537f3edb8501befd,4,Ainda ñ recebi a TV e o aspirador de pó.,5,0.301,False
25a1309e4c43a0e88fdc5b54e2ab0abd,4af58f695f1f0ed484c93be8b6e8b845,4,"O produto foi entregue super rápido! A cortina é idêntica à foto, muito bonita e com acabamento muito bom, comprei duas! A 2ª veio com algumas linhas soltinhas mas cortei e pronto.",5,0.624,False
668f6174de19065eff87c66b58c5f213,fc3d87913825143fa41c48e40267c47a,4,"Comprei 2 itens da mesma loja, recebi apenas 1 e foi cobrado 2 fretes",1,0.785,False
44d57adc82e0981548685beef2e5ab06,233e61a3a3fbc1ea5c7349fa68eab1bb,4,Agradeço por ter recibo antes do prazo.,5,0.464,False
f48cbf56dcad60d04c154b8ca7fc8434,d7299ed1ce267fef299fca83511a0e17,4,"Achei, bom gostei recomendo!",5,0.579,False
70b326d764fcfa18080b8c527c1f5ac4,494e5e7faa93467e7da809ca3b59c74b,4,mto bom ótimo produto,5,0.481,False
7a47744f9bb9118267c4fe09e811ebd9,c3045d518b2aca558afda924bec62be2,4,Só não gostei que os pezinhos do cesto são desnivelados deixando o cesto bambo.,2,0.486,False
8b832fdd6f3dc7e472fa99eeb7befe48,10b2031a821c35b0cf0c9ff505eaa456,4,A parte externa de plástico veio quebrada pelo visto foi por queda.,1,0.562,False
3af8148a09b008f63ecbcbe702fc04f1,63dd1232853b91debb2470c70da85dca,4,Frete caro,5,0.319,False
01829381f3e8056495cf3c43122cbada,aad7d7dacb681055d348e02842f0590b,4,gostei!,5,0.576,False
46296f535662f46042efdf3bc2af4344,3de0dbeea06cef3f62afd5bb4f225384,4,"Muito bom, e chegou antes do prazo",5,0.658,False
77a9cef6c17c906bd6bf309a6e309537,e862ab2c5b9da53dea30d39617038ffd,4,"Excelente, recebi antes do prazo. ",5,0.771,False
e872eb95470563c1b84a8ee7f83dab42,978c88fce8bfdad5559f67f50abfb7da,4,Ótimo produto atendeu as expectativas.,4,0.476,True
9fb12cfec1a9c791a31538b7c5dda1ad,2a677120e5ddca4e25eea9768d3a67fe,4,Entrega rápida e produto ótimo. Já está na minha moto. Recomendo a todos!!,5,0.77,False
87ae3a5be8d8157b1c4d825b1bf659fd,21235c5a99a117c776a72a4de3276027,4,"Foi entregue, mas produto muito aquem do solicitado. 
Veio a medida muito pequeno, no site de venda o ideal seria ter um link demonstrativo de; P, M, G e GG.
Att;
Laudenir Carvalho
",2,0.465,False
4a15c3168935e164df2af99a0d0e1610,5abedb82bfd5944d04bd7e074f189dba,4,Produto muito alem do esperado,5,0.562,False
2eeb04fcf7e522816748539bb7a0e025,bf855e7e3d03c67755603ee3ec6f740a,4,"Produto conforme o descrito e a foto, porém entregue fora do prazo estipulado por problemas no correio ",3,0.445,False
7edacdee92d0e84682fe83ffa918a9c9,d94c726dff2fd4e74f45a4fb3e3d07a6,4,ok loja confiavel,4,0.444,True
3061830f2882307a77ddb371ecb5b837,c4f67dd915abee56ff2c2bd41bbbed24,4,Muito bom.,5,0.664,False
85115810e3c998f60b3acd3d44dc72c8,6bb1e842418aac0c9c820afd3bb63a2d,4,Prático!,4,0.442,True
6f1ed2583098166b4c0ad1b4093cb918,f50f1c49197676d5ae6f4657605cb8e4,4,Sempre compro nas lannister e super indico.,5,0.793,False
f343daeabd1ad8af4444bf7283e35012,1c2dcebc8729b58ef305048ff12b1540,4,Boa compra.,4,0.451,True
bec8bef9b1bdf47993556153af5b78b8,5d90c606cb92f1bd781a311d5ab61a75,4,Recebi certo depois de transtorno na primeira compra ,3,0.28,False
a144b11ec2f767b6dcd8537cf48a4e4c,c30c32ccb820fc222d87bc0ea8b6eac3,4,ATÉ O MOMENTO ESTOU PLENAMENTE SATISFEITO COM O PRODUTO,5,0.493,False
27ba5e7f4fb966a3caaae8c0a3a208b7,0072847849eafe70995fa51a714c81ac,4,Muito bom Produto!!,5,0.719,False
e686b36bd6c8ec8604dfa95c3855ed53,57e06a3fd62185918d634d2ea59aba69,4,Produto entregue conforme o combinado.,4,0.455,True
8861afef43329f9be16bb2a321ddfadc,26eb89695b8e32d466d5fa42266eaf87,4,"É grande, O produto vêm com cor bem diferente da foto cinza x azul. Almofada bem singela.",2,0.393,False
33abd3b3c55b239fc2ddd1ddf7b30222,4d66d84298606d4fea8ade08c8b66d9a,4,Produto conforme o anunciado e entregue muito rápido.,5,0.553,False
9a950fef55ee6382f301183f24988fbf,8ed4df9e21def5033d20475c0e568c92,4,"Eu adquiri 2 (duas) unidades do produto, mas só enviaram (1) uma, porém na NFe enviada na caixa diz que foi faturado 2 (dois) produtos e foi debitado no meu cartão o valor total compra. Como resolvo?",1,0.697,False
9700a96ca589b42535ce5c9ef9ceca80,eb64ebb7904dcdeb9220cd737245f099,4,"produto muito bom, com material resistente. ",5,0.481,False
8feefe5eb09ece032f76fbbdaea27b84,526404bb2c3943e843e39ff556ce5f71,4,"Eu não sabia que existia tapete para yoga com 10mm, é muito bom, só tem um detalhe de um lado veio com uma mancha preta de sujeira.",4,0.491,True
52ef81efad8a139dda777f6eb5b7c263,c1dc9326b9f99f2db29af061a59cbe8d,4,"Gostamos muito do produto,veio exatamente como consta no anuncio,chegou no prazo ,cor exata azul marinho,custo beneficio maravilhoso, excelente!!!!! Recomendamos simmmm😍😍😍",5,0.815,False
98d719e4d24a603dad56d6404ec3aa92,27d0c14836e22de7dafca58c79cbc90c,4,O produto não era bem o que eu pensei.... Mas foi entregue de acordo com o combinado... Até mais cedo do que a data prevista ,2,0.431,False
354982346396ca233c00e921e7ae2de1,a7e1fc9c679ba035ffc78b021f142edb,4,Muito satisfeito com a compra produto de ótima qualidade e a entrega foi feito antes do prazo estipulado. ,5,0.653,False
8017df61929c5df2ae4a1c72a8fbfbe0,aad1aadc97a6cf012005f7a069df5005,4,Muito bom e rápido!!!! Ganhou um cliente!! ,5,0.771,False
472da10b174d6d282fca5b924cb544bd,1960bcbcb43dbc59b615f82547e10203,4,"Costumo receber os itens bem antes do prazo dado pelo site. mas como o Correio anda atrasado, desta vez foi no último dia previsto. ",2,0.341,False
cb987ccc4c269c54490d5128fce85f06,3262303e2eba3a73ec669ac0bb7411cd,4,"Produto de qualidade, entrega como previsto.",5,0.536,False
47f27f4eb37f314733e7afb331692b95,f313be47c42e07616027ad6d6ac3034c,4,Obrigada,5,0.379,False
a0e7ababec6161431a7cad78fcbb0514,541ed556b294e1dc5e80fb34a44917d3,4,bom dentro das expectativas,4,0.409,True
1d98c39b341c2eac4e37aa9909fd72c4,c33548afe8a1590b82f9f0c6141ef508,4,Bom,5,0.49,False
8d41315a37dc1489e49db4fcb78c5e6c,50345d40b0f9c76464f67c9971bf823e,4,"Achei o produto bonito, chegou certinho. Só é menorzinho do que eu imaginava e frágio. Mais chegou inteiro.",3,0.608,False
4667e1e00aeb41cf18e8fc65cadc89c0,c617b81bdf196a2a7f3f4f9b68439ca7,4,Recebi o produto dentro do prazo e gostei muito,5,0.567,False
dd214cc9c026cf838cdfff81d204cddb,6e468efb1a072c6e6824d7918f2eb206,4,tapete muito fino...bonito mas podia ser mais grossa a parte de baixo.,3,0.6,False
dcc977ea9eec8ea9b484bd330c197f9f,dee55178829a36ebb42b7a3aba84c244,4,Produto entregue antes do prazo!!! ,1,0.269,False
6017090e39d249d019232b83d29eafa6,a0fa0b83af43ae62c675850384f13cdc,4,"APESAR DE TEREM INFORMADO QUE HAVIA PROBLEMA NA ENTREGA, FOI ENTREGUE RAPIDINHO.",4,0.366,True
151de97880159f443a71eb8c8b03e4a9,4bd1099b6061705c9dc280f3f0c4324a,4,Ainda não tenho nem uma opinião específico só achei bem pouquinho o conteúdo mais de certa forma eu já sabia. ,2,0.421,False
1eccc0494d87990e7d68c323170d5a40,71296f82a6d5877cc431e71d741a6500,4,"Produto bonito, parece de boa qualidade, entretanto, nas imagens do site, o produto parecia mais robusto, elegante e com cor uniforme. O tom varia...",3,0.556,False
ed7c3557feff020013daa649c55be81d,1f68fb8b75dab6bde29558a8f1c8fe34,4,recomendo,5,0.511,False
ca7eb54e8de1961a04b63c17a209c366,677829eb9901f0a1e2fc70b129937cc7,4,Antes do prazo.,3,0.234,False
93ab382ace8d9c13c2f4b5981cacdc44,9d74929fefd45dd3ebce40cc681596b3,4,o produto foi entregue dentro do prazo sem problemas.,4,0.391,True
f240ae9f0365c1065a003bff86386454,623a8e9b048078646d4f089d9a89acc6,4,"Tudo nos conformes, ainda não usei mas veio de acordo com o que visualizei no site.",4,0.395,True
7e76517326884f77cf011ec214f2cbd1,8f63d71ea8a3f42d0bec26ef31cab14b,4,Mt bom chegou ate antes do perildo,5,0.407,False
718867adcfa587a171f8f3082f07ae36,10247742e08ee32225ec4da5725ead48,4,"O produto é o esperado, mas quem não tem ótimo senso prático ou conta com colaboração de um técnico, não compre, pois vem todo desmontado com cerca de 300 peças e com detalhes difíceis para montar. ",3,0.479,False
4735abb6ba2b0a5e4f712fe5eba4411a,4a8540117ab8b9696ac6ffe3b37e4acc,4,So achei complicado porque veio desmontado e isso nao dizia no anuncio. E deu muito trabalho montar!!,3,0.446,False
7a7c67f911f373945a464dbfa994da0a,4bbf3cd0e516cad47209a71b4ed02f94,4,bom!,5,0.504,False
a78426ceb4d5f84ed32bea9b1e0d99ad,adb0286228ad54df30059afbf42243ac,4,Chegou antes da data prevista. Satisfeito!,4,0.523,True
2dafe9e7377a140de1bb73e7e738715d,76237b6fd0f721a714d6bb93439858fe,4,bom,5,0.49,False
cb2dcad47d981297b7c94f4b246a7eda,1634d04100d187e0f985f2eb2909cba1,4,já fiz vareas compra no baratheon,1,0.46,False
873200672bcb18d7930c10eac012f5e0,a13d02b31625a8f75ca5aa080d698c8e,4,"Minha compra foi bastante simples, mas tudo perfeito e chegou antes do prazo.",5,0.508,False
9abb8f8b2ff7513aaf36209e22eac9c3,6bdd3d39bb6fb16ef69ef3141a3b13f6,4,"Apenas achei a cor muito diferente do anúncio, mas sem problemas! Produto de boa qualidade ",4,0.537,True
c0e7d454f2a0c484785d15034db90244,678ec27e8a4c8d92384bd0834f21b308,4,"Um parafuso veio com defeito
Tive que adaptar 
Deveriam testar antes

Mas no geral produto ok",3,0.444,False
61a271eca0ed85d04936382e3b9829a9,4638df545f7ab35cb2e4ed4bcb490e17,4,"O produto chegou no prazo, mas recusei no ato da entrega por motivos de desistência.",1,0.432,False
aa96f8f2eac35cebbf5592e07da52d11,6fc237eec099504ef31e3f3896596be7,4,muito bom atendimento e entregue no prazo,5,0.571,False
946f5e3f664cc5ec6778e1aedd9e32e3,90e7e2115b8dc9871bde5f581fc08313,4,Entrega perfeita material bom...só o tamanho que errei.. não serviu mais vou ficar e de para outra pessoa...o tamanho m e muito pequeno.,3,0.463,False
47ae1a9af4344e3a438825e0abc88cd5,d066a1b39a2761019f3109572b3b0db8,4,comprei tres produtos so recebi um ate agora e os outros dois cade,1,0.313,False
56b97c730d59e1c010d4e18ff1ba85a6,391cd3f7e6052e7827a66f333705099b,4,Ok,3,0.495,False
b2d03e4b730e0b8edb648ecd754a0eef,14e3b02a42f36ad7bdcdc8a0df427be3,4,"Avaria na embalagem, restante 100%...",1,0.415,False
d61e8b827c8dd98eceb79587b52f031b,f50c508e5c3935a9cb46f735e630d88a,4,chegou direitinho.,1,0.4,False
c4721251e033faf26a3ce626934f9628,903554ca228ef992478ff8d6730cc2d0,4,sem comentario,3,0.293,False
5e2e62cfe04ecbe3d038b72664e2b3b2,e4c6165044d2aacdc886826704d0ba2f,4,Bom,5,0.49,False
711db77860b9a1a3740655fa71b23511,194f1c2a129a89001a71ac255d239fff,4,"Minha prima que indicou o produto, ela gostou, estou usando agora, vou vê se gosto",5,0.53,False
d21eaed16dc53777f0228cd466cfe7b8,277ef68319aa0ee0561831fab6e9e0aa,4,Como sempre as lannister cumprindo com seus prazos de entrega e produto no mais perfeito estado,5,0.583,False
8d88c67a3ac9bdb93922e7664d6c3690,ba7da71e493836130bdb223e6e2fd4d4,4,"Passou do prazo foi entregue bem depois, mais veio o produto correto.",2,0.371,False
578fcf3f7682b40525410b426451497f,c557060689aaaae43b1c0369e2a1e221,4,Excelente produto.,5,0.802,False
3322460564fc8f370b077b7e49d733ad,b75ec2d4ba9e40634c65c4b6be946b6c,4,Veio super rapido excelente,5,0.827,False
ffcfa167ce4d48d3306067dc14566e42,48b7d84507eb52608a007fde9d641daa,4,Muito boa entrega,5,0.621,False
d120509ea0e9ce9c8bd555f948c7c3bf,dbc578f6daf094e54db6224e96514e09,4,"poderia demorar menos pra chegar né kkkkkk... mas foi bom, chegou o produto certo!!!",3,0.471,False
84979ceabf6845055514f1b835d768d2,219073ae370b0272fbca714f81a67ce0,4,Boa,4,0.407,True
ad0bd5e96d27a747be07e136ab2d18c0,c0b4ecd5c557f1672e88baf19be9d037,4,"Estou avaliando o fator entrega de mercadoria, ainda não instalei o produto para ter uma avaliação completa",1,0.429,False
90c556f952561d651a03be086336f709,46e8348ff73e64f24843a7d2fad9fcfd,4,Muito bom entregue no prazo,5,0.597,False
2204679c29266edb27deb6d707ed060d,bb6ad5da18745c25ea9a43797598dfb7,4,"gostei do atendimento , recomendo",5,0.45,False
a2d19e7c34b8c7ada083546759f00d51,460b00ca293dcd679c0c580ec1982f64,4,recebi antes do prazo e em ótimas condições,3,0.274,False
3f4f2a137c5a4e6f6c8601d5cd5c2e93,5f2f3348a05e38d5f31b04f858c606f4,4,"Prático e fácil de usar, além de fácil de lavar. Recomendo. ",4,0.517,True
98e9abff81a4968230b01acac753828e,5340b130e66f95396ce83ee3f6d36ee4,4,pedido entregue no prazo,1,0.609,False
18286d3788c50208cca8e9ce27804015,d5a0359c9a84924aa4c85244ff60c1ef,4,"recebi no prazo estipulado, quanto ao produto ainda não tive a oportunidade de usar, para externar minha avaliação.",3,0.302,False
8c2e99efb896af21a3b86d16a455db4e,7c40c1fdc6c80fb91892fa1cd0b79d82,4,"Faz pouco tempo que tô tomando, não dá pra falar muita coisa, más pelo menos é diurético.",3,0.444,False
f559465cc5ef632af3bfc8ef12501b9d,343a5573915ce27b1a6200e1656b5049,4,"Ótimo produto e tem uma boa qualidade, tecido e costura muito bem feita.",5,0.691,False
530ab1a6357f600c5e49ac2ce88a8ea8,f7edcde7bb586c1b9465d46632f4e45f,4,"Não é verde....é um azul esverdeado.....
Ou verde azulado de mais!! É bonito. Mas não irá me servir.",2,0.516,False
e0d45295ba3e8bf652fecec118af4fde,767f00750341a13761a30bb3d0447229,4,"O produto funciona bem, é um pouco duro os botões , demorou a entrega por ser final de ano, mas já comprei outros produtos e a entrega é qualidade são bons.",4,0.575,True
94ba8aba0f1e4eebfdecf77dd09621ae,61c79497eea86e34bf9354c13313b7a8,4,Chegou dentro do prazo.,1,0.373,False
900f11b43b3c4a274781d3ce25ff8053,d3e1990c95a293c07983a54bfd02f062,4,Eu recebi o produto corretamente e gostei muito. Dentro do prazo. ,5,0.518,False
d29b118714a36dcd1a7faf100c4870a7,4a3b5641ebdc66e5c3c2a2d2e6633587,4,"Muito bom, recomendo, entrega efetuada antes do prazo determinado.",5,0.617,False
d1192467387175d8068db87723053ae7,0ce1d0a0c2f36c2ba5f02094119bbebd,4,"Tudo certo,mas na foto do site submario o fone aparecia com um cabo p2 auxiliar que não venho com o produto.",3,0.336,False
2dfa1aab9c3c55ed6d820a32a755c637,c5a28b8419934838e84eb4e5aef5a3b5,4,boa,4,0.407,True
0be9f7d8d2475c05ed4803a987983ac1,87787efcca530ffab1191c66c2023af4,4,Produto bom e chegou bem antes do prazo,4,0.495,True
a5f4506cf5b14bde91f56f55710d1657,d6bb1f2d6bbaa5c7ed01225a4eab7dc2,4,"Tudo chegou rapidamente, bem embalado.",5,0.544,False
2211b6c7a61c868164cbac342338de1e,cdf746aa8492ace4e8785a606adf00f4,4,Vieram peças incompatíveis com o tamanho do acabamento do teto para a instalação. Tive que me virar para conseguir instalar.,1,0.428,False
ec65e8f35dd170f947e488bbad1f84a3,a9da66f1dfe4cca8956f5e74619c2cb9,4,"O relógio é menor do que eu esperava, mas desperta alto do jeitinho que eu precisava, só consigo acordar com ele. Chegou antes do prazo, que era de 1 mês. Ele demorou uns 10 dias para chegar. ",3,0.452,False
87372d62475088a990fb966efae35790,f31e4f9ef9c06d4ec8fe2cb66c65e384,4,"Demorou um pouco pra chegar, mas dentro do prazo. O produto é lindo e pelo preco ainda melhor.",2,0.545,False
3dc475ff52641ff5a077254d7fe582b2,53b48de8c162b1a00ace27c3c0a9b148,4,minha filha adorou.,5,0.675,False
1ba0366c266ac5545635373d9928c2b4,ff54387ebb9660cb3ffc874139e4bd56,4,"Adorei o canguru, conforme descrição, únicos problema é que se for mais gordinho não serve.. foi por pouco kkk e não tem nenhum manual ou folheto de instrução.. do resto tudo ok, bom material.",4,0.563,True
1fe5f56995e85f4dd0e2ac35b6cf171d,ba8c6767acf3744b63e5880f35d7e125,4,"Gostei do produto , atendeu minhas espectativas!!!",5,0.53,False
eff57380b87c5c182e3e38a8dbad197e,e7d87f6dcb51883dd0df89721a08492d,4,Recebi o produto dentro do prazo estabelecido. Loja confiável.,5,0.456,False
d47457479f67bdd526aa714fa08a2b07,1f6d522523ec744025ba19da53169f45,4,loja mto boa de comprar,5,0.393,False
e2ef15f7e4530d14985b64b27913f99b,d80faf302bbccea1f0b613d440de4d33,4,Qualidade do produto deixa a desejar,3,0.291,False
dfe2fa61fbd0ef0b89fdb502a71ed37e,9ee0fd6b317c26dddea4dc4347c8a82c,4,"
Muito bom o produto superou as expectativas
",5,0.631,False
4f3bc6e24657a382b33286bded4f8057,12e5dd0c975bc753570697dfc4901596,4,Tudo ok! Chegou antes do esperado e até o momento está funcionando perfeitamente!,5,0.711,False
f19f1775490da521b892e4b358aa4dc1,4389819b71f1f23563fa9eadadc12a06,4,Sem nenhuma ocorrência. tudo dentro do programado.,1,0.73,False
9f859569308b264c8c6bf6a0cacd7233,104b23439f7dc2291659a26f2237abdc,4,"Recebi antes do prazo estipulado,muito bom.",5,0.489,False
44748f6b763009656576517e65c6b271,9743ae99d7c809d4fe6e83fe7c72cd54,4,"Chegou rápido, dentro do prazo, as fivelas estavam meio desbotadas.",2,0.398,False
c9f0bfda9d080bf370410ac7029c5bd5,1b951d324afaebc435f2fcac5f8fef1b,4,Gostei da compra. Deu tudo certo.,5,0.556,False
838910043a76552e3c586b0602e49c85,3dc5765d7bb7f88008de8abf29320e5a,4,chegou ates do prazo,1,0.371,False
6420912fcbf7fdb3d2b8cf00b6fcc304,972570f8874c3f706d151201aca20e08,4,Ótimo produto mais o manual deveria vir em português tb.,3,0.371,False
02e66ada7ab6db21cba9e7086a2cc31e,183ee0e3ebd4c1c995e5f9ac2d950ee8,4,Espero que continue funcionando bem ,4,0.438,True
f75aab521da4dfd6300635009bcb5440,bceb7ee558b90b3b5fe8965cc787d374,4,Otima compra,5,0.392,False
312ef4e8b97f773786405d5060a29bed,af70a5f50d99c3d85f9cc17bf5a854f3,4,"Produto chegou dentro do prazo.
Produto bom, bem embalado.
Porém, o prazo de entrega do produto era até dia 07/02, ou seja, do dia 10/01, até 07/02, mas chegou dia 30/01.
Um transportadora agilizar",3,0.472,False
90d280068f5b459616728957a6f71b83,f8dc34a2f4d0e6c9bc9f35cc0e4f5cd8,4,Estou satisfeita com a loja e com o produto. Compra rápida e entrega antes do prazo.,4,0.548,True
d525ae8f7f5f7176184eadc23a616e68,06d4759251d186697714a0c1a3fccb0c,4,"boa boa noite . o tablete esta travando muito
",4,0.469,True
184986641e8dabbf09f219c7535dd4e5,aafb89f11bef342ec3ca3571428ab77b,4,Solicitei a devolução porém não recebi os procedimentos... Produto diferente da foto no site ,1,0.662,False
6f60261ca485c3bd661c1160ac85fe10,850a46317b5a1b4eeb14f915fda637c1,4,"O prazo de entrega é longo, o valor do frete é muito alto em relação a Porto Velho - RO ",3,0.369,False
f5eb643a65f9bbfaa614a8a03444d70d,0ecd7312b4a222a3a86590e46f1c2b90,4,Excelente,5,0.786,False
83263ddf1ff34fd79ca04dc41d46dfaa,4c354e66bf6288f312055cb463829e71,4,"gostei do atendimento ,porém o produto nao atendeu aquilo que eu esperava , por esse motivo estou solicitando a devolução do mesmo . ",1,0.456,False
76397c6f870efab2424716bd96aa4caa,46a9ef8b08f32e1f040b1196a4b1fdc8,4,Será muito bem utilizado nas produções audiovisuais ,5,0.441,False
a50cfbc9683cb01373b6ab41c81584e7,0877034e4780ed6345f93f2c0e0d48ec,4,"Produto recebido conforme o combinado, tudo certo!",5,0.488,False
42046ac1ff12d64667dca447c2dcefda,2b57c696ecd14a037a58743e71c2bd39,4,boa...,3,0.437,False
1165ab8ac67099a5b73d44dffea550a8,4290ed1773c23fc8355ff8a696662879,4,Gostei do Relógio que comprei so faltou o manual ,4,0.356,True
308400be88a43702db20fbb71b6cff74,752c20debb41dbddf6f5898e8d83e766,4," A loja postou o produto de e mediato o correio demorou um pouco
",3,0.519,False
b329d37d7e1439bd478670fc9f5b7d35,1254db2858a5edb97a4c724409299e13,4,Entrega no prazo e produto conforme solicitado ,5,0.429,False
06a062247925c3473e4903bb35d6ab32,41b0453ab02025f52af28600854f3682,4,ótimo,2,0.3,False
f61751c6b0ffdac1b1643f2524dc6418,3e6cebc1c7e80e0a04824f7bf40eb239,4,Entrega realizada antes do prazo estabelecido.,4,0.244,True
126a70ba8052762fd33387f966bd406f,792295382332f1170f1edc45dfade051,4,Recebi o produto do prazo. Mas não testei ainda.,3,0.407,False
a33b20ebbc6261d6bea7c3c66f613cdc,6edc82aed8285a03faae5a51ed36eb0e,4,"Produto entregue no prazo, entretanto tive que pegar nos Correios, pois disseram que nao foram atendidos, porem nao deixaram aviso. Fiquei sabendo por email do stark.
Quanto ao produto é bem lega",4,0.349,True
bd26576eaf85aa202dfc26dfc09aa02d,2c898efc01eadc9d297ade3fd9fe540d,4,"O produto e bom, o envio foi rapido.",4,0.483,True
85c08c1da6ade649c3e5547cadb2fa83,0c7fc95baa5e16992ed412ccea7f28b3,4,"Recomendo. leve, versátil.",5,0.592,False
f3878551dad664b367fe4c2f0b058416,54536bfd6c2b325ae1b6c94e14aef912,4,"Entregue dentro do prazo, produto bem embalado. Recomendo",4,0.485,True
f8c23f00d0e08e517af7012633797622,c826a07d5cb930694861c4478383e5da,4,gostei,5,0.429,False
bb48fd166326524246a295e3ec76ec70,1d28af766063913e28a09606c0ee6fee,4,O produto foi entregue bem antes do prazo estipulado no ato da compra. ,3,0.335,False
5cacd4aa9aa5f6aa7f3e64aa8768e65c,c6948180eccebcf3de3c415cf66c4d31,4,Nada a declarar,1,0.604,False
db64eae011b526f10d2d6316b73597b2,67a2acb0fc862ad9d5ad0d2548966d5f,4,Superou minhas expectativas.,5,0.6,False
0703ba1a1a2279be90276bbf6044bf5f,8908ad12ebc283352dc07bb7040ba653,4,"O produto chegou em perfeito estado (até o momento). Demorou um pouco, comparado a compras anteriores. Porém recomendo o baratheon e o produto. Abraço. ",4,0.566,True
7626cb0f589711ff548340457c7893aa,df275b3b9c9f29071b451ae6d993ef00,4,Produto muito bom. Só o frete que é muito caro.,4,0.595,True
007b9a1a5048eea7367eeb4a73a84422,26bd0671edd018403939ee3037e81af4,4,"AINDA É CEDO PARA FALAR,POIS O MEU FILHO AINDA NÃO UTILIZOU O PRODUTO...
",2,0.28,False
0bae4f2238884c483c4d0dd9b8872464,312c70dd46ea96e94028c87931320097,4,Prateleira forte. Chegou antes do prazo.,3,0.261,False
f45398c351f06fda6902ea63e127a7b7,80a2390298a9aa384d2f36f18e5e4f45,4,"quanto ao prazo a loja esta de parabéns, mas em questão ao produto não, pois o produto que me foi entregue foi totalmente diferente do que comprei.",2,0.395,False
cb9a7451f82718bf1808f04ba9cafbca,fe81190c131e3502197b1a4445343380,4,"Preço muito convidativo, entrega no prazo,produto bem embalado, mas deveria haver mais cuidado na embalagem, produto veio solto na caixa, poderia vir com protetores para evitar danos, que não houveram",3,0.518,False
66f063cf0ce86fc1e949300679ae8e08,e2a0a74ea79eebb803a7752cf3b429bf,4,"Recebi parcial, faltou a capinha, mas o fornecedor mandou uma carta dizendo que será enviado em breve, agora estou no aguardo. Isso não é uma reclamação, apenas um comentário que ainda nao recebi tudo",1,0.572,False
57ec7785783f4ce8b5f649f9e6e5253c,0cbe8449b3c0fac35f49a95db13cbda9,4,Otima,3,0.267,False
ef88bf0898749f5fd8eff75d58ccb2a5,62f7289ebfb6bb8bcf133442c92558d4,4,"Uma das bonecas não é a que escolhi.
Bebe real lacinho está com a roupinha e a fisionomia diferente. Me parece que enviaram um outro modelo.",1,0.488,False
4090b3f2240c4877ad6ab23b88c16eff,3862ca36e4adb4dc6380e0b7819c752b,4,muito pratico,5,0.498,False
f974c7b1d486c68ef3f466fa9b0b4de5,13c9b5d9c2ccb662b1d4e636b424de20,4,Recebido,5,0.379,False
06989f811e58fb44a3e9674907404c6a,fb5ea894786347722a854ef8fbad3e78,4,"entrega rapida, produto bom",4,0.48,True
d44b85fda6987ad606e1b7c62dd481e4,87ecc025e6e05e1bd65706f6d689856c,4,produto entregue conforme anunciado.,4,0.427,True
86e3571cc6de07d4f640eb2963ee7904,42ecdc74095df67319b9d2ce16c43329,4,Entrega boa,4,0.433,True
4e7c713e718a85eb2c58d2e65e621a39,d784639512baf997ba554af514e51246,4,Comprei o telefone mas veio com uma cor diferente comprei um azul e preto,2,0.322,False
adb1d5514dc49d9c6311197ef7598804,0dfa86a9022c9929b3d7311150151f68,4,-,4,0.282,True
3c989bdc0f91277d216c057240121be5,cca0f2f13b67b19407e3300a249bd506,4,Entrega rápida.,5,0.503,False
22784a945b2945468e5ec37fec0398dd,5c36bfa841c242e151f81825303d9591,4,Excelente.,5,0.806,False
b6b911bfa77a64e9d7ad9a576ff1658e,0441b92c70bbdc1ae99a187e05d52621,4,Tudo boem,1,0.467,False
6c05656b093d1df05db715cca46e9dbd,cca53f6baff9286b728cc328ca7a2d37,4,Boa compra,4,0.459,True
be635446dfc207a862431f0b9af619f1,1fb40b224a9509697bacc23d3e160e4c,4,"O produto atende as especificações, mas sotou um pouco de aluminio no primeiro uso.",3,0.597,False
869696516d580a0871642308af4301f2,2927b6be262c5528b8135e5d330c00f9,4,Ainda não utilizei o produto,1,0.707,False
67e42b06c918ddff969c7eeb90c51e1f,030e16ae69706dde9e78557f9b501657,4,Ótimo brinquedo,2,0.291,False
f2606d8862f13f32422ba4eecbfcb2e3,d8b8d06e649832819245aebd5d4dd9be,4,"Recebi certinho,recomendaria...",5,0.458,False
fd6c50a3a29978d9b068c384c5f87763,d6bda96d49a85683ae8632732fb071c6,4,"Ótimo brinquedo, meu filho adorou a máscara.",5,0.638,False
e3f68ca53ee3f30f9f88c1ae21278f15,0fdc6ce12cb319cb9c173af525080d3f,4,"Estou satisfeito com a compra, daria 5 estrelas se o frete fosse mais barato!",4,0.545,True
9ed9a45da2571174bb728777487f40d2,6b313b07f096e0b9354fd4f097abaed6,4,"Produto ótimo ,entregue no prazo recomendo",3,0.355,False
811d8ca9aed81bc77532c084bd3f868b,d00179bc87932107ac934cad54be82c6,4,Livros muito bons ,5,0.584,False
8839ae72e97099ff10cf6e91185f65a6,03484f6953887cd37a7974b52f3107f4,4,Acho que deveria vir com manual de instruções de uso..,3,0.386,False
77d13644cfda101a7fe79d0676912854,b5156aaf024c8c29f06f62175e1ccb48,4,"Entrega antes do prazo, produto ok.
Recomendo.",4,0.506,True
9ad0fb6b6e9696a94b4da6498bf2d225,3df5b35afbdc0b5adb218570cc635139,4,"quando a entrega se da através dos correios, é satisfatória. Ja com a DIRECT não foi positiva sua entrega;",3,0.563,False
81bd5e4078bf11ae80a52bfc88c0851b,ae24b4bd36760cf8c026d52448d408f1,4,Nossa que loja boa chegou muito rápido recomendo ,5,0.632,False
ab5e4dc71186efec71ed96af93b49579,acaaf1ded8aad100b7760b0ba16aad86,4,"O produto veio em perfeito estado e está funcinando adequadamente, porém vem com muitos APP,s e com isso sua memória interna veio muito cheia, necessitando deletá-los para poder instalar o que deseja.",3,0.564,False
241ff13fa6d2c8daa1f91376005bf941,673f22f1a5f0f4bc22143d42b7c60fbb,4,A entrega foi feita antes do prazo. O produto foi entregue em ótimo estado! Recomendo!,5,0.678,False
16ddf589bc133f2c674cf34e90cd02d6,ba2317ad828792aaba0e51a272a3b9a0,4,"a compra foi boa só que não mostrava o tamanho necessito de trocar a bolsa para pegar uma maior fico grato com a compreensão.
Thânia Almeida",3,0.397,False
ffb182643040b0513d85c9729c3a97da,226dda5620db063cd962833766480273,4,O produto foi entregue antes do prazo. E aprovado!,5,0.436,False
50a2d2dd02b24cfe65b45ef40056a7e2,b7379296b019454685a1d8bbd412f36a,4,Ótima loja ,5,0.34,False
84eeec6f86165f5642105417ae02b714,68e4d20e5dcfc99ff04c7fc1ddc60c65,4,"A entrega foi bem rápida, recomendo a loja, já o produto, apesar de já ter visto alguns do tipo nas lojas, pelo menos o meu não inclina muito bem o puxador, não achei tão bom.",3,0.605,False
8694e0fbe8bd7dc740ba02da13cee9dc,b9db5aac3e7aaf40f7b79396800eef52,4,"bom,chegou dentro do prazo,estou satisfeito.",4,0.522,True
8f495603a92c21dda53f99f03cd618fc,b3ef4de1762699288ca5c55a1e574a12,4,"parabéns pelo atendimento, produtos entregues muito antes do prazo, e nos dá a opção de acompanhar o pedido, muito bom",4,0.466,True
a7ae38515a5d66cca11dcc508887ec2b,1ae6cdc7484c3cf6f29144b09d68f360,4,"O frete está mais caro que o produto. Foi uma necessidade, contudo não apreciei a terceirização das compras pela lannister.",2,0.389,False
9b784434609a14ad301249b6079d3b4d,8fc77c04dfa38df89a157e9e81a75ac4,4,Tudo certo com a entrega e o produto é de boa qualidade ,5,0.477,False
6dbabaf1063cc24c943d10b7588ab065,7a44fc15512ee942a70089553f28dccd,4,Produto muito bonito,5,0.586,False
6e6c313a3d831789ade4fc1b72f81df2,8d9341adb50a81fee7dd3480e9f34c2a,4,"Obrigado , estou super grato...",5,0.756,False
b997f2bb935f4bda7c9255e3d8dc1125,cd83ad740dd309ac88da603852ef428b,4,Até o momento tudo formidável,5,0.719,False
da1e88a4fd76a92a3e9bb41c2e7304cf,d691a7cd6c98cdda10a6861436c2f000,4,"Diferente de pedidos anteriores, o presente foi entregue no prazo previsto, não obstante o relógio adquirido - bulova marine star - ser bem menor do que apresentado na internet. Porém, estou satisfeit",4,0.484,True
7d8c62d8beed5c3b3fc52331e832315a,53bc886b1ad60443b3169542b7947f3b,4,"Recebi no prazo. Infelizmente a americana não me permiti comprar mais, pois não aprovou meu cartão de compras da loja, sendo que sempre compro no site. ",1,0.535,False
5a4083cb483e66fd62ace45ae023b2d1,fd79fe34d2fd6389d56e726bfc0bff4f,4,"Bom dia, o produto tem embalagem diferente da foto, mas confirmei com minha amiga e ela disse que era ele mesmo. Então poderiam atualizar a foto.
Quanto ao produto é EXCELENTE",4,0.443,True
71626ee0927463bf84e2cf507eb99ec1,f311dd8468b0b3ea94823b43c7708951,4,O produto foi entregue em tempo recorde e conforme descrito no anúncio.,5,0.47,False
75c5e2ff39d3b3511774c552605a1647,6ea6f5d85441b7bfcccbc44e082d02e3,4,"Produto entrega no prazo ainda não utizei a mercadoria mas estou satisfeito 
",4,0.489,True
927e697b86066a6c1d30ffef83263727,9bee2a0789ef47ce6515c171c803a285,4,"Eu amei a babá eletrônica, me ajuda muito na hora do meu bebê dormir no quartinho dele, ou quando não estou por perto. Chegou antes do prazo e em perfeito estado. ",5,0.726,False
b59a2dba2dc629d4b54edde5f43d9483,f68b65695da2c7beeee466ad1494f0c2,4,Bom produto e entrega no prazo.,4,0.524,True
7b8b935be7d60fd808be4d40f1c23361,6d4c45be223296bf5be3d2612fffcf3b,4,...,3,0.256,False
bf163b980b32994d18a4b94ae52ded45,5570e2ad4cdbe279714e82215dbca9c0,4,Bom,5,0.49,False
6dc63c2e861518895c21e9bc1530cb65,18edd05059b88de37d5667ff54a192bd,4,Tudo ok!,5,0.525,False
de6c9275ee157ee51c93c8b0f41bc619,dbe6677f2b80aadfa0b4b87ed71e7619,4,"Ainda não usei, más parece muito bom, depois do uso, dou outra opinião!",4,0.42,True
8f0c493900f638ca0c083b20148c33cd,5d4641e1bc38e17f79478bb33fdfbb0e,4,A qualidade da impressão não é muito boa ,2,0.49,False
ddae5ce609436c0c1b994249c19e6c6f,abc28055285d422fe7fd990935433cd9,4,"veio como eu esperava, muito bonitas",5,0.594,False
d01604d7f7367f02dc1244280c2b6350,631aac58d5fdf563c8a1439a6a551d5e,4,Frete muito caro!!!!,1,0.493,False
f1f1dcaaa157be564ae13aa803316688,4bad794236d71eada0390ce3edb591fc,4,Dentro do prazo,3,0.243,False
912a7c11cc111eb067f9e4e3fcd6b1bf,7d892708f2153d1763c61337cf6ba495,4,"Bom atendimento, mercadoria recebida dentro do prazo",4,0.547,True
e450f8ad10c8060c4b19da9178b8bc46,86d358acddab52d41c7ea21a648e40da,4,ddddd,3,0.281,False
a87144dfa7c06e05cc142006ac4ad6a2,f8cbe869cc12ad59a53e2efa569d7e34,4,"o produto é muito bom 
",5,0.51,False
196eda7b558c3f6750c4a8c8105fc3b4,1f77203b7fe6e2c54ddc8dde5276b9e3,4,gostei do produto mas o prazo de entrega achei demorado.,3,0.496,False
38c90d40db5d438662081f87a0800693,4b2dcf714729a31ae2d3b69b1dd35629,4,Estão de parabéns ,1,0.372,False
0f508c7aba0bbe43ee80975436fd3d5d,51c7735438088dc983751f683f652995,4,"O produto foi entregue correta e rapidamente. Já foi testado e aprovado. Sugiro reforçarem a estrutura plástica, principalmente da torre da manivela, para dar maior firmeza ao movimento. Obrigada.",4,0.502,True
8e4ecf703ff63fce9a5e593944116606,e19a16df2a341d8b50812fe1ae800366,4,Gostei pois chegou antes do prazo determinado,5,0.434,False
ae9cd1a207cd2550ea9fbf3e75e9d1a8,e5960ff1e95988c4839fb2aa27e6822a,4,"Recomendo, sim!",5,0.48,False
0506a3f1c6eacc9040a9538b1f7d256c,fc5d7fc2903cfc7a873e4669688028aa,4,Produto de qualidade e loja séria na entrega.,5,0.586,False
468e3f4526eac62fb52b61e046cf14f1,50b8c557d8dd265d4417824162c5888c,4,"Ainda não foi feito tosa com ela , mais em principio muito boa ",3,0.387,False
c43452be7fc7cc9959b9dc0c784884c9,8f83b7fcba464b677274cb8fcf22eef8,4,-,4,0.282,True
731f596695417bf4ddceeea2f8e0cd70,0ff3566a4db1d9d6c88e6350d7074b45,4,Produto de qualidade e entrega rápida,5,0.587,False
dc6732fe4a5d705cd35f0d18bd7c2639,7b417e4ab50fe706033d4fe21c659f3b,4,"eu gosto do shoptaime sim recomendaria pois contratempo aconteçe. claro nao e sempre ,pois acredito que meu produto vai chegar.embora esteja tenham entregado a outra pessoa. recebi produto errado",1,0.458,False
247e524579147b33a05aff4c499797dd,2a4e23a666338d87ea9c2777d71bed0c,4,essele,3,0.26,False
6c2858f36f1efda88b0086ac31c9628d,c42c73fa91d5ba2298312db542e280b6,4,"Produto correto, entrega feito antes do prazo estou muito satisfeito ",4,0.487,True
327425bbda502d806f410c544b730a23,0573b5e23cbd798006520e1d5b4c6714,4,Recebi antes do prazo! ,5,0.359,False
d9c8dca96ae87846b1529e768628d5df,9c91511c612eb17f1db8e983907b803d,4,"Produto entregue dentro do prazo... recomendo

",4,0.433,True
079b641979f340c789f05b5606375134,daec7c006304b60ca87044f26409ef2e,4,"Recebi o produto, a capa é boa, porém a película não serve, meu aparelho tem a tela curva nas laterais e a película não acompanha, assim sendo pequena mas vou usada até a comprar a correta.",2,0.47,False
8094797e1394b6ddeedfd8bb0c6cadfe,0236711b7bfcba7479639be980c21128,4,"produto mt bom,excelente.",5,0.656,False
7003fb59bb3fe558d415fcd300e302b1,ac1e2ddaa8a97a982f9e3bf625bca0b0,4,"Ótimo
",2,0.3,False
33380df83b071904ffb0a66be7c3d4ff,e35bd284b205ea082108ae3703c84428,4,"Tudo em ordem , posso confiar.",5,0.479,False
c26a0e9e8b25b8f35ade5ac0c498933f,711394bfbb9d7d943d8de2ddc5f59f23,4,Tudo nós conformes,5,0.577,False
1ce79b0e05dbd7ccf47b4dae23b4abfa,f05e7271c8182b1a9c40cc7154f63616,4,Sempre compro com baratheon e sempre vem na datas certa.,5,0.6,False
dae10d3a3a48c9755651defac2152d71,67ad45f6efc3483b12ad1dcc36d868b5,4,Entrega dentro do prazo e vendedor super recomendado,5,0.779,False
bf9977804ffdd2fef346c0033d82551d,0630ba8015b69f03e65dbe4be3aceb4f,4,"Atendeu minhas expectativas, bom",4,0.543,True
b8c4598bf1c247bfbc111e814bd85e1a,88d707d3bef4ca2fc83d34f2d899dea4,4,"Recomendo a loja.
Produto entregue antes do prazo.",5,0.45,False
43128ae907e356bb7cee854770fe5f42,318abae1b1ee9847e237ac1501e1d0e1,4,"O produto cumpre o que promete, mas achei a qualidade inferior a outra capa que comprei em outra loja. As alças para prender no encosto do banco poderiam ser mais resistentes.",3,0.766,False
b1866abaa94eeb51e6f2ce0710f674ac,383d164e3fb3bd64ffdc196f34f2d8a1,4,Produto de boa qualidade e entrega no prazo!!!,5,0.505,False
d3d9e611e01febaf816824045b6deedc,f1a1942c32bd91ad8368164ae571b8f7,4,Recomendo ,5,0.511,False
c5b4dc528c66bc0ac345c35c30a83e09,dd8b565021d8781e5b1a93e85ec5aba4,4,Tudo conforme combinado.,5,0.545,False
d0570aaf894bca43c5f5fa1583e2fc5a,3db2043174db8823618e67b7e2c8c3e1,4,Bom,5,0.49,False
cc89835c46fdde6815db0e29b7a154eb,a30016fdd70010d634bdbbe5aa016c18,4,"produto como indicado, chegou antes do prazo. ",4,0.262,True
19e9e540ca74b00d929f7fd0b17441b2,fd74a95ccfea489d33e78d0c076a640f,4,Só recebi um jogo de toalhas vermelhas.,1,0.453,False
59157e6780f768982752f897542d4625,c0e0337ea8446b1f9e9eee331b2617c3,4,bom! ,5,0.504,False
e91e0338c90467cc2674b11568ed18fa,e1c1e7f914409797c3cf9d3bb9f93356,4,"Sobre o produto n é bom, pq ele n saí quando coloca a escova mesmo com o potinho cheio de pasta, tem q espremer a pasta p sair o creme dental.",1,0.36,False
563b3426e49f0b82875311d1af344e90,8c300dccf86d2468e58d252d1c7377e5,4,10,5,0.621,False
306e12e73311cfeda246430071fd7c0a,8e4b89ec7102d637fcb7388ddc61d5c7,4,Bom. ,5,0.424,False
3253578b1caec2248115c2aaa61565b5,d4c9b64645181fa7193ab68ae9ed3422,4,"Minha entrega voltou estou com dificuldades de recebe-la novamente.
Motivo foi digitado numero errado do predio para a entrega.",1,0.655,False
180fecbd4b1e3ec85f2e0ecb4bc8d494,84afbd9804406ac220e80881c71fa060,4,Muito bom! ,5,0.726,False
929305a0c44b0759daab8174e7ff4aba,b85a7527aeed7648354efec94c8db7fd,4,"O relógio é um pouco pequeno, mas é bem bonito e de ótima qualidade... Adorei minha compra!",5,0.564,False
a67261d251896c8439edbef2229c1b6b,2098ffa11a9b2819ffd6c2f95683db90,4,"não usei para informar, logo passo uma informação.",1,0.505,False
161e636c63efb38a90ef8e391e454573,2cd29419827e04da5523a1af7419b2c1,4,"Recebi o chaveiro na cor bronze, apesar de ter pedido o da cor preta, nas imagens do site, a cor era bem diferente de bronze, era cor escura. Não entendi! A loja tem que ter mais cuidado! ",1,0.62,False
8e2be6e5f6d9a7fa17d0c3db2dd6697b,cb0168a6ece894f2e8329582577ddf5c,4,"produto de boa qualidade, como esta na foto fica bem em aparador pequeno",4,0.543,True
c6c9ec4456cb7d4b5ed2d2cc9675347a,3b14820d642ea72e95df3289b6539c1c,4,"Chegou tudo perfeito, muito antes do prazo, porém o pendente tem uma peça de plástico pequena, aquela que liga na caixa de luz, a rosca é curta.",3,0.426,False
f321c1844c1a4b2c4b7db45a1f4cbe04,1888f26c742f0f49046de7b25b975fc1,4,Tudo ok,5,0.464,False
87e2a75e23485157ab0786d9094ea5f8,021d35119e0e191a4fa47715d479b6f8,4,Muito boa compra,5,0.657,False
b76dccccf931b39da7e711650a4cbd2d,c253cb678b5c3b8e8c9a13fc97d8e7f5,4,o produto chegou no prazo,1,0.306,False
e5f9f233ad844f06a1b8243e8fb8d5d6,afe333c1956628d870ce89ad385f4e9b,4,chegou antes da data,1,0.483,False
2d20dedd394e3756844e723ae94b7a66,bd44e878bbfdde29ea540a99068c888c,4,Tudo certinho,5,0.478,False
9d99383acb7b715071874cc6474592bd,72c2a80ac95de7a1dcaca4f3ac3080b1,4,"Chegou antes do prazo. Achei um pouco lento, a qualidade da camera não é la essas coisas.",3,0.447,False
50386c7a98c71c4014fe96357b4dba2c,4b302339bcd1d3aaeb9b3cde326326f2,4,"Recebi os produtos dentro do prazo.
Obrigado!",5,0.446,False
700135724fcdc3170960fd95b8fb5904,bf013ab8da2ddc44737310fb1f58361e,4,"O violão que comprei é lindo, porém a cor do adesivo não confere com a foto do ato da compra, mas aprovei.",3,0.528,False
854f7806b3277ceddfd447b75fb503ec,aa65d58f7ec283d50195563c69c9d6da,4,Produto muito bom,5,0.557,False
512e04b1496cf1b8ce8bf4d00c635a5d,64618afe1b90ef2416d9c80631a15e42,4,demora muito pr entregar,3,0.324,False
4ef49df3a6222e8d85023c08abf1e7d5,9e96437ba8e86960a08b46716ccd3244,4,Bom preço e bom prazo,4,0.495,True
1df31ad0756f0b82f451691c03e11c05,4ca8a781d1f4b13e966bf35cdc333f56,4,"O jogo é aparentemente é bom.. só tive q fazer os arremates,(muita linha solta) mas as costuras parecem ser resistentes.... ",3,0.512,False
981009b78d18c9dc540bcb86f314d95a,fb3e580f779650bcf586bbdbec2858f0,4,nao tenho reclamacoes,1,0.443,False
a00038427ff0a7cc00e46913907d67fa,cbaa06517efa6c48a336a917c53e2561,4,Poderia ser excelente se o suporte não tivesse vindo com defeito. Foi só o suporte. O restante está perfeito,3,0.419,False
6c18e3c58b61715fb5768ca15153c4e4,f8ff98a36706c66da3a3f060a0ec3141,4,Recomendo ,5,0.511,False
d940002ed51a6722b0a95746d2845f85,aefdeb364dad62902b4e3a0b07b8a8fa,4,ENTREGA OK,4,0.402,True
bcffa3e7c6606af5e9889ca27ef49642,adb868b8d7d0bd7fa24ed186543075ca,4,"Gostei muito dos produtos, chegaram 9 dias antes do prazo. Recomendo a loja",5,0.656,False
edcef7d6c3bee52d3fc9a048100ac1c5,b9ec77884b9b01c77b08f954cbc97fd4,4,Produto deveria está dentro de uma caixinha ou coisa parecida,1,0.398,False
7b8c98bda6c93a403c64301ecd6b0ab6,8c37353173db5c03df9e813cfe9a9326,4,Otimo nao tive problemas nota 9,5,0.393,False
513690cc07108af704fd80148645439f,4aaaefa45fefe779e9ab924f17eb4999,4,Produto chegou no prazo e bem embalado! ,5,0.563,False
fd61170dbbdb1ecf5ab8278abfaedcfa,67e554166ed3da3b14abe112395b74a2,4,"ao verificar o mapa no site não havia as medidas do mesmo ou seja 1,20m x 0,90cm",1,0.486,False
743e9c04d88f29add019c3d7c28ff01c,cb7def57f4ae68a387231ee8e446bd50,4,"Sempre comprei na baratheon e trabalho divulgando os produtos pela Lomadee. Bom todos os produtos que comprei na baratheon que foram entregues por uma transportadora, sempre recebi. Correios péssimo.",1,0.587,False
99adf0d42b88f9a42fe42e24c0b5fa7f,16ac52984591a32873cdec7382495c2c,4,Conforme o meu sobrinho o produto respondeu às suas expectativas. bom,4,0.534,True
625f3adf08fca557bade671baa36081b,87b8f9f472fb04cdbf53fb55a3591b5f,4,"o produto veio correto, mais veio com defeito na tampa, preciso torca~lo",2,0.353,False
d55591529e24aae7e3102ddce6050350,6dd1e9171ca5bf5283a7ba404d491d7f,4,"Chegou no prazo. Só não dei cinco estrelas porque a nota fiscal não foi enviado no e-mail, e a que acompanhou o produto foi uma impressão miniatura ruim",4,0.728,True
516e3bb4341b5e3114a6798d0409da3f,13ccf8b8e58a45adbc06ffb651474fdf,4,"A entrega foi feita em menos de 48h isso pq fiz o pedido num domingo a noite. Porém nao funcionou pois preciso de um conversor, só o cabo não faz isso.",1,0.521,False
694a8b7026e854bf304ed0de5b68f6a7,c02d8b5948dda3c7be497b0349c7256c,4,ainda aguardo meu produto ,5,0.505,False
e8a75f7e2acda95d2f8eee94c42a643b,a6ecdcdd328d131fadda339f95ca1705,4,Produto não encaixa a esponja e veio faltando o dreno.,1,0.666,False
e84a4b3bc3d5b9b5c6e5c0fb2334ee70,520a0432269a88e8665d60d74918f8b5,4,Ocorreu tudo certo com a compra ,5,0.337,False
08185dc847f92f23a986bd3ae5265181,44a7a7517b62c54dff21797684d6425d,4,Recomendo a todos,5,0.62,False
06489e11112e22a9af411dd86f6aac9e,2d9b91a78d7d0b728d2c29ce3006d676,4,"Recebi meu produto sem do jeito que fiz meu pedido ,fora que veio antes do prazo,gostei demais recomendado o site.",2,0.35,False
cc764327540e688898cdcb1df35ef00b,0a9ce4ac2d44f45f52feb4747f238d5d,4,"Muito bom produto, a descrição pode ser melhorada.",5,0.484,False
5cb8fc00bd3285470996eb4a945f2d6b,db5be41fbd2f5f305ddc8ca9c3dc473e,4,Não tem o mesmo reflexo do original (Reflexo no tamanho padrao)... +compensa o custo benefício!,2,0.397,False
04e00809c11b57811682dffe2c5cf1a0,19247443a7dfd6e4475b0e9b3fae86de,4,Bom,5,0.49,False
32f33251781f37f61a1916cf612d919a,6b3cdbed424d70ab56266c0b3e5bb413,4,produto entregue antes da data,3,0.267,False
69a84b77f5045d56773e49206cc5fd01,2e62dadd571541842fefc7c3b4bf4527,4,gostei e o atraso foi por conta dos correios aqui,5,0.324,False
d04c6293b10792389b9e366d1a0a0c1c,d29389c3c21bb08880e15429748e5ff4,4,"lannister.COM É CONFIÁVEL. MINHAS EXPERIÊNCIAS DE COMPRAS POR ESTE CANAL, TEM ME DEIXADO SATISFEITO. SEMPRE INDICO AOS CONHECIDOS. ",4,0.542,True
e9c7ba8c8a345787e96a548ec42178c3,b7a098563d93a0a1f918772c24ca3831,4,"O produto chegou com um pequeno atraso, mas chegou bem embalado. O produto é muito bom e recomendo a todos.",4,0.575,True
f4f806c4a445e09c19e3f820a12fd8d5,9bc2713232fd2a0d9a8f20562a408b81,4,"Produto entregue conforme anunciado.
Recomendo.",4,0.452,True
b3f79b50cb871014e033dfd4c5d7952a,09dd83f72b2516179cd46b81121fad23,4,"O Produto Chegou de acordo com a descrição e imagem , mas demorou muito Quase 2 Mês ",2,0.489,False
6c3ed1c8621bcf11c84c92e1733dde4d,7fda376286b806cee8955685bf02fc4f,4,Bom,5,0.49,False
f91eaff84eb6f2b8f5abb2bc5991dba9,2e4f64ec18ffd417ac0225cb9a48090e,4,Ótimo vendedor recomendo.,5,0.667,False
0c480e673a22ad07678a700da942b0e8,08445c33aae15e7639ae685a2763bf58,4,Recebi tudo certo em bom estado de uso ,5,0.546,False
a8ee9c10f2c14a7658fa1cfc2956901a,d9d8b7f0a98d33f05df5fce9f376aad8,4,"quando comprei, não me atentei que era uma fone apenas, pensei que fosse um par...veio apenas um lado do fone, mas tudo blz. ",2,0.447,False
8ded555533426026c1d699dfbf46c7c7,a90e65884b5ddd672fa889ed85cdf79f,4,"O produto foi entregue no prazo certo, só que vou fazer a devolução, pois não é o que eu esperava!",1,0.628,False
d979282a7fbf866194f592e80b6334a0,fd766da8b074a9d9399eee9b28525f83,4,Muito bom ,5,0.646,False
bf5d55a388d07771367ec1e99214cbb9,3a3aa033270279686dadf45ab96929e3,4,Estranho porque foi entregue de 01 em 01,1,0.538,False
2c4de4a10c0c5eaecab1c34b429661c3,7ca8c6011b3587c9b445d53f3f9adb7a,4,Boa ,4,0.407,True
35cdcb47d0c23f77c17d802e04c5132b,13dabdb9dbb49bde13dd90285c2640eb,4,"Houve um pequeno problema de entrega, mas ACHO QUE O PROBLEMA FOI DO CORREIO QUE ESTÁ EM GREVE PARCIAL",3,0.344,False
ced5e41d7d4d90db5bdeac1beaa6a6ca,32fc3f3218889905a42a419486582f90,4,"Funciona muito bem, não tive nenhum problema até hoje.",5,0.544,False
686e3545aee7d3d541c1e91c2985faa7,179b8db66f5362945c237b68bc358a77,4,Nada a declarar.,1,0.591,False
7d7817ab11aa94765653a32f10abdfe5,c5e754f77f6f127371e929ccb707fce3,4,Muito bom!!,5,0.722,False
ea12cd666e65ef6cfc48e7ddd8596833,93a157bd42d5aee115dbfbca895d9998,4,parabéns para loja e revendedor apesar de ter demorado um pouco,4,0.33,True
f34600b113903f0eeb59761085365045,53c6881417e68018f3caf8efba6a72d5,4,Recebi tudo certinho.,5,0.46,False
8c2530791b2510a4b8f474cc52f49847,752829804c0080d1b395f5c9e8801e39,4,"Produto bom e barato, não fiquem esperando milagre do produto de menos de 20 reais.

Porém muito bom mesmo !!",4,0.543,True
1ee0867aa8a9aa0fcbad09877f0fe544,ec300e68099785d2f09e65a62be091f1,4,Beleza. Conforme anúncio.,5,0.445,False
57df58b1d87458278ff680f0afaa6038,fd425f7c15eb3698f5b96153549b0f04,4,Tudo dentro do combinado.,5,0.335,False
68496f7311b6a2e88f8a22e7f7ad536a,abb7c138395463396390ee722de3f80b,4,"Além de ser um belo copo, chegou bem rápido, mas poderiam mandar para um correio mais proximo.",3,0.43,False
b0aaa8480b0db09f5f214472983f5839,d6e8c00fe3761c680d73781f517b7e63,4,"SIM REFERENTE AOS CELULARES E A CAPA EM COURO ATENDEU MINHAS EXPECTATIVAS, MAS A PELÍCULA VEIO ERRADA MEU LG É O K10 PRO TELA 5,7MM, A PELÍCULA VEIO PRO K10 NOVO 5,3MM ",2,0.429,False
4ba573578ef9ba73205025d483690779,8024bee268e76b6cff9da86da00f1490,4,Como sempre lannister entrega certinho,5,0.643,False
352187df523a978231f429a7233da517,a732b8bd0437cccab9e945143ad0a775,4,"apenas alumas peças que veio quebradas, melhorar a embalagem.",2,0.393,False
7047658ce9534af36e44e0c0f8b8af04,82a779af9bebb4de11f9eb1152112f36,4,"Mto bom, parabéns",3,0.259,False
7d6d12bdd868d7920328c8920e0a2330,cc5e04828d40b15276efba4b0cd1f566,4,"Foi muito bom comprar nesta loja, o produto chegou com 5dias úteis.",5,0.617,False
4bd06187331f689a56824b449a4d6eff,0ab3d92f71090c758d1df7ff889a9335,5,O produto chegou muito rápido! Recomendo!,5,0.672,True
901eadd4d61061aff1469b04adb432c8,c7792e68d2b059a30e1393cf164f9adf,5,"Apesar do produto ser de loja parceira a entrega foi rápida. E a boneca é linda: macia, gostosinha, muito legal!",3,0.275,False
4246bfab88ede2868225c59664b0e15c,320eb048096c018a52cf175bb6630898,5,Ótimo produto.,5,0.428,True
d768c5525408c9da63b901b8a03d7b8f,e6249cf2ec8f9ed63814e33eef1536bd,5,"Só compro eletrônicos e eletros no stark , nunca tive problemas, as ofertas são feitas com clareza . ",5,0.393,True
77da4d335ae028868d8aea2c8cd0283f,b01daae956b23211a3dd59e8c287ca32,5,"Entrega perfeita, até antes do prazo. produto em perfeito estado e de ótima qualidade. ",5,0.758,True
5a94ba61493303159e068ec669baf9f9,ad679e9379f7d33db28625c0c859114f,5,"Esse whay é top, recomendo a todos os que buscam um ganho de massa muscular, muito bom.",5,0.762,True
6ffc3c425bcd3fe73c0f22650679343e,942bfba61040fe93e3038099eb60fe31,5,"Apesar do frete caríssimo, foi tudo bem!",5,0.461,True
79fbd9f73b9b4a6cf4d76ececa46122e,b4accb9267acaa3fa236556695bc497d,5,Produto chegou rápido,5,0.448,True
427b63df3031fee95a4902a1dbef45bc,32ef444756734af84aa60ffb0e56e391,5,"Empresa idônea, pontualidade, produto chegou bem embalado e em perfeito estado.
Parabéns lannister.",5,0.498,True
05af9f5e7b145509dffdf39d173e47b8,dbf8b46f6dad6cd41ed7e06b5dcbf4d1,5,"Produto muito bom, chegou antes do prazo e realmente atende as especificações eu recomendo. ",5,0.617,True
a479b5087c124605d872e519fd523500,df8b7f153141f7be72d422ecae000dac,5,"Prezados Responsáveis!
Agradeço a entrega a rápida e o produto de boa qualidade.
Obrigada!",5,0.635,True
c590111a133d34762cb8f2d5a02b8f12,7f943a5cd90759046667677f4cb74b0f,5,Recomendo a firma pois a mesma é idônea.,4,0.507,False
675a4f9ca5d01b529b12b9c8ed7d9000,b56aea9fd0510dad0a8d11f4ec40e1bd,5,Maravilhoso o produto,5,0.886,True
4150987fc03d32090de359514f27dabc,6a6b5f5c1957d008772dc54c84a0980f,5,"Produto perfeito, alto e bom som.",5,0.783,True
0f0291441357f1ab9c9e64fbc0a58743,332a6f392ac92a529c0b2a059b959913,5,loja muito eficiente produto com boa qualidade ,5,0.587,True
5bfab930e0c40d84276aeaa3c99455c3,c9ca2756f9123246e7feabce15ffac4b,5,Recomendo a loja por sua rapidez e eficiência.,5,0.536,True
4674ee8c14067fafb2b5ce521ed91dd0,ef94e1ff9bb30d81e5e8c9bf9527bc16,5,"Ótima cortina, pano muito bom superou minhas expectativas.vou comprar outras com certeza",5,0.684,True
ea4b9abf93706b56dc0e7f882951c233,7f29d1dcde28ba1c61a2f92068efdb9d,5,Produto conforme pedido.,5,0.462,True
a0b0634555b8c1662278278fa106047b,6a98404a0f7370f4922f570f83cd508f,5,"Produto entregue antes do prazo estipulado, de qualidade superior a que eu imaginava, super aprovado e recomendado.",5,0.713,True
ed5a34ae27ce248dcc4851b7b7783cf3,eccef5ddc0904de000c633f3d1e36217,5,Demorou de mais recebe com um meis coisa que a pra presente ninguém merece receber depois ,1,0.325,False
5533516a1e784428f8db32a1914a8619,54623479e83b4d90c3a3087c34a95187,5,"Bolsa simples, mas útil e boa!
",4,0.41,False
a7b4be16268a880c747dc5bd5117809f,c67e0d971789e81577df7e52a57ce0f9,5,GOSTEI MUITO,5,0.6,True
6cc130828b852a08f285b4580c79cb82,4cc7a837ccbd410b6a7ebe3e15dc8800,5,"Todo processo foi rápido, pratico e seguro. Obrigado",5,0.589,True
2598bfb03d3c6ba82ef1ea4cf3c8e939,9d77259cf0f321f678b1039dfcad920f,5,"ótima loja, super rápida na entrega .",5,0.777,True
827ecf33750e59bf365c29d5e9fb6939,6e4331db29c7dd562ef96efa2b112d56,5,Amo baratheon,5,0.32,True
66c3244732fdf25a5b1c7bfc94ab7599,e636e64e725aeff4955e397f34162049,5,Recomendadíssimo este produto. Atendimento nota 10. Entrega antes do prazo. Vou comprar mais.,5,0.805,True
0f948833d99e47586989bdcaf4f85424,b2287ec8635a3c45b2c14d7b10cb1a69,5,O produto foi entregue em perfeitas condições e antes do prazo! ,5,0.663,True
400ef8750ebc2b6915968258e0140a86,4f86e34b9a8a8f4a15b197277a880cd8,5,Excelente,5,0.786,True
6944be2bf675380ea8b597607372ba7c,0362e923f805ae4dce58fd78c86c96c4,5,"Chegou bem embalado e bem antes do prazo estipulado!.
Ainda não montamos a fruteira,mas já agradeço pela eficiência.
Grata
Mary",5,0.439,True
68b43fdef34a7f9b1ed733bf5e443b35,ef9b0fd26c25baaf42b8ebc3417fff01,5,"São lindas, práticas e fáceis de lavar. Adorei!",5,0.738,True
37c0357d9593c366daa57fe816627460,dfa57a47eb4b524966a891189c893d04,5,Parabéns continua assim ecelente trabalho ,5,0.448,True
dce234af5a3ddc21eee3fccc37e59e1c,072d14a6096a0b4e29e3e2d6f11f58fa,5,Adorei! Muito prática!,5,0.726,True
3c9f20f6ba1bbead0cc88d2bcca0334b,5f0b0782790ceb15a39a61c73e13df9b,5,Super Recomendado. Muito Obrigado.,5,0.853,True
51e867c8e72929ca9841bdbf2923a48b,8837cc02b9f2696152b7c99ea0c1b39e,5,Tudo certo e rapido. Obrigado.,5,0.486,True
a3d381d3eda876648779c56027c12156,802a4ce6a0333eb94effff686abc8f27,5,Produto muito legal. Veio bem embalado e antes do prazo estipulado ,5,0.23,True
037086afb8f94140043562ccc2d5ee16,8df8c3199fb229a1472b0a47e3b106ae,5,"Foi entregue muito bem embalado, o produto é bom. Já está instalado..",5,0.545,True
8c9d8fd84e6157f1e10ce2677818df4f,0d6c779c3d8bec09f198a52ff310ae7b,5,Recomendo ,5,0.511,True
353e77f29c89a775f7b3eaab0e3e202f,77e4dd763472bc15f79464ec30396816,5,"Foi muito fácil fazer a compra, e a entrega correspondeu ao produto.",4,0.452,False
2dfff6f380b4108cf7cc2947dd905c19,d237eb0a6caf6cc0d9cf5ba7a815c077,5,Era oque eu esperava ,3,0.376,False
35b76396f85ed46e2ef9bd9e41114f4b,0e5120f3452260c976eae23edd2d5a0a,5,"Agilidade na entrega...e o produto chegou em perfeito estado.
Estao de parabéns...super recomendo",5,0.744,True
4ffd9501fe9c8242d11cfa196fe17e33,ca7adf1201471598788f746ed74c825b,5,Entregaram bem antes do prazo dois dias úteis após a compra. Recomendo.,4,0.404,False
1eadda444e82c7d6fb8d51e745b4a766,1dc01549b7e7404a9663b7d77306c897,5,tudo perfeito,5,0.751,True
d9bd7503c545e9311db6e27649a24fca,c95fd0fc2b4b423d8ded594da8d1a398,5,Produto entregue.,4,0.374,False
10c48770db5fabc25f3d6dbcfd753c8a,333c2d7fa97da12f6523d992565cc8a7,5,Produto bom,4,0.484,False
19082c813b4ba0716597366ff1086be4,97a33ff36dc6cc655389de50726ee49a,5,"O cesto que comprei é assim como na foto. Gostei e veio bem embalado. Demorou pra chegar, mas por conta da greve acredito eu.",4,0.412,False
0bb83342c8cdb4762ce9227ffd9fa7dd,78413cdeaf9f8c1b3eedb014ef477976,5,Eu compro sempre no baratheon e adoro tudo.,5,0.791,True
3f3fa0dbd83f9e9e92cf2b28794a61cc,d3793144c8e35d71e963045c73b7b7ec,5,Gostei muito do produto,5,0.536,True
1ab36123a6937cfce47d7a27a2ec3a44,14ca875b00d9cb1dccb7149f17a31fdc,5,sinto me muito seguro comprar na lannister seus parceiros cumpre com o anuncio parabéns ao funcionarios.,5,0.392,True
8746a6150417f7cb4e628b3fd7c2bac6,f4ee4273538924bda6212f5948e80fde,5,Tudo perfeito,5,0.751,True
a723c77725076ac873a4cc9c65d209fb,cedd3810c91978ce10125e88bb42e4d0,5,"Por se tratar de produto referente a saúde e saúde não espera ,agradeço aos profissionais envolvidos.",5,0.272,True
d845272e4727e61414bfefbc3a39e170,402004d06d37321d07ea462d07df9947,5,produto conforme o anunciado. Fiquei satisfeita.,4,0.503,False
fbba14f5657f0938af64f5e8a54d3765,5c3d25dae7f74c1b5578883338afdd5e,5,"Foi uma compra com sucesso ,conforme o pedido foi feito foi entregue no prazo👍👍👍",5,0.468,True
8fef20ac844ac6683fbd3f2498b18ed5,8a1a4c9d81475d4f07d558d04598e00c,5,"Tintas originais, bem embaladas e entregue bem antes do prazo. Indico a loja, principalmente pelo preço do kit das 4 tintas ecotank T664.",4,0.522,False
4b394f8679663dc7a9c192855c950f81,d1ea13fc1406243e6f6134582bf1bbc5,5,Tudo bem e antes do prazo. Achei o robô maior do que eu imaginava mas a entrega foi ótima.,3,0.41,False
32569eaab738fe7755350775673be47a,14bd11245c3ec97c47db26f0e5d88743,5," O produto foi entregue sem problema,só posso 
 dizer se está certo depois que consultar o 
 mecânico. obrigado.",4,0.359,False
330ab1128708d6930685627b52c87c60,67f4aab5a932827f4b8c6ad59033701d,5,Gostei,5,0.429,True
373825e945447b146b1b12104520995c,70009c6d985dfa16754461cff33c10dc,5,"Recebi o produto rapidamente, sendo que mercadoria tem uma qualidade boa. ",4,0.52,False
cef5889a2b51e94c630023c8b460e611,ca2f0670d0d753e332c0ae97f466c9b0,5,Adorei o kit. Idêntico a foto! Muito lindo!,5,0.808,True
b2df6f98f4760c6eb43809bd7415932a,cd8c0278431ec8464a07eda4eab01441,5,Bom dmais ,5,0.349,True
c93bb4dc7a5b2faeecea5fd6724d598e,1c4f77cb28067456e266e0660dd20bdb,5,"Fiquei muito satisfeito com o atendimento é rapidez, recomendo",5,0.568,True
84755e11861cfb95e54972a3b4829283,1c38140d4542f0ac92eeafa89c9575c0,5,Excelente ,5,0.786,True
4b33c9a225c5754372b91d14e981370e,6a7110985cfd7662ad87789502fb7de3,5,O produto chegou certinho! Porém eu percebi que a caixa vem toda amassada parecendo que sentaram nela. Eu desconfio que poderia vim com a caixa perfeita e não velha e destruída. ,2,0.436,False
3916b65b44b8a957e2b26ad68e4e6ab0,0bda8164c1a12b6a388ebec8559ee287,5,"Recebi muito bem embalado, o produto é mais bonito do que parecia na foto e o prazo foi 30 dias menor do que o estimado no ato da compra! ADOREI!",5,0.796,True
9cae90990e603e0c76153b5abf344958,38e2829123a2bd1cbe111564824d0abb,5,"Cara, sem palavras esse serviço, me prometeram o produto em um dia e chegou duas semanas antes",1,0.678,False
64868c684df949ae54276cdc88e7097d,25db8af390f9984ee0af317b5239af35,5,"ja sou cliente ha varios anos, nada tenho a reclamar, sempre recebi os meus produtos",5,0.714,True
26f26c5e0f7e9f226af484f175a4faa5,6b781abc1a8a63b101940adafe378210,5,"Fiz a compra do mesmo dia 21/06, com prazo para até 11/07, foi entregue dia 27/06 devidamente empacotado e em perfeitas condições.

stark como sempre Bomdimais!",5,0.511,True
71740e18738a73c7c0d2303d7b3b7fac,4cc95216e51190048472a2baf6fa53ee,5,Excelente entrega...deveria ser assim em todas as lojjas,5,0.684,True
851c6a34cb03e68d337548fb81e3f75e,bb49b2fac8a575f20a56392e3e3db294,5,muito bom o atendimento e a entrega eu recomendo ,5,0.609,True
a13f0bf55ed889aa6db6021045b60022,d0861c31e8cc76e343df9aa7c2a26dec,5,"Produto muito bonito material muito bom, muito satisfeito com a compra...",5,0.642,True
c023966280c5d1bdf93fb25ecb3337f0,a0f1cfe022b258680874da1d07e70f43,5,Bom produto,4,0.467,False
82badd02f690b2bacf097274834a8e8f,db2471b04ede0dfe4af0853853885267,5,Parabéns foi entregue antes da data prevista,3,0.309,False
5a3ca85b73a0cbf56edfef5b9f9f9c67,5bc73b0c41be139e802a0e8f361713db,5,"Satisfeita com o produto,obrigada!",4,0.531,False
ac15dd341d017c500c2c1dde856bc3ef,efb0cacb1ed48693e7edc6e10d9d1790,5,Produtos impecáveis e lindos! De 1ª qualidade!!!!,5,0.868,True
28b63df92548be77ba0c67827cd52468,c4f8b593d018d585660bb519a77b7b67,5,"Comprei,paguei,esperei um pouco mas...recebi e gostei !!!!
Diferente da minha experiência anterior, com outro ""parceiro"" do baratheon que, depois de muuuiiita espera, não entregou o produto. Parabéns!",1,0.436,False
28795da77ea98e5154a1cece6baf617b,bda01364adbef32fe7cb91a4cc4263e9,5,"Ótimo produto
.Recebi no prazo, super recomendo.",5,0.761,True
a18ff34b3ab466db74c2dffa7f69bf94,dde952bfd9402fb3bbbad0b65e5496bd,5,atendimento muito bom ,5,0.497,True
d96d6316e6830be91bffda6c7b103de0,911cd0cf037580ad6a00dfd5690bda12,5,Só acho que se fosse entregue através de transportadora seria mais rápido,3,0.561,False
88a96da54af8a9f6e406968196a5c8ad,c298ba9441739fbb485aba00696cb44e,5,O produto atende as expectativas.,4,0.526,False
60565a6a0dccd29f0cefe65a88d0a467,ecece91c3d1b87ff38070137b454c50c,5,top,5,0.826,True
b2a694b42ac51fe76833c5d0cc0a6285,5bfad1932352fcd447ddb67c215b5552,5,"OTIMO , ",1,0.317,False
50b5898b08752675b4922ea49abd7305,17eea1bb78f458449eacc5933303cbf8,5,Produto chegou rápido.,5,0.44,True
df8d4aa93d45088a9394e6c6e0463020,4908ec7da1a1ce47b9b5da8de4192f4c,5,Recebido no prazo. Produto como anunciado.,5,0.436,True
a9fe1a6d29073c52bef137c4b1c6b79b,f38176af08190044aef2fe48eb38365b,5,"Produtos muito bom e bonito, recomendo!!! ",5,0.681,True
26f6d65a1f716494f1c574f7bba1a264,e076d90a9dd2b78794850f39bacf0d99,5,Adorei a compra e o vendedor !!!,5,0.741,True
722ee1510e3c4c0e80f9d7abe2bffa8d,e6e3ea418f0f343e88a3dc62eaf24699,5,O produto atendeu todas as minhas expectativas! ,5,0.55,True
87fb0d4bbdb91f3229bbd05464e0703d,e5b028d46d9a166f78ac079067c847c2,5,"O produto foi entregue antes do prazo e em perfeitas condições.
Recomendo o stark; pois já fiz várias compras e nunca tive problemas. ",5,0.691,True
d3caac8bc40cb5a3a9d46297f3d9b16e,af8cd0ccf7bfb5bc0998744b1ff8c08f,5,Ainda não testei o produto mas chegou dentro do prazo,1,0.46,False
8b944680b637d6d6c61601f95f0edc0e,b899e470532d1245c5f85d3cfd42d404,5,"Ainda não recebi meu produto, kit maternidade, o que preciso receber com urgêncica, pois estou para dar a luz a qualquer momento. Sempre compro pelo baratheon e nunca antes tive problemas com o prazo.",5,0.679,True
a7fde411129aa9ea56d984b5c77da869,9d6a4798ca60c057f632bed582e5b0c5,5,"Tudo certo, entrega rápida!",5,0.622,True
a553875413fd30a7f78cd701b0064a6f,14ac73e061a88e655cc2d6b984f3c81d,5,"Recomendo o produto e o fornecedor, pois o atraso na entrega foi causado pelos serviços dos Correios.",4,0.503,False
360a1e5aad702ed976352462c4d1dfa6,2bfe52167cb0f38cfbbdca7154dc3da4,5,"Vendedor ótimo em honestidade e dignidade, atendimento impecável, voltarei a comprar grato.",5,0.721,True
94d4000bb414fdeb23503ce8abc94475,03e69d6af27047bf2721b317c321356e,5,Dedicação total a você clinte.,5,0.646,True
b48cd697a30047c80e8a43e81834c76a,541b54f009facbcd67def4fad5d0fce7,5,CHEGOU NO PRAZO E SEM NENHUMA DISCREPÂNCIA.,5,0.496,True
362b369900a62d01342ba0feb5402e6c,2640b5421e2a450c8276a27da5ea7d2f,5,O produto chegou sem nenhuma avaria e 15 dias antes da data prevista. Super recomendo!! ,5,0.868,True
583f4fe7db90cfac1257550dd50d60b9,f36d049775f796795ad32ae00310ee97,5,Ta em fase de teste,4,0.387,False
b35f1245dedd86c77497c84e7cd29bd7,3d6298d6f28bd5a6ce39be4faef068c8,5,"Produto maravilhoso, ótimo material. Recomendo.",5,0.918,True
e5ffa47e3f2e6fd7842666ed9f857342,60dd1f3b513374229c549a9a31475a54,5,Produto de qualidade e dentro do prazo,5,0.486,True
58fb35fa5841be454ce7d3b96914e39c,c6d7cba27932e1d0cc2d052db5a2dce6,5,Entrega super rápida e produto conforme a descrição.,5,0.675,True
63feabfc0c83648d9d68de063021ba89,3a28b975c176565c52fc1af2b84197cf,5,Produto de ótimo qualidade. Compraria novamente com certeza.,5,0.733,True
549124d0f55aaf708859c251a494026a,b04367fb19ad3f39d1222e76b9b2ed85,5,obrigando,5,0.519,True
5fa5c8daef736cb0fee39aed1591b052,d85c2deca369a3930811855341fb3d11,5,produto bom e com bom preço,4,0.522,False
b0b72ad5d06025206613fc172f941876,15d2e898a322b9bbbe9ffff92db68af2,5,Show,5,0.374,True
207664b2823802ff0b9c63bb84469983,2f8b697ad1c74526e18a07acd7d7169b,5,Excelente ,5,0.786,True
f215425a1e4de7c37b97953c0a5dbbe5,dff1e9a517d39b940f6424c3fdfdbdea,5,"ótima loja, comprei a carteira na cor marrom, mas a loja entrou em contato,e avisou que a marrom estava com defeito e que teria a preta, aceitei a preta. Precisamos de lojas mais competentes, cm essa!",2,0.351,False
ba0b380578079d1c50c2df8122456fee,c1c8d1d83b4a995b98278cf1d99d6cfc,5,PRODUTO DE ÓTIMA QUALIDADE.,5,0.568,True
17d80850bc127ac2e4e080ff37abb512,8c1e23dce3f7db336aaa4426df2228d6,5,"SÓ OS CORREIOS QUE CONTINUAM A ENGANAR OS CONSUMIDORES, COBRANDO O FRETE E NÃO ENTREGANDO O PRODUTO EM CASA PARA MAIOR COMODIDADE DOS CLIENTES! SEMPRE ALEGA O MESMO ÁREA NA O SEGURA P ENTREGA!",1,0.685,False
21ed4f1c5f21994236146ec9e9b2e7f9,40e4b27fe658a1c1e627e503b29ef734,5, Tudo otimo ,1,0.345,False
d0f15497363d4f9ddd2bb6189698eef9,3e2c094c3afb8ee522f4e4a0c93983b1,5,Super recomendo,5,0.814,True
19a5a2bf917ebe03af81d5da4fa44791,da896a5afe7d1b0ae249c2c0bccb89d3,5," Excelente suporte, com regulagem de inclinação bastante satisfatória. Recomendo este produto!!",5,0.7,True
767bc07f1416eee30e23a1178e0c45a1,71fa5212055ef88adbd05cf0391a9a90,5,"Muito satisfeita,entrega rápida.",5,0.708,True
47e69a9c02dc8daed746adf614b3f821,baa821bd1dbd5c6d31c9b1c68f760b8b,5,Tudo nos conformes. ,5,0.571,True
eab07d5a0644d08716302d20d4d5d7ff,a966954fa1c451757b4d6c77946f9863,5,Gostei do produto e era o esperado ,5,0.499,True
a9160e934f1e683b7e42a4d02369867d,96c31596f5df2ec1fc71f5849a903305,5,"Ótimo produto, recebido dentro do prazo, recomendo a todos.",5,0.607,True
4818f589df711221d4c8558f5b3ab123,272cd23bc43dd9d5716b56378b446c8b,5,Muito bom compra com VCS minha patroa tá impolgada,5,0.659,True
e2edc7f710de937d1c728d615712f72d,a1df9e94edfa8f6ac4cbd9b377899672,5,Fiquei super satisfeita com a mercadoria e o vendedor. Eu recomendo,5,0.734,True
ab9402045bef5b410c9a15e55cf8d6d2,b1289cabdcce49b33ed523da21d98ccd,5,O produto chegou em perfeito estado. ,5,0.67,True
32bc0082d2c69b94c02763a3fceb0412,befae3252c7f7ffb6abdeb4d3f4eb668,5,Linda mochila e os kits minha menina amou super recomendo.,5,0.743,True
741e33f521f3cf44a9e5e382781c159c,e8bbc1d69fee39eee4c72cb5c969e39d,5,Ok,3,0.495,False
496dca916245a651649048e2c3eb759c,03a18d20c8d8ed81a44b9dff494ff86c,5,Produto de ótima qualidade... ,5,0.387,True
6ff51174df20a9f4ffa8da4700743b01,044cd7ffb6a41e6e5513c6595a2893ca,5,"Os detalhes dos quadros são lindos, super bem feitos e acabados, amei!",5,0.702,True
c6dbd92da12d8e4bcb5511bdbce042e1,097abce97e431993434adabc1aaec4e4,5,"Entrega rápida, bem embalada. Referente o café estou testando ainda. ",4,0.491,False
739b79a48f04271cb61a92a7af40b465,d14be34d97ddedb3f0b7379757f862ae,5,"O produto em questão, apresenta boa qualidade o que consequentemente me leva a recomendar o mesmo. ",4,0.51,False
c899c8813995b5e0620eda0120294e91,259b2f71f29e6e67c6c737bb11e9b0a3,5,Produtos de qualidade... recomendadíssimo ,5,0.786,True
2b9b28c33eb55f5faf8429d984c0aee9,c785e1253807cd0f11b1377d44b440d8,5,"PRODUTO CHEGOU EM PERFEITAS CONDIÇÕES DE USO, O PRAZO DE ENTREGA TAMBÉM FOI SATISFATORIO.",5,0.513,True
2e0d6099bb3aab03a73c2e1985897b85,46a354ecffd29742e985db9b49cae302,5,Muito atenciosos. Sandália bonita e confortavel,5,0.634,True
d7db9c6990aaf1f52082d0b33e1213c5,991ad9e2eba74e98ccaba2c2f4a74e58,5,Muito bom,5,0.646,True
b57d7ab8c266fd1a8a4be3e07c410633,aa3babada56030c2ad79976c60d51e79,5,"Excelente serviço! Recomendo!
",5,0.797,True
29f108e596b7290df5f75c1de30aa511,54f8cc54ce619e267135641ade8c363e,5,"Recomendo sim essa loja, veio td corretamente até td que comprei aqui, pois a concorrente de vcs pisaram na bola e não compro mais nela...",1,0.33,False
0e45bf46dcd650233f8e76d3ee58e8b5,33450649f41ed254714b462ecdb050cd,5,"PRODUTO FOI ENTREGUE VIA CORREIOS
ANTES DO PRAZO PREVISTO.",1,0.237,False
06b41ca46ea26f76fd8a0eb94db45d4a,2f609f51e21add184869268ce7e16048,5,"Recebi meu produto antes da data prevista,super recomendo esta loja.",5,0.795,True
7edb7d99e36632c4eb141962360b0d2b,beece9368912132712839b6b9194180d,5,"O produto chegou mais rápido do que o previsto e em excelente condições, conforme informado.",5,0.616,True
d679abc28c700cb2a19f87bc0b04ed29,ba2f2f4bd29ed2679295a4c10cede333,5,Ótimo produto ,5,0.395,True
73c9d31f7fd2a9ad4765b4b0257404c7,0a9c38d73482b8d81ae7f7ccc5d8796c,5,gostei mt da entrega chegou 2 dias antes ,5,0.329,True
d517a6de791757052de477cd8e4b2173,e7933ced79cabb10566bfaecb47dd4e3,5,Sem comentarios muito obg pelo produto e a entrega foi no dia mesmo.,1,0.482,False
9f124ac27e49ada976178ea0454bcf5f,988601ceae0e294c4482e8ef89e4bfd7,5,"Chegou bem antes, ainda não testei",1,0.375,False
f3c06103fc78f68b9d275a40a0929961,71ffbe37a2e7ac438c81adb916832bba,5,Entrega correta e antes do prazo acertado.,4,0.369,False
b6d19bb2cc8b5c2979e322256be6fc20,6a41b5634ac2837b5b88bf9796f9021e,5,produto entregue antes do prazo!!!,1,0.269,False
e92a7d9a61e0917d2cb4b619a7212a9c,9dd1d19c4558ecb8601dd0305c30cec0,5,"Produto bom, veio super ráprido.",4,0.358,False
401359d7a8679888a943f0da75e5c1d8,e821a98683cf36d7fd5ee3e3e0b63664,5,"excelente, recebi antes do prazo informado.",5,0.754,True
d122204d554e857f530b5db68e6d2563,05ea910f7ffffe471fab783ea0d8e424,5,Recomendo muito a loja e os produtos,5,0.606,True
654a0fdc4eae2d5c1c9b203f92fe2dc4,6d7335413b5b9b123f6d4f6be3aaa69e,5,"Entrega rápida, recomendo a loja",5,0.534,True
5f9c2719114ac3cbcca9edbc65ee315f,c936c86815bcba6aef0825e37ea215f9,5,Entrega no prazo é o relógio muito bonito ,5,0.537,True
81f6b5a1d05f6e0e000a064372b68059,4a9535cd904e916ca0286823298d30ed,5,"Produto de qualidade e entregue antes do prazo.
Recomendo. ",5,0.522,True
020e75383c224757492c403be52ef229,5bb5e53b117f231e116d1ff1f530c8ce,5,"Produto bem embalado. Chegou antes do prazo. 
Fiquei muito satisfeita como sempre! ",5,0.616,True
dc90c6e1c27db5745ed3317e7010bffc,913ee03ef93cb2a1abf6adde78dabc7d,5,tudo conforme combinado,5,0.556,True
9d479b7f6fac83b63ccb5664e1656c8e,2a013a00580ed531afdce681a1ef062d,5,No prazo e com qualidade!,5,0.562,True
4f59a8e6827985e3a105df00435480dd,3ac4f30b6ba23f340792aeebba73158b,5,"Chegou muito rápido! Tudo nos conformes! Adorei o relógio, muito lindo",5,0.82,True
bfc454cecf80102adc9e44a02374e02d,d4b4050ad0885ce84603e34ee06201ca,5,"Tapete lindo, entrega bem antes do esperado!",5,0.495,True
a24a720595914e167a05e78ebd7eb6b1,9bbcf2413e13209e34df2de7b7ce161c,5,Entrega rápida. Ótimo produto.,5,0.526,True
acfb6d9ce6ec5c1e280685acc49a84a3,c32295e5877c879f156074c086bb536e,5,OTIMO E LINDO,5,0.265,True
034cb1bc99633a7ada371596abe55b53,1ff554f292eca293a405beea2511f6de,5,Sem surpresas desagradáveis. Td como planejado e chegou bem rápido ,4,0.353,False
e237a9d67f09b66dac0e24fcfe06e0f9,65a8df3dfc633bab93334857a125db21,5,"Boa Tarde.

Produto entregue ANTES do prazo estipulado, com qualidade e segurança.",4,0.499,False
e758fd704bab6bac98f70ca63aca92df,f66a5fefcb2773c75713ad0742801b50,5,Gostei muito do relógio eu aprovo....marca muito boa só não testei na água ainda,5,0.583,True
a1a7e170bd6ce7734544aea5a1acd341,bf3fd3b1044615b0020cccb78f7b142a,5,"Recebi o produto antes do prazo, e com ótima qualidade . Agradeço.",5,0.644,True
d1a7751316193fa90405e4c961547be2,712c3c76ddb4bc5fc94f6643096cb289,5,"Correspondeu a minha expectativa, embalagem, bilhetinho escrito à mão carinhosamente. Perfeito 😉
",5,0.78,True
66c50a0c31bbd591fa458ebc45ae0e4b,684c3c1d1b032d52568994de2b76945c,5,muito boa ,5,0.649,True
63fd0c409d0fe0ef12c373c3fb3ae041,3bce1be95e783fcb928b6435d268d89c,5,Recomendo a loja ,5,0.515,True
d81a07bfdcfa27ce8a614c7ed10942e2,14cef40ef56939096a73790b10938a79,5,Recomendo,5,0.511,True
8fff1cbcebc74fe97c4cb9320a46d2f0,a0d5b8474423ddf55228373b81a46272,5,Entrega antes do prazo e produto de ótima qualidade amei!!!,5,0.555,True
abe400c2bdf08d08d6b574178609651d,1e3068cb06f3020bc34aac3144c24300,5,recebi o produto em 10 dias e o produto está funcioando,5,0.456,True
d1eac42491bb894abacc79d1b571904f,a887a98a44fd41090859072971661ece,5,"Entrega antes do previsto. Parabéns pela rapidez! Produto exatamente c
omo no descritivo",5,0.317,True
1b52390668037c7824f64bed8c86c275,03dab6b77334d60ea91564ec4c7813a1,5,ND,3,0.253,False
ceaeb1979e573c532a61157d61800e4b,d34f40889c88789d3d30f961b338c4f9,5,Recomendo sem restrições ,4,0.46,False
33c138e6557d66469706a0a05782ae64,227881fdf69e55ab7906b7a818dd5e39,5,"Olá, a loja me entregou o fone em um tempo muito rápido dentro de 6 dias, ótimo fone lindo acabamento super satisfeito com a compra e com a loja ",5,0.7,True
b36974ad34e7de751327e7ef23d8bf92,8a6aa542c859c76d350343d616e3197a,5,Amei! Lindo!,5,0.585,True
c224ce9941e1c103a3b62900c2e35aa6,ab99e730d7d27b4d197f5cae9303170f,5,Produto entregue em perfeitas condições.,5,0.585,True
0c4619cf51f22f9b8d1510e54baa4c19,d57d9345daadd30b1ce4c22c40250583,5,Produto excelente. Recomendo.,5,0.728,True
712508f9edf06f235755174d8b9629c4,0f2fee4fce11f7af3c9ff2ec093eba3a,5,so acharia legal vir uma lamina de presente,2,0.353,False
0ba43048506ee606268778538830e078,d016dcea41e99763c837c94cf34562f6,5,Bom.,5,0.424,True
3e33eee1e8cd67541aec8fbd66a0f6d8,00275bce676303c3bfd7292aefdfa223,5,"Muito bom, so não testei ainda o produto mas super recomendo",5,0.524,True
ab89c91e1cbf14b960e65226a6e8ca1e,af7b6d2963f03fb6bd066d90ff205dea,5,"chegou rápido, o que eu gostei",5,0.606,True
546c5fc7a406f1734a427d1c3eee4745,2b3c116f4ae22a4b4a127c73d39f5d6e,5,Muito bom os produtos,5,0.539,True
0a1a3df448d70684caf54aa13301ba5c,d222cfedabc67eec700bfa61cd72216a,5,"Entrega antes do prazo, parabéns ...",1,0.307,False
dbf6e27fafcec3228eb84ad6c0008fc3,d7bfe7ef14d1debee523b680ae421489,5,Excelente loja...envio rápido e produto certo.,5,0.703,True
f9aa6fc9c704abca98221664caed5fc8,f9f75601353a50e58746860ba04dc47b,5,"Entrega rápida, produto conforme anunciado! Recomendo",5,0.596,True
7eeb2cbff212e6c311994d274bc1a149,c5334d330e36d2a810a7a13c72e135ee,5,"Entrega rápida, bom produto. Conforme anúncio",5,0.491,True
33cedfe9bfa9e4c3cc5467574e51436d,1a6c3832fcc2947c38b41bd24fe0201e,5,Muito obrigado mais o Banco do Brasil bloqueio o meu por conta ter feito essa compra ,1,0.533,False
345814b995aff9c54fdc2da7164ac6e2,9703eb84b4433601ca6171b79e26ce1c,5,atendeu as minhas expectativas,4,0.519,False
9315cd68ba0001afc679114845e04fed,b04860f9f7889ebd859a225e5fbaf743,5,Produto muito bom e bonito satisfeita !!!,5,0.595,True
646939949040cd25d3e8ab6473854772,6dc6e99a01bde217886fd6fba71f91c8,5, PRODUTO ENTREGUE CONFORME ANUNCIADO.,4,0.427,False
28c43a94f1334f326fd97c7a35c6925d,4b26d2fce6fdc2f2a9f87c7cb05226ef,5,"Obrigado pela atenção e o produto foi entregue no prazo e recomendo qualquer pessoa comprar pela site lannister ois é rápido e confiável.

",5,0.616,True
5b8bc821b0dac71070edd3a6ac0d7bea,135118d8d6f93cb3d6839435e5b6658a,5,Amei super indico mas fiz uma compra junto chapinha que não chegou ainda ,1,0.458,False
797292ab61335a7bb292b6d7c9004225,94e804cbf3da3ae66126b5d81e1f72fc,5,"Negou td certinho a câmera bonitinha lá , bem só teve uma coisa a entrada para microfone e USB oi seja quem adquirir tem que comprar o adaptador mas tiramos isso a imagem e ótimo . ",2,0.43,False
36d41ed0e544741fc46787d062871ff0,e14f6f76cb42187a0831a2baf117f608,5,"Prazo de entrega e produto perfeito, recomendo esta parceira do stark.",5,0.717,True
9ca68b2b757e52bfbfcfbe5aba55dfdc,2df6cb09f0e8e22d0a5a5821ea65556c,5,"Excelente produto, adorei as mercadorias.
",5,0.791,True
5a9271e7c3dd4ff41eec16d2ca76621b,7f2730743127811a3d561cf49acb6461,5,Ok,3,0.495,False
7ad23aefc003121dcf425441d503ffca,e4b53293134babaa7d3b418659ead610,5,"Produto exatamente como anunciado, entrega super rápida.",5,0.787,True
07e5b6ca5e9011c88ff3f793a1196f29,dba2f75a725a75eb4c18afc504088084,5,Bom ,5,0.49,True
f3cf73efb312db42254c9a37e75accb9,8a40b54e2d8feb61c8e3f0091cde4fc9,5,"COMPRO SEMPRE NAS lannister PORQUE TEM PREÇO, QUALIDADE E RAPIDEZ NA ENTREGA",5,0.615,True
728ac0d4cff971d3128c19608c4e030c,519b875e24ac4f5060eda1fa6cd6b3bd,5,"Entrega rápida,meu filho gostou do produto.",5,0.523,True
eed89bb446561004af2b31e13858a9e4,72d35321453b32c80a4427da5f385c9c,5,"Foi entregue bem antes da data prevista, e bem embalado . Parabéns.
",4,0.481,False
fcc801c097d650d0a0acae28a952cc1f,b0f913cb83681e8a8563b96b641b3e1b,5,"Produto chegou bem antes do prazo estipulado, mas tive que ir retirar o produto, pois não era entregue pela transportadora.",1,0.424,False
52f490edf74cde896d94c71278ed930c,24c7fef753636c54b5290c9047a82432,5,Recomendo entrega antes do previsto,5,0.433,True
7e90c125979edd292fe0dd840d9ef381,c6f02030f6bc633b8073c50178eb2833,5,Entrega mega rápida.,5,0.767,True
9d3d5e9384107404b15d2e0e39fded27,2afbd8a533424d5df3af9277ff0f3d1e,5,muito bom,5,0.646,True
8f9953c60cc117788b2ee05ca4fab4f1,663f6abf22dfaca17fa6ecdb411d1860,5,"Chegou dentro do prazo determinado produto como eu esperava ,bom atendimento.",4,0.505,False
4cbd68a6d3d19b6727b1e3fe8a23de78,6f54535f38d19e0833f980e4604081a3,5,"Ótimo produto ,eu recomendo",5,0.567,True
70b1ce1c56dd41d21e2d76dbd0e22815,e38aa5befb2c16e6a029d9935d82cf89,5,"Recebi o produto correto e dentro do prazo indicado. Estou satisfeita com o serviço prestado desde o inicio que foi a escolha, ate a entrega. ",4,0.513,False
b45651159861931ffa84df27bfe9f8e5,31b2ff78299f9c71d536cca98394ebe1,5,Loja confiável !!!,5,0.545,True
39fb8a02382cd41f1d751006d3195725,bd5a9582291175251c3dee0c4a87761a,5,Bom,5,0.49,True
7b8046812dd6c1d0d32279e69af157aa,e911951b98ae5dba91085dd2bfc69ccb,5,Atendimento e entrega 100%,5,0.753,True
5559b271eb70dda6af454e135dda3b69,ed7b2aa82a62a84abd2c43e68d6fccfd,5,A entrega foi rápida e eficiente! ,5,0.601,True
7a377ce9f21a7e3edddd39968b32ace3,e55445ddc4194e562e73e0fb3b49f26b,5,Interessante este produto amei,4,0.436,False
d9249ae0d4e0dbb3817b8df035e8d599,b370e2d776f17cc50260493b2ae2d4fb,5,"Ainda não recebi todos os produtos comprados, espero que ainda chegue... Comprei três kits e recebi somente dois.",1,0.562,False
eacf45c0e11c18925ff0b2be8cda950f,e3e9a2046c37eea9713341a3994bcf52,5,Chegou tudo bem embalado e em perfeito estado,5,0.717,True
4ea06ae540751c5abef533d9f949e075,ac1b50ab07c56a0d1a1f1da407e4723a,5,"Produto chegou certinho e rapido. 

",5,0.564,True
3f053638c6c53ebfb7dc4ab2573f00f0,4e72ed892eda314d6c577450f3213a14,5,"Ótimo custo benefício, funciona bem.",4,0.497,False
68b0e5916a2696e56fdefee1a87c1935,5d300afae7f792b2a15b92b523a65a8f,5,Produto chegou sem problemas. Recomendo esta loja.,5,0.632,True
36a2d6684aca8960864dbe51ce39d013,c21c3619da9e98cdf7e1f4125cd1ad8c,5,"Gostei por conta da rapidez. Se vcs continuarem assim, vão ter cada dia mais clientes. Eu serei um fiel. ",5,0.583,True
f58b6c50999768106ecb5ec165884db1,ed09706e867828c762e46ad418d064d7,5,Recomendo pois cumprem com o combinado sem susto nenhum ,4,0.44,False
edf68d9caba29b9483f60a42b22fe40b,9a3366571a4caa9709415ea10b9422dc,5,O produto chegou antes do prazo e isso me deixou muito feliz por se tratar de uma encomenda para criança. Super recomendo!,5,0.727,True
443176fba50e86a2ad4838960587bbfc,1bb800de8a2b7ff3ae4616c5b6368b8a,5,Excelente ,5,0.786,True
29f894637428df13cff3877e71c53658,7955aff2104a9da63a79084ab9b9cc62,5,"Produto bom, mas faltam vídeos de demonstração dos produtos",3,0.583,False
7492a813d0551e2d217b6f0329aa8fcd,3fcf477d8f1cc1e4b5cf7594e9a7090e,5,exelente,5,0.5,True
50529e813a1b36dc7b2a35114074562b,3061eeeda2ce6bbe56d21c705f5d083c,5,"Gostei muito, vou poder atender 30 pessoas carentes com esses cobertores. Muito obrigada. :-)",5,0.739,True
e9c0b6a5dc5df5db1c454c326bdaf43f,99bd93d530d8b588cc9fe65dddee7411,5,Produto entregue sem atraso e sem restrições. Amei os pincéis! ,5,0.403,True
9981f8eb42530121081722a0a5b275d7,ca68062131377687e13cfb41842fbac9,5,Ótimo produto chegou muito antes do tempo!!!,5,0.648,True
06c3bfa37973fa086a6e9c3bdd534571,ce1ff35e9ab20defb53717b8d56643cd,5,"Valeu a pena comprar chegou o que foi comprado e antes da data prevista 
Recomendo a que mais precisar ",5,0.382,True
ace3f5241fb6401ec2dc81daff3261c2,e008eec42c3cdeca3e9b47a91fbc848a,5,amei o produto muito lindo,1,0.619,False
6a5983f2d5a20e867b64a7577af276f3,f8e721184f691c61dc23e54beaeff557,5,Produto dentro das minhas expectativas. Perfeito.,5,0.77,True
600db242a9a9dbccb7d54b84418f715d,a0ddb810bd79dc15910dcc56a1c7f3cb,5,"Produto de ótima qualidade, superou a minha expectativa.",5,0.709,True
c6484ba954752ebed317657b0c7a60b2,bd926618e549292e1aedabc96e833117,5,ótimo!!!,1,0.406,False
558566f6b5083c0cf744db2de5aff89c,60dc36170c9cc8c0215fafa26627670f,5,"Ultrabook muito bom, rápido e bonito... E lannister como sempre entregando antes do prazo!",5,0.698,True
0e230ff7e0722f1288912e0ef63d5d18,e0145369394f83a5210ad16511c6cf33,5,"Recomendo a compra nas lannister, pois tem rapidez e confiança",5,0.518,True
6db303f45bdaf9ff98e4a918800b6f74,c65c67add2c5125ad17f0a85f2c87264,5,TUDO NOS CONFORMES EU RECOMENDO,5,0.56,True
62ede4cc0ed2d74e5d531b8199a17001,110bb98db579131adc6f4d8bbd97c673,5,"Tudo de bom o produto chegou até antes da data prevista. 
Indico com certeza pra comprar no site oficial sempre.
Obrigado pelo serviço de vcs ",5,0.239,True
99e9bb2b58070121f4f9278b1533ef49,9fcf074ecd6df19f51f6fc30b6a33161,5,"A Luminária é muito bonita, atendeu minha expectativa. Chegou rapidinho",5,0.569,True
d5ce4f5dec7776445ab44b19d2cab077,c374e19bcd2d8e8ea40c216011e8b254,5,"muito satisfeito, produto chegou antes do previst maravilhoso...
",5,0.72,True
edd2e097d4a554ab6f58c10bbf47b3c6,8d5ec251bb6f44f7c0f2d1d272515379,5,Adorei a competência da empresa,5,0.601,True
a599b02ead906105a68a940eb28d0454,a4ec07f740626256a023968312b84b02,5,Recomendo ,5,0.511,True
d2f0647b637d40c737dbbf555f58b510,b1ec6c247af2e78825a5cee5cacc925e,5,tudo ok,5,0.464,True
edaaede8010ecc7b636834a91245bde3,854b499ad9cdbb8d8945d8b0c0459455,5,"Muito bom o piano,sonoridade bem semelhante ao piano de cordas adulto!
Meu objetivo era despertar minha neta para a musica??sua mãe a colocou no assento,e ela com as duas mãos,compôs ,tem apenas 1ano",4,0.48,False
df4b05e13e43ed261a7144c7e94022a2,967154cf59bc2aeeb0a0e11f41a508af,5,Loja excelente,5,0.739,True
019a0946931f2075dba1fdd43974f8c0,5f9a2288d2f21704d5148aacbd3a4263,5,Gostei muito,5,0.6,True
6d5f1024b9dcf7d9e88f29cdcae71ca5,bba8e34d12ba008b7eb35407029a9ef2,5,Execlente produto,5,0.752,True
3e707ac204f900b061516dfe6d4342ec,e5e7f892785fbe21a339bcd77efdae86,5,Ótimo produto é boa qualidade.... indico para todos comprar hein,5,0.6,True
b98bf6733fcf3d7f4b324616782bd70c,b580df301116ea504e6a5c6fd555e871,5,Amei,3,0.29,False
0b67a3a58fbcc3535d0fc6ce5de4e8a0,b04d84637e699400841a0140b25cf027,5,"foi bem rápido a entrega
estou satisfeita",4,0.529,False
06b09346f68cadac663e6c62b26b8b3d,f2ec8bd7dc2b9af258766fe469a5931e,5,Produto de acordo com o esperado e entrega antes do prazo previsto. Adorei!,5,0.619,True
e88e30347e59099b49214e039474b155,8c46c4b2bbf318ff31368bc87309662e,5,"A entrega ocorreu antes do prazo estipulado!!
Muito bom.
Produto conforme mostrado no site.
Estou satisfeito com o produto.",5,0.484,True
9b613aa0c8a3a6cc1ccc8889f55d38e4,94a6d388146dcc59a8b727cb6e4c2f66,5,Ótimo ,2,0.3,False
153766f691791d37eb29153f4e471762,c0a8c5b9536ee81202e0c08ffd9abee4,5,Parabéns pela rapidez da entrega. ,5,0.461,True
9311f9a730d7725d6551c17b88317fdd,ca907d8c04d50f8377a1a77a216d334c,5,O PEDIDO FOI PARCELADO EM 10 VEZES MAS O CARTÃO baratheon PASSOU EM 3 VEZES. POR ISSO NÃO COMPRARIA NOVAMENTE ,1,0.571,False
6847d4b8f1f25365738593eba9f37d58,f6f36e0dd120cbeed7e28697a600c329,5,"Adorei meu produto chegou antes do prazo, certinho.
Obrigada",5,0.643,True
b664e4361c3d4b580f538776d936a10c,1b28920b3083a7e83efa240c1a6044c8,5,Eu recomendo a todos podem comprar nota 10.,5,0.706,True
ea14e08e0d1f2118cd2826930346ec5e,2f06cd9224ecc5ab33144e9252275263,5,Compro sempre e estou satisfeita com vc obrigada,5,0.491,True
63c7150701645f360c876709c172ebd3,f93d4438f5a4fcb8c83d71dc594437f9,5,"ótimo material, bastante prático",3,0.514,False
8827e4046720973feebf4a8568ff284a,760179e92a03be906bbbdabdf9c01273,5,"PRODUTOS EXCELENTE, OTIMO PERFUME, FIXADOR FANTASTICO. cHEGOU SUPER RAPIDO",5,0.902,True
ed044868dbc1f22c2cc502c68faefa63,6593a7ca55b089cc240f79d582e3300a,5,Muito bom,5,0.646,True
c27e3c1bd4a082e24d1083d0557308b4,2ad2d3393253922f6f46941e23089bf0,5,"Parabéns, recebi o produto antes da data prevista e tudo certinho. Obrigada!! ",5,0.429,True
d3cb404461494dc07dfa284c94b3e02b,d2ed05c6bf17b1e0dc17dde0cc4768a8,5,Perfume maravilhoso e entregue muito antes do prazo. Parabéns pela competência e compromisso com o cliente.,5,0.893,True
07f4bedc3ab711f4b3400ceaecdd9f9b,7433cbcc783205509d66a5260da5b574,5,"ótimo, entregou antes da data prevista.",2,0.296,False
8fc1b852ff6711891cf819b1c262f8aa,82121ebedf0f27bfb35630958489c7ea,5,Tudo entregue antes do prazo ,5,0.312,True
8377cd2f7bb3af970f9ffc2c4197a846,75ff5ef357ea667a4852b346c50f656e,5,Bom produto,4,0.467,False
56607f33162503466c77d743fc2cb11f,de7ef6938e5b9a018e2f76a63c9b6ef7,5,Não tive problema algum. Recomendo,5,0.482,True
7915e960f5094fc36e0103b1592f92ba,4832ff0402c0e07fcf802721babe2b05,5,//////////////////////////////////////////////////////////////////////////////////////////,3,0.262,False
089caebe5106d9891bc7e6c95ead41da,293fe99febcd4990b7ab31c5cd2abfd5,5,Muito bom ,5,0.646,True
1ab04a11decc3b6f21c0264cad58ec38,5480f040b65927b72574473cce844a76,5,MUITO BOM. ,5,0.664,True
eeee7ebd5dd47f6770d00873fdfbc06b,78b17b8479b96dcbe179a2c64bce00c2,5,Entrega no meu caso bem antes do prazo e smp o pedido certo :),4,0.367,False
4bbb2b339000f635e56a939f175e0244,02a96427d96112413499795f52a9a4e8,5,Produto bom ,4,0.484,False
f57484107f4c534633f42c3d0678c0e9,d178f14aa2410a12c09bfc8d10df51ad,5,A loja entregou antes do prazo.,1,0.381,False
ea73ed776d92207165325362138ad2a5,817244d0b17cd86f2e5d77b1985b74fb,5,"Chegou conforme o prometido, antes da data de entrega inclusive.
Obrigado",5,0.391,True
934cca7c2651f52de6c28253542f7418,0da349c060ac948eb81278fa539fd719,5,Produto superou as expectativas! ,5,0.622,True
ada6b6b111555572496c8b72cec24e70,b0928556a10706af462ca2ab2c91903b,5,otima,3,0.267,False
3fad103cd0208e0ba482063318eb1417,5bbe7f112bd14e57a504dd0fd237e362,5,Produto de ótima qualidade preço justo ,5,0.391,True
a0129c185e6b9e8cdedff73c15aaa3c9,facb2c7bed40680ddfd5271afdf5730d,5,Material de boa qualidade,4,0.458,False
8219f14044dbdf2a2149995552338fa3,0decbe12758413b8bdfe6128f949c13f,5,Chegou bem antes do prazo dado e o produto é excelente ... Eu recomendo !!!!!!,5,0.625,True
9e0caded051a2e4f080f5b3306047413,7b51c46033c2c8973e402f7cfe510c11,5,Linda a bolsa ,5,0.399,True
34bfdda051bc96342e92eb9db35790d1,1079ee0942568d7c4778bad8d4192e0e,5,Muito boa rápida e eficiente,5,0.693,True
89f147c5cd83f7b38d60af428f6ae04f,33d6102f076f9a6130c98e71ff77197f,5,Otimo,2,0.3,False
4824434b9467263c3297ffe01c3e527f,bdfe93bb42c76425b86540b96ef4761c,5,fue muy bueno todo y lo mejor es que entregan por correos no como mercado libre aqui me gusta mas ,5,0.673,True
dc1938fbec8fd18ef902ac96fe2d9f56,bcf4d80488b9f38a8d2649960da26771,5,Frigideira muito boa !! Digna da culinária mineira !!! Melhor estado do País com pessoas excelentes !!!Pode comprar !!!,5,0.8,True
60c1eca5bdea6730bfa0d85f87ae78ba,4830bd8fff96f1bb97dd5db5220f4817,5,Produto correto e entregue no prazo ,4,0.419,False
a4da4e2417ca514e8cfd5833f8012eef,8bc4ec47148eae2b4ca051dd24c25a86,5,Recomendo o produto,4,0.434,False
9519e51b6a8a8e589eaca3ebf80d85aa,e8db697a6bd22722ed990beab0b844c9,5,Td certo como sempre,5,0.483,True
a4cd80774014e011a2a9665330b4e342,3ed2296452fe2eb69e2cc8cc8ec2c3b4,5,Produto otimo,2,0.377,False
37350c9616452214ceb85702a4e5e90d,9cc4ea682d63b102c5b7d5cccae73748,5,Parabens pela eficiencia,5,0.469,True
1a9542d9ce3b1d9771070bce3dd22716,ae30b3b7dd8b6106d53a9c4af07736f2,5,"Entrega super rápida, Amei o produto, com certeza indico",5,0.571,True
67f300be4fddb206e5fad4e8a3bcda0c,fcde2f7449493b4f207a23fae117b0fb,5,Não tem,1,0.476,False
c85b5fccdb24dbc9eb3f3509ec98150e,8ba726c808e76426c3ed43efc7ebce96,5,Entrega bem antes do prazo. Adoramos a compra. Recomendo ,5,0.465,True
06c5266e0230241682a9cd66f29d197a,23c7702588b2b08f1bf4fbdd15f19343,5,Excelente atendimento recomendo e indico! ,5,0.715,True
56fefe3b6ae80c47e14c3071405f59b8,34fe5a39b9e65ac47aac2872c3538c41,5,Produto conforme esperado.,4,0.473,False
334b60b9800084113a6c2ae125811f92,ccec592b58e122dc2bfc2305152d9603,5,eu recebi apenas um jogo de lençol o jogo de lençol adriana nao veio junto,1,0.674,False
5f797faa1634b1e795f386c500b7d556,504a177139942c6e3aee4be10accaac6,5,"Ótimo produto, material muito resistente e entrega antes do prazo.",5,0.562,True
a011e3b892c81a6d8f538cf5ab7b3bb8,ea402a52e47bbc683974efe466ed5271,5,adorei a carteira grande e confortavel com bastante acessórios e espaço para documento.,5,0.63,True
20aa4d78d4d906ddfe1b29f83012e9aa,93ad4e26ffd4ddd84ce5656128ecfefc,5,"Entregarão antes do prazo, ameiiiii",1,0.53,False
a6db181dfeb5228d733a387f96d67b07,1d52ecb64812aade8eda623f0a2f0c79,5,Bom,5,0.49,True
fb6468c0b5ac28b46132dd01cd1d8e7f,d7449e15f5045562074cc57796341cf7,5,Excelente. Mas só funciona depois de lavar duas vezes e secar o cabelo.,3,0.395,False
4fa58dbf1f4f32f205a31acaa184d7dc,dcb668b21e7c36224624fc4b4ddbf0fd,5,"Gostei muito da loja, entregou antes do prazo estipulado!!",5,0.619,True
ec7e29871fd51cd5bc861443fa55e00c,18b7eabb777a9afcf244fac3c27f3391,5,Tudo dentro do combinado e do prazo. ,5,0.432,True
23f4438b06e55173e6b02c50b6989256,28e0151b51b38a4a0d48b6a3a430d9ae,5,Recomendo!!!,5,0.596,True
7a7d77ee82410dbbca01fa7da9ab256e,ce6f76eb40949df0b5b6ef6936848d9b,5,Muito bom!!!,5,0.729,True
1e5e4d8a4b76d86472d3a586787280d9,205b0e6f9bda4be961473c68ea127c97,5,A capa escorrega do sofá.,1,0.388,False
cd1592062f4abad73cc30f3258bb9c82,2abed06af11ab7e3bc833f1b1535ba25,5,Entregaram somente a lancheira ,1,0.601,False
00796066fd362662aad56f248cd7a5fb,5b249d0d2a393d918ffae8d9de5dfb4c,5,"o produto é otimo, super resistente e muito mais higienica que as outras..recomendo.",5,0.719,True
8ea891563ff2e29222783cd691e9d0b8,d83706c29baf36eedf5e8adfb0da304e,5,"Chegou mais rápido que o prazo previsto, fiquei muito feliz com isso. Ja estou usando o produto e gostei muito. Ja comprei outras vezes no baratheon e vou continuar comprando. Site de muita confiança! ",5,0.886,True
4c296fc936ca8810d2b488cb1b712626,b05c8cc769417646081f2cca46eb35a3,5,"FAVOR VERIFICAR QUE MINHA ENTREGA NAO VEIO CORRETA...
ERA 2 PROTETOR DE COLUNA 
1 MANTA..
POREM NAO RECEBEMOS A MANTA, SOMENTE OS PROTETOR DE COLUNA",1,0.582,False
e7e31afc4b359c9b92b24cdf0aebcc44,463a5ead09af7e15b525773f2d081b37,5,Obrigado pela pontual entrega.,5,0.426,True
fa429f3654612c5c99b03154328aebe3,fa87437f971fce498b2184cd2401e23e,5,muito bom recomendo gostei muito,5,0.721,True
43856aef2638c52d3479d75c16becac8,26884dfc89f32e105d001c993035c55d,5,"no geral, acredito que deverão ver esse lance de frete, é muito caro.",2,0.453,False
c86520e8bbcbb82ef5470c1aa91ab4b9,e3c0a2c7d7991400a33d2da89c86e6de,5,Ainda não instalei mas está em bom estado,4,0.37,False
ea4edccbb48a0346be91d970aea133a1,b56da4f6ba2b34016327152e136fe19f,5,"Muito bom , veio exatamente como descrito.",5,0.697,True
da12b976ff87792384caedae4c87cd59,d8c637c43a0a5a1c7ee79aad5ae359a2,5,"Mercadoria foi entregue bem antes do prazo, exatamente oque comprei, produto maravilhoso, atende minhas necessidade.
Estou muito feliz!",5,0.838,True
ef6ac3c56acb3b6311a1761673f0078d,6e25453a992842c74dad4997432fa104,5,Otimo !,1,0.384,False
b7e0c3b72588aba588e2a242cdf4e6d1,445e644ce100ddf209bc9fd616d882ae,5,"Produto correto, entregue dentro do prazo e muito bem embalado !! ",5,0.524,True
948486cd5f6b1d69a905ac8d8d43b34f,563cc94852488599d7c665e7f9fb7ab1,5,excelente parabéns toda equipe,5,0.793,True
95e1106882e47f9d00620cbcd98813de,1825a3f130b2692290f29b53f5dd1c66,5,excelente parceiros targaryen e Elba confecções. parabéns a todos e obrigada pelo excelente atendimento. bom dia,5,0.714,True
523593b4d9129a9e1e26c420fc6d34c6,c3fc148b164409876f756553d99a1e6a,5,show de bola rapido e bom o produto,4,0.43,False
72d74eec960e3082d9476593e1ec3c6f,e97c5fb2b1ca5b5fd19f2c910a274e33,5,"Produto bonito
A loja entregou rápido 
Recomendo",4,0.448,False
c945955adbba2ae0ee82dc45b36de117,21e751f0d78afdfe36cb0e8fe45360d8,5,Claro é super confiável esta de parabéns,5,0.744,True
32b42003e873d7c005a27f6059dd6740,ad9a7a5732e10876e711ca49c3f0c11f,5,"Tudo perfeito, adorei.",5,0.824,True
e37ded7fb514d2ee1d65c53130c6c90a,44bdc4b28df8782f4190e4abfcc8cc5e,5,"A loja entregou antes do prazo, gostei sim e recomendo..",5,0.373,True
f3c3e27eaec9af44295d4916731e88e9,539f81f36185c122311c17561a1508a1,5,Ótima compra!,5,0.737,True
feb422ed9b113586a227443e1f341609,7c0385a35429f81bba270c85f63f4130,5,"Produto bom, de acordo com a descrição ",4,0.541,False
5a8f25b983a1bed3fd2a6d22e9655070,a5beaa646a0becb1965a0f77f1f05934,5,"Serviço excelente;
Produto excelente;
Prazo excelente;
Loja fantástica!",5,0.877,True
9d800c242ef96dd105f40f37a09788ef,2e0900f25a11a9802bc76d2613b1144c,5,Recebi o produto excelente qualidade ,5,0.681,True
293cc490b7a98558892c0d9c426441c4,c72c794309b49932e42cf11c75b22c45,5,O produto chegou no prazo e em excelente estado!,5,0.721,True
3495a22d601195a6cc78f9ddc497c413,89f0460c9010d52281a44ccf5a287526,5,"TUDO OK, COMO SEMPRE.",5,0.593,True
ca6c02fda5f9cd1e2660ebcdc0701a9e,644ae2fc953e74a21a0bd28b2049242e,5,Chegou antes do prazo ,1,0.418,False
3048f8860b2a2bcdcf47e679b6af4af6,c268faae84283868985823042e4ffb40,5,Gostei ,5,0.429,True
3a1e0835d23872917c1e8d6bb041dfbb,1f7e72019fe94655c9b15feae3c2b2b5,5,"A forma de pagamento super fácil, e o produto chegou bem antes da data prevista. Fiquei muito satisfeita com o serviço prestado.",5,0.523,True
dad15dccf3a54869b90cc765efa8634c,a29e4c7eb0774544c4558ec64d9e9481,5,recomendo,5,0.511,True
f917792f6d927b5623602bb4aba8216e,5b5b301c2306435fbdcd698f1c3a5ab0,5,"Muito bom, entregou bem antes do prazo!",5,0.609,True
f39935ddaf2f23edafa5553d1dcf9058,5d4f99cbe5d36d97c16689770008cfc1,5,Recomendo,5,0.511,True
c2d7440e6776f8e453822174ef419899,0de1fcbcf77497b2d0223441f6f59e20,5,Primeira vez q compro e fiquei muito satisfeita.,5,0.745,True
5e79e7142c25b193a0316df533216814,18424f62e6457228cde82092ec2252df,5,Ok,3,0.495,False
4ed0484e810aef4f1e6ef2a266f47dfa,434e8530a696521ae619af1a0072bf40,5,Recomendo.,5,0.521,True
07f56dddf2370fd5663d8bc9bc14cc73,e0f3cd25b704e2b54b5837d443087ba2,5,Produto entregue no prazo e sem problemas.,4,0.473,False
cbd63dc4f83043f2714e48fe8a83957d,6f4719ee5e7d76f4a81d919ed3927f89,5,Produto de ótima qualidade. Adorei!,5,0.805,True
9ae0f8dae0c025393459e73aaf1df584,f9c50aff44ed91808d5b511bd49106ec,5,"O serviço prestado e de grande confiança, porém ainda aguardo a resposta para solucionar o problema que o produto apresentou .
Espero que a mesma mostre eficiência na solução do problema. ",4,0.526,False
b7cd17c7010872389323cf9ceac6af02,adaca9317c371ba7096be58316138384,5,"Nem parece Brasil, antes do prazo e em perfeitas condições!",5,0.431,True
95718e288012747685e1ad0133eac887,598e0b2b828aee119bc59b9fdb2fc1c0,5,Ótimo,2,0.3,False
81f8dc52a686b8410b6d031a5545ad70,afb41fa922afaed3105a1700fed64c35,5,"O pedido foi entregue até antes do prazo determinado, chegou bem embalado sem nenhuma avaria, vendedor correto e de palavra, parabéns a equipe.",5,0.391,True
95f6d3d435a8eb7e148a1d0c4709c036,b0ee8cb0ccd868a2b5fd4b0f66bea08a,5,"Rapidez na entrega , é um produto de ótima qualidade! ",5,0.731,True
6f76bf0d98012be0e1e3a3219a488ff1,5dc2065524809a87208d760d279f88ca,5,"Chegou antes do prazo. Veio perfeito.

Muito obrigada!",5,0.783,True
bed74f56ab97a3e95f3582b3186d7c63,9712ce7b38d5c1089b5e699e65f86d3d,5,Entrega rápida.. produto bem embalado. Excelente,5,0.703,True
faf6b4b913649d52fd2f0d6e5e3657d6,0abf7f13c92f93e708a28f32316b13d3,5,entrega rápida.tudo certo.,5,0.505,True
f38df4c594e789adada7375d42821935,d29bae63f22f20cb3190869e57451e86,5,confirmado entregue dentro do prazo.obrigada,5,0.329,True
6b04e70998a8eae70555586cf2b5bd3e,ead9c15a852438a4165d9e4db49762a0,5,"Produto muito bom! Chegou antes do prazo, e ficou certinho na cama da minha filha. Super recomendo!",5,0.817,True
c2f41b421287aca0a3e17eb6aea33628,cd39022e5751efdf258a1052e7e9bc70,5,otimo,2,0.3,False
04cdf6809d87121aa3d37ec982cfa9ca,517378a05081f7b18f04a01a9cb8e866,5,Fiquei impressionada chegou muito rápido!,5,0.784,True
8cbfa30d0c75a80485fabd82c59aedfc,fddbb434bce33723969c0d1950649dbd,5,"RECEBI MUITO RÁPIDO ANTES DO PRAZO, OTIMO QUALIDADE ADOREII",5,0.738,True
fa8ac15599b630d84038ece4c4231002,fc957026f2482ab3bddf91ebc9d0dfc5,5,Muito boa a loja esta de parabéns ,5,0.532,True
f8bc084927f01cb84fce083eb9aa5819,30f95ea478d6e49bbf813ec20e149cd2,5,"Produtos entregues no prazo , corretamente. Certamente comprarei mais vezes.",3,0.277,False
a80e2ad6ac9d5456b4145262aebd7d28,81964f82f03b74bb44ad9b9dd2908a77,5,eu super recomendo a lojas lannister,5,0.745,True
848011a0bb2b56b83ab3f38467cdbe49,b2fd73f1bd0c6aab4bc4987c2b550c94,5,"O travesseiro é ótimo, supriu muito bem a minha necessidade, vale a pena comprar. ",5,0.592,True
27646807f1af08afe766309756ee7601,301c441176beabdc9ef015807d9290aa,5,Excelente produto ,5,0.767,True
4838d1d7476a0bd88a41061ec714ccc5,68463e6110f0910eac75194e97218903,5,"ja comprei varias vezes eu sempre fui bem atendido
otimo atendimento, prazos de entregas dentro do
prazo estipulado sempre chega antes da data
prevista",5,0.446,True
732d5a1c973ec3bdd8141d39ad6b2cc0,c9d0365e799572906dd4a83e17d1b6e5,5,"Achei ótimo, era para demorar até 20 dias, chegou 4 dias depois que meu pedido foi aprovado. 
Ainda não testei, mas pelo que dizem ele é maravilhoso!",5,0.462,True
7738001f64428ab6c2d6f4a991dcdd2b,7c62cf0327c291a9f3d7d3394b4c0166,5,"O produto foi entregue antes do prazo, muito bom o produto recomendo.",4,0.44,False
09ea784f47a93ff3a40a985aa45276e7,7c03bf6cda48e5312a9e4cfb0002f3b6,5,satiesfeito,5,0.447,True
068bd27435d6e9af90ac72f336b7d0ed,1f56d6730df1a47e92e167f773c5f37c,5,recebi tudo certo!,5,0.525,True
aa21520cc1fed7fa11004f5df18cf70c,803f15601207b09e8cf7c80a4fdb1e30,5,"Recomendo totalmente este site, produto entregue corretamente e antes do prazo estipulado. Parabéns!!!",5,0.685,True
ca8268e52130a8c373fccf43c7118d8f,2e58b7c9ceac16033e568d728d30d620,5,Fiquei contente com a agilidade de vocês e a preocupação que vocês tem com os clientes. Parabéns. ,4,0.436,False
4a3eff6c3766fc2f3a5132a45d8cc83c,a1f24dcf6e5fc6b0f0cd0b265381767e,5,Entregou bem antes do esperado.A única coisa que me desagradou foi que as bolinhas são de papel.Poderia vir escrito na descrição do produto.Mas for,3,0.48,False
9cbeb6619c3129d80f54a682df05606b,94179e454a575df8240e5f5246490129,5,Aconselho a comprar nesta loja e entrega antes do prazo.,5,0.599,True
2a86f8e68d30a6f590e17fa463611a8a,acf5ccf66bf3f5feb826e01d3766e474,5,"Eu amei o produto , super indico ",1,0.522,False
2ed1494f9e91342a5db42dac68d47f97,de59016b99422f0bbd7e51a301bf2578,5,"Sempre que compro com vocês meus itens chega em perfeito estado....
",5,0.772,True
68fdc43445c000c0217777fd90ec9933,af3a99830ba4f46c5814e23ed92ef8cc,5,Produto de excelente qualidade superou minhas espectativas.,5,0.818,True
871f31c05a72c0ae53448ee1b75dff3f,7a82d6437abb93a8fb527f64e86cd407,5,"Negociação concluída com sucesso, tudo ok!",5,0.473,True
02bc7560638893ea3d61a3f775ce7c5d,5bda85803d5b100f4a2c1aea2f89c40d,5,"ótimo produto, ótimo atendimento, entrega..",5,0.497,True
cb6a007e26cdb828dae4df697bb71514,5fd5c981a4232eaced70a8003d560243,5,Muito lindo! Amei!,5,0.648,True
cd759224452679c3d27330a30c0b23c9,1133f2dfc033ba92bf6c470b20f6f332,5,Muito bacana essa atenção com o cliente. Parabéns!,1,0.396,False
c8338630bdba0c7a4c7f1c5877c3b2f2,ff60bb891018547f7e6b79f9286ff166,5,Excelente qualidade,5,0.789,True
776322716dcf071790e80ca840e1ea3b,922aeb0ac07d644471698222684ea285,5,"Produto muito bem embalado, sem nenhum dano à embalagem, rapidez de entrega, demonstrando muito profissionalismo. Gostei!!!",5,0.739,True
aa1ce94efdc9dd0634e4aa189ddc89c4,026381d57420b32237d7d89a8daf21c9,5,"Entrega rápida, produto ótimo!",3,0.28,False
70d6fe72d525e7ba2861946078496c1f,7a3f4365d7cce4ab7886cbcfc452e83e,5,ecelente,5,0.26,True
4fdc737f9960efe92599cd00d924aa28,117555989192fd7b3694c3acaa2bf0b4,5,Adorei a bolsa! Bonita e veio bem embalada.,5,0.648,True
d51f6b2ea8e2a29ebc0237249f1927ad,de6bab4da1dc5f9d599909b30747ba4d,5,"Ótimo site e loja, produto entegue rapido e com qualidade ótima.",5,0.521,True
85ce1747a7881af3baba780c7225a772,945974d480bc501f2da3b39ec23fa369,5,otimo vendedor otimo produto entrega super rapida,5,0.69,True
b3fde621a8029ccfa9f76aec3c8cfb75,a2e6b3c462fbefc8709b2eb5f51f809b,5,Entrega antes do prazo. Produto muito bom e bonito.,5,0.65,True
946ee7a80fe4dbe7970557ccfc32d846,3d959329c3f9a09c470085f1d4faaae7,5,"Bíblia bem embalada, sem qualquer avaria. Produto certo como descrito. Recomendo.",4,0.511,False
d17936b5ba758bcfb2053a2e2a5aea45,89459df51caaa029d2494f4b36f1b96a,5,Ainda não recebi mas tudo que compro na lannister. Foi feito a entrega com susseco ,5,0.318,True
b4a94b13de55b34a3064882d1b6c12b0,4d800ff31c8c5d493ba7137dbf5b45b7,5,chegou antes do prazo ,1,0.418,False
81b13982511ec0c56fc02924c8dbaace,68987346a4a9df9cbbb2234b956dd59d,5,A loja sempre de parabéns.,3,0.235,False
006d91c83696c3868dd24533c65ce0be,3e4c2286500a9d3194bd7d92434c8233,5,"Além de linda chegou com uma semana, bem antes do prazo estipulado para entrega. ",1,0.362,False
ebe73d53029c5ffd1c8489f0f46d823e,825c221a4e981f278e9c5ec6ead83a3f,5,Recebi o produto dentro do prazo.tudo ok,5,0.504,True
5cb4cb47b52fba95cbec2c9d871adaab,76316d08dd15e53a577758b8f09059f0,5,Recebido conforme o anunciado. Sem nenhum problema.,4,0.491,False
5143520394063d2f5a81f9a9acfd8ce6,5ab00c62f565cf0916a6fc76adf016ad,5,recomendo,5,0.511,True
c22a0cb845e9c2a01e116b7dd9d8f5e9,0d21189c5494d8288ee358b3b24f85b4,5,atendeu o procurado preço e entrega,4,0.466,False
b0baf7b354d01ab0dfbc1f006254fe05,41948e7b013201d8f4f7da938bfa7fd6,5,A encomenda chegou certinha e antes do prazo previsto. Recomendo! ,5,0.585,True
c7d14dd018299dda0391bc82b4b899f6,d973de85e22fa324fc26a2c4da7884b6,5,"Tudo ok , como sempre na lannister. Parceiros excelentes honram o nome da empresa. Obrigado",5,0.729,True
c56f37af17ccc01b0b36a901bee9c641,be560e55f6098370a75dae48230f049a,5,"EXCELENTE PRODUTO, ESPAÇOSO, ACOMODA MUITO BEM A GARRAFA DE SUCO E A MARMITINHA DO LANCHE. PRODUTO ENTREGUE ANTES DO PRAZO PREVISTO. ",5,0.688,True
409e3e52d8002176e467b3cd5e7f8177,b9e0c2dfab4b400170fc1bdc4765a35e,5,"Chegou perfeita, super recomendo",5,0.795,True
84c7d9c2a11bb239d11b6c06b2d3350c,a7ee1f8963042a28d8482aeebeb24c4d,5,Entrega rápida e produto em perfeito estado!,5,0.781,True
3761fb6ae92e0c2d2a2e4fb0a0d903ed,52c8fe0f0dc37807e452b5f695c2eb77,5,Amei o meu produto e recomendo a todos!!,5,0.676,True
bda71a6b1289c63be25dc999d4a3eab3,69f5eed47613a9d3cd0ae94d398cdd4e,5,"Tudo ok ,entregue antes do prazo!",5,0.524,True
e6dc49c679161630eab4aedc1304f85f,2dcb16f827ccfc7bff5be2a6deb28bce,5,"Produto muito bom , chegou no prazo",5,0.578,True
02da81c02b4e28478e9741ea0c26da21,602647a4fb63e41a0a30d3f71ac47c22,5,muito bom,5,0.646,True
a210b49f209b44c805f4d11476234daa,07a75ef36022ad882d61416543b23c54,5,SATISFEITO,4,0.551,False
f7e196036cd78e54df1d28f8868c66bb,fba464e2b8022e40e3a5e5fdb8e7f2b1,5,"Ficou ótima minha capa, gostei muito e só com vocês que eu consegui encontrar. Parabens e continuem assim.",5,0.271,True
e43d995e64f81b892cc4709e61517d65,76978d31d8e911d947c1c80c193e116d,5,Parabéns pela pontualidade ,5,0.305,True
d09106d4c51e8f61f59f3de2386e7bc6,8c59638b578341d034f1d7ffce0a5575,5,"O produto é de boa qualidade, e foi entregue antes do prazo.
",4,0.457,False
3a0aa41ed5ae8a82cc1e0684a1f5bc55,934687c37e7180c1b553ffbf3485af95,5,otimo processo de entrega. super recomendo,5,0.808,True
3af0a6690434558c071e65f3f508c478,0c905768040f5d51c3cccf00256ddcd3,5,Super recomendado o relógio. Atendeu em tudo minhas expectativas. E a entrega chegou bem antes do combinado. Estão de parabéns.,5,0.769,True
914f673f406b72dbb193e9ff7336a96a,5943f6d5dc8ba01f970b8ef4d18678cb,5,Recomendo ótimo!!,5,0.632,True
0c514c9c3d2b2750d54799f15ceb7715,1de55e56e0ba3d045955e0336a3fab7d,5,Recebi o produto antes do prazo previsto e Amei.,1,0.38,False
8490879d58d6c5d7773f2739a03f089a,6b7d50bd145f6fc7f33cebabd7e49d0f,5,O baratheon è esxelente Amo adoro o baratheon,5,0.669,True
b826c5f4067ac605963bf393670f513d,7fc89538fb86a1a09c3e0d809a64f17a,5,Recomendo...,5,0.496,True
8de5ba106aac86cc7848b9b1128ef65a,7090915026396fe970a03b8c4c6f0d95,5,"Entrega rápida, produto bom
Recomendo",4,0.478,False
309e22f7d463439a6319be3732d8b896,aa074a04e180e1202a8e0500297a2570,5,Entrega muito rápida recebir antes da data de entrega amei meu produto chegou em perfeito estado parabéns !,5,0.616,True
b7a3ff616c8995b93db75a8d9b170502,ab5ff8523a162735e1d5ce37a2e4be76,5,"A informação está clara, mas é sempre bom lembrar que se trata de um produto compacto, ideal para viagens!",4,0.446,False
9cfc8f8d866c45dc2ec5dc51c98a9b46,c6e881cc0c5529147cfb07d33ec5293c,5,"O relógio é lindo, minha filha amou. ",5,0.477,True
558ade54ad90bc6c58f5e244098e7661,842d9fa6a8cc47a3c8d3021592debe74,5,chegou antes do prazo ,1,0.418,False
98b69335e2ac5fe20a0b02da9b3a24f4,8c9e1d21a726356a014631e7339ac1c8,5,Produto entregue no prazo sem dor de cabeça como deve ser.,4,0.414,False
12c8f88b2e74128f1e01bae706bcf1a9,c41d2dd15394d41590232a9cc491319c,5,"Tudo dentro do prazo, muito bem embalado e delicado... Ótimo.",5,0.458,True
17f34c75bfc043fd20c694bd96501ead,4a5ffb8eac522b1d4e4223394967f25e,5,"Linda.
Entregue no prazo
Material excelente.
Recomendo.",5,0.631,True
ae4d55586404afad436315a486772a6a,e086a8e8919e918a3f1968ec76281bcc,5,"Produto original de ótima qualidade. Pequeno, super delicado.",5,0.625,True
cd9fb06d00b75ca597b1567d52d52fc7,60bfb63930f066b16ee32b640d38c501,5,"Entrega rápida, parabéns!",5,0.585,True
89bb34bfa74a22b558bc17ccc2333f3b,e9bfa573b732937bcce0dfee81481cdb,5,A loja entregou antes do prazo previsto,1,0.346,False
f81dbd81c5107171ef6d71c12542b412,34fefcb94e75fb1b7a0cd863796ce6e5,5,O cobertor de microfibra foi entregue antes do prazo em perfeito estado. Gostei,5,0.493,True
7e543c0684db1ade6814d8667f124de6,97f3a84e96f9e837dae9f7e2f4570afe,5,vbvbsgfbsbfs,3,0.27,False
a71492b3cb02c2a1d3e34f7f7f1d9619,dbbb8658d9a27d2be4cefb9a9a5d9e33,5,"Recebi muito rápido, produto perfeito.",5,0.801,True
48fd72d764b94ad5c80187fc738dbf01,ee16c51f125b7df3e418ad66a3a95434,5,"Dentro do prazo, tudo certo com o produto!",5,0.514,True
019b8f51187daae32d62a38f27986575,f3a72c603e97e42ea0d97763df16c64d,5,"Entregue corretamente, amei a encomenda.",4,0.423,False
c3e8cd83117a3b560a2f191dc07bc07e,835dcecf534791041554b984434d72a0,5,"Nunca recebi uma encomenda tão rápido assim, o produto chegou perfeito do jeito que eu queria e super rápido.",5,0.656,True
98c298da6ce6609865a91f3deb3371e2,e1ebf9d9fbf1f356179a8f969dc8c4c5,5,tudo correto certinho,5,0.381,True
cf7bdba8ff37499853af4cc6363daf6f,6d124e450d109b4a3b8ac6c4ccbd6d11,5,"Adorei o tapete e minha filha também amou, chegou bem antes do prazo, recomendo ;)",5,0.658,True
59c703e7066e7ac076058a175d0756d5,02b2c02d27d60c0e658675335ca80216,5,Entregaram direito porém o correio n entregou em minha casa,1,0.596,False
ac03ad6b43cba822aee617cff5cb3fa1,b9ce6b3fb6996bc5690ee196a0c80888,5,"a troca mais rápida do mundo. Estou realmente impressionado com a eficiência do stark. Não tive nenhuma burocracia, o produto da troca estava em minha casa em um piscar de olhos. Parabéns.",5,0.88,True
5a57d029303bc346f888cb3a1dd15c53,98acbe0ec0c00e9baa6eb51e7c9f85cf,5,Eu recomendo ,5,0.492,True
622ba4d436c8cd0b47fc37a0f5e34cee,d24e85d6039de97467e1ed73a04923ac,5,"Preço bom, entrega super rápida e superou minhas expectativas. ",5,0.657,True
1d5d3a466fdb42e9748555926924285d,ef0f71fb2f7a2abd24c7b7dd78907ea7,5,Linda...,3,0.245,False
1a54a116c02542436301482fc7356e74,c6cb31f8b07b595bf517c4bc1e86d35d,5,Empresa responsável é comprometida com a entrega correta e antes do prazo combinado. Parabéns ,4,0.429,False
8a6f3aa41de8610404646a533c0be58e,206c42ab534ffb0c5ec97f00f86070ae,5,"Comprei o produto na quinta (19/04) e recebi no feriado (23/04) pela manhã. Além da entrega rápida, veio em perfeito estado. ",5,0.69,True
aa69839f30152295c4e94fca7a5a6e18,99500821b9a347353e010d41c2204481,5,"Entrega realizada bem antes do prazo previsto. Produto bem embalado, condizente com a descrição e de instalação muito fácil. Recomendado. ",4,0.522,False
634ea868897180e2e4b4d7d564bf6267,fbfb6fccd8f50100dfb9a416960ad0f5,5,"Recebi o produto correto, sem demora
 e recomendo",4,0.436,False
08b8ab4cd13b5ce55a4f6558ba1d1c87,1f88dfdb109093f6b629f1e6d75af30c,5,Ótimo produto excelente qualidade entrega rápida.,5,0.782,True
e0a0c8d2c88af4d5ef9b2c65c6f73d68,f5c44d261c4019b41901de79a7312376,5,chegou antes do previsto. produto de qualidade,5,0.672,True
27d832f3d65bcae2efb29e4cbf056296,77695976859e3c3e692c5a5bc670f31b,5,Muito bonito do jeito que eu esperava.,5,0.597,True
b7f8d55b0527cbffadb7e731d834e5a7,4c9de71242c212430ae070b7d2f837e7,5,Recebi antes do prazo estimado. ,3,0.327,False
1ab737c1cf6acf1f509a9444ff916afe,354ca44327bb555017ef42fd921ada11,5,Vocês estão de parabéns!,1,0.481,False
706c73b3bc8b35bb32991d303b6e76f1,3d5eced976da12ad3c2f05314fa911ba,5,Chegou dentro do prazo,1,0.329,False
5fb66cdc25fef20eacb20560cddd82a7,50d73aae647c6c12616d5bf9e6aee1c2,5,"O quadro é muito bonito, bem feito, compraria até três. Gostei bastante, recomendo para todos que quiserem Comprar. Não é um quadri grande, mas o tamanho vale sua beleza e resistência.",5,0.517,True
447efc1bcb513b94db26d21069ca976c,aa46951898e69724ebbcfb1c6cd4879c,5,Entrega no prazo.,1,0.667,False
f4ae9556b492883a3c17c417b3fd4579,8e06d9e5843b8db91a450598c1c8e2b7,5,"Muito bom , recebimento bem antes do prazo!",5,0.595,True
8dd6176ada44da7c91e4c6568d7f20b4,4506b1cbdeeb686eb19dd753a7a645ee,5,"ainda não testei o produto, mas a entrega foi rápida. obrigado",4,0.398,False
510eb1ab9a3fb51ae021ec7b1ab5f926,8e21294be5e4cba1d069be0f7d4eaae1,5,Tudo ok,5,0.464,True
2418bde9744e8041389ab9292cec59d1,939285ea068d5f0ca82bb30d91ece26d,5,"o produto chegou antes do prazo, isso não me causou surpresa pois já estou acostumado a comprar no shop time. recomendo a todos",4,0.431,False
2c8b0f97e0f850a4f89d4346fa8839dd,a669137c06cc23b7962d63be3a2ad6d1,5,"Entrega muita rápida, muito antes do prazo, show!!! Produtos em perfeito estado!",5,0.819,True
a965b3477f2a9fa4855761e17a4fe5d6,da690cd4a5deda7317b9ab2565bfb312,5,Recebi o produto bem antes da data prevista .,3,0.362,False
1ec29c4f5887cacd76e42c8a2fd2a692,ac259d6b492dc2248e737fd75bffa70b,5,muito bom,5,0.646,True
03f8fc8978a0174c9aae55fab444415c,52409ab9ace8f52a885e05a9204b8aec,5,"TODOS OS PRODUTOS QUE PRECISO COMPRAR VIA INTERNET, SÓ FAÇO PELA lannister.COM.
EXCELENTE TODOS OS SERVIÇOS!!!!!
AS ENTREGAS SEMPRE CHEGAM ANTES DO PRAZO E ISSO É MUITO BOM!!!!",5,0.826,True
dc29766808ba3c0dc85a30d43012586d,23f098e532da469bf9f45d52c5d16d10,5,Não usei ainda mais super adorei entregou muito rapido ,5,0.847,True
52bf871d23846376c679d141da0fd098,f3c99890a23a7a4c9998c133ab700a10,5,"Muito bom, compromisso e pontualidade com o cliente. ",5,0.619,True
29bcc5f6af38b3dd9143c2ae6573aac2,c5f2fc1736e716e61d88a8b5b6425603,5,Otimo,2,0.3,False
dd82269eb061d531bf6200afc8149c9b,209e0537fe66ae1176cef2bc7953aef9,5,"Entrega em dois dias. Muito Rápido, em perfeito estado.",5,0.754,True
4c31a88bb03d04cf4fe4560169003ca5,a72c97c2e824d70b13a34ed812529337,5,Comprar na baratheon é garantia de receber um bom produto.,5,0.501,True
8334e9382f55df1a5696680190ce2b9f,c496970811b313659dbbcfd57ffd1b42,5,"Novo, lacrado, otimo atendimento, recomendo",5,0.555,True
9c3dd040d4890495aa4097c047229bd5,0173e291db71c3e688829f7f03e2d34a,5,"Fiquei surpreso, entregou mais cedo do que eu esperava, chegou no dia 18/07/2017 em vez no dia 03/08/2017.",1,0.425,False
e8d6752ed73bd3fea64a8f9552632a58,1e4517d4bc3d36a859ca530b462408f5,5,Bom,5,0.49,True
1d39d56906d62f71bb27f0d68ab7fed8,55241c40e4d2ee72be056dc4d17acc5b,5,Gostei,5,0.429,True
24f737232c44dd5843685879e7fc3e0c,2d8b7efa1e3e13012f43533582104eae,5,Valew nota 1000,5,0.366,True
b6cfa6f518846a8acbcb1b45385bd4a1,e53c0c4f98222c1309a9903077858166,5,Muito bom,5,0.646,True
685fdc1417570bd85b9579e215c03944,cf9b4a50fa5f421075dbe48dc3a1e30f,5,"entrega rápida, ótimo produto, recomendo.",5,0.588,True
2ef851d05ce939660cabd85f85a2d382,68032d83f60d0cff0f79fd0aff398f29,5,Escorredor lindo!!! A entrega foi feita antes do prazo!!!,5,0.333,True
17646add72c14cf3b20072e9c7f2cb90,bb009fab515024781676004c4924f54d,5,"comprei um tapete mim entregaram outro nao que escolhi, nao compro mais",1,0.8,False
239c4af8ca802bdbbdf8f859d75606fa,6fd1dd6138481494d4b90327ceca7dee,5,Produto chegou dentro do prazo e em ótimas condições. Compraria novamente deste vendedor.,1,0.536,False
607a9cbc4ad36faebb66a56f4443f250,8a9de8d81c80f26c6ed99cfe3fc60154,5,O produto é excelente,5,0.633,True
0a83f8b37170a5bae4aa14ffe9bf0f63,55e62ea5906d028721528c19cdd49bb0,5,"Ótimo... Prático e rápido, tanto para compra quanto para o recebimento... Amei!!!",5,0.443,True
14f0547491d3c47c198bbf05ff571363,2938d86c8e6e92fb089538f210e7761b,5,A única coisa q eu acho q as entregas poderiam ser mais rápidas n a cada 10 ou 15 dias e muito demorado ,2,0.353,False
dfb5641d677f417fd254773453755c40,148ffca6d6b46bd5f71a7b22154baae6,5,Tudo de bom amoo vocês minhas compras de Natal só com vocês obrigada bjbj feliz natal a toda equipe bjbjbj ..,5,0.643,True
77b96dc3e745c088991b6c651f16c0f1,1ee3f6b3f68027bf18b0a9e356edc4f3,5,Chegou antes do prazo. Piscina muito bonita. Superou as expectativas ,5,0.641,True
7551cb790fae203d7b66304cc364b625,71d81a35f1b361216ed02aab5d56325c,5,"Não comprei esse produto, foi feito o cancelamento dessa compra.
Meu cartão foi clonado.",1,0.906,False
3bdae42da8c5b84d83d037f9386ff83f,45ccc16a94688d4edb709ff6eba966d5,5,Mais uma vez o atendimento da stark foi excelente.,5,0.614,True
a9d3225a8e44e7d8593535e3e1261f18,4c405106a055077716496d46fa6d9d65,5,Boa qualidade,4,0.46,False
858a151925c7b7903d5f2f23455747c2,a7a6f07430f4582429b12cd0c2bcfd3e,5,Tapete top ,5,0.779,True
fd05689446627cc4f366dbda705c3706,c16ce7cb8754c1a23b18dda94ca20b02,5,"Recomendo maravilhoso, me entregaram antes até do prazo amei. ",5,0.889,True
0eb9eab72e3b906e1b5dce9cf8fd2297,72f13434d0258f5c25927d2b4d5b2c1e,5,Acho uma loja super competente no que faz.,5,0.772,True
d992198552f42790f14a99502977ef9b,f58bddd33f2b976d3676cccd97e4d776,5,"melhor atendimento, entrega no prazo ,enfim melhor site para se comprar.",5,0.625,True
8cb77831ed41acdddfda7aa959fa67d7,f819c53d333f9775d516f9ab29e0ded8,5,mto bom,3,0.252,False
35b3bbf069db75702def52ea1a530321,ff31038b08d729b14c0f7e206f0c85bc,5,Gostei muito do produto e a entrega foi rápida. ,5,0.57,True
72f8cd13c175f856ceadc8dffda09257,bb0b676d5b0925b1ef529d78548c37b9,5,sempre compro nas lojas lannister e sempre muito bem atendida com os meus produtos entregue em dia,5,0.682,True
e1ca6bd2fdfcec3c1e4f4e627126a8fc,531752ff49fa411d865ecde8cce5c7ee,5,Excelente atendimento ! Sempre cumprem o prazo de entrega .,5,0.68,True
a29e2027f7585951a4b7bf25d1f57d94,f9b7d4be1a26d7a0017957e6a6f26e01,5,Não recebi,1,0.716,False
41921cd91e55282403318e5b6b8259f0,39559fcf9796220ee34c01c473d42cb0,5,"Postagem ultra rápida, bem mais ágil que a própria lannister. O produto chegou em prefeitas condições e tudo de acordo. Super recomendado.",5,0.792,True
f501e6b6e3167a5c8a37c537f261f3c2,90b22de691552b213f33c2a25c74c413,5,"Gostaria muito que me enviassem de novo o produto porque ele foi roubado , não queria ficar sem ele!",1,0.629,False
78f6058b6fec6a069a3f133138c9b0b3,ac527bd1d7b039324e6abde8f56655f7,5,sim eu recomendo,4,0.306,False
422daa31a46e2046aac6e0b589dec545,06a1cb50e0911f3b04b4f43fc7beb5a7,5,"Adorei o perfume, é muito parecido com o Si do Giorgio Armani, é mais suave Vale a pena!",5,0.687,True
b7946091f8c0f21350ebc3a0bb37bc71,4b594c50ed0279e3677e9580c4cfcfdb,5,"Ótima loja, produto muito bonito, entrega antes do prazo. Recomendo!!!!",5,0.702,True
c7604353a81cf5762ecf7f7bf5b3c432,c169a9e130193e8343151c84accb258f,5,"Ótima compra. Produto entregue no prazo.
Só fico muito injuriado com o imposto cobrado pelos governos.",1,0.361,False
167b40b617e650de2c473d70baae2e65,b37a7e90838d63c38152d2f8c432a726,5,"entrega no prazo correto produto em otima qualidade super satisfeita com a minha compra
muito feliz pelo o produto adquerido tanto na entrega como na qualidade do material recebido ",5,0.669,True
f1bd430ec321df29353b840a3cc0cd69,d3a5c7e2fbe9a935e6a4a7454d4b8869,5,Tudo massa,1,0.373,False
3f73914ab5fc1cd68ad6757c93644349,3144812170fbb0c3b71bbd757609f605,5,Sempre compro na lannister.Pra mim é a melhor loja on-line,5,0.801,True
4b59694402b3c50bf3ff7d20d5303642,530e59f0f148ec0029b49a2cbc1ce2ce,5,Nota 10 chegou no prazo e do jeitinho que estava no site.,5,0.336,True
3448c42a7e6daf1e4335b6c4b7829245,5db7d9a0fc370ee9ccbf9dfb04eb2f66,5,Encaixa perfeitamente ,5,0.773,True
b7644857af07ec4f1abc07a7a45ea687,3e07f3e5491c1c3d9c9f02a1071006a7,5,Parabens pelo produto. Muito bonito e o prazo fe entrega perfeito. ,5,0.649,True
8246361afb32974fddfd7440252bfaed,28522593d073f4f1738c608a4326ca7e,5,Muito bom. Chegou antes do esperado.,5,0.688,True
96f49b07782e6a5dac9373e892a9a4de,9fe00e9962846aa199d29a3c3d086afd,5,"Havia pedido duas unidades , e chegaram em dias diferentes . 
Achei q nao viria a outra , mas hoje chegou . Td certo 
Obrigada ",3,0.306,False
1d02d273e5294f2d99baf4b6e8d529a7,3461c4b04fb9c6ecc30aee1e099bd1e1,5,O produto veio bem antes do prazo. Parabéns pela logística excelente.,4,0.415,False
40b6cd373103b22262181a4e8d8a3892,64fe1a032e48385440b54e5892d778be,5,Muito boa eu indico,5,0.629,True
630f3d08a3527038633232fc7ab70eb9,1c020c2a20a524371e81f9ef21eca0b6,5,Recomendo ,5,0.511,True
10e59a05ad465340313794499592d547,181544d1a7128358afb29daed7793e9d,5,"Boa qualidade do material. Só acho q deveriam produzir bolsas um pouco maiores, mas como são duas, já ajuda.",4,0.679,False
503b76467488e395f6eee6e13d06eda2,72467f16c5938bd5447af741ba86fdd2,5,Entrega rápida. Mochila espetacular.,5,0.858,True
e49ac39f20203e1ac205ec8e514a4f8c,0fea6a02bab80f930dafd00ad75923ed,5,mto bom,3,0.252,False
ed686519dc1e069de85c1fc80ec4f8b8,18cdeae7a1be6702546e3d83e5186748,5,Uma maravilha,5,0.895,True
b1f2a2a40e12bd7308a5ebd1c878749c,b4c693a7307b4b641db8b474c9875dad,5,"Chegou em minha casa e eu nem estava esperando, ótima logística.",5,0.273,True
f726d4f14ea36dbdb1cd1f7443d6fba4,47e4c8c9420d2f409428aa0249dd2704,5,A saia da minha cama veio ota cem nem um defeito eu encomendo a outras pessoas. ,1,0.417,False
dfe53f32230c4f16d8e23c671b42505d,6bdcc275fba0fb4ece1d33e9d7126f6a,5,Fico sempre satisfeita com os produtos que compro nesta empresa.,5,0.53,True
890af3031517ccfebe0f0801f1b3bc85,18eeebaf3c1d7f3bd775b5a8d36bb635,5,Perfeito cores vivas eu simplismente ameei,5,0.748,True
