month,trust,region,total_attendances,type1_attendances,total_over_4hrs,type1_over_4hrs,breaches_4_to_12hr,breaches_12hr_plus
2025-04,AIREDALE NHS FOUNDATION TRUST,NHS ENGLAND NORTH EAST AND YORKSHIRE,6213,5994,2246,2246,381,116
2025-04,ALDER HEY CHILDREN'S NHS FOUNDATION TRUST,NHS ENGLAND NORTH WEST,5674,5674,804,804,1,0
2025-04,ASHFORD AND ST PETER'S HOSPITALS NHS FOUNDATION TRUST,NHS ENGLAND SOUTH EAST,14951,6744,3789,3640,548,183
2025-04,ASHFORD WALK-IN-CENTRE,NHS ENGLAND SOUTH EAST,2333,0,49,0,0,0
2025-04,ASSURA VERTIS URGENT CARE CENTRES (BIRMINGHAM),NHS ENGLAND MIDLANDS,3148,0,0,0,0,0
2025-04,BADGER LTD,NHS ENGLAND MIDLANDS,0,0,0,0,0,0
2025-04,BARKING HOSPITAL UTC,NHS ENGLAND LONDON,2768,0,13,0,0,0
2025-04,"BARKING, HAVERING AND REDBRIDGE UNIVERSITY HOSPITALS NHS TRUST",NHS ENGLAND LONDON,29723,13402,6393,5899,713,795
2025-04,BARNSLEY HOSPITAL NHS FOUNDATION TRUST,NHS ENGLAND NORTH EAST AND YORKSHIRE,8877,8877,2936,2936,439,5
2025-04,BARTS HEALTH NHS TRUST,NHS ENGLAND LONDON,44402,25265,13311,11668,1215,1148
2025-04,BECKENHAM BEACON UCC,NHS ENGLAND LONDON,3736,0,49,0,0,0
2025-04,BEDFORDSHIRE HOSPITALS NHS FOUNDATION TRUST,NHS ENGLAND EAST OF ENGLAND,24056,16149,6626,6626,80,4
2025-04,BERKSHIRE HEALTHCARE NHS FOUNDATION TRUST,NHS ENGLAND SOUTH EAST,1472,0,10,0,0,0
2025-04,BIRMINGHAM WOMEN'S AND CHILDREN'S NHS FOUNDATION TRUST,NHS ENGLAND MIDLANDS,4837,4837,479,479,1,1
2025-04,BLACKPOOL TEACHING HOSPITALS NHS FOUNDATION TRUST,NHS ENGLAND NORTH WEST,19160,8750,4281,4228,473,539
2025-04,BOLTON NHS FOUNDATION TRUST,NHS ENGLAND NORTH WEST,11786,7889,3981,3771,551,488
2025-04,BRADFORD TEACHING HOSPITALS NHS FOUNDATION TRUST,NHS ENGLAND NORTH EAST AND YORKSHIRE,13310,8991,2270,2270,648,71
2025-04,BRANSHOLME HEALTH CENTRE,NHS ENGLAND NORTH EAST AND YORKSHIRE,3556,0,584,0,0,0
2025-04,BRIDGEWATER COMMUNITY HEALTHCARE NHS FOUNDATION TRUST,NHS ENGLAND NORTH WEST,3003,0,178,0,0,0
2025-04,BRIDLINGTON HOSPITAL,NHS ENGLAND NORTH EAST AND YORKSHIRE,1586,0,61,0,0,0
2025-04,BRIGHTON STATION HEALTH CENTRE,NHS ENGLAND SOUTH EAST,2001,0,0,0,0,0
2025-04,BUCKINGHAMSHIRE HEALTHCARE NHS TRUST,NHS ENGLAND SOUTH EAST,14764,10175,3034,2970,245,212
2025-04,CALDERDALE AND HUDDERSFIELD NHS FOUNDATION TRUST,NHS ENGLAND NORTH EAST AND YORKSHIRE,15871,15871,2746,2746,944,24
2025-04,CAMBRIDGE UNIVERSITY HOSPITALS NHS FOUNDATION TRUST,NHS ENGLAND EAST OF ENGLAND,15847,10171,4221,4127,498,242
2025-04,CENTRAL LONDON COMMUNITY HEALTHCARE NHS TRUST,NHS ENGLAND LONDON,12442,0,375,0,0,0
2025-04,CHELSEA AND WESTMINSTER HOSPITAL NHS FOUNDATION TRUST,NHS ENGLAND LONDON,24960,18876,4653,4578,572,49
2025-04,CHESTERFIELD ROYAL HOSPITAL NHS FOUNDATION TRUST,NHS ENGLAND MIDLANDS,13085,6703,3786,3410,873,139
2025-04,CORNWALL PARTNERSHIP NHS FOUNDATION TRUST,NHS ENGLAND SOUTH WEST,0,0,0,0,0,0
2025-04,COUNTESS OF CHESTER HOSPITAL NHS FOUNDATION TRUST,NHS ENGLAND NORTH WEST,7455,5079,2974,2712,234,709
2025-04,COUNTY DURHAM AND DARLINGTON NHS FOUNDATION TRUST,NHS ENGLAND NORTH EAST AND YORKSHIRE,17173,12948,5194,5194,1927,12
2025-04,COVENTRY AND WARWICKSHIRE PARTNERSHIP NHS TRUST,NHS ENGLAND MIDLANDS,0,0,0,0,0,0
2025-04,CROYDON HEALTH SERVICES NHS TRUST,NHS ENGLAND LONDON,17535,12685,3660,3660,295,538
2025-04,DARTFORD AND GRAVESHAM NHS TRUST,NHS ENGLAND SOUTH EAST,15145,11082,3933,3911,458,525
2025-04,DERBYSHIRE COMMUNITY HEALTH SERVICES NHS FOUNDATION TRUST,NHS ENGLAND MIDLANDS,8013,0,168,0,0,0
2025-04,DHU HEALTH CARE C.I.C,NHS ENGLAND MIDLANDS,1994,0,0,0,0,0
2025-04,DONCASTER AND BASSETLAW TEACHING HOSPITALS NHS FOUNDATION TRUST,NHS ENGLAND NORTH EAST AND YORKSHIRE,17990,13769,4758,4725,1050,65
2025-04,DORSET COUNTY HOSPITAL NHS FOUNDATION TRUST,NHS ENGLAND SOUTH WEST,4319,4319,1549,1549,201,25
2025-04,DORSET HEALTHCARE UNIVERSITY NHS FOUNDATION TRUST,NHS ENGLAND SOUTH WEST,0,0,0,0,0,0
2025-04,EAST AND NORTH HERTFORDSHIRE NHS TRUST,NHS ENGLAND EAST OF ENGLAND,17103,8663,4595,4563,127,116
2025-04,EAST BERKS PRIMARY CARE OOH(WAM),NHS ENGLAND SOUTH EAST,0,0,0,0,0,0
2025-04,EAST CHESHIRE NHS TRUST,NHS ENGLAND NORTH WEST,4406,4406,2314,2314,163,278
2025-04,EAST KENT HOSPITALS UNIVERSITY NHS FOUNDATION TRUST,NHS ENGLAND SOUTH EAST,24686,12301,5883,5640,449,1256
2025-04,EAST LANCASHIRE HOSPITALS NHS TRUST,NHS ENGLAND NORTH WEST,23684,13049,4637,4198,643,814
2025-04,EAST RIDING COMMUNITY HOSPITAL,NHS ENGLAND NORTH EAST AND YORKSHIRE,3043,0,231,0,0,0
2025-04,EAST SUFFOLK AND NORTH ESSEX NHS FOUNDATION TRUST,NHS ENGLAND EAST OF ENGLAND,24867,11291,5782,5453,1139,589
2025-04,EAST SUSSEX HEALTHCARE NHS TRUST,NHS ENGLAND SOUTH EAST,10488,7497,3221,3155,191,7
2025-04,EPSOM AND ST HELIER UNIVERSITY HOSPITALS NHS TRUST,NHS ENGLAND LONDON,12655,10804,3369,3246,266,700
2025-04,ERDINGTON GP HEALTH & WELLBEING WIC,NHS ENGLAND MIDLANDS,0,0,0,0,0,0
2025-04,FIRST COMMUNITY HEALTH AND CARE CIC,NHS ENGLAND SOUTH EAST,2350,0,0,0,0,0
2025-04,FRIMLEY HEALTH NHS FOUNDATION TRUST,NHS ENGLAND SOUTH EAST,34112,21751,9953,9653,1563,129
2025-04,GATESHEAD HEALTH NHS FOUNDATION TRUST,NHS ENGLAND NORTH EAST AND YORKSHIRE,9832,5888,2696,2646,796,0
2025-04,GEORGE ELIOT HOSPITAL NHS TRUST,NHS ENGLAND MIDLANDS,8478,6867,2335,2312,401,307
2025-04,GLOUCESTERSHIRE HEALTH AND CARE NHS FOUNDATION TRUST,NHS ENGLAND SOUTH WEST,8409,0,170,0,0,0
2025-04,GLOUCESTERSHIRE HOSPITALS NHS FOUNDATION TRUST,NHS ENGLAND SOUTH WEST,13095,13095,5171,5171,412,461
2025-04,GOOLE & DISTRICT HOSPITAL,NHS ENGLAND NORTH EAST AND YORKSHIRE,1675,0,7,0,0,0
2025-04,GREAT WESTERN HOSPITALS NHS FOUNDATION TRUST,NHS ENGLAND SOUTH WEST,11033,5552,3354,2911,540,342
2025-04,GUY'S AND ST THOMAS' NHS FOUNDATION TRUST,NHS ENGLAND LONDON,17442,9921,3966,3744,98,64
2025-04,HAMPSHIRE AND ISLE OF WIGHT HEALTHCARE NHS FOUNDATION TRUST,NHS ENGLAND SOUTH EAST,2866,0,70,0,0,0
2025-04,HAMPSHIRE HOSPITALS NHS FOUNDATION TRUST,NHS ENGLAND SOUTH EAST,14228,10837,5000,4897,261,54
2025-04,HAROLD WOOD POLYCLINIC UTC,NHS ENGLAND LONDON,2491,0,10,0,0,0
2025-04,HARROGATE AND DISTRICT NHS FOUNDATION TRUST,NHS ENGLAND NORTH EAST AND YORKSHIRE,5887,4918,1082,1081,185,2
2025-04,HERTFORDSHIRE COMMUNITY NHS TRUST,NHS ENGLAND EAST OF ENGLAND,1182,0,37,0,0,0
2025-04,HERTS URGENT CARE (ASCOTS LANE),NHS ENGLAND EAST OF ENGLAND,2137,0,83,0,0,0
2025-04,HOMERTON HEALTHCARE NHS FOUNDATION TRUST,NHS ENGLAND LONDON,10777,10777,1940,1940,198,24
2025-04,HULL UNIVERSITY TEACHING HOSPITALS NHS TRUST,NHS ENGLAND NORTH EAST AND YORKSHIRE,13767,9122,6010,5265,1037,506
2025-04,HUMBER TEACHING NHS FOUNDATION TRUST,NHS ENGLAND NORTH EAST AND YORKSHIRE,1134,0,0,0,0,0
2025-04,IMPERIAL COLLEGE HEALTHCARE NHS TRUST,NHS ENGLAND LONDON,22785,11832,5745,5046,680,390
2025-04,ISLE OF WIGHT NHS TRUST,NHS ENGLAND SOUTH EAST,6149,4279,1845,1845,317,132
2025-04,JAMES PAGET UNIVERSITY HOSPITALS NHS FOUNDATION TRUST,NHS ENGLAND EAST OF ENGLAND,8818,7431,3244,3244,615,344
2025-04,KENT COMMUNITY HEALTH NHS FOUNDATION TRUST,NHS ENGLAND SOUTH EAST,9195,0,31,0,0,0
2025-04,KETTERING GENERAL HOSPITAL NHS FOUNDATION TRUST,NHS ENGLAND MIDLANDS,18207,9774,3878,3753,562,815
2025-04,KING'S COLLEGE HOSPITAL NHS FOUNDATION TRUST,NHS ENGLAND LONDON,24461,15261,6884,6420,1693,583
2025-04,KINGSTON AND RICHMOND NHS FOUNDATION TRUST,NHS ENGLAND LONDON,15151,6646,3608,3351,135,504
2025-04,LANCASHIRE TEACHING HOSPITALS NHS FOUNDATION TRUST,NHS ENGLAND NORTH WEST,15143,11684,4522,4328,948,435
2025-04,LATHAM HOUSE MEDICAL PRACTICE,NHS ENGLAND MIDLANDS,338,0,0,0,0,0
2025-04,LEEDS TEACHING HOSPITALS NHS TRUST,NHS ENGLAND NORTH EAST AND YORKSHIRE,29830,17114,7208,6974,1740,275
2025-04,LEWISHAM AND GREENWICH NHS TRUST,NHS ENGLAND LONDON,24609,15481,8500,8235,1279,778
2025-04,LINCOLNSHIRE COMMUNITY HEALTH SERVICES NHS TRUST,NHS ENGLAND MIDLANDS,8540,0,187,0,0,0
2025-04,LIVERPOOL HEART AND CHEST HOSPITAL NHS FOUNDATION TRUST,NHS ENGLAND NORTH WEST,0,0,0,0,0,0
2025-04,LIVERPOOL UNIVERSITY HOSPITALS NHS FOUNDATION TRUST,NHS ENGLAND NORTH WEST,25192,15728,8370,8092,1799,818
2025-04,LIVERPOOL WOMEN'S NHS FOUNDATION TRUST,NHS ENGLAND NORTH WEST,1416,0,168,0,0,0
2025-04,LLR EA - THE MERLYN VAZ HEALTH & SOCIAL CARE CENTRE,NHS ENGLAND MIDLANDS,164,0,0,0,0,0
2025-04,LOCAL CARE DIRECT,NHS ENGLAND NORTH EAST AND YORKSHIRE,2226,0,9,0,0,0
2025-04,LONDON NORTH WEST UNIVERSITY HEALTHCARE NHS TRUST,NHS ENGLAND LONDON,28542,13592,6662,6467,666,385
2025-04,LOUGHBOROUGH URGENT CARE CENTRE,NHS ENGLAND MIDLANDS,5168,0,24,0,0,0
2025-04,MAIDSTONE AND TUNBRIDGE WELLS NHS TRUST,NHS ENGLAND SOUTH EAST,20268,17983,3747,3733,926,185
2025-04,MANCHESTER UNIVERSITY NHS FOUNDATION TRUST,NHS ENGLAND NORTH WEST,38718,24296,11374,10628,3597,101
2025-04,MARKET HARBOROUGH,NHS ENGLAND MIDLANDS,112,0,0,0,0,0
2025-04,MARKET HARBOROUGH MED.CTR,NHS ENGLAND MIDLANDS,266,0,0,0,0,0
2025-04,MEDWAY NHS FOUNDATION TRUST,NHS ENGLAND SOUTH EAST,15332,8901,3682,2989,419,412
2025-04,MELTON MOWBRAY,NHS ENGLAND MIDLANDS,64,0,0,0,0,0
2025-04,MERSEY AND WEST LANCASHIRE TEACHING HOSPITALS NHS TRUST,NHS ENGLAND NORTH WEST,24011,16848,6127,5987,490,349
2025-04,MERSEY CARE NHS FOUNDATION TRUST,NHS ENGLAND NORTH WEST,13070,0,194,0,0,0
2025-04,MID AND SOUTH ESSEX NHS FOUNDATION TRUST,NHS ENGLAND EAST OF ENGLAND,33477,29676,11071,10890,2531,640
2025-04,MID CHESHIRE HOSPITALS NHS FOUNDATION TRUST,NHS ENGLAND NORTH WEST,9835,6945,4127,4074,594,492
2025-04,MID YORKSHIRE TEACHING NHS TRUST,NHS ENGLAND NORTH EAST AND YORKSHIRE,22450,16584,6558,6218,2070,311
2025-04,MILTON KEYNES UNIVERSITY HOSPITAL NHS FOUNDATION TRUST,NHS ENGLAND EAST OF ENGLAND,12756,7762,2445,2374,478,0
2025-04,MIRIAM MINOR EMERGENCY,NHS ENGLAND NORTH WEST,1583,0,0,0,0,0
2025-04,MOORFIELDS EYE HOSPITAL NHS FOUNDATION TRUST,NHS ENGLAND LONDON,5987,0,173,0,0,0
2025-04,NEMS UTC,NHS ENGLAND MIDLANDS,3399,0,777,0,0,0
2025-04,NORFOLK AND NORWICH UNIVERSITY HOSPITALS NHS FOUNDATION TRUST,NHS ENGLAND EAST OF ENGLAND,20322,12259,4023,4018,994,246
2025-04,NORTH BRISTOL NHS TRUST,NHS ENGLAND SOUTH WEST,8866,8866,3494,3494,606,299
2025-04,NORTH CUMBRIA INTEGRATED CARE NHS FOUNDATION TRUST,NHS ENGLAND NORTH EAST AND YORKSHIRE,11030,8794,3998,3968,556,496
2025-04,NORTH EAST LONDON NHS FOUNDATION TRUST,NHS ENGLAND LONDON,1730,0,63,0,0,0
2025-04,NORTH TEES AND HARTLEPOOL NHS FOUNDATION TRUST,NHS ENGLAND NORTH EAST AND YORKSHIRE,16639,5058,2781,2734,196,10
2025-04,NORTH WEST ANGLIA NHS FOUNDATION TRUST,NHS ENGLAND EAST OF ENGLAND,18465,14259,5921,5836,576,767
2025-04,NORTHAMPTON GENERAL HOSPITAL NHS TRUST,NHS ENGLAND MIDLANDS,12668,9964,4308,4211,712,667
2025-04,NORTHERN CARE ALLIANCE NHS FOUNDATION TRUST,NHS ENGLAND NORTH WEST,33638,25192,10788,10385,1013,1222
2025-04,NORTHERN LINCOLNSHIRE AND GOOLE NHS FOUNDATION TRUST,NHS ENGLAND NORTH EAST AND YORKSHIRE,16134,9087,5029,4947,654,800
2025-04,NORTHUMBRIA HEALTHCARE NHS FOUNDATION TRUST,NHS ENGLAND NORTH EAST AND YORKSHIRE,23336,9960,2566,2557,61,0
2025-04,NOTTINGHAM CITYCARE PARTNERSHIP,NHS ENGLAND MIDLANDS,4992,0,580,0,0,0
2025-04,NOTTINGHAM UNIVERSITY HOSPITALS NHS TRUST,NHS ENGLAND MIDLANDS,14649,12371,6736,6491,254,581
2025-04,OADBY,NHS ENGLAND MIDLANDS,561,0,0,0,0,0
2025-04,OAKHAM,NHS ENGLAND MIDLANDS,75,0,0,0,0,0
2025-04,OKEHAMPTON MEDICAL CENTRE,NHS ENGLAND SOUTH WEST,77,0,0,0,0,0
2025-04,OXFORD HEALTH NHS FOUNDATION TRUST,NHS ENGLAND SOUTH EAST,4227,0,292,0,0,0
2025-04,OXFORD UNIVERSITY HOSPITALS NHS FOUNDATION TRUST,NHS ENGLAND SOUTH EAST,17470,12200,4245,4243,650,0
2025-04,PAULTON MEMORIAL HOSPITAL,NHS ENGLAND SOUTH WEST,913,0,5,0,0,0
2025-04,PHL LYMINGTON UTC,NHS ENGLAND SOUTH EAST,3297,0,42,0,0,0
2025-04,PORTSMOUTH HOSPITALS UNIVERSITY NHS TRUST,NHS ENGLAND SOUTH EAST,13829,9902,4434,4250,1009,503
2025-04,PRACTICE PLUS GROUP HOSPITAL - SOUTHAMPTON,NHS ENGLAND SOUTH EAST,5503,0,54,0,0,0
2025-04,PRACTICE PLUS GROUP SURGICAL CENTRE - ST MARYS PORTSMOUTH,NHS ENGLAND SOUTH EAST,5249,0,207,0,0,0
2025-04,PUTNOE WALK IN CENTRE,NHS ENGLAND EAST OF ENGLAND,2729,0,0,0,0,0
2025-04,QUEEN VICTORIA HOSPITAL NHS FOUNDATION TRUST,NHS ENGLAND SOUTH EAST,1450,0,15,0,0,0
2025-04,READING URGENT CARE CENTRE,NHS ENGLAND SOUTH EAST,2244,0,0,0,0,0
2025-04,ROSSENDALE MIU & OOH,NHS ENGLAND NORTH WEST,1108,0,0,0,0,0
2025-04,ROYAL BERKSHIRE NHS FOUNDATION TRUST,NHS ENGLAND SOUTH EAST,14847,10298,4239,4206,672,25
2025-04,ROYAL CORNWALL HOSPITALS NHS TRUST,NHS ENGLAND SOUTH WEST,19195,6767,3982,3415,777,457
2025-04,ROYAL DEVON UNIVERSITY HEALTHCARE NHS FOUNDATION TRUST,NHS ENGLAND SOUTH WEST,16381,12301,4989,4983,932,214
2025-04,ROYAL FREE LONDON NHS FOUNDATION TRUST,NHS ENGLAND LONDON,41077,24636,10705,9696,1192,1792
2025-04,ROYAL NATIONAL ORTHOPAEDIC HOSPITAL NHS TRUST,NHS ENGLAND LONDON,0,0,0,0,0,0
2025-04,ROYAL SURREY COUNTY HOSPITAL NHS FOUNDATION TRUST,NHS ENGLAND SOUTH EAST,8183,6632,2022,2022,261,1
2025-04,ROYAL UNITED HOSPITALS BATH NHS FOUNDATION TRUST,NHS ENGLAND SOUTH WEST,8660,8660,3622,3622,778,120
2025-04,SALISBURY NHS FOUNDATION TRUST,NHS ENGLAND SOUTH WEST,6896,4720,2075,2075,477,57
2025-04,SANDWELL AND WEST BIRMINGHAM HOSPITALS NHS TRUST,NHS ENGLAND MIDLANDS,20344,10840,4823,4504,808,270
2025-04,SHEFFIELD CHILDREN'S NHS FOUNDATION TRUST,NHS ENGLAND NORTH EAST AND YORKSHIRE,4513,4162,299,299,7,0
2025-04,SHEFFIELD TEACHING HOSPITALS NHS FOUNDATION TRUST,NHS ENGLAND NORTH EAST AND YORKSHIRE,16777,8806,4968,4677,1157,4
2025-04,SHERWOOD FOREST HOSPITALS NHS FOUNDATION TRUST,NHS ENGLAND MIDLANDS,16028,10304,3618,3312,476,105
2025-04,SHROPSHIRE COMMUNITY HEALTH NHS TRUST,NHS ENGLAND MIDLANDS,3041,0,5,0,0,0
2025-04,SIRONA CARE & HEALTH,NHS ENGLAND SOUTH WEST,8692,0,328,0,0,0
2025-04,SKELMERSDALE WALK IN CENTRE,NHS ENGLAND NORTH WEST,1730,0,6,0,0,0
2025-04,SLEAFORD MEDICAL GROUP,NHS ENGLAND MIDLANDS,480,0,0,0,0,0
2025-04,SOMERSET NHS FOUNDATION TRUST,NHS ENGLAND SOUTH WEST,22152,12443,6356,6110,676,175
2025-04,SOUTH BIRMINGHAM GP WALK IN CENTRE,NHS ENGLAND MIDLANDS,6628,0,0,0,0,0
2025-04,SOUTH TEES HOSPITALS NHS FOUNDATION TRUST,NHS ENGLAND NORTH EAST AND YORKSHIRE,16726,7386,4206,3650,318,13
2025-04,SOUTH TYNESIDE AND SUNDERLAND NHS FOUNDATION TRUST,NHS ENGLAND NORTH EAST AND YORKSHIRE,18334,11042,5519,5342,814,15
2025-04,SOUTH WARWICKSHIRE UNIVERSITY NHS FOUNDATION TRUST,NHS ENGLAND MIDLANDS,8265,7824,2271,2271,397,35
2025-04,SOUTH WEST YORKSHIRE PARTNERSHIP NHS FOUNDATION TRUST,NHS ENGLAND NORTH EAST AND YORKSHIRE,0,0,0,0,0,0
2025-04,SOUTH WESTERN AMBULANCE SERVICE NHS FOUNDATION TRUST,NHS ENGLAND SOUTH WEST,1900,0,25,0,0,0
2025-04,ST GEORGE'S UNIVERSITY HOSPITALS NHS FOUNDATION TRUST,NHS ENGLAND LONDON,11938,8495,1972,1972,397,834
2025-04,STATION PLAZA HEALTH CENTRE,NHS ENGLAND SOUTH EAST,1209,0,0,0,0,0
2025-04,STOCKPORT NHS FOUNDATION TRUST,NHS ENGLAND NORTH WEST,8545,7518,3079,3016,645,364
2025-04,SUMMERFIELD URGENT CARE CENTRE,NHS ENGLAND MIDLANDS,3055,0,0,0,0,0
2025-04,SURREY AND SUSSEX HEALTHCARE NHS TRUST,NHS ENGLAND SOUTH EAST,10067,10067,3783,3783,507,609
2025-04,SUSSEX COMMUNITY NHS FOUNDATION TRUST,NHS ENGLAND SOUTH EAST,11779,0,132,0,0,0
2025-04,TAMESIDE AND GLOSSOP INTEGRATED CARE NHS FOUNDATION TRUST,NHS ENGLAND NORTH WEST,11422,8544,4014,3997,574,368
2025-04,TETBURY HOSPITAL TRUST LTD,NHS ENGLAND SOUTH WEST,536,0,0,0,0,0
2025-04,THE CHRISTIE NHS FOUNDATION TRUST,NHS ENGLAND NORTH WEST,0,0,0,0,0,0
2025-04,THE DUDLEY GROUP NHS FOUNDATION TRUST,NHS ENGLAND MIDLANDS,13684,9578,3482,3362,1921,145
2025-04,THE HILLINGDON HOSPITALS NHS FOUNDATION TRUST,NHS ENGLAND LONDON,12770,5926,3223,3174,583,78
2025-04,THE NEWCASTLE UPON TYNE HOSPITALS NHS FOUNDATION TRUST,NHS ENGLAND NORTH EAST AND YORKSHIRE,19923,11926,4943,4751,738,85
2025-04,THE PINN UNREGISTERED WIC,NHS ENGLAND LONDON,889,0,0,0,0,0
2025-04,THE PRINCESS ALEXANDRA HOSPITAL NHS TRUST,NHS ENGLAND EAST OF ENGLAND,9386,7467,3194,3194,379,87
2025-04,"THE QUEEN ELIZABETH HOSPITAL, KING'S LYNN, NHS FOUNDATION TRUST",NHS ENGLAND EAST OF ENGLAND,7816,6646,3021,3021,772,111
2025-04,THE ROBERT JONES AND AGNES HUNT ORTHOPAEDIC HOSPITAL NHS FOUNDATION TRUST,NHS ENGLAND MIDLANDS,0,0,0,0,0,0
2025-04,THE ROTHERHAM NHS FOUNDATION TRUST,NHS ENGLAND NORTH EAST AND YORKSHIRE,8977,8977,2806,2806,525,3
2025-04,THE ROYAL WOLVERHAMPTON NHS TRUST,NHS ENGLAND MIDLANDS,20602,12293,3715,3523,989,244
2025-04,THE SHREWSBURY AND TELFORD HOSPITAL NHS TRUST,NHS ENGLAND MIDLANDS,13251,10930,7027,6438,327,1362
2025-04,THE WALTON CENTRE NHS FOUNDATION TRUST,NHS ENGLAND NORTH WEST,0,0,0,0,0,0
2025-04,TORBAY AND SOUTH DEVON NHS FOUNDATION TRUST,NHS ENGLAND SOUTH WEST,9583,6336,2628,2613,202,23
2025-04,UNITED LINCOLNSHIRE TEACHING HOSPITALS NHS TRUST,NHS ENGLAND MIDLANDS,20004,16201,6400,5913,998,969
2025-04,UNIVERSITY COLLEGE LONDON HOSPITALS NHS FOUNDATION TRUST,NHS ENGLAND LONDON,12998,12998,3829,3829,427,126
2025-04,UNIVERSITY HOSPITAL SOUTHAMPTON NHS FOUNDATION TRUST,NHS ENGLAND SOUTH EAST,12886,11577,4690,4553,628,10
2025-04,UNIVERSITY HOSPITALS BIRMINGHAM NHS FOUNDATION TRUST,NHS ENGLAND MIDLANDS,36554,34366,14739,14652,2801,2096
2025-04,UNIVERSITY HOSPITALS BRISTOL AND WESTON NHS FOUNDATION TRUST,NHS ENGLAND SOUTH WEST,17384,14960,5599,5377,1107,486
2025-04,UNIVERSITY HOSPITALS COVENTRY AND WARWICKSHIRE NHS TRUST,NHS ENGLAND MIDLANDS,19197,11718,5227,4898,70,29
2025-04,UNIVERSITY HOSPITALS DORSET NHS FOUNDATION TRUST,NHS ENGLAND SOUTH WEST,19084,13652,5603,5603,902,185
2025-04,UNIVERSITY HOSPITALS OF DERBY AND BURTON NHS FOUNDATION TRUST,NHS ENGLAND MIDLANDS,27463,18237,8566,8556,1219,386
2025-04,UNIVERSITY HOSPITALS OF LEICESTER NHS TRUST,NHS ENGLAND MIDLANDS,23204,21293,9346,9211,1390,724
2025-04,UNIVERSITY HOSPITALS OF MORECAMBE BAY NHS FOUNDATION TRUST,NHS ENGLAND NORTH WEST,12004,9021,3440,3380,658,443
2025-04,UNIVERSITY HOSPITALS OF NORTH MIDLANDS NHS TRUST,NHS ENGLAND MIDLANDS,22945,13944,7925,7686,1119,930
2025-04,UNIVERSITY HOSPITALS PLYMOUTH NHS TRUST,NHS ENGLAND SOUTH WEST,14545,9037,4794,4695,506,583
2025-04,UNIVERSITY HOSPITALS SUSSEX NHS FOUNDATION TRUST,NHS ENGLAND SOUTH EAST,28828,25328,9616,9316,832,723
2025-04,URGENT CARE CENTRE (QMS),NHS ENGLAND LONDON,7961,0,133,0,0,0
2025-04,WALSALL HEALTHCARE NHS TRUST,NHS ENGLAND MIDLANDS,13293,9005,3250,3149,987,238
2025-04,WARRINGTON AND HALTON TEACHING HOSPITALS NHS FOUNDATION TRUST,NHS ENGLAND NORTH WEST,10169,6929,3627,3541,762,663
2025-04,WEST HERTFORDSHIRE TEACHING HOSPITALS NHS TRUST,NHS ENGLAND EAST OF ENGLAND,15401,8283,2537,2522,699,30
2025-04,WEST SUFFOLK NHS FOUNDATION TRUST,NHS ENGLAND EAST OF ENGLAND,8326,7602,1570,1570,285,118
2025-04,WHITSTABLE MEDICAL PRACTICE,NHS ENGLAND SOUTH EAST,4951,0,0,0,0,0
2025-04,WHITTINGTON HEALTH NHS TRUST,NHS ENGLAND LONDON,8831,8831,2619,2619,243,222
2025-04,WIRRAL COMMUNITY HEALTH AND CARE NHS FOUNDATION TRUST,NHS ENGLAND NORTH WEST,4134,0,265,0,0,0
2025-04,WIRRAL UNIVERSITY TEACHING HOSPITAL NHS FOUNDATION TRUST,NHS ENGLAND NORTH WEST,10382,7388,3886,3758,469,783
2025-04,WOKING WALK IN CENTRE,NHS ENGLAND SOUTH EAST,2528,0,58,0,0,0
2025-04,WORCESTERSHIRE ACUTE HOSPITALS NHS TRUST,NHS ENGLAND MIDLANDS,19507,13649,7623,7557,793,880
2025-04,WORKINGTON HEALTH LIMITED,NHS ENGLAND NORTH EAST AND YORKSHIRE,361,0,0,0,0,0
2025-04,"WRIGHTINGTON, WIGAN AND LEIGH NHS FOUNDATION TRUST",NHS ENGLAND NORTH WEST,12138,6430,3469,3394,1095,444
2025-04,WYE VALLEY NHS TRUST,NHS ENGLAND MIDLANDS,7114,5878,3041,3041,429,277
2025-04,YORK AND SCARBOROUGH TEACHING HOSPITALS NHS FOUNDATION TRUST,NHS ENGLAND NORTH EAST AND YORKSHIRE,17739,10390,6430,6046,852,628
2025-05,AIREDALE NHS FOUNDATION TRUST,NHS ENGLAND NORTH EAST AND YORKSHIRE,6412,6214,2200,2200,270,47
2025-05,ALDER HEY CHILDREN'S NHS FOUNDATION TRUST,NHS ENGLAND NORTH WEST,6141,6141,833,833,0,0
2025-05,ASHFORD AND ST PETER'S HOSPITALS NHS FOUNDATION TRUST,NHS ENGLAND SOUTH EAST,10512,7315,3595,3562,636,145
2025-05,ASHFORD WALK-IN-CENTRE,NHS ENGLAND SOUTH EAST,2433,0,96,0,0,0
2025-05,ASSURA VERTIS URGENT CARE CENTRES (BIRMINGHAM),NHS ENGLAND MIDLANDS,3179,0,0,0,0,0
2025-05,BADGER LTD,NHS ENGLAND MIDLANDS,0,0,0,0,0,0
2025-05,BARKING HOSPITAL UTC,NHS ENGLAND LONDON,2788,0,34,0,0,0
2025-05,"BARKING, HAVERING AND REDBRIDGE UNIVERSITY HOSPITALS NHS TRUST",NHS ENGLAND LONDON,30901,13616,6429,5949,735,642
2025-05,BARNSLEY HOSPITAL NHS FOUNDATION TRUST,NHS ENGLAND NORTH EAST AND YORKSHIRE,9300,9300,2619,2619,427,0
2025-05,BARTS HEALTH NHS TRUST,NHS ENGLAND LONDON,45889,25866,13652,11713,1229,988
2025-05,BECKENHAM BEACON UCC,NHS ENGLAND LONDON,3726,0,20,0,0,0
2025-05,BEDFORDSHIRE HOSPITALS NHS FOUNDATION TRUST,NHS ENGLAND EAST OF ENGLAND,24829,16670,6174,6174,82,5
2025-05,BERKSHIRE HEALTHCARE NHS FOUNDATION TRUST,NHS ENGLAND SOUTH EAST,1662,0,8,0,0,0
2025-05,BIRMINGHAM WOMEN'S AND CHILDREN'S NHS FOUNDATION TRUST,NHS ENGLAND MIDLANDS,5061,5061,1073,1073,3,5
2025-05,BLACKPOOL TEACHING HOSPITALS NHS FOUNDATION TRUST,NHS ENGLAND NORTH WEST,19457,9115,4255,4185,677,367
2025-05,BOLTON NHS FOUNDATION TRUST,NHS ENGLAND NORTH WEST,12344,8145,3684,3494,519,196
2025-05,BRADFORD TEACHING HOSPITALS NHS FOUNDATION TRUST,NHS ENGLAND NORTH EAST AND YORKSHIRE,14009,9416,2417,2417,719,49
2025-05,BRANSHOLME HEALTH CENTRE,NHS ENGLAND NORTH EAST AND YORKSHIRE,3723,0,576,0,0,0
2025-05,BRIDGEWATER COMMUNITY HEALTHCARE NHS FOUNDATION TRUST,NHS ENGLAND NORTH WEST,3030,0,50,0,0,0
2025-05,BRIDLINGTON HOSPITAL,NHS ENGLAND NORTH EAST AND YORKSHIRE,1521,0,63,0,0,0
2025-05,BRIGHTON STATION HEALTH CENTRE,NHS ENGLAND SOUTH EAST,1986,0,0,0,0,0
2025-05,BUCKINGHAMSHIRE HEALTHCARE NHS TRUST,NHS ENGLAND SOUTH EAST,15140,10764,3398,3303,275,252
2025-05,CALDERDALE AND HUDDERSFIELD NHS FOUNDATION TRUST,NHS ENGLAND NORTH EAST AND YORKSHIRE,16305,16305,2568,2568,719,5
2025-05,CAMBRIDGE UNIVERSITY HOSPITALS NHS FOUNDATION TRUST,NHS ENGLAND EAST OF ENGLAND,16765,10784,4639,4546,589,207
2025-05,CENTRAL LONDON COMMUNITY HEALTHCARE NHS TRUST,NHS ENGLAND LONDON,13220,0,204,0,0,0
2025-05,CHELSEA AND WESTMINSTER HOSPITAL NHS FOUNDATION TRUST,NHS ENGLAND LONDON,26655,20275,5608,5543,733,55
2025-05,CHESTERFIELD ROYAL HOSPITAL NHS FOUNDATION TRUST,NHS ENGLAND MIDLANDS,13438,7119,3640,3319,878,95
2025-05,CHIPPENHAM COMMUNITY HOSPITAL,NHS ENGLAND SOUTH WEST,1761,0,20,0,0,0
2025-05,CORNWALL PARTNERSHIP NHS FOUNDATION TRUST,NHS ENGLAND SOUTH WEST,0,0,0,0,0,0
2025-05,COUNTESS OF CHESTER HOSPITAL NHS FOUNDATION TRUST,NHS ENGLAND NORTH WEST,7777,5321,3120,2837,244,751
2025-05,COUNTY DURHAM AND DARLINGTON NHS FOUNDATION TRUST,NHS ENGLAND NORTH EAST AND YORKSHIRE,17492,13233,5320,5320,2030,13
2025-05,COVENTRY AND WARWICKSHIRE PARTNERSHIP NHS TRUST,NHS ENGLAND MIDLANDS,0,0,0,0,0,0
2025-05,CROYDON HEALTH SERVICES NHS TRUST,NHS ENGLAND LONDON,18488,13210,4123,4123,254,873
2025-05,DARTFORD AND GRAVESHAM NHS TRUST,NHS ENGLAND SOUTH EAST,15668,11360,4478,4453,454,579
2025-05,DERBYSHIRE COMMUNITY HEALTH SERVICES NHS FOUNDATION TRUST,NHS ENGLAND MIDLANDS,8372,0,166,0,0,0
2025-05,DHU HEALTH CARE C.I.C,NHS ENGLAND MIDLANDS,2031,0,0,0,0,0
2025-05,DONCASTER AND BASSETLAW TEACHING HOSPITALS NHS FOUNDATION TRUST,NHS ENGLAND NORTH EAST AND YORKSHIRE,18317,13955,4764,4718,1100,113
2025-05,DORSET COUNTY HOSPITAL NHS FOUNDATION TRUST,NHS ENGLAND SOUTH WEST,4522,4522,1479,1479,231,23
2025-05,DORSET HEALTHCARE UNIVERSITY NHS FOUNDATION TRUST,NHS ENGLAND SOUTH WEST,0,0,0,0,0,0
2025-05,EAST AND NORTH HERTFORDSHIRE NHS TRUST,NHS ENGLAND EAST OF ENGLAND,17474,8815,4500,4414,220,132
2025-05,EAST BERKS PRIMARY CARE OOH(WAM),NHS ENGLAND SOUTH EAST,0,0,0,0,0,0
2025-05,EAST CHESHIRE NHS TRUST,NHS ENGLAND NORTH WEST,4561,4561,1991,1991,151,148
2025-05,EAST KENT HOSPITALS UNIVERSITY NHS FOUNDATION TRUST,NHS ENGLAND SOUTH EAST,25884,12541,6053,5695,452,1210
2025-05,EAST LANCASHIRE HOSPITALS NHS TRUST,NHS ENGLAND NORTH WEST,24955,13655,5074,4634,532,1119
2025-05,EAST RIDING COMMUNITY HOSPITAL,NHS ENGLAND NORTH EAST AND YORKSHIRE,3089,0,188,0,0,0
2025-05,EAST SUFFOLK AND NORTH ESSEX NHS FOUNDATION TRUST,NHS ENGLAND EAST OF ENGLAND,26381,11965,6247,5845,993,470
2025-05,EAST SUSSEX HEALTHCARE NHS TRUST,NHS ENGLAND SOUTH EAST,10918,8442,3049,3019,184,20
2025-05,EPSOM AND ST HELIER UNIVERSITY HOSPITALS NHS TRUST,NHS ENGLAND LONDON,13400,11686,4192,4163,438,975
2025-05,ERDINGTON GP HEALTH & WELLBEING WIC,NHS ENGLAND MIDLANDS,0,0,0,0,0,0
2025-05,FAVERSHAM MEDICAL PRACTICE MIU,NHS ENGLAND SOUTH EAST,2828,0,0,0,0,0
2025-05,FIRST COMMUNITY HEALTH AND CARE CIC,NHS ENGLAND SOUTH EAST,2565,0,0,0,0,0
2025-05,FRIMLEY HEALTH NHS FOUNDATION TRUST,NHS ENGLAND SOUTH EAST,36462,23038,9964,9511,1843,323
2025-05,GATESHEAD HEALTH NHS FOUNDATION TRUST,NHS ENGLAND NORTH EAST AND YORKSHIRE,9936,5902,2086,2036,459,1
2025-05,GEORGE ELIOT HOSPITAL NHS TRUST,NHS ENGLAND MIDLANDS,8752,7048,2812,2766,426,284
2025-05,GLOUCESTERSHIRE HEALTH AND CARE NHS FOUNDATION TRUST,NHS ENGLAND SOUTH WEST,8995,0,120,0,0,0
2025-05,GLOUCESTERSHIRE HOSPITALS NHS FOUNDATION TRUST,NHS ENGLAND SOUTH WEST,13825,13825,5194,5194,451,395
2025-05,GOOLE & DISTRICT HOSPITAL,NHS ENGLAND NORTH EAST AND YORKSHIRE,1776,0,20,0,0,0
2025-05,GREAT WESTERN HOSPITALS NHS FOUNDATION TRUST,NHS ENGLAND SOUTH WEST,11109,5509,3302,2868,533,355
2025-05,GUY'S AND ST THOMAS' NHS FOUNDATION TRUST,NHS ENGLAND LONDON,18092,10064,3782,3483,103,69
2025-05,HAMPSHIRE AND ISLE OF WIGHT HEALTHCARE NHS FOUNDATION TRUST,NHS ENGLAND SOUTH EAST,3058,0,156,0,0,0
2025-05,HAMPSHIRE HOSPITALS NHS FOUNDATION TRUST,NHS ENGLAND SOUTH EAST,14687,11189,5083,4945,254,40
2025-05,HAROLD WOOD POLYCLINIC UTC,NHS ENGLAND LONDON,2625,0,18,0,0,0
2025-05,HARROGATE AND DISTRICT NHS FOUNDATION TRUST,NHS ENGLAND NORTH EAST AND YORKSHIRE,6336,5246,1393,1393,170,15
2025-05,HERTFORDSHIRE COMMUNITY NHS TRUST,NHS ENGLAND EAST OF ENGLAND,1194,0,91,0,0,0
2025-05,HERTS URGENT CARE (ASCOTS LANE),NHS ENGLAND EAST OF ENGLAND,2378,0,37,0,0,0
2025-05,HOMERTON HEALTHCARE NHS FOUNDATION TRUST,NHS ENGLAND LONDON,11355,11355,1983,1983,202,26
2025-05,HULL UNIVERSITY TEACHING HOSPITALS NHS TRUST,NHS ENGLAND NORTH EAST AND YORKSHIRE,14154,9636,6200,5515,1035,467
2025-05,HUMBER TEACHING NHS FOUNDATION TRUST,NHS ENGLAND NORTH EAST AND YORKSHIRE,1171,0,3,0,0,0
2025-05,IMPERIAL COLLEGE HEALTHCARE NHS TRUST,NHS ENGLAND LONDON,23851,12279,5968,5451,749,366
2025-05,ISLE OF WIGHT NHS TRUST,NHS ENGLAND SOUTH EAST,6333,4389,1709,1709,268,96
2025-05,JAMES PAGET UNIVERSITY HOSPITALS NHS FOUNDATION TRUST,NHS ENGLAND EAST OF ENGLAND,9059,7796,2945,2945,574,205
2025-05,KENT COMMUNITY HEALTH NHS FOUNDATION TRUST,NHS ENGLAND SOUTH EAST,9707,0,26,0,0,0
2025-05,KETTERING GENERAL HOSPITAL NHS FOUNDATION TRUST,NHS ENGLAND MIDLANDS,18417,10011,3865,3732,639,788
2025-05,KING'S COLLEGE HOSPITAL NHS FOUNDATION TRUST,NHS ENGLAND LONDON,24773,15424,6879,6518,1454,833
2025-05,KINGSTON AND RICHMOND NHS FOUNDATION TRUST,NHS ENGLAND LONDON,15569,6888,3515,3296,306,261
2025-05,LANCASHIRE TEACHING HOSPITALS NHS FOUNDATION TRUST,NHS ENGLAND NORTH WEST,15632,12077,4599,4478,1008,476
2025-05,LATHAM HOUSE MEDICAL PRACTICE,NHS ENGLAND MIDLANDS,354,0,0,0,0,0
2025-05,LEEDS TEACHING HOSPITALS NHS TRUST,NHS ENGLAND NORTH EAST AND YORKSHIRE,31013,18042,7365,7129,1663,331
2025-05,LEWISHAM AND GREENWICH NHS TRUST,NHS ENGLAND LONDON,25687,15988,8282,8024,1305,726
2025-05,LINCOLNSHIRE COMMUNITY HEALTH SERVICES NHS TRUST,NHS ENGLAND MIDLANDS,8967,0,214,0,0,0
2025-05,LIVERPOOL HEART AND CHEST HOSPITAL NHS FOUNDATION TRUST,NHS ENGLAND NORTH WEST,0,0,0,0,0,0
2025-05,LIVERPOOL UNIVERSITY HOSPITALS NHS FOUNDATION TRUST,NHS ENGLAND NORTH WEST,26458,16266,8009,7834,1918,852
2025-05,LIVERPOOL WOMEN'S NHS FOUNDATION TRUST,NHS ENGLAND NORTH WEST,1446,0,195,0,0,0
2025-05,LLR EA - THE MERLYN VAZ HEALTH & SOCIAL CARE CENTRE,NHS ENGLAND MIDLANDS,209,0,0,0,0,0
2025-05,LOCAL CARE DIRECT,NHS ENGLAND NORTH EAST AND YORKSHIRE,2236,0,9,0,0,0
2025-05,LONDON NORTH WEST UNIVERSITY HEALTHCARE NHS TRUST,NHS ENGLAND LONDON,29624,14049,7191,7049,650,403
2025-05,LOUGHBOROUGH URGENT CARE CENTRE,NHS ENGLAND MIDLANDS,5526,0,23,0,0,0
2025-05,MAIDSTONE AND TUNBRIDGE WELLS NHS TRUST,NHS ENGLAND SOUTH EAST,21098,18728,3932,3906,1010,111
2025-05,MANCHESTER UNIVERSITY NHS FOUNDATION TRUST,NHS ENGLAND NORTH WEST,41073,25682,11678,10832,2893,106
2025-05,MARKET HARBOROUGH,NHS ENGLAND MIDLANDS,128,0,0,0,0,0
2025-05,MEDWAY NHS FOUNDATION TRUST,NHS ENGLAND SOUTH EAST,16173,9610,3567,3160,398,533
2025-05,MELTON MOWBRAY,NHS ENGLAND MIDLANDS,65,0,0,0,0,0
2025-05,MERSEY AND WEST LANCASHIRE TEACHING HOSPITALS NHS TRUST,NHS ENGLAND NORTH WEST,25031,17566,6473,6302,547,366
2025-05,MERSEY CARE NHS FOUNDATION TRUST,NHS ENGLAND NORTH WEST,13831,0,132,0,0,0
2025-05,MID AND SOUTH ESSEX NHS FOUNDATION TRUST,NHS ENGLAND EAST OF ENGLAND,35097,31033,10349,10241,2666,378
2025-05,MID CHESHIRE HOSPITALS NHS FOUNDATION TRUST,NHS ENGLAND NORTH WEST,10567,7250,4512,4462,610,645
2025-05,MID YORKSHIRE TEACHING NHS TRUST,NHS ENGLAND NORTH EAST AND YORKSHIRE,23744,17183,6502,6363,1995,175
2025-05,MILTON KEYNES UNIVERSITY HOSPITAL NHS FOUNDATION TRUST,NHS ENGLAND EAST OF ENGLAND,13057,8137,3014,2996,726,0
2025-05,MIRIAM MINOR EMERGENCY,NHS ENGLAND NORTH WEST,1612,0,2,0,0,0
2025-05,MOORFIELDS EYE HOSPITAL NHS FOUNDATION TRUST,NHS ENGLAND LONDON,6040,0,111,0,0,0
2025-05,NEMS UTC,NHS ENGLAND MIDLANDS,3404,0,776,0,0,0
2025-05,NORFOLK AND NORWICH UNIVERSITY HOSPITALS NHS FOUNDATION TRUST,NHS ENGLAND EAST OF ENGLAND,21050,13181,3920,3914,911,198
2025-05,NORTH BRISTOL NHS TRUST,NHS ENGLAND SOUTH WEST,9454,9454,3458,3458,603,366
2025-05,NORTH CUMBRIA INTEGRATED CARE NHS FOUNDATION TRUST,NHS ENGLAND NORTH EAST AND YORKSHIRE,11369,9176,3810,3794,657,426
2025-05,NORTH EAST LONDON NHS FOUNDATION TRUST,NHS ENGLAND LONDON,2020,0,80,0,0,0
2025-05,NORTH TEES AND HARTLEPOOL NHS FOUNDATION TRUST,NHS ENGLAND NORTH EAST AND YORKSHIRE,16376,4893,2348,2330,161,1
2025-05,NORTH WEST ANGLIA NHS FOUNDATION TRUST,NHS ENGLAND EAST OF ENGLAND,19596,14921,6523,6334,578,838
2025-05,NORTHAMPTON GENERAL HOSPITAL NHS TRUST,NHS ENGLAND MIDLANDS,13142,10430,4419,4313,746,622
2025-05,NORTHERN CARE ALLIANCE NHS FOUNDATION TRUST,NHS ENGLAND NORTH WEST,35286,26590,11244,10741,1156,1113
2025-05,NORTHERN LINCOLNSHIRE AND GOOLE NHS FOUNDATION TRUST,NHS ENGLAND NORTH EAST AND YORKSHIRE,16917,9285,5177,5091,740,796
2025-05,NORTHUMBRIA HEALTHCARE NHS FOUNDATION TRUST,NHS ENGLAND NORTH EAST AND YORKSHIRE,23619,9963,2261,2254,14,0
2025-05,NOTTINGHAM CITYCARE PARTNERSHIP,NHS ENGLAND MIDLANDS,5381,0,311,0,0,0
2025-05,NOTTINGHAM UNIVERSITY HOSPITALS NHS TRUST,NHS ENGLAND MIDLANDS,15775,13644,6893,6813,311,460
2025-05,OADBY,NHS ENGLAND MIDLANDS,598,0,0,0,0,0
2025-05,OAKHAM,NHS ENGLAND MIDLANDS,83,0,0,0,0,0
2025-05,OKEHAMPTON MEDICAL CENTRE,NHS ENGLAND SOUTH WEST,87,0,0,0,0,0
2025-05,OXFORD HEALTH NHS FOUNDATION TRUST,NHS ENGLAND SOUTH EAST,4266,0,234,0,0,0
2025-05,OXFORD UNIVERSITY HOSPITALS NHS FOUNDATION TRUST,NHS ENGLAND SOUTH EAST,18475,12792,4431,4421,714,0
2025-05,PAULTON MEMORIAL HOSPITAL,NHS ENGLAND SOUTH WEST,1209,0,5,0,0,0
2025-05,PHL LYMINGTON UTC,NHS ENGLAND SOUTH EAST,3567,0,24,0,0,0
2025-05,PORTSMOUTH HOSPITALS UNIVERSITY NHS TRUST,NHS ENGLAND SOUTH EAST,14588,10593,4164,4126,1032,373
2025-05,PRACTICE PLUS GROUP HOSPITAL - SOUTHAMPTON,NHS ENGLAND SOUTH EAST,5679,0,189,0,0,0
2025-05,PRACTICE PLUS GROUP SURGICAL CENTRE - ST MARYS PORTSMOUTH,NHS ENGLAND SOUTH EAST,5614,0,245,0,0,0
2025-05,PUTNOE WALK IN CENTRE,NHS ENGLAND EAST OF ENGLAND,2636,0,0,0,0,0
2025-05,QUEEN VICTORIA HOSPITAL NHS FOUNDATION TRUST,NHS ENGLAND SOUTH EAST,1544,0,33,0,0,0
2025-05,READING URGENT CARE CENTRE,NHS ENGLAND SOUTH EAST,1916,0,0,0,0,0
2025-05,ROSSENDALE MIU & OOH,NHS ENGLAND NORTH WEST,1247,0,0,0,0,0
2025-05,ROYAL BERKSHIRE NHS FOUNDATION TRUST,NHS ENGLAND SOUTH EAST,16228,12073,4626,4572,584,31
2025-05,ROYAL CORNWALL HOSPITALS NHS TRUST,NHS ENGLAND SOUTH WEST,20836,7244,4517,3689,612,487
2025-05,ROYAL DEVON UNIVERSITY HEALTHCARE NHS FOUNDATION TRUST,NHS ENGLAND SOUTH WEST,17722,13179,5275,5256,861,170
2025-05,ROYAL FREE LONDON NHS FOUNDATION TRUST,NHS ENGLAND LONDON,43170,25947,10043,9265,1234,1606
2025-05,ROYAL NATIONAL ORTHOPAEDIC HOSPITAL NHS TRUST,NHS ENGLAND LONDON,0,0,0,0,0,0
2025-05,ROYAL SURREY COUNTY HOSPITAL NHS FOUNDATION TRUST,NHS ENGLAND SOUTH EAST,8614,6751,2154,2154,372,12
2025-05,ROYAL UNITED HOSPITALS BATH NHS FOUNDATION TRUST,NHS ENGLAND SOUTH WEST,9233,9233,3836,3836,803,83
2025-05,SALISBURY NHS FOUNDATION TRUST,NHS ENGLAND SOUTH WEST,7191,4928,2094,2094,430,53
2025-05,SANDWELL AND WEST BIRMINGHAM HOSPITALS NHS TRUST,NHS ENGLAND MIDLANDS,21094,11353,4568,4165,702,145
2025-05,SHEFFIELD CHILDREN'S NHS FOUNDATION TRUST,NHS ENGLAND NORTH EAST AND YORKSHIRE,4930,4611,401,401,14,0
2025-05,SHEFFIELD TEACHING HOSPITALS NHS FOUNDATION TRUST,NHS ENGLAND NORTH EAST AND YORKSHIRE,17537,8804,4788,4571,865,9
2025-05,SHERWOOD FOREST HOSPITALS NHS FOUNDATION TRUST,NHS ENGLAND MIDLANDS,16953,11073,3537,3370,442,73
2025-05,SHROPSHIRE COMMUNITY HEALTH NHS TRUST,NHS ENGLAND MIDLANDS,3432,0,59,0,0,0
2025-05,SIRONA CARE & HEALTH,NHS ENGLAND SOUTH WEST,9490,0,504,0,0,0
2025-05,SKELMERSDALE WALK IN CENTRE,NHS ENGLAND NORTH WEST,1743,0,8,0,0,0
2025-05,SLEAFORD MEDICAL GROUP,NHS ENGLAND MIDLANDS,537,0,0,0,0,0
2025-05,SOMERSET NHS FOUNDATION TRUST,NHS ENGLAND SOUTH WEST,22766,13063,6151,5905,518,139
2025-05,SOUTH BIRMINGHAM GP WALK IN CENTRE,NHS ENGLAND MIDLANDS,6661,0,0,0,0,0
2025-05,SOUTH TEES HOSPITALS NHS FOUNDATION TRUST,NHS ENGLAND NORTH EAST AND YORKSHIRE,17196,7284,4299,3697,298,6
2025-05,SOUTH TYNESIDE AND SUNDERLAND NHS FOUNDATION TRUST,NHS ENGLAND NORTH EAST AND YORKSHIRE,18292,11022,5148,4902,697,12
2025-05,SOUTH WARWICKSHIRE UNIVERSITY NHS FOUNDATION TRUST,NHS ENGLAND MIDLANDS,8981,8577,2589,2589,374,76
2025-05,SOUTH WEST YORKSHIRE PARTNERSHIP NHS FOUNDATION TRUST,NHS ENGLAND NORTH EAST AND YORKSHIRE,0,0,0,0,0,0
2025-05,SOUTH WESTERN AMBULANCE SERVICE NHS FOUNDATION TRUST,NHS ENGLAND SOUTH WEST,2037,0,49,0,0,0
2025-05,ST GEORGE'S UNIVERSITY HOSPITALS NHS FOUNDATION TRUST,NHS ENGLAND LONDON,12670,8770,2775,2775,497,836
2025-05,STATION PLAZA HEALTH CENTRE,NHS ENGLAND SOUTH EAST,1075,0,0,0,0,0
2025-05,STOCKPORT NHS FOUNDATION TRUST,NHS ENGLAND NORTH WEST,9397,8299,3641,3564,834,316
2025-05,SUMMERFIELD URGENT CARE CENTRE,NHS ENGLAND MIDLANDS,3089,0,0,0,0,0
2025-05,SURREY AND SUSSEX HEALTHCARE NHS TRUST,NHS ENGLAND SOUTH EAST,10479,10479,3919,3919,462,661
2025-05,SUSSEX COMMUNITY NHS FOUNDATION TRUST,NHS ENGLAND SOUTH EAST,12214,0,165,0,0,0
2025-05,TAMESIDE AND GLOSSOP INTEGRATED CARE NHS FOUNDATION TRUST,NHS ENGLAND NORTH WEST,11692,9055,4676,4663,411,650
2025-05,TETBURY HOSPITAL TRUST LTD,NHS ENGLAND SOUTH WEST,524,0,0,0,0,0
2025-05,THE CHRISTIE NHS FOUNDATION TRUST,NHS ENGLAND NORTH WEST,0,0,0,0,0,0
2025-05,THE DUDLEY GROUP NHS FOUNDATION TRUST,NHS ENGLAND MIDLANDS,14191,10164,3108,3043,1888,144
2025-05,THE HILLINGDON HOSPITALS NHS FOUNDATION TRUST,NHS ENGLAND LONDON,13147,6146,3020,2946,482,58
2025-05,THE NEWCASTLE UPON TYNE HOSPITALS NHS FOUNDATION TRUST,NHS ENGLAND NORTH EAST AND YORKSHIRE,20704,12515,4336,4128,445,26
2025-05,THE PINN UNREGISTERED WIC,NHS ENGLAND LONDON,843,0,0,0,0,0
2025-05,THE PRINCESS ALEXANDRA HOSPITAL NHS TRUST,NHS ENGLAND EAST OF ENGLAND,10584,8572,3928,3928,463,125
2025-05,"THE QUEEN ELIZABETH HOSPITAL, KING'S LYNN, NHS FOUNDATION TRUST",NHS ENGLAND EAST OF ENGLAND,7959,6756,3003,3003,1542,90
2025-05,THE ROBERT JONES AND AGNES HUNT ORTHOPAEDIC HOSPITAL NHS FOUNDATION TRUST,NHS ENGLAND MIDLANDS,0,0,0,0,0,0
2025-05,THE ROTHERHAM NHS FOUNDATION TRUST,NHS ENGLAND NORTH EAST AND YORKSHIRE,9248,9248,2903,2903,357,1
2025-05,THE ROYAL WOLVERHAMPTON NHS TRUST,NHS ENGLAND MIDLANDS,20678,12857,3958,3564,1012,383
2025-05,THE SHREWSBURY AND TELFORD HOSPITAL NHS TRUST,NHS ENGLAND MIDLANDS,13858,11139,6999,6432,488,1379
2025-05,THE WALTON CENTRE NHS FOUNDATION TRUST,NHS ENGLAND NORTH WEST,0,0,0,0,0,0
2025-05,TORBAY AND SOUTH DEVON NHS FOUNDATION TRUST,NHS ENGLAND SOUTH WEST,10602,6821,3162,3146,319,65
2025-05,TROWBRIDGE MINOR INJURIES UNIT,NHS ENGLAND SOUTH WEST,980,0,1,0,0,0
2025-05,UNITED LINCOLNSHIRE TEACHING HOSPITALS NHS TRUST,NHS ENGLAND MIDLANDS,21162,17298,7205,6855,1075,942
2025-05,UNIVERSITY COLLEGE LONDON HOSPITALS NHS FOUNDATION TRUST,NHS ENGLAND LONDON,13685,13685,4240,4240,398,141
2025-05,UNIVERSITY HOSPITAL SOUTHAMPTON NHS FOUNDATION TRUST,NHS ENGLAND SOUTH EAST,13701,12346,5580,5402,472,15
2025-05,UNIVERSITY HOSPITALS BIRMINGHAM NHS FOUNDATION TRUST,NHS ENGLAND MIDLANDS,38050,35801,15091,14957,2720,1863
2025-05,UNIVERSITY HOSPITALS BRISTOL AND WESTON NHS FOUNDATION TRUST,NHS ENGLAND SOUTH WEST,18370,15844,5846,5623,1069,252
2025-05,UNIVERSITY HOSPITALS COVENTRY AND WARWICKSHIRE NHS TRUST,NHS ENGLAND MIDLANDS,19983,12377,5441,5168,90,31
2025-05,UNIVERSITY HOSPITALS DORSET NHS FOUNDATION TRUST,NHS ENGLAND SOUTH WEST,20006,14445,5845,5845,752,127
2025-05,UNIVERSITY HOSPITALS OF DERBY AND BURTON NHS FOUNDATION TRUST,NHS ENGLAND MIDLANDS,28572,18783,8657,8654,1123,850
2025-05,UNIVERSITY HOSPITALS OF LEICESTER NHS TRUST,NHS ENGLAND MIDLANDS,24360,22382,9375,9216,1435,609
2025-05,UNIVERSITY HOSPITALS OF MORECAMBE BAY NHS FOUNDATION TRUST,NHS ENGLAND NORTH WEST,12842,9591,3505,3396,622,280
2025-05,UNIVERSITY HOSPITALS OF NORTH MIDLANDS NHS TRUST,NHS ENGLAND MIDLANDS,24147,14521,7315,7254,1020,857
2025-05,UNIVERSITY HOSPITALS PLYMOUTH NHS TRUST,NHS ENGLAND SOUTH WEST,15875,9650,4769,4636,634,526
2025-05,UNIVERSITY HOSPITALS SUSSEX NHS FOUNDATION TRUST,NHS ENGLAND SOUTH EAST,30596,27027,9892,9659,720,588
2025-05,URGENT CARE CENTRE (QMS),NHS ENGLAND LONDON,8062,0,125,0,0,0
2025-05,WALSALL HEALTHCARE NHS TRUST,NHS ENGLAND MIDLANDS,13516,9340,2801,2710,963,105
2025-05,WARRINGTON AND HALTON TEACHING HOSPITALS NHS FOUNDATION TRUST,NHS ENGLAND NORTH WEST,10515,7196,3747,3702,804,760
2025-05,WEST HERTFORDSHIRE TEACHING HOSPITALS NHS TRUST,NHS ENGLAND EAST OF ENGLAND,16309,8361,2789,2756,762,30
2025-05,WEST SUFFOLK NHS FOUNDATION TRUST,NHS ENGLAND EAST OF ENGLAND,8845,8108,1923,1923,341,102
2025-05,WHITSTABLE MEDICAL PRACTICE,NHS ENGLAND SOUTH EAST,5069,0,0,0,0,0
2025-05,WHITTINGTON HEALTH NHS TRUST,NHS ENGLAND LONDON,9198,9198,2615,2615,256,167
2025-05,WIRRAL COMMUNITY HEALTH AND CARE NHS FOUNDATION TRUST,NHS ENGLAND NORTH WEST,4576,0,307,0,0,0
2025-05,WIRRAL UNIVERSITY TEACHING HOSPITAL NHS FOUNDATION TRUST,NHS ENGLAND NORTH WEST,10814,7728,4061,3975,451,827
2025-05,WOKING WALK IN CENTRE,NHS ENGLAND SOUTH EAST,2665,0,77,0,0,0
2025-05,WORCESTERSHIRE ACUTE HOSPITALS NHS TRUST,NHS ENGLAND MIDLANDS,20513,13949,7166,7070,693,819
2025-05,WORKINGTON HEALTH LIMITED,NHS ENGLAND NORTH EAST AND YORKSHIRE,442,0,0,0,0,0
2025-05,"WRIGHTINGTON, WIGAN AND LEIGH NHS FOUNDATION TRUST",NHS ENGLAND NORTH WEST,12795,7397,3555,3496,1193,367
2025-05,WYE VALLEY NHS TRUST,NHS ENGLAND MIDLANDS,7246,6022,2883,2883,479,249
2025-05,YORK AND SCARBOROUGH TEACHING HOSPITALS NHS FOUNDATION TRUST,NHS ENGLAND NORTH EAST AND YORKSHIRE,18718,10790,5871,5568,814,445
2025-06,AIREDALE NHS FOUNDATION TRUST,NHS ENGLAND NORTH EAST AND YORKSHIRE,6413,6194,2095,2095,328,99
2025-06,ALDER HEY CHILDREN'S NHS FOUNDATION TRUST,NHS ENGLAND NORTH WEST,5785,5785,867,867,0,0
2025-06,ASHFORD AND ST PETER'S HOSPITALS NHS FOUNDATION TRUST,NHS ENGLAND SOUTH EAST,10172,7124,3478,3452,584,183
2025-06,ASHFORD WALK-IN-CENTRE,NHS ENGLAND SOUTH EAST,2273,0,278,0,0,0
2025-06,ASSURA VERTIS URGENT CARE CENTRES (BIRMINGHAM),NHS ENGLAND MIDLANDS,2863,0,0,0,0,0
2025-06,BADGER LTD,NHS ENGLAND MIDLANDS,0,0,0,0,0,0
2025-06,BARKING HOSPITAL UTC,NHS ENGLAND LONDON,2890,0,32,0,0,0
2025-06,"BARKING, HAVERING AND REDBRIDGE UNIVERSITY HOSPITALS NHS TRUST",NHS ENGLAND LONDON,30418,13369,6440,5954,712,586
2025-06,BARNSLEY HOSPITAL NHS FOUNDATION TRUST,NHS ENGLAND NORTH EAST AND YORKSHIRE,9221,9221,3419,3419,429,0
2025-06,BARTS HEALTH NHS TRUST,NHS ENGLAND LONDON,44927,25464,13831,11582,1234,960
2025-06,BECKENHAM BEACON UCC,NHS ENGLAND LONDON,3629,0,40,0,0,0
2025-06,BEDFORDSHIRE HOSPITALS NHS FOUNDATION TRUST,NHS ENGLAND EAST OF ENGLAND,24512,16839,6761,6761,81,0
2025-06,BERKSHIRE HEALTHCARE NHS FOUNDATION TRUST,NHS ENGLAND SOUTH EAST,1624,0,20,0,0,0
2025-06,BIRMINGHAM WOMEN'S AND CHILDREN'S NHS FOUNDATION TRUST,NHS ENGLAND MIDLANDS,4831,4831,791,791,9,2
2025-06,BLACKPOOL TEACHING HOSPITALS NHS FOUNDATION TRUST,NHS ENGLAND NORTH WEST,18964,8886,4227,4182,750,310
2025-06,BOLTON NHS FOUNDATION TRUST,NHS ENGLAND NORTH WEST,11967,7988,4198,3910,545,245
2025-06,BRADFORD TEACHING HOSPITALS NHS FOUNDATION TRUST,NHS ENGLAND NORTH EAST AND YORKSHIRE,13772,9369,2374,2373,653,63
2025-06,BRANSHOLME HEALTH CENTRE,NHS ENGLAND NORTH EAST AND YORKSHIRE,3846,0,525,0,0,0
2025-06,BRIDGEWATER COMMUNITY HEALTHCARE NHS FOUNDATION TRUST,NHS ENGLAND NORTH WEST,2903,0,39,0,0,0
2025-06,BRIDLINGTON HOSPITAL,NHS ENGLAND NORTH EAST AND YORKSHIRE,1526,0,62,0,0,0
2025-06,BRIGHTON STATION HEALTH CENTRE,NHS ENGLAND SOUTH EAST,1793,0,1,0,0,0
2025-06,BUCKINGHAMSHIRE HEALTHCARE NHS TRUST,NHS ENGLAND SOUTH EAST,15241,10914,3399,3341,231,223
2025-06,CALDERDALE AND HUDDERSFIELD NHS FOUNDATION TRUST,NHS ENGLAND NORTH EAST AND YORKSHIRE,16287,16287,2692,2692,652,7
2025-06,CAMBRIDGE UNIVERSITY HOSPITALS NHS FOUNDATION TRUST,NHS ENGLAND EAST OF ENGLAND,16946,10891,4536,4397,519,236
2025-06,CENTRAL LONDON COMMUNITY HEALTHCARE NHS TRUST,NHS ENGLAND LONDON,12854,0,299,0,0,0
2025-06,CHELSEA AND WESTMINSTER HOSPITAL NHS FOUNDATION TRUST,NHS ENGLAND LONDON,26071,19980,5227,5149,508,56
2025-06,CHESTERFIELD ROYAL HOSPITAL NHS FOUNDATION TRUST,NHS ENGLAND MIDLANDS,12633,6588,4137,3702,564,78
2025-06,CHIPPENHAM COMMUNITY HOSPITAL,NHS ENGLAND SOUTH WEST,1833,0,37,0,0,0
2025-06,CORNWALL PARTNERSHIP NHS FOUNDATION TRUST,NHS ENGLAND SOUTH WEST,0,0,0,0,0,0
2025-06,COUNTESS OF CHESTER HOSPITAL NHS FOUNDATION TRUST,NHS ENGLAND NORTH WEST,7645,5245,2778,2572,381,577
2025-06,COUNTY DURHAM AND DARLINGTON NHS FOUNDATION TRUST,NHS ENGLAND NORTH EAST AND YORKSHIRE,17666,13150,4718,4718,1589,0
2025-06,COVENTRY AND WARWICKSHIRE PARTNERSHIP NHS TRUST,NHS ENGLAND MIDLANDS,0,0,0,0,0,0
2025-06,CROYDON HEALTH SERVICES NHS TRUST,NHS ENGLAND LONDON,17962,12910,4521,4521,252,0
2025-06,DARTFORD AND GRAVESHAM NHS TRUST,NHS ENGLAND SOUTH EAST,15089,11007,3840,3835,536,297
2025-06,DERBYSHIRE COMMUNITY HEALTH SERVICES NHS FOUNDATION TRUST,NHS ENGLAND MIDLANDS,8156,0,248,0,0,0
2025-06,DHU HEALTH CARE C.I.C,NHS ENGLAND MIDLANDS,1914,0,1,0,0,0
2025-06,DONCASTER AND BASSETLAW TEACHING HOSPITALS NHS FOUNDATION TRUST,NHS ENGLAND NORTH EAST AND YORKSHIRE,18583,14268,4526,4511,987,80
2025-06,DORSET COUNTY HOSPITAL NHS FOUNDATION TRUST,NHS ENGLAND SOUTH WEST,4556,4556,1499,1499,208,18
2025-06,DORSET HEALTHCARE UNIVERSITY NHS FOUNDATION TRUST,NHS ENGLAND SOUTH WEST,0,0,0,0,0,0
2025-06,EAST AND NORTH HERTFORDSHIRE NHS TRUST,NHS ENGLAND EAST OF ENGLAND,17034,8595,3847,3738,81,23
2025-06,EAST BERKS PRIMARY CARE OOH(WAM),NHS ENGLAND SOUTH EAST,0,0,0,0,0,0
2025-06,EAST CHESHIRE NHS TRUST,NHS ENGLAND NORTH WEST,4831,4831,2575,2575,172,259
2025-06,EAST KENT HOSPITALS UNIVERSITY NHS FOUNDATION TRUST,NHS ENGLAND SOUTH EAST,25266,12129,5957,5583,535,1150
2025-06,EAST LANCASHIRE HOSPITALS NHS TRUST,NHS ENGLAND NORTH WEST,24311,13323,4855,4409,514,957
2025-06,EAST RIDING COMMUNITY HOSPITAL,NHS ENGLAND NORTH EAST AND YORKSHIRE,3038,0,212,0,0,0
2025-06,EAST SUFFOLK AND NORTH ESSEX NHS FOUNDATION TRUST,NHS ENGLAND EAST OF ENGLAND,25898,11506,6493,5944,1012,452
2025-06,EAST SUSSEX HEALTHCARE NHS TRUST,NHS ENGLAND SOUTH EAST,11359,8606,3586,3532,208,31
2025-06,EPSOM AND ST HELIER UNIVERSITY HOSPITALS NHS TRUST,NHS ENGLAND LONDON,12859,10881,4458,4160,472,994
2025-06,ERDINGTON GP HEALTH & WELLBEING WIC,NHS ENGLAND MIDLANDS,0,0,0,0,0,0
2025-06,FAVERSHAM MEDICAL PRACTICE MIU,NHS ENGLAND SOUTH EAST,2755,0,0,0,0,0
2025-06,FIRST COMMUNITY HEALTH AND CARE CIC,NHS ENGLAND SOUTH EAST,2636,0,0,0,0,0
2025-06,FRIMLEY HEALTH NHS FOUNDATION TRUST,NHS ENGLAND SOUTH EAST,35965,22355,9910,9517,1435,414
2025-06,GATESHEAD HEALTH NHS FOUNDATION TRUST,NHS ENGLAND NORTH EAST AND YORKSHIRE,9922,6051,2309,2269,614,2
2025-06,GEORGE ELIOT HOSPITAL NHS TRUST,NHS ENGLAND MIDLANDS,8632,6939,2630,2566,261,484
2025-06,GLOUCESTERSHIRE HEALTH AND CARE NHS FOUNDATION TRUST,NHS ENGLAND SOUTH WEST,8850,0,172,0,0,0
2025-06,GLOUCESTERSHIRE HOSPITALS NHS FOUNDATION TRUST,NHS ENGLAND SOUTH WEST,13546,13546,5020,5020,430,223
2025-06,GOOLE & DISTRICT HOSPITAL,NHS ENGLAND NORTH EAST AND YORKSHIRE,1790,0,5,0,0,0
2025-06,GREAT WESTERN HOSPITALS NHS FOUNDATION TRUST,NHS ENGLAND SOUTH WEST,11370,5709,3514,2897,702,164
2025-06,GUY'S AND ST THOMAS' NHS FOUNDATION TRUST,NHS ENGLAND LONDON,18000,10089,3596,3363,108,68
2025-06,HAMPSHIRE AND ISLE OF WIGHT HEALTHCARE NHS FOUNDATION TRUST,NHS ENGLAND SOUTH EAST,3100,0,52,0,0,0
2025-06,HAMPSHIRE HOSPITALS NHS FOUNDATION TRUST,NHS ENGLAND SOUTH EAST,14031,10496,4374,4268,83,23
2025-06,HAROLD WOOD POLYCLINIC UTC,NHS ENGLAND LONDON,2715,0,23,0,0,0
2025-06,HARROGATE AND DISTRICT NHS FOUNDATION TRUST,NHS ENGLAND NORTH EAST AND YORKSHIRE,6517,5412,1498,1498,165,5
2025-06,HERTFORDSHIRE COMMUNITY NHS TRUST,NHS ENGLAND EAST OF ENGLAND,1289,0,59,0,0,0
2025-06,HERTS URGENT CARE (ASCOTS LANE),NHS ENGLAND EAST OF ENGLAND,2403,0,111,0,0,0
2025-06,HOMERTON HEALTHCARE NHS FOUNDATION TRUST,NHS ENGLAND LONDON,11079,11079,2188,2188,185,23
2025-06,HULL UNIVERSITY TEACHING HOSPITALS NHS TRUST,NHS ENGLAND NORTH EAST AND YORKSHIRE,13999,9584,6071,5539,1105,408
2025-06,HUMBER TEACHING NHS FOUNDATION TRUST,NHS ENGLAND NORTH EAST AND YORKSHIRE,1256,0,4,0,0,0
2025-06,IMPERIAL COLLEGE HEALTHCARE NHS TRUST,NHS ENGLAND LONDON,23716,12099,5800,5345,676,0
2025-06,ISLE OF WIGHT NHS TRUST,NHS ENGLAND SOUTH EAST,6050,4192,1869,1754,264,181
2025-06,JAMES PAGET UNIVERSITY HOSPITALS NHS FOUNDATION TRUST,NHS ENGLAND EAST OF ENGLAND,8894,7615,2981,2981,503,202
2025-06,KENT COMMUNITY HEALTH NHS FOUNDATION TRUST,NHS ENGLAND SOUTH EAST,9813,0,28,0,0,0
2025-06,KETTERING GENERAL HOSPITAL NHS FOUNDATION TRUST,NHS ENGLAND MIDLANDS,18067,9895,3808,3673,724,556
2025-06,KING'S COLLEGE HOSPITAL NHS FOUNDATION TRUST,NHS ENGLAND LONDON,24399,15041,7288,6741,1619,931
2025-06,KINGSTON AND RICHMOND NHS FOUNDATION TRUST,NHS ENGLAND LONDON,15372,6808,3473,3230,298,221
2025-06,LANCASHIRE TEACHING HOSPITALS NHS FOUNDATION TRUST,NHS ENGLAND NORTH WEST,15254,11836,4636,4494,995,476
2025-06,LATHAM HOUSE MEDICAL PRACTICE,NHS ENGLAND MIDLANDS,426,0,0,0,0,0
2025-06,LEEDS TEACHING HOSPITALS NHS TRUST,NHS ENGLAND NORTH EAST AND YORKSHIRE,30046,17563,7031,6835,1759,208
2025-06,LEWISHAM AND GREENWICH NHS TRUST,NHS ENGLAND LONDON,25332,15546,7971,7695,1251,712
2025-06,LINCOLNSHIRE COMMUNITY HEALTH SERVICES NHS TRUST,NHS ENGLAND MIDLANDS,8665,0,174,0,0,0
2025-06,LIVERPOOL HEART AND CHEST HOSPITAL NHS FOUNDATION TRUST,NHS ENGLAND NORTH WEST,0,0,0,0,0,0
2025-06,LIVERPOOL UNIVERSITY HOSPITALS NHS FOUNDATION TRUST,NHS ENGLAND NORTH WEST,24477,15366,7752,7502,1873,870
2025-06,LIVERPOOL WOMEN'S NHS FOUNDATION TRUST,NHS ENGLAND NORTH WEST,1467,0,109,0,0,0
2025-06,LLR EA - THE MERLYN VAZ HEALTH & SOCIAL CARE CENTRE,NHS ENGLAND MIDLANDS,184,0,0,0,0,0
2025-06,LOCAL CARE DIRECT,NHS ENGLAND NORTH EAST AND YORKSHIRE,2174,0,9,0,0,0
2025-06,LONDON NORTH WEST UNIVERSITY HEALTHCARE NHS TRUST,NHS ENGLAND LONDON,29046,13432,6335,6122,451,196
2025-06,LOUGHBOROUGH URGENT CARE CENTRE,NHS ENGLAND MIDLANDS,5332,0,23,0,0,0
2025-06,MAIDSTONE AND TUNBRIDGE WELLS NHS TRUST,NHS ENGLAND SOUTH EAST,20501,18050,3597,3527,985,172
2025-06,MANCHESTER UNIVERSITY NHS FOUNDATION TRUST,NHS ENGLAND NORTH WEST,39432,24752,11313,10611,3081,108
2025-06,MARKET HARBOROUGH,NHS ENGLAND MIDLANDS,98,0,0,0,0,0
2025-06,MARKET HARBOROUGH MED.CTR,NHS ENGLAND MIDLANDS,336,0,0,0,0,0
2025-06,MEDWAY NHS FOUNDATION TRUST,NHS ENGLAND SOUTH EAST,16519,10049,3949,3353,396,454
2025-06,MELTON MOWBRAY,NHS ENGLAND MIDLANDS,46,0,0,0,0,0
2025-06,MERSEY AND WEST LANCASHIRE TEACHING HOSPITALS NHS TRUST,NHS ENGLAND NORTH WEST,24400,17147,6455,6357,597,264
2025-06,MERSEY CARE NHS FOUNDATION TRUST,NHS ENGLAND NORTH WEST,13175,0,244,0,0,0
2025-06,MID AND SOUTH ESSEX NHS FOUNDATION TRUST,NHS ENGLAND EAST OF ENGLAND,34371,30471,8463,8343,2177,165
2025-06,MID CHESHIRE HOSPITALS NHS FOUNDATION TRUST,NHS ENGLAND NORTH WEST,10154,7306,4173,4083,511,427
2025-06,MID YORKSHIRE TEACHING NHS TRUST,NHS ENGLAND NORTH EAST AND YORKSHIRE,23574,16824,6453,6283,1584,49
2025-06,MILTON KEYNES UNIVERSITY HOSPITAL NHS FOUNDATION TRUST,NHS ENGLAND EAST OF ENGLAND,13333,8358,3085,3075,647,0
2025-06,MIRIAM MINOR EMERGENCY,NHS ENGLAND NORTH WEST,1611,0,0,0,0,0
2025-06,MOORFIELDS EYE HOSPITAL NHS FOUNDATION TRUST,NHS ENGLAND LONDON,6116,0,243,0,0,0
2025-06,NEMS UTC,NHS ENGLAND MIDLANDS,3731,0,722,0,0,0
2025-06,NORFOLK AND NORWICH UNIVERSITY HOSPITALS NHS FOUNDATION TRUST,NHS ENGLAND EAST OF ENGLAND,20611,13020,4115,4102,937,248
2025-06,NORTH BRISTOL NHS TRUST,NHS ENGLAND SOUTH WEST,9261,9261,3498,3498,576,263
2025-06,NORTH CUMBRIA INTEGRATED CARE NHS FOUNDATION TRUST,NHS ENGLAND NORTH EAST AND YORKSHIRE,10827,8759,3969,3932,701,403
2025-06,NORTH EAST LONDON NHS FOUNDATION TRUST,NHS ENGLAND LONDON,1728,0,60,0,0,0
2025-06,NORTH TEES AND HARTLEPOOL NHS FOUNDATION TRUST,NHS ENGLAND NORTH EAST AND YORKSHIRE,16032,4778,2546,2497,233,11
2025-06,NORTH WEST ANGLIA NHS FOUNDATION TRUST,NHS ENGLAND EAST OF ENGLAND,19386,14646,5519,5338,643,519
2025-06,NORTHAMPTON GENERAL HOSPITAL NHS TRUST,NHS ENGLAND MIDLANDS,13585,11008,4361,4131,709,697
2025-06,NORTHERN CARE ALLIANCE NHS FOUNDATION TRUST,NHS ENGLAND NORTH WEST,34698,25985,11076,10696,1054,1179
2025-06,NORTHERN LINCOLNSHIRE AND GOOLE NHS FOUNDATION TRUST,NHS ENGLAND NORTH EAST AND YORKSHIRE,16432,9049,4952,4843,728,761
2025-06,NORTHUMBRIA HEALTHCARE NHS FOUNDATION TRUST,NHS ENGLAND NORTH EAST AND YORKSHIRE,23496,9915,2000,1993,3,0
2025-06,NOTTINGHAM CITYCARE PARTNERSHIP,NHS ENGLAND MIDLANDS,4946,0,377,0,0,0
2025-06,NOTTINGHAM UNIVERSITY HOSPITALS NHS TRUST,NHS ENGLAND MIDLANDS,15264,13038,6662,6606,282,518
2025-06,OADBY,NHS ENGLAND MIDLANDS,518,0,0,0,0,0
2025-06,OAKHAM,NHS ENGLAND MIDLANDS,55,0,0,0,0,0
2025-06,OKEHAMPTON MEDICAL CENTRE,NHS ENGLAND SOUTH WEST,99,0,0,0,0,0
2025-06,OXFORD HEALTH NHS FOUNDATION TRUST,NHS ENGLAND SOUTH EAST,4643,0,219,0,0,0
2025-06,OXFORD UNIVERSITY HOSPITALS NHS FOUNDATION TRUST,NHS ENGLAND SOUTH EAST,17831,12268,3609,3498,511,0
2025-06,PAULTON MEMORIAL HOSPITAL,NHS ENGLAND SOUTH WEST,1290,0,5,0,0,0
2025-06,PHL LYMINGTON UTC,NHS ENGLAND SOUTH EAST,3421,0,104,0,0,0
2025-06,PORTSMOUTH HOSPITALS UNIVERSITY NHS TRUST,NHS ENGLAND SOUTH EAST,14437,10271,3763,3677,847,838
2025-06,PRACTICE PLUS GROUP HOSPITAL - SOUTHAMPTON,NHS ENGLAND SOUTH EAST,5502,0,261,0,0,0
2025-06,PRACTICE PLUS GROUP SURGICAL CENTRE - ST MARYS PORTSMOUTH,NHS ENGLAND SOUTH EAST,5372,0,171,0,0,0
2025-06,PUTNOE WALK IN CENTRE,NHS ENGLAND EAST OF ENGLAND,2269,0,0,0,0,0
2025-06,QUEEN VICTORIA HOSPITAL NHS FOUNDATION TRUST,NHS ENGLAND SOUTH EAST,1488,0,53,0,0,0
2025-06,READING URGENT CARE CENTRE,NHS ENGLAND SOUTH EAST,1793,0,0,0,0,0
2025-06,ROSSENDALE MIU & OOH,NHS ENGLAND NORTH WEST,1112,0,1,0,0,0
2025-06,ROYAL BERKSHIRE NHS FOUNDATION TRUST,NHS ENGLAND SOUTH EAST,16308,11860,4000,3985,439,5
2025-06,ROYAL CORNWALL HOSPITALS NHS TRUST,NHS ENGLAND SOUTH WEST,20624,7034,4896,3980,735,429
2025-06,ROYAL DEVON UNIVERSITY HEALTHCARE NHS FOUNDATION TRUST,NHS ENGLAND SOUTH WEST,17205,12847,4832,4809,639,90
2025-06,ROYAL FREE LONDON NHS FOUNDATION TRUST,NHS ENGLAND LONDON,42604,25688,9405,8647,1181,1691
2025-06,ROYAL NATIONAL ORTHOPAEDIC HOSPITAL NHS TRUST,NHS ENGLAND LONDON,0,0,0,0,0,0
2025-06,ROYAL SURREY COUNTY HOSPITAL NHS FOUNDATION TRUST,NHS ENGLAND SOUTH EAST,8707,6763,1863,1863,296,5
2025-06,ROYAL UNITED HOSPITALS BATH NHS FOUNDATION TRUST,NHS ENGLAND SOUTH WEST,8676,8676,3681,3681,697,25
2025-06,SALISBURY NHS FOUNDATION TRUST,NHS ENGLAND SOUTH WEST,7101,4881,2178,2178,351,31
2025-06,SANDWELL AND WEST BIRMINGHAM HOSPITALS NHS TRUST,NHS ENGLAND MIDLANDS,21053,11589,4772,4324,629,87
2025-06,SHEFFIELD CHILDREN'S NHS FOUNDATION TRUST,NHS ENGLAND NORTH EAST AND YORKSHIRE,5024,4715,312,312,11,0
2025-06,SHEFFIELD TEACHING HOSPITALS NHS FOUNDATION TRUST,NHS ENGLAND NORTH EAST AND YORKSHIRE,17169,8756,4071,3872,524,4
2025-06,SHERWOOD FOREST HOSPITALS NHS FOUNDATION TRUST,NHS ENGLAND MIDLANDS,16870,11174,3893,3627,574,43
2025-06,SHROPSHIRE COMMUNITY HEALTH NHS TRUST,NHS ENGLAND MIDLANDS,3487,0,51,0,0,0
2025-06,SIRONA CARE & HEALTH,NHS ENGLAND SOUTH WEST,9376,0,417,0,0,0
2025-06,SKELMERSDALE WALK IN CENTRE,NHS ENGLAND NORTH WEST,1587,0,9,0,0,0
2025-06,SLEAFORD MEDICAL GROUP,NHS ENGLAND MIDLANDS,453,0,0,0,0,0
2025-06,SOMERSET NHS FOUNDATION TRUST,NHS ENGLAND SOUTH WEST,22116,12738,5383,5173,283,66
2025-06,SOUTH BIRMINGHAM GP WALK IN CENTRE,NHS ENGLAND MIDLANDS,6125,0,0,0,0,0
2025-06,SOUTH TEES HOSPITALS NHS FOUNDATION TRUST,NHS ENGLAND NORTH EAST AND YORKSHIRE,16965,7240,4322,3588,250,6
2025-06,SOUTH TYNESIDE AND SUNDERLAND NHS FOUNDATION TRUST,NHS ENGLAND NORTH EAST AND YORKSHIRE,18232,11137,5669,5337,779,2
2025-06,SOUTH WARWICKSHIRE UNIVERSITY NHS FOUNDATION TRUST,NHS ENGLAND MIDLANDS,8763,8366,2124,2124,334,11
2025-06,SOUTH WEST YORKSHIRE PARTNERSHIP NHS FOUNDATION TRUST,NHS ENGLAND NORTH EAST AND YORKSHIRE,0,0,0,0,0,0
2025-06,SOUTH WESTERN AMBULANCE SERVICE NHS FOUNDATION TRUST,NHS ENGLAND SOUTH WEST,2009,0,24,0,0,0
2025-06,ST GEORGE'S UNIVERSITY HOSPITALS NHS FOUNDATION TRUST,NHS ENGLAND LONDON,12665,8539,2544,2394,519,694
2025-06,STATION PLAZA HEALTH CENTRE,NHS ENGLAND SOUTH EAST,987,0,0,0,0,0
2025-06,STOCKPORT NHS FOUNDATION TRUST,NHS ENGLAND NORTH WEST,8972,7886,2619,2551,558,95
2025-06,SUMMERFIELD URGENT CARE CENTRE,NHS ENGLAND MIDLANDS,2962,0,0,0,0,0
2025-06,SURREY AND SUSSEX HEALTHCARE NHS TRUST,NHS ENGLAND SOUTH EAST,10423,10423,3709,3709,486,587
2025-06,SUSSEX COMMUNITY NHS FOUNDATION TRUST,NHS ENGLAND SOUTH EAST,12342,0,137,0,0,0
2025-06,TAMESIDE AND GLOSSOP INTEGRATED CARE NHS FOUNDATION TRUST,NHS ENGLAND NORTH WEST,11060,8629,4743,4721,376,705
2025-06,TETBURY HOSPITAL TRUST LTD,NHS ENGLAND SOUTH WEST,611,0,0,0,0,0
2025-06,THE CHRISTIE NHS FOUNDATION TRUST,NHS ENGLAND NORTH WEST,0,0,0,0,0,0
2025-06,THE DUDLEY GROUP NHS FOUNDATION TRUST,NHS ENGLAND MIDLANDS,14228,10299,3003,2978,1724,78
2025-06,THE HILLINGDON HOSPITALS NHS FOUNDATION TRUST,NHS ENGLAND LONDON,12633,5813,2699,2574,324,33
2025-06,THE NEWCASTLE UPON TYNE HOSPITALS NHS FOUNDATION TRUST,NHS ENGLAND NORTH EAST AND YORKSHIRE,20325,12288,4563,4473,595,48
2025-06,THE PINN UNREGISTERED WIC,NHS ENGLAND LONDON,822,0,0,0,0,0
2025-06,THE PRINCESS ALEXANDRA HOSPITAL NHS TRUST,NHS ENGLAND EAST OF ENGLAND,10420,8513,3484,3484,344,99
2025-06,"THE QUEEN ELIZABETH HOSPITAL, KING'S LYNN, NHS FOUNDATION TRUST",NHS ENGLAND EAST OF ENGLAND,7811,6635,2967,2967,758,95
2025-06,THE ROBERT JONES AND AGNES HUNT ORTHOPAEDIC HOSPITAL NHS FOUNDATION TRUST,NHS ENGLAND MIDLANDS,0,0,0,0,0,0
2025-06,THE ROTHERHAM NHS FOUNDATION TRUST,NHS ENGLAND NORTH EAST AND YORKSHIRE,9049,9049,2401,2401,275,1
2025-06,THE ROYAL WOLVERHAMPTON NHS TRUST,NHS ENGLAND MIDLANDS,20493,13220,3649,3509,1040,212
2025-06,THE SHREWSBURY AND TELFORD HOSPITAL NHS TRUST,NHS ENGLAND MIDLANDS,13552,10883,6366,5918,450,1334
2025-06,THE WALTON CENTRE NHS FOUNDATION TRUST,NHS ENGLAND NORTH WEST,0,0,0,0,0,0
2025-06,TORBAY AND SOUTH DEVON NHS FOUNDATION TRUST,NHS ENGLAND SOUTH WEST,10274,6570,2849,2841,273,70
2025-06,TROWBRIDGE MINOR INJURIES UNIT,NHS ENGLAND SOUTH WEST,1048,0,1,0,0,0
2025-06,UNITED LINCOLNSHIRE TEACHING HOSPITALS NHS TRUST,NHS ENGLAND MIDLANDS,20302,16654,7194,6851,910,1077
2025-06,UNIVERSITY COLLEGE LONDON HOSPITALS NHS FOUNDATION TRUST,NHS ENGLAND LONDON,13449,13449,3610,3610,252,55
2025-06,UNIVERSITY HOSPITAL SOUTHAMPTON NHS FOUNDATION TRUST,NHS ENGLAND SOUTH EAST,13100,11765,5135,5029,363,9
2025-06,UNIVERSITY HOSPITALS BIRMINGHAM NHS FOUNDATION TRUST,NHS ENGLAND MIDLANDS,37407,35162,14827,14726,2472,1892
2025-06,UNIVERSITY HOSPITALS BRISTOL AND WESTON NHS FOUNDATION TRUST,NHS ENGLAND SOUTH WEST,18047,15491,5400,5239,917,137
2025-06,UNIVERSITY HOSPITALS COVENTRY AND WARWICKSHIRE NHS TRUST,NHS ENGLAND MIDLANDS,19673,12391,5862,5555,70,14
2025-06,UNIVERSITY HOSPITALS DORSET NHS FOUNDATION TRUST,NHS ENGLAND SOUTH WEST,19890,14718,5721,5721,603,80
2025-06,UNIVERSITY HOSPITALS OF DERBY AND BURTON NHS FOUNDATION TRUST,NHS ENGLAND MIDLANDS,28261,18581,8586,8586,1059,709
2025-06,UNIVERSITY HOSPITALS OF LEICESTER NHS TRUST,NHS ENGLAND MIDLANDS,23938,21814,9378,9128,1207,569
2025-06,UNIVERSITY HOSPITALS OF MORECAMBE BAY NHS FOUNDATION TRUST,NHS ENGLAND NORTH WEST,12251,9300,3302,3208,622,264
2025-06,UNIVERSITY HOSPITALS OF NORTH MIDLANDS NHS TRUST,NHS ENGLAND MIDLANDS,23320,14177,7487,7382,1032,942
2025-06,UNIVERSITY HOSPITALS PLYMOUTH NHS TRUST,NHS ENGLAND SOUTH WEST,15072,9169,4669,4584,477,658
2025-06,UNIVERSITY HOSPITALS SUSSEX NHS FOUNDATION TRUST,NHS ENGLAND SOUTH EAST,29982,26467,9625,9334,663,514
2025-06,URGENT CARE CENTRE (QMS),NHS ENGLAND LONDON,8011,0,131,0,0,0
2025-06,WALSALL HEALTHCARE NHS TRUST,NHS ENGLAND MIDLANDS,13799,9482,2968,2895,922,55
2025-06,WARRINGTON AND HALTON TEACHING HOSPITALS NHS FOUNDATION TRUST,NHS ENGLAND NORTH WEST,9996,6822,3542,3501,654,854
2025-06,WEST HERTFORDSHIRE TEACHING HOSPITALS NHS TRUST,NHS ENGLAND EAST OF ENGLAND,15997,8116,2413,2374,654,21
2025-06,WEST SUFFOLK NHS FOUNDATION TRUST,NHS ENGLAND EAST OF ENGLAND,8725,8040,2548,2548,505,240
2025-06,WHITSTABLE MEDICAL PRACTICE,NHS ENGLAND SOUTH EAST,4942,0,0,0,0,0
2025-06,WHITTINGTON HEALTH NHS TRUST,NHS ENGLAND LONDON,9127,9127,2445,2445,234,140
2025-06,WIRRAL COMMUNITY HEALTH AND CARE NHS FOUNDATION TRUST,NHS ENGLAND NORTH WEST,4352,0,273,0,0,0
2025-06,WIRRAL UNIVERSITY TEACHING HOSPITAL NHS FOUNDATION TRUST,NHS ENGLAND NORTH WEST,10861,7932,4235,4151,508,816
2025-06,WOKING WALK IN CENTRE,NHS ENGLAND SOUTH EAST,2655,0,195,0,0,0
2025-06,WORCESTERSHIRE ACUTE HOSPITALS NHS TRUST,NHS ENGLAND MIDLANDS,20338,13862,6898,6811,684,795
2025-06,WORKINGTON HEALTH LIMITED,NHS ENGLAND NORTH EAST AND YORKSHIRE,401,0,0,0,0,0
2025-06,"WRIGHTINGTON, WIGAN AND LEIGH NHS FOUNDATION TRUST",NHS ENGLAND NORTH WEST,12586,7384,3570,3512,626,356
2025-06,WYE VALLEY NHS TRUST,NHS ENGLAND MIDLANDS,7350,6098,2576,2576,411,234
2025-06,YORK AND SCARBOROUGH TEACHING HOSPITALS NHS FOUNDATION TRUST,NHS ENGLAND NORTH EAST AND YORKSHIRE,18780,10773,5748,5365,750,377
2025-07,AIREDALE NHS FOUNDATION TRUST,NHS ENGLAND NORTH EAST AND YORKSHIRE,6541,6345,1943,1943,270,70
2025-07,ALDER HEY CHILDREN'S NHS FOUNDATION TRUST,NHS ENGLAND NORTH WEST,5409,5409,829,829,1,0
2025-07,ASHFORD AND ST PETER'S HOSPITALS NHS FOUNDATION TRUST,NHS ENGLAND SOUTH EAST,10480,7470,3523,3498,478,133
2025-07,ASHFORD WALK-IN-CENTRE,NHS ENGLAND SOUTH EAST,2286,0,267,0,0,0
2025-07,ASSURA VERTIS URGENT CARE CENTRES (BIRMINGHAM),NHS ENGLAND MIDLANDS,2863,0,0,0,0,0
2025-07,BADGER LTD,NHS ENGLAND MIDLANDS,0,0,0,0,0,0
2025-07,BARKING HOSPITAL UTC,NHS ENGLAND LONDON,2824,0,11,0,0,0
2025-07,"BARKING, HAVERING AND REDBRIDGE UNIVERSITY HOSPITALS NHS TRUST",NHS ENGLAND LONDON,30627,13723,6147,5570,604,612
2025-07,BARNSLEY HOSPITAL NHS FOUNDATION TRUST,NHS ENGLAND NORTH EAST AND YORKSHIRE,9328,9328,2593,2593,401,0
2025-07,BARTS HEALTH NHS TRUST,NHS ENGLAND LONDON,45493,25710,12107,10667,1147,832
2025-07,BECKENHAM BEACON UCC,NHS ENGLAND LONDON,3584,0,86,0,0,0
2025-07,BEDFORDSHIRE HOSPITALS NHS FOUNDATION TRUST,NHS ENGLAND EAST OF ENGLAND,25583,17502,7110,7110,80,0
2025-07,BERKSHIRE HEALTHCARE NHS FOUNDATION TRUST,NHS ENGLAND SOUTH EAST,1639,0,14,0,0,0
2025-07,BIRMINGHAM WOMEN'S AND CHILDREN'S NHS FOUNDATION TRUST,NHS ENGLAND MIDLANDS,4358,4358,565,565,6,0
2025-07,BLACKPOOL TEACHING HOSPITALS NHS FOUNDATION TRUST,NHS ENGLAND NORTH WEST,19406,9042,4382,4286,781,340
2025-07,BOLTON NHS FOUNDATION TRUST,NHS ENGLAND NORTH WEST,12264,8149,4313,4000,546,261
2025-07,BRADFORD TEACHING HOSPITALS NHS FOUNDATION TRUST,NHS ENGLAND NORTH EAST AND YORKSHIRE,14280,9650,2298,2298,679,51
2025-07,BRANSHOLME HEALTH CENTRE,NHS ENGLAND NORTH EAST AND YORKSHIRE,3787,0,388,0,0,0
2025-07,BRIDGEWATER COMMUNITY HEALTHCARE NHS FOUNDATION TRUST,NHS ENGLAND NORTH WEST,3110,0,61,0,0,0
2025-07,BRIDLINGTON HOSPITAL,NHS ENGLAND NORTH EAST AND YORKSHIRE,1764,0,87,0,0,0
2025-07,BRIGHTON STATION HEALTH CENTRE,NHS ENGLAND SOUTH EAST,2044,0,0,0,0,0
2025-07,BUCKINGHAMSHIRE HEALTHCARE NHS TRUST,NHS ENGLAND SOUTH EAST,15781,11214,3435,3369,221,309
2025-07,CALDERDALE AND HUDDERSFIELD NHS FOUNDATION TRUST,NHS ENGLAND NORTH EAST AND YORKSHIRE,16778,16778,2485,2485,591,7
2025-07,CAMBRIDGE UNIVERSITY HOSPITALS NHS FOUNDATION TRUST,NHS ENGLAND EAST OF ENGLAND,17107,11115,4516,4435,571,389
2025-07,CENTRAL LONDON COMMUNITY HEALTHCARE NHS TRUST,NHS ENGLAND LONDON,12770,0,241,0,0,0
2025-07,CHELSEA AND WESTMINSTER HOSPITAL NHS FOUNDATION TRUST,NHS ENGLAND LONDON,26026,19829,5573,5501,740,65
2025-07,CHESTERFIELD ROYAL HOSPITAL NHS FOUNDATION TRUST,NHS ENGLAND MIDLANDS,12411,6557,3292,3024,573,100
2025-07,CHIPPENHAM COMMUNITY HOSPITAL,NHS ENGLAND SOUTH WEST,1948,0,27,0,0,0
2025-07,CORNWALL PARTNERSHIP NHS FOUNDATION TRUST,NHS ENGLAND SOUTH WEST,0,0,0,0,0,0
2025-07,COUNTESS OF CHESTER HOSPITAL NHS FOUNDATION TRUST,NHS ENGLAND NORTH WEST,7963,5487,3029,2799,546,503
2025-07,COUNTY DURHAM AND DARLINGTON NHS FOUNDATION TRUST,NHS ENGLAND NORTH EAST AND YORKSHIRE,17487,13216,4756,4756,1780,13
2025-07,COVENTRY AND WARWICKSHIRE PARTNERSHIP NHS TRUST,NHS ENGLAND MIDLANDS,0,0,0,0,0,0
2025-07,CROYDON HEALTH SERVICES NHS TRUST,NHS ENGLAND LONDON,17919,13093,4548,4548,241,715
2025-07,DARTFORD AND GRAVESHAM NHS TRUST,NHS ENGLAND SOUTH EAST,15476,11347,2766,2752,711,72
2025-07,DERBYSHIRE COMMUNITY HEALTH SERVICES NHS FOUNDATION TRUST,NHS ENGLAND MIDLANDS,8229,0,274,0,0,0
2025-07,DHU HEALTH CARE C.I.C,NHS ENGLAND MIDLANDS,1872,0,0,0,0,0
2025-07,DONCASTER AND BASSETLAW TEACHING HOSPITALS NHS FOUNDATION TRUST,NHS ENGLAND NORTH EAST AND YORKSHIRE,18807,14653,4917,4873,1171,55
2025-07,DORSET COUNTY HOSPITAL NHS FOUNDATION TRUST,NHS ENGLAND SOUTH WEST,4999,4999,1353,1353,196,38
2025-07,DORSET HEALTHCARE UNIVERSITY NHS FOUNDATION TRUST,NHS ENGLAND SOUTH WEST,0,0,0,0,0,0
2025-07,EAST AND NORTH HERTFORDSHIRE NHS TRUST,NHS ENGLAND EAST OF ENGLAND,17204,8871,3927,3878,124,21
2025-07,EAST BERKS PRIMARY CARE OOH(WAM),NHS ENGLAND SOUTH EAST,0,0,0,0,0,0
2025-07,EAST CHESHIRE NHS TRUST,NHS ENGLAND NORTH WEST,4616,4616,2765,2765,238,271
2025-07,EAST KENT HOSPITALS UNIVERSITY NHS FOUNDATION TRUST,NHS ENGLAND SOUTH EAST,26289,12834,6170,5749,466,1195
2025-07,EAST LANCASHIRE HOSPITALS NHS TRUST,NHS ENGLAND NORTH WEST,26164,14245,5417,4842,712,708
2025-07,EAST RIDING COMMUNITY HOSPITAL,NHS ENGLAND NORTH EAST AND YORKSHIRE,2950,0,266,0,0,0
2025-07,EAST SUFFOLK AND NORTH ESSEX NHS FOUNDATION TRUST,NHS ENGLAND EAST OF ENGLAND,26617,12692,6657,6173,951,354
2025-07,EAST SUSSEX HEALTHCARE NHS TRUST,NHS ENGLAND SOUTH EAST,11871,8988,3787,3736,177,5
2025-07,EPSOM AND ST HELIER UNIVERSITY HOSPITALS NHS TRUST,NHS ENGLAND LONDON,13182,10765,3436,3133,500,1023
2025-07,ERDINGTON GP HEALTH & WELLBEING WIC,NHS ENGLAND MIDLANDS,0,0,0,0,0,0
2025-07,FAVERSHAM MEDICAL PRACTICE MIU,NHS ENGLAND SOUTH EAST,2894,0,0,0,0,0
2025-07,FIRST COMMUNITY HEALTH AND CARE CIC,NHS ENGLAND SOUTH EAST,2634,0,0,0,0,0
2025-07,FRIMLEY HEALTH NHS FOUNDATION TRUST,NHS ENGLAND SOUTH EAST,37388,23429,9850,9427,1553,263
2025-07,GATESHEAD HEALTH NHS FOUNDATION TRUST,NHS ENGLAND NORTH EAST AND YORKSHIRE,10368,6240,1838,1801,250,1
2025-07,GEORGE ELIOT HOSPITAL NHS TRUST,NHS ENGLAND MIDLANDS,8472,6803,2027,2007,412,255
2025-07,GLOUCESTERSHIRE HEALTH AND CARE NHS FOUNDATION TRUST,NHS ENGLAND SOUTH WEST,8928,0,140,0,0,0
2025-07,GLOUCESTERSHIRE HOSPITALS NHS FOUNDATION TRUST,NHS ENGLAND SOUTH WEST,13854,13382,5287,5280,470,202
2025-07,GOOLE & DISTRICT HOSPITAL,NHS ENGLAND NORTH EAST AND YORKSHIRE,1690,0,14,0,0,0
2025-07,GREAT WESTERN HOSPITALS NHS FOUNDATION TRUST,NHS ENGLAND SOUTH WEST,11626,5851,3594,2880,780,148
2025-07,GUY'S AND ST THOMAS' NHS FOUNDATION TRUST,NHS ENGLAND LONDON,17951,10683,3928,3648,90,84
2025-07,HAMPSHIRE AND ISLE OF WIGHT HEALTHCARE NHS FOUNDATION TRUST,NHS ENGLAND SOUTH EAST,3080,0,81,0,0,0
2025-07,HAMPSHIRE HOSPITALS NHS FOUNDATION TRUST,NHS ENGLAND SOUTH EAST,14703,11043,4764,4651,122,33
2025-07,HAROLD WOOD POLYCLINIC UTC,NHS ENGLAND LONDON,2607,0,10,0,0,0
2025-07,HARROGATE AND DISTRICT NHS FOUNDATION TRUST,NHS ENGLAND NORTH EAST AND YORKSHIRE,6626,5442,1319,1319,103,0
2025-07,HERNE BAY HEALTH CARE LTD,NHS ENGLAND SOUTH EAST,2265,0,0,0,0,0
2025-07,HERTFORDSHIRE COMMUNITY NHS TRUST,NHS ENGLAND EAST OF ENGLAND,1310,0,79,0,0,0
2025-07,HERTS URGENT CARE (ASCOTS LANE),NHS ENGLAND EAST OF ENGLAND,2484,0,131,0,0,0
2025-07,HOMERTON HEALTHCARE NHS FOUNDATION TRUST,NHS ENGLAND LONDON,11437,11437,2156,2156,155,12
2025-07,HULL UNIVERSITY TEACHING HOSPITALS NHS TRUST,NHS ENGLAND NORTH EAST AND YORKSHIRE,14551,10050,5985,5620,1063,385
2025-07,HUMBER TEACHING NHS FOUNDATION TRUST,NHS ENGLAND NORTH EAST AND YORKSHIRE,1281,0,7,0,0,0
2025-07,IMPERIAL COLLEGE HEALTHCARE NHS TRUST,NHS ENGLAND LONDON,24324,12478,5656,5204,642,0
2025-07,ISLE OF WIGHT NHS TRUST,NHS ENGLAND SOUTH EAST,6679,4556,1902,1769,218,83
2025-07,JAMES PAGET UNIVERSITY HOSPITALS NHS FOUNDATION TRUST,NHS ENGLAND EAST OF ENGLAND,9457,8023,2911,2911,493,209
2025-07,KENT COMMUNITY HEALTH NHS FOUNDATION TRUST,NHS ENGLAND SOUTH EAST,6715,0,17,0,0,0
2025-07,KETTERING GENERAL HOSPITAL NHS FOUNDATION TRUST,NHS ENGLAND MIDLANDS,18445,10198,3838,3751,562,785
2025-07,KING'S COLLEGE HOSPITAL NHS FOUNDATION TRUST,NHS ENGLAND LONDON,25359,15793,7223,6564,1593,556
2025-07,KINGSTON AND RICHMOND NHS FOUNDATION TRUST,NHS ENGLAND LONDON,15407,7047,3886,3556,343,362
2025-07,LANCASHIRE TEACHING HOSPITALS NHS FOUNDATION TRUST,NHS ENGLAND NORTH WEST,15841,12245,4528,4465,860,423
2025-07,LATHAM HOUSE MEDICAL PRACTICE,NHS ENGLAND MIDLANDS,436,0,0,0,0,0
2025-07,LEEDS TEACHING HOSPITALS NHS TRUST,NHS ENGLAND NORTH EAST AND YORKSHIRE,30111,17642,6364,6257,1485,135
2025-07,LEWISHAM AND GREENWICH NHS TRUST,NHS ENGLAND LONDON,25789,15998,7783,7494,1163,628
2025-07,LINCOLNSHIRE COMMUNITY HEALTH SERVICES NHS TRUST,NHS ENGLAND MIDLANDS,9119,0,297,0,0,0
2025-07,LIVERPOOL HEART AND CHEST HOSPITAL NHS FOUNDATION TRUST,NHS ENGLAND NORTH WEST,0,0,0,0,0,0
2025-07,LIVERPOOL UNIVERSITY HOSPITALS NHS FOUNDATION TRUST,NHS ENGLAND NORTH WEST,26525,16589,8596,8406,2027,902
2025-07,LIVERPOOL WOMEN'S NHS FOUNDATION TRUST,NHS ENGLAND NORTH WEST,1572,0,179,0,0,0
2025-07,LLR EA - THE MERLYN VAZ HEALTH & SOCIAL CARE CENTRE,NHS ENGLAND MIDLANDS,338,0,1,0,0,0
2025-07,LOCAL CARE DIRECT,NHS ENGLAND NORTH EAST AND YORKSHIRE,2191,0,9,0,0,0
2025-07,LONDON NORTH WEST UNIVERSITY HEALTHCARE NHS TRUST,NHS ENGLAND LONDON,30213,13960,6602,6255,415,184
2025-07,LOUGHBOROUGH URGENT CARE CENTRE,NHS ENGLAND MIDLANDS,4934,0,12,0,0,0
2025-07,MAIDSTONE AND TUNBRIDGE WELLS NHS TRUST,NHS ENGLAND SOUTH EAST,20124,17753,3435,3414,839,62
2025-07,MANCHESTER UNIVERSITY NHS FOUNDATION TRUST,NHS ENGLAND NORTH WEST,40948,26185,10503,10020,2491,101
2025-07,MARKET HARBOROUGH,NHS ENGLAND MIDLANDS,84,0,0,0,0,0
2025-07,MARKET HARBOROUGH MED.CTR,NHS ENGLAND MIDLANDS,332,0,0,0,0,0
2025-07,MEDWAY NHS FOUNDATION TRUST,NHS ENGLAND SOUTH EAST,16677,9910,4225,3447,396,614
2025-07,MELTON MOWBRAY,NHS ENGLAND MIDLANDS,45,0,0,0,0,0
2025-07,MERSEY AND WEST LANCASHIRE TEACHING HOSPITALS NHS TRUST,NHS ENGLAND NORTH WEST,25610,18132,6810,6769,671,187
2025-07,MERSEY CARE NHS FOUNDATION TRUST,NHS ENGLAND NORTH WEST,13566,0,192,0,0,0
2025-07,MID AND SOUTH ESSEX NHS FOUNDATION TRUST,NHS ENGLAND EAST OF ENGLAND,35683,31246,8339,8222,2144,265
2025-07,MID CHESHIRE HOSPITALS NHS FOUNDATION TRUST,NHS ENGLAND NORTH WEST,10399,7408,4640,4574,492,489
2025-07,MID YORKSHIRE TEACHING NHS TRUST,NHS ENGLAND NORTH EAST AND YORKSHIRE,23959,17158,6040,5861,1470,11
2025-07,MILTON KEYNES UNIVERSITY HOSPITAL NHS FOUNDATION TRUST,NHS ENGLAND EAST OF ENGLAND,13773,8557,3044,3003,439,0
2025-07,MIRIAM MINOR EMERGENCY,NHS ENGLAND NORTH WEST,1615,0,0,0,0,0
2025-07,MOORFIELDS EYE HOSPITAL NHS FOUNDATION TRUST,NHS ENGLAND LONDON,6123,0,189,0,0,0
2025-07,NEMS CBS (UTC),NHS ENGLAND MIDLANDS,4053,0,866,0,0,0
2025-07,NORFOLK AND NORWICH UNIVERSITY HOSPITALS NHS FOUNDATION TRUST,NHS ENGLAND EAST OF ENGLAND,21073,13321,3530,3530,794,149
2025-07,NORTH BRISTOL NHS TRUST,NHS ENGLAND SOUTH WEST,9515,9515,3455,3455,520,220
2025-07,NORTH CUMBRIA INTEGRATED CARE NHS FOUNDATION TRUST,NHS ENGLAND NORTH EAST AND YORKSHIRE,11548,9153,3964,3915,623,275
2025-07,NORTH EAST LONDON NHS FOUNDATION TRUST,NHS ENGLAND LONDON,1907,0,83,0,0,0
2025-07,NORTH TEES AND HARTLEPOOL NHS FOUNDATION TRUST,NHS ENGLAND NORTH EAST AND YORKSHIRE,16291,4933,2586,2576,122,4
2025-07,NORTH WEST ANGLIA NHS FOUNDATION TRUST,NHS ENGLAND EAST OF ENGLAND,19970,14985,4969,4869,567,672
2025-07,NORTHAMPTON GENERAL HOSPITAL NHS TRUST,NHS ENGLAND MIDLANDS,13176,10692,5423,5098,647,638
2025-07,NORTHERN CARE ALLIANCE NHS FOUNDATION TRUST,NHS ENGLAND NORTH WEST,37373,27074,10447,10011,1081,933
2025-07,NORTHERN LINCOLNSHIRE AND GOOLE NHS FOUNDATION TRUST,NHS ENGLAND NORTH EAST AND YORKSHIRE,17023,9489,4468,4396,760,635
2025-07,NORTHUMBRIA HEALTHCARE NHS FOUNDATION TRUST,NHS ENGLAND NORTH EAST AND YORKSHIRE,24431,10411,1981,1977,9,0
2025-07,NOTTINGHAM CITYCARE PARTNERSHIP,NHS ENGLAND MIDLANDS,4988,0,440,0,0,0
2025-07,NOTTINGHAM UNIVERSITY HOSPITALS NHS TRUST,NHS ENGLAND MIDLANDS,15450,13245,7097,6980,267,467
2025-07,OADBY,NHS ENGLAND MIDLANDS,493,0,0,0,0,0
2025-07,OAKHAM,NHS ENGLAND MIDLANDS,46,0,0,0,0,0
2025-07,OKEHAMPTON MEDICAL CENTRE,NHS ENGLAND SOUTH WEST,119,0,0,0,0,0
2025-07,OXFORD HEALTH NHS FOUNDATION TRUST,NHS ENGLAND SOUTH EAST,4488,0,143,0,0,0
2025-07,OXFORD UNIVERSITY HOSPITALS NHS FOUNDATION TRUST,NHS ENGLAND SOUTH EAST,18438,12744,3342,3275,510,0
2025-07,PAULTON MEMORIAL HOSPITAL,NHS ENGLAND SOUTH WEST,1249,0,2,0,0,0
2025-07,PHL LYMINGTON UTC,NHS ENGLAND SOUTH EAST,3611,0,72,0,0,0
2025-07,PORTSMOUTH HOSPITALS UNIVERSITY NHS TRUST,NHS ENGLAND SOUTH EAST,15033,10606,3805,3774,796,979
2025-07,PRACTICE PLUS GROUP HOSPITAL - SOUTHAMPTON,NHS ENGLAND SOUTH EAST,5273,0,91,0,0,0
2025-07,PRACTICE PLUS GROUP SURGICAL CENTRE - ST MARYS PORTSMOUTH,NHS ENGLAND SOUTH EAST,5337,0,279,0,0,0
2025-07,PUTNOE WALK IN CENTRE,NHS ENGLAND EAST OF ENGLAND,2236,0,0,0,0,0
2025-07,QUEEN VICTORIA HOSPITAL NHS FOUNDATION TRUST,NHS ENGLAND SOUTH EAST,1603,0,30,0,0,0
2025-07,ROSSENDALE MIU & OOH,NHS ENGLAND NORTH WEST,1261,0,2,0,0,0
2025-07,ROYAL BERKSHIRE NHS FOUNDATION TRUST,NHS ENGLAND SOUTH EAST,16564,10909,3606,3523,309,1
2025-07,ROYAL CORNWALL HOSPITALS NHS TRUST,NHS ENGLAND SOUTH WEST,21203,7303,3782,2993,527,178
2025-07,ROYAL DEVON UNIVERSITY HEALTHCARE NHS FOUNDATION TRUST,NHS ENGLAND SOUTH WEST,18316,13593,5424,5405,819,131
2025-07,ROYAL FREE LONDON NHS FOUNDATION TRUST,NHS ENGLAND LONDON,43185,26648,8970,8269,1294,1638
2025-07,ROYAL NATIONAL ORTHOPAEDIC HOSPITAL NHS TRUST,NHS ENGLAND LONDON,0,0,0,0,0,0
2025-07,ROYAL SURREY COUNTY HOSPITAL NHS FOUNDATION TRUST,NHS ENGLAND SOUTH EAST,8495,6644,2116,2116,393,1
2025-07,ROYAL UNITED HOSPITALS BATH NHS FOUNDATION TRUST,NHS ENGLAND SOUTH WEST,8845,8845,3291,3291,655,51
2025-07,SALISBURY NHS FOUNDATION TRUST,NHS ENGLAND SOUTH WEST,7032,4923,1816,1816,341,23
2025-07,SANDWELL AND WEST BIRMINGHAM HOSPITALS NHS TRUST,NHS ENGLAND MIDLANDS,21151,11564,4434,4112,538,55
2025-07,SHEFFIELD CHILDREN'S NHS FOUNDATION TRUST,NHS ENGLAND NORTH EAST AND YORKSHIRE,4767,4528,271,271,10,0
2025-07,SHEFFIELD TEACHING HOSPITALS NHS FOUNDATION TRUST,NHS ENGLAND NORTH EAST AND YORKSHIRE,16707,10046,5105,4619,736,11
2025-07,SHERWOOD FOREST HOSPITALS NHS FOUNDATION TRUST,NHS ENGLAND MIDLANDS,17518,11574,4743,4398,650,95
2025-07,SHROPSHIRE COMMUNITY HEALTH NHS TRUST,NHS ENGLAND MIDLANDS,3762,0,27,0,0,0
2025-07,SIRONA CARE & HEALTH,NHS ENGLAND SOUTH WEST,9521,0,261,0,0,0
2025-07,SKELMERSDALE WALK IN CENTRE,NHS ENGLAND NORTH WEST,1718,0,11,0,0,0
2025-07,SLEAFORD MEDICAL GROUP,NHS ENGLAND MIDLANDS,439,0,0,0,0,0
2025-07,SOMERSET NHS FOUNDATION TRUST,NHS ENGLAND SOUTH WEST,23190,13096,5214,5040,258,75
2025-07,SOUTH BIRMINGHAM GP WALK IN CENTRE,NHS ENGLAND MIDLANDS,5808,0,0,0,0,0
2025-07,SOUTH TEES HOSPITALS NHS FOUNDATION TRUST,NHS ENGLAND NORTH EAST AND YORKSHIRE,17186,7414,4082,3533,297,10
2025-07,SOUTH TYNESIDE AND SUNDERLAND NHS FOUNDATION TRUST,NHS ENGLAND NORTH EAST AND YORKSHIRE,18666,11361,5030,4854,307,1
2025-07,SOUTH WARWICKSHIRE UNIVERSITY NHS FOUNDATION TRUST,NHS ENGLAND MIDLANDS,8989,8491,1950,1950,305,28
2025-07,SOUTH WEST YORKSHIRE PARTNERSHIP NHS FOUNDATION TRUST,NHS ENGLAND NORTH EAST AND YORKSHIRE,0,0,0,0,0,0
2025-07,SOUTH WESTERN AMBULANCE SERVICE NHS FOUNDATION TRUST,NHS ENGLAND SOUTH WEST,2043,0,17,0,0,0
2025-07,ST GEORGE'S UNIVERSITY HOSPITALS NHS FOUNDATION TRUST,NHS ENGLAND LONDON,12843,8736,2869,2697,393,443
2025-07,STATION PLAZA HEALTH CENTRE,NHS ENGLAND SOUTH EAST,1156,0,0,0,0,0
2025-07,STOCKPORT NHS FOUNDATION TRUST,NHS ENGLAND NORTH WEST,9581,8416,3483,3423,829,172
2025-07,SUMMERFIELD URGENT CARE CENTRE,NHS ENGLAND MIDLANDS,3233,0,0,0,0,0
2025-07,SURREY AND SUSSEX HEALTHCARE NHS TRUST,NHS ENGLAND SOUTH EAST,10680,10680,4184,4184,621,626
2025-07,SUSSEX COMMUNITY NHS FOUNDATION TRUST,NHS ENGLAND SOUTH EAST,12805,0,128,0,0,0
2025-07,TAMESIDE AND GLOSSOP INTEGRATED CARE NHS FOUNDATION TRUST,NHS ENGLAND NORTH WEST,11614,9015,4395,4384,741,337
2025-07,TETBURY HOSPITAL TRUST LTD,NHS ENGLAND SOUTH WEST,688,0,0,0,0,0
2025-07,THE CHRISTIE NHS FOUNDATION TRUST,NHS ENGLAND NORTH WEST,0,0,0,0,0,0
2025-07,THE DUDLEY GROUP NHS FOUNDATION TRUST,NHS ENGLAND MIDLANDS,14337,10391,3235,3165,1955,96
2025-07,THE HILLINGDON HOSPITALS NHS FOUNDATION TRUST,NHS ENGLAND LONDON,13231,5966,2466,2361,335,24
2025-07,THE NEWCASTLE UPON TYNE HOSPITALS NHS FOUNDATION TRUST,NHS ENGLAND NORTH EAST AND YORKSHIRE,20803,12588,4305,4243,407,28
2025-07,THE PINN UNREGISTERED WIC,NHS ENGLAND LONDON,872,0,0,0,0,0
2025-07,THE PRINCESS ALEXANDRA HOSPITAL NHS TRUST,NHS ENGLAND EAST OF ENGLAND,10640,8719,3463,3463,391,142
2025-07,"THE QUEEN ELIZABETH HOSPITAL, KING'S LYNN, NHS FOUNDATION TRUST",NHS ENGLAND EAST OF ENGLAND,8169,7060,3382,3382,444,125
2025-07,THE ROBERT JONES AND AGNES HUNT ORTHOPAEDIC HOSPITAL NHS FOUNDATION TRUST,NHS ENGLAND MIDLANDS,0,0,0,0,0,0
2025-07,THE ROTHERHAM NHS FOUNDATION TRUST,NHS ENGLAND NORTH EAST AND YORKSHIRE,9264,9264,2660,2660,357,17
2025-07,THE ROYAL WOLVERHAMPTON NHS TRUST,NHS ENGLAND MIDLANDS,20531,13276,3835,3728,1050,290
2025-07,THE SHREWSBURY AND TELFORD HOSPITAL NHS TRUST,NHS ENGLAND MIDLANDS,13576,11091,6402,6049,479,1407
2025-07,THE WALTON CENTRE NHS FOUNDATION TRUST,NHS ENGLAND NORTH WEST,0,0,0,0,0,0
2025-07,TORBAY AND SOUTH DEVON NHS FOUNDATION TRUST,NHS ENGLAND SOUTH WEST,10682,6948,2805,2759,215,37
2025-07,TROWBRIDGE MINOR INJURIES UNIT,NHS ENGLAND SOUTH WEST,1079,0,2,0,0,0
2025-07,UNITED LINCOLNSHIRE TEACHING HOSPITALS NHS TRUST,NHS ENGLAND MIDLANDS,21307,17265,7805,7421,1059,1027
2025-07,UNIVERSITY COLLEGE LONDON HOSPITALS NHS FOUNDATION TRUST,NHS ENGLAND LONDON,12771,12771,3636,3636,216,49
2025-07,UNIVERSITY HOSPITAL SOUTHAMPTON NHS FOUNDATION TRUST,NHS ENGLAND SOUTH EAST,13687,12292,5339,5204,336,20
2025-07,UNIVERSITY HOSPITALS BIRMINGHAM NHS FOUNDATION TRUST,NHS ENGLAND MIDLANDS,38370,36112,13824,13748,2995,1376
2025-07,UNIVERSITY HOSPITALS BRISTOL AND WESTON NHS FOUNDATION TRUST,NHS ENGLAND SOUTH WEST,18368,15810,5172,5015,903,161
2025-07,UNIVERSITY HOSPITALS COVENTRY AND WARWICKSHIRE NHS TRUST,NHS ENGLAND MIDLANDS,19883,12559,5140,4969,75,17
2025-07,UNIVERSITY HOSPITALS DORSET NHS FOUNDATION TRUST,NHS ENGLAND SOUTH WEST,20367,15124,5821,5821,624,67
2025-07,UNIVERSITY HOSPITALS OF DERBY AND BURTON NHS FOUNDATION TRUST,NHS ENGLAND MIDLANDS,29129,19187,8794,8794,989,716
2025-07,UNIVERSITY HOSPITALS OF LEICESTER NHS TRUST,NHS ENGLAND MIDLANDS,23097,21007,8159,8008,1242,629
2025-07,UNIVERSITY HOSPITALS OF MORECAMBE BAY NHS FOUNDATION TRUST,NHS ENGLAND NORTH WEST,12892,9813,3570,3502,653,276
2025-07,UNIVERSITY HOSPITALS OF NORTH MIDLANDS NHS TRUST,NHS ENGLAND MIDLANDS,23910,14974,7025,6948,1182,371
2025-07,UNIVERSITY HOSPITALS PLYMOUTH NHS TRUST,NHS ENGLAND SOUTH WEST,16062,9802,4445,4393,623,255
2025-07,UNIVERSITY HOSPITALS SUSSEX NHS FOUNDATION TRUST,NHS ENGLAND SOUTH EAST,31314,27863,10059,9870,664,271
2025-07,URGENT CARE CENTRE (QMS),NHS ENGLAND LONDON,8084,0,105,0,0,0
2025-07,WALSALL HEALTHCARE NHS TRUST,NHS ENGLAND MIDLANDS,14079,9841,3271,3200,1082,101
2025-07,WARRINGTON AND HALTON TEACHING HOSPITALS NHS FOUNDATION TRUST,NHS ENGLAND NORTH WEST,10619,7341,4011,3915,942,600
2025-07,WEST HERTFORDSHIRE TEACHING HOSPITALS NHS TRUST,NHS ENGLAND EAST OF ENGLAND,16134,8535,2638,2583,750,19
2025-07,WEST SUFFOLK NHS FOUNDATION TRUST,NHS ENGLAND EAST OF ENGLAND,9064,8380,2348,2348,424,145
2025-07,WHITSTABLE MEDICAL PRACTICE,NHS ENGLAND SOUTH EAST,5094,0,0,0,0,0
2025-07,WHITTINGTON HEALTH NHS TRUST,NHS ENGLAND LONDON,9104,9104,2295,2295,290,200
2025-07,WIRRAL COMMUNITY HEALTH AND CARE NHS FOUNDATION TRUST,NHS ENGLAND NORTH WEST,4311,0,348,0,0,0
2025-07,WIRRAL UNIVERSITY TEACHING HOSPITAL NHS FOUNDATION TRUST,NHS ENGLAND NORTH WEST,11243,7987,4395,4283,644,710
2025-07,WOKING WALK IN CENTRE,NHS ENGLAND SOUTH EAST,2609,0,160,0,0,0
2025-07,WORCESTERSHIRE ACUTE HOSPITALS NHS TRUST,NHS ENGLAND MIDLANDS,21006,14228,7048,7003,1069,896
2025-07,WORKINGTON HEALTH LIMITED,NHS ENGLAND NORTH EAST AND YORKSHIRE,442,0,0,0,0,0
2025-07,"WRIGHTINGTON, WIGAN AND LEIGH NHS FOUNDATION TRUST",NHS ENGLAND NORTH WEST,12871,7367,3140,3102,648,394
2025-07,WYE VALLEY NHS TRUST,NHS ENGLAND MIDLANDS,7576,6218,2227,2227,405,182
2025-07,YORK AND SCARBOROUGH TEACHING HOSPITALS NHS FOUNDATION TRUST,NHS ENGLAND NORTH EAST AND YORKSHIRE,19429,11120,5879,5517,665,450
2025-08,AIREDALE NHS FOUNDATION TRUST,NHS ENGLAND NORTH EAST AND YORKSHIRE,6251,6036,2246,2246,424,61
2025-08,ALDER HEY CHILDREN'S NHS FOUNDATION TRUST,NHS ENGLAND NORTH WEST,4303,4303,424,424,0,0
2025-08,ASHFORD AND ST PETER'S HOSPITALS NHS FOUNDATION TRUST,NHS ENGLAND SOUTH EAST,9810,6990,3530,3499,535,118
2025-08,ASHFORD WALK-IN-CENTRE,NHS ENGLAND SOUTH EAST,2325,0,23,0,0,0
2025-08,ASSURA VERTIS URGENT CARE CENTRES (BIRMINGHAM),NHS ENGLAND MIDLANDS,3085,0,0,0,0,0
2025-08,BADGER LTD,NHS ENGLAND MIDLANDS,0,0,0,0,0,0
2025-08,BARKING HOSPITAL UTC,NHS ENGLAND LONDON,2709,0,10,0,0,0
2025-08,"BARKING, HAVERING AND REDBRIDGE UNIVERSITY HOSPITALS NHS TRUST",NHS ENGLAND LONDON,28167,12899,5999,5551,613,677
2025-08,BARNSLEY HOSPITAL NHS FOUNDATION TRUST,NHS ENGLAND NORTH EAST AND YORKSHIRE,9140,9140,1992,1992,260,0
2025-08,BARTS HEALTH NHS TRUST,NHS ENGLAND LONDON,42424,24190,11878,10598,1234,799
2025-08,BECKENHAM BEACON UCC,NHS ENGLAND LONDON,3363,0,13,0,0,0
2025-08,BEDFORDSHIRE HOSPITALS NHS FOUNDATION TRUST,NHS ENGLAND EAST OF ENGLAND,23639,16039,5896,5896,82,3
2025-08,BERKSHIRE HEALTHCARE NHS FOUNDATION TRUST,NHS ENGLAND SOUTH EAST,1435,0,7,0,0,0
2025-08,BIRMINGHAM WOMEN'S AND CHILDREN'S NHS FOUNDATION TRUST,NHS ENGLAND MIDLANDS,3491,3491,155,155,7,1
2025-08,BLACKPOOL TEACHING HOSPITALS NHS FOUNDATION TRUST,NHS ENGLAND NORTH WEST,19620,9421,4296,4240,820,262
2025-08,BOLTON NHS FOUNDATION TRUST,NHS ENGLAND NORTH WEST,11378,7488,4027,3709,481,331
2025-08,BRADFORD TEACHING HOSPITALS NHS FOUNDATION TRUST,NHS ENGLAND NORTH EAST AND YORKSHIRE,13027,8779,2220,2220,655,49
2025-08,BRANSHOLME HEALTH CENTRE,NHS ENGLAND NORTH EAST AND YORKSHIRE,3507,0,262,0,0,0
2025-08,BRIDGEWATER COMMUNITY HEALTHCARE NHS FOUNDATION TRUST,NHS ENGLAND NORTH WEST,2740,0,41,0,0,0
2025-08,BRIDLINGTON HOSPITAL,NHS ENGLAND NORTH EAST AND YORKSHIRE,1732,0,73,0,0,0
2025-08,BRIGHTON STATION HEALTH CENTRE,NHS ENGLAND SOUTH EAST,1869,0,0,0,0,0
2025-08,BUCKINGHAMSHIRE HEALTHCARE NHS TRUST,NHS ENGLAND SOUTH EAST,14238,10063,2860,2802,189,261
2025-08,CALDERDALE AND HUDDERSFIELD NHS FOUNDATION TRUST,NHS ENGLAND NORTH EAST AND YORKSHIRE,15446,15446,2708,2708,846,16
2025-08,CAMBRIDGE UNIVERSITY HOSPITALS NHS FOUNDATION TRUST,NHS ENGLAND EAST OF ENGLAND,15627,10179,4096,4045,537,309
2025-08,CENTRAL LONDON COMMUNITY HEALTHCARE NHS TRUST,NHS ENGLAND LONDON,11651,0,123,0,0,0
2025-08,CHELSEA AND WESTMINSTER HOSPITAL NHS FOUNDATION TRUST,NHS ENGLAND LONDON,24111,18603,5720,5678,679,39
2025-08,CHESTERFIELD ROYAL HOSPITAL NHS FOUNDATION TRUST,NHS ENGLAND MIDLANDS,12513,6336,3627,3353,738,141
2025-08,CHIPPENHAM COMMUNITY HOSPITAL,NHS ENGLAND SOUTH WEST,1685,0,9,0,0,0
2025-08,CORNWALL PARTNERSHIP NHS FOUNDATION TRUST,NHS ENGLAND SOUTH WEST,0,0,0,0,0,0
2025-08,COUNTESS OF CHESTER HOSPITAL NHS FOUNDATION TRUST,NHS ENGLAND NORTH WEST,7449,5200,2650,2523,763,330
2025-08,COUNTY DURHAM AND DARLINGTON NHS FOUNDATION TRUST,NHS ENGLAND NORTH EAST AND YORKSHIRE,16559,12390,4837,4837,1701,9
2025-08,COVENTRY AND WARWICKSHIRE PARTNERSHIP NHS TRUST,NHS ENGLAND MIDLANDS,0,0,0,0,0,0
2025-08,CROYDON HEALTH SERVICES NHS TRUST,NHS ENGLAND LONDON,16768,12011,4177,4177,245,565
2025-08,DARTFORD AND GRAVESHAM NHS TRUST,NHS ENGLAND SOUTH EAST,14389,10751,2792,2782,576,17
2025-08,DERBYSHIRE COMMUNITY HEALTH SERVICES NHS FOUNDATION TRUST,NHS ENGLAND MIDLANDS,7623,0,226,0,0,0
2025-08,DHU HEALTH CARE C.I.C,NHS ENGLAND MIDLANDS,1904,0,1,0,0,0
2025-08,DONCASTER AND BASSETLAW TEACHING HOSPITALS NHS FOUNDATION TRUST,NHS ENGLAND NORTH EAST AND YORKSHIRE,17831,13912,4856,4851,1164,108
2025-08,DORSET COUNTY HOSPITAL NHS FOUNDATION TRUST,NHS ENGLAND SOUTH WEST,5127,5127,1675,1675,196,44
2025-08,DORSET HEALTHCARE UNIVERSITY NHS FOUNDATION TRUST,NHS ENGLAND SOUTH WEST,0,0,0,0,0,0
2025-08,EAST AND NORTH HERTFORDSHIRE NHS TRUST,NHS ENGLAND EAST OF ENGLAND,16472,8370,3651,3609,192,23
2025-08,EAST BERKS PRIMARY CARE OOH(WAM),NHS ENGLAND SOUTH EAST,0,0,0,0,0,0
2025-08,EAST CHESHIRE NHS TRUST,NHS ENGLAND NORTH WEST,4192,4192,2265,2265,214,432
2025-08,EAST KENT HOSPITALS UNIVERSITY NHS FOUNDATION TRUST,NHS ENGLAND SOUTH EAST,25087,12118,6475,6199,384,1311
2025-08,EAST LANCASHIRE HOSPITALS NHS TRUST,NHS ENGLAND NORTH WEST,23936,13281,5037,4442,577,925
2025-08,EAST RIDING COMMUNITY HOSPITAL,NHS ENGLAND NORTH EAST AND YORKSHIRE,2699,0,156,0,0,0
2025-08,EAST SUFFOLK AND NORTH ESSEX NHS FOUNDATION TRUST,NHS ENGLAND EAST OF ENGLAND,25539,12119,6410,5908,886,356
2025-08,EAST SUSSEX HEALTHCARE NHS TRUST,NHS ENGLAND SOUTH EAST,11340,8785,3604,3560,204,6
2025-08,EPSOM AND ST HELIER UNIVERSITY HOSPITALS NHS TRUST,NHS ENGLAND LONDON,12654,10186,3075,2878,930,642
2025-08,ERDINGTON GP HEALTH & WELLBEING WIC,NHS ENGLAND MIDLANDS,0,0,0,0,0,0
2025-08,FAVERSHAM MEDICAL PRACTICE MIU,NHS ENGLAND SOUTH EAST,2864,0,0,0,0,0
2025-08,FIRST COMMUNITY HEALTH AND CARE CIC,NHS ENGLAND SOUTH EAST,2599,0,0,0,0,0
2025-08,FRIMLEY HEALTH NHS FOUNDATION TRUST,NHS ENGLAND SOUTH EAST,33719,21592,8745,8450,1438,260
2025-08,GATESHEAD HEALTH NHS FOUNDATION TRUST,NHS ENGLAND NORTH EAST AND YORKSHIRE,9747,5545,1729,1701,397,0
2025-08,GEORGE ELIOT HOSPITAL NHS TRUST,NHS ENGLAND MIDLANDS,7992,6371,2224,2175,269,441
2025-08,GLOUCESTERSHIRE HEALTH AND CARE NHS FOUNDATION TRUST,NHS ENGLAND SOUTH WEST,8680,0,125,0,0,0
2025-08,GLOUCESTERSHIRE HOSPITALS NHS FOUNDATION TRUST,NHS ENGLAND SOUTH WEST,13420,13420,5301,5301,439,221
2025-08,GOOLE & DISTRICT HOSPITAL,NHS ENGLAND NORTH EAST AND YORKSHIRE,1554,0,7,0,0,0
2025-08,GREAT WESTERN HOSPITALS NHS FOUNDATION TRUST,NHS ENGLAND SOUTH WEST,10977,5788,3534,2994,700,157
2025-08,GUY'S AND ST THOMAS' NHS FOUNDATION TRUST,NHS ENGLAND LONDON,16661,9878,3606,3438,107,61
2025-08,HAMPSHIRE AND ISLE OF WIGHT HEALTHCARE NHS FOUNDATION TRUST,NHS ENGLAND SOUTH EAST,2986,0,65,0,0,0
2025-08,HAMPSHIRE HOSPITALS NHS FOUNDATION TRUST,NHS ENGLAND SOUTH EAST,13887,10479,4039,4015,110,11
2025-08,HAROLD WOOD POLYCLINIC UTC,NHS ENGLAND LONDON,2504,0,5,0,0,0
2025-08,HARROGATE AND DISTRICT NHS FOUNDATION TRUST,NHS ENGLAND NORTH EAST AND YORKSHIRE,6131,5031,1103,1103,95,0
2025-08,HERNE BAY HEALTH CARE LTD,NHS ENGLAND SOUTH EAST,2531,0,0,0,0,0
2025-08,HERTFORDSHIRE COMMUNITY NHS TRUST,NHS ENGLAND EAST OF ENGLAND,1061,0,19,0,0,0
2025-08,HERTS URGENT CARE (ASCOTS LANE),NHS ENGLAND EAST OF ENGLAND,2050,0,98,0,0,0
2025-08,HOMERTON HEALTHCARE NHS FOUNDATION TRUST,NHS ENGLAND LONDON,10343,10343,1958,1958,224,35
2025-08,HULL UNIVERSITY TEACHING HOSPITALS NHS TRUST,NHS ENGLAND NORTH EAST AND YORKSHIRE,13782,9446,5254,5071,932,337
2025-08,HUMBER TEACHING NHS FOUNDATION TRUST,NHS ENGLAND NORTH EAST AND YORKSHIRE,1210,0,7,0,0,0
2025-08,IMPERIAL COLLEGE HEALTHCARE NHS TRUST,NHS ENGLAND LONDON,22393,11631,5479,5103,645,0
2025-08,ISLE OF WIGHT NHS TRUST,NHS ENGLAND SOUTH EAST,6583,4420,1684,1619,228,100
2025-08,JAMES PAGET UNIVERSITY HOSPITALS NHS FOUNDATION TRUST,NHS ENGLAND EAST OF ENGLAND,8968,7618,3025,3025,521,230
2025-08,KENT COMMUNITY HEALTH NHS FOUNDATION TRUST,NHS ENGLAND SOUTH EAST,6264,0,21,0,0,0
2025-08,KETTERING GENERAL HOSPITAL NHS FOUNDATION TRUST,NHS ENGLAND MIDLANDS,17261,9509,3495,3416,532,626
2025-08,KING'S COLLEGE HOSPITAL NHS FOUNDATION TRUST,NHS ENGLAND LONDON,23601,14770,6464,5957,1386,572
2025-08,KINGSTON AND RICHMOND NHS FOUNDATION TRUST,NHS ENGLAND LONDON,14693,6570,3687,3420,288,222
2025-08,LANCASHIRE TEACHING HOSPITALS NHS FOUNDATION TRUST,NHS ENGLAND NORTH WEST,14625,11574,4554,4473,1048,410
2025-08,LATHAM HOUSE MEDICAL PRACTICE,NHS ENGLAND MIDLANDS,400,0,0,0,0,0
2025-08,LEEDS TEACHING HOSPITALS NHS TRUST,NHS ENGLAND NORTH EAST AND YORKSHIRE,28203,16690,6159,6048,1686,119
2025-08,LEWISHAM AND GREENWICH NHS TRUST,NHS ENGLAND LONDON,23802,14926,7667,7482,1087,571
2025-08,LINCOLNSHIRE COMMUNITY HEALTH SERVICES NHS TRUST,NHS ENGLAND MIDLANDS,9050,0,265,0,0,0
2025-08,LIVERPOOL HEART AND CHEST HOSPITAL NHS FOUNDATION TRUST,NHS ENGLAND NORTH WEST,0,0,0,0,0,0
2025-08,LIVERPOOL UNIVERSITY HOSPITALS NHS FOUNDATION TRUST,NHS ENGLAND NORTH WEST,25403,16163,7669,7501,1433,477
2025-08,LIVERPOOL WOMEN'S NHS FOUNDATION TRUST,NHS ENGLAND NORTH WEST,1396,0,121,0,0,0
2025-08,LLR EA - THE MERLYN VAZ HEALTH & SOCIAL CARE CENTRE,NHS ENGLAND MIDLANDS,439,0,0,0,0,0
2025-08,LOCAL CARE DIRECT,NHS ENGLAND NORTH EAST AND YORKSHIRE,2063,0,9,0,0,0
2025-08,LONDON NORTH WEST UNIVERSITY HEALTHCARE NHS TRUST,NHS ENGLAND LONDON,27792,13561,6757,6568,621,517
2025-08,LOUGHBOROUGH URGENT CARE CENTRE,NHS ENGLAND MIDLANDS,4902,0,36,0,0,0
2025-08,MAIDSTONE AND TUNBRIDGE WELLS NHS TRUST,NHS ENGLAND SOUTH EAST,21202,18957,4256,4236,932,130
2025-08,MANCHESTER UNIVERSITY NHS FOUNDATION TRUST,NHS ENGLAND NORTH WEST,37647,23856,10488,10063,2881,69
2025-08,MARKET HARBOROUGH,NHS ENGLAND MIDLANDS,109,0,0,0,0,0
2025-08,MARKET HARBOROUGH MED.CTR,NHS ENGLAND MIDLANDS,306,0,0,0,0,0
2025-08,MEDWAY NHS FOUNDATION TRUST,NHS ENGLAND SOUTH EAST,15121,9278,4288,3599,334,696
2025-08,MELTON MOWBRAY,NHS ENGLAND MIDLANDS,54,0,0,0,0,0
2025-08,MERSEY AND WEST LANCASHIRE TEACHING HOSPITALS NHS TRUST,NHS ENGLAND NORTH WEST,23742,16472,6511,6432,566,290
2025-08,MERSEY CARE NHS FOUNDATION TRUST,NHS ENGLAND NORTH WEST,12199,0,174,0,0,0
2025-08,MID AND SOUTH ESSEX NHS FOUNDATION TRUST,NHS ENGLAND EAST OF ENGLAND,32967,28878,8021,7915,1943,303
2025-08,MID CHESHIRE HOSPITALS NHS FOUNDATION TRUST,NHS ENGLAND NORTH WEST,9797,6896,4356,4340,611,378
2025-08,MID YORKSHIRE TEACHING NHS TRUST,NHS ENGLAND NORTH EAST AND YORKSHIRE,22437,15988,5906,5760,1544,9
2025-08,MILTON KEYNES UNIVERSITY HOSPITAL NHS FOUNDATION TRUST,NHS ENGLAND EAST OF ENGLAND,12708,7897,3417,3409,639,0
2025-08,MIRIAM MINOR EMERGENCY,NHS ENGLAND NORTH WEST,1643,0,2,0,0,0
2025-08,MOORFIELDS EYE HOSPITAL NHS FOUNDATION TRUST,NHS ENGLAND LONDON,5806,0,102,0,0,0
2025-08,NEMS CBS (UTC),NHS ENGLAND MIDLANDS,3664,0,871,0,0,0
2025-08,NORFOLK AND NORWICH UNIVERSITY HOSPITALS NHS FOUNDATION TRUST,NHS ENGLAND EAST OF ENGLAND,20734,12652,3832,3830,733,162
2025-08,NORTH BRISTOL NHS TRUST,NHS ENGLAND SOUTH WEST,9415,9415,3069,3069,553,126
2025-08,NORTH CUMBRIA INTEGRATED CARE NHS FOUNDATION TRUST,NHS ENGLAND NORTH EAST AND YORKSHIRE,10651,8627,3565,3510,441,309
2025-08,NORTH EAST LONDON NHS FOUNDATION TRUST,NHS ENGLAND LONDON,1827,0,87,0,0,0
2025-08,NORTH TEES AND HARTLEPOOL NHS FOUNDATION TRUST,NHS ENGLAND NORTH EAST AND YORKSHIRE,15346,4856,2360,2340,160,6
2025-08,NORTH WEST ANGLIA NHS FOUNDATION TRUST,NHS ENGLAND EAST OF ENGLAND,18770,14143,5747,5568,599,601
2025-08,NORTHAMPTON GENERAL HOSPITAL NHS TRUST,NHS ENGLAND MIDLANDS,12315,9943,4345,4224,558,667
2025-08,NORTHERN CARE ALLIANCE NHS FOUNDATION TRUST,NHS ENGLAND NORTH WEST,34577,25001,9598,9353,1063,958
2025-08,NORTHERN LINCOLNSHIRE AND GOOLE NHS FOUNDATION TRUST,NHS ENGLAND NORTH EAST AND YORKSHIRE,16161,9249,4328,4275,653,594
2025-08,NORTHUMBRIA HEALTHCARE NHS FOUNDATION TRUST,NHS ENGLAND NORTH EAST AND YORKSHIRE,23818,9949,2295,2291,3,0
2025-08,NOTTINGHAM CITYCARE PARTNERSHIP,NHS ENGLAND MIDLANDS,4694,0,231,0,0,0
2025-08,NOTTINGHAM UNIVERSITY HOSPITALS NHS TRUST,NHS ENGLAND MIDLANDS,14187,12151,7006,6909,251,566
2025-08,OADBY,NHS ENGLAND MIDLANDS,569,0,0,0,0,0
2025-08,OAKHAM,NHS ENGLAND MIDLANDS,72,0,0,0,0,0
2025-08,OKEHAMPTON MEDICAL CENTRE,NHS ENGLAND SOUTH WEST,103,0,0,0,0,0
2025-08,OXFORD HEALTH NHS FOUNDATION TRUST,NHS ENGLAND SOUTH EAST,4244,0,116,0,0,0
2025-08,OXFORD UNIVERSITY HOSPITALS NHS FOUNDATION TRUST,NHS ENGLAND SOUTH EAST,16787,11803,3412,3313,411,0
2025-08,PAULTON MEMORIAL HOSPITAL,NHS ENGLAND SOUTH WEST,1148,0,2,0,0,0
2025-08,PHL LYMINGTON UTC,NHS ENGLAND SOUTH EAST,3395,0,50,0,0,0
2025-08,PORTSMOUTH HOSPITALS UNIVERSITY NHS TRUST,NHS ENGLAND SOUTH EAST,14152,10329,4150,4125,900,933
2025-08,PRACTICE PLUS GROUP HOSPITAL - SOUTHAMPTON,NHS ENGLAND SOUTH EAST,5076,0,48,0,0,0
2025-08,PRACTICE PLUS GROUP SURGICAL CENTRE - ST MARYS PORTSMOUTH,NHS ENGLAND SOUTH EAST,5095,0,167,0,0,0
2025-08,PUTNOE WALK IN CENTRE,NHS ENGLAND EAST OF ENGLAND,2334,0,0,0,0,0
2025-08,QUEEN VICTORIA HOSPITAL NHS FOUNDATION TRUST,NHS ENGLAND SOUTH EAST,1387,0,2,0,0,0
2025-08,ROSSENDALE MIU & OOH,NHS ENGLAND NORTH WEST,1018,0,0,0,0,0
2025-08,ROYAL BERKSHIRE NHS FOUNDATION TRUST,NHS ENGLAND SOUTH EAST,15288,10133,3514,3508,377,1
2025-08,ROYAL CORNWALL HOSPITALS NHS TRUST,NHS ENGLAND SOUTH WEST,21199,7624,4266,3456,613,303
2025-08,ROYAL DEVON UNIVERSITY HEALTHCARE NHS FOUNDATION TRUST,NHS ENGLAND SOUTH WEST,18047,13530,5718,5694,724,136
2025-08,ROYAL FREE LONDON NHS FOUNDATION TRUST,NHS ENGLAND LONDON,38712,24281,8177,7742,1241,1704
2025-08,ROYAL NATIONAL ORTHOPAEDIC HOSPITAL NHS TRUST,NHS ENGLAND LONDON,0,0,0,0,0,0
2025-08,ROYAL SURREY COUNTY HOSPITAL NHS FOUNDATION TRUST,NHS ENGLAND SOUTH EAST,8059,6430,2023,2023,376,5
2025-08,ROYAL UNITED HOSPITALS BATH NHS FOUNDATION TRUST,NHS ENGLAND SOUTH WEST,8612,8612,3527,3527,794,81
2025-08,SALISBURY NHS FOUNDATION TRUST,NHS ENGLAND SOUTH WEST,6955,4767,1763,1763,329,25
2025-08,SANDWELL AND WEST BIRMINGHAM HOSPITALS NHS TRUST,NHS ENGLAND MIDLANDS,19844,10876,4081,3770,645,102
2025-08,SHEFFIELD CHILDREN'S NHS FOUNDATION TRUST,NHS ENGLAND NORTH EAST AND YORKSHIRE,3594,3594,173,173,8,0
2025-08,SHEFFIELD TEACHING HOSPITALS NHS FOUNDATION TRUST,NHS ENGLAND NORTH EAST AND YORKSHIRE,16349,8548,5177,4509,869,11
2025-08,SHERWOOD FOREST HOSPITALS NHS FOUNDATION TRUST,NHS ENGLAND MIDLANDS,15886,10497,4944,4638,704,346
2025-08,SHROPSHIRE COMMUNITY HEALTH NHS TRUST,NHS ENGLAND MIDLANDS,3193,0,52,0,0,0
2025-08,SIRONA CARE & HEALTH,NHS ENGLAND SOUTH WEST,8674,0,264,0,0,0
2025-08,SKELMERSDALE WALK IN CENTRE,NHS ENGLAND NORTH WEST,1584,0,7,0,0,0
2025-08,SLEAFORD MEDICAL GROUP,NHS ENGLAND MIDLANDS,531,0,0,0,0,0
2025-08,SOMERSET NHS FOUNDATION TRUST,NHS ENGLAND SOUTH WEST,21944,12732,5824,5663,371,75
2025-08,SOUTH BIRMINGHAM GP WALK IN CENTRE,NHS ENGLAND MIDLANDS,5641,0,0,0,0,0
2025-08,SOUTH TEES HOSPITALS NHS FOUNDATION TRUST,NHS ENGLAND NORTH EAST AND YORKSHIRE,16367,7133,4032,3730,381,11
2025-08,SOUTH TYNESIDE AND SUNDERLAND NHS FOUNDATION TRUST,NHS ENGLAND NORTH EAST AND YORKSHIRE,17817,10927,5586,5402,663,4
2025-08,SOUTH WARWICKSHIRE UNIVERSITY NHS FOUNDATION TRUST,NHS ENGLAND MIDLANDS,8529,8133,1769,1769,314,14
2025-08,SOUTH WEST YORKSHIRE PARTNERSHIP NHS FOUNDATION TRUST,NHS ENGLAND NORTH EAST AND YORKSHIRE,0,0,0,0,0,0
2025-08,SOUTH WESTERN AMBULANCE SERVICE NHS FOUNDATION TRUST,NHS ENGLAND SOUTH WEST,1972,0,47,0,0,0
2025-08,ST GEORGE'S UNIVERSITY HOSPITALS NHS FOUNDATION TRUST,NHS ENGLAND LONDON,11889,8178,2629,2502,407,498
2025-08,STATION PLAZA HEALTH CENTRE,NHS ENGLAND SOUTH EAST,1089,0,0,0,0,0
2025-08,STOCKPORT NHS FOUNDATION TRUST,NHS ENGLAND NORTH WEST,8689,7677,2983,2936,495,198
2025-08,SUMMERFIELD URGENT CARE CENTRE,NHS ENGLAND MIDLANDS,2916,0,0,0,0,0
2025-08,SURREY AND SUSSEX HEALTHCARE NHS TRUST,NHS ENGLAND SOUTH EAST,10052,10052,3904,3904,552,538
2025-08,SUSSEX COMMUNITY NHS FOUNDATION TRUST,NHS ENGLAND SOUTH EAST,11693,0,164,0,0,0
2025-08,TAMESIDE AND GLOSSOP INTEGRATED CARE NHS FOUNDATION TRUST,NHS ENGLAND NORTH WEST,10280,7961,3638,3629,561,381
2025-08,TETBURY HOSPITAL TRUST LTD,NHS ENGLAND SOUTH WEST,482,0,0,0,0,0
2025-08,THE CHRISTIE NHS FOUNDATION TRUST,NHS ENGLAND NORTH WEST,0,0,0,0,0,0
2025-08,THE DUDLEY GROUP NHS FOUNDATION TRUST,NHS ENGLAND MIDLANDS,13239,9641,3262,3211,1812,78
2025-08,THE HILLINGDON HOSPITALS NHS FOUNDATION TRUST,NHS ENGLAND LONDON,12067,5574,2191,2127,181,8
2025-08,THE NEWCASTLE UPON TYNE HOSPITALS NHS FOUNDATION TRUST,NHS ENGLAND NORTH EAST AND YORKSHIRE,19041,11603,4249,4166,356,41
2025-08,THE PINN UNREGISTERED WIC,NHS ENGLAND LONDON,998,0,0,0,0,0
2025-08,THE PRINCESS ALEXANDRA HOSPITAL NHS TRUST,NHS ENGLAND EAST OF ENGLAND,9698,7952,2556,2556,484,195
2025-08,"THE QUEEN ELIZABETH HOSPITAL, KING'S LYNN, NHS FOUNDATION TRUST",NHS ENGLAND EAST OF ENGLAND,7953,6802,3245,3245,702,124
2025-08,THE ROBERT JONES AND AGNES HUNT ORTHOPAEDIC HOSPITAL NHS FOUNDATION TRUST,NHS ENGLAND MIDLANDS,0,0,0,0,0,0
2025-08,THE ROTHERHAM NHS FOUNDATION TRUST,NHS ENGLAND NORTH EAST AND YORKSHIRE,8638,8638,2524,2524,318,0
2025-08,THE ROYAL WOLVERHAMPTON NHS TRUST,NHS ENGLAND MIDLANDS,19366,12593,3894,3693,1084,172
2025-08,THE SHREWSBURY AND TELFORD HOSPITAL NHS TRUST,NHS ENGLAND MIDLANDS,13242,10809,6347,5879,612,1300
2025-08,THE WALTON CENTRE NHS FOUNDATION TRUST,NHS ENGLAND NORTH WEST,0,0,0,0,0,0
2025-08,TORBAY AND SOUTH DEVON NHS FOUNDATION TRUST,NHS ENGLAND SOUTH WEST,10480,6928,2717,2700,179,31
2025-08,TROWBRIDGE MINOR INJURIES UNIT,NHS ENGLAND SOUTH WEST,1058,0,7,0,0,0
2025-08,UNITED LINCOLNSHIRE TEACHING HOSPITALS NHS TRUST,NHS ENGLAND MIDLANDS,20777,16973,7293,6965,1042,1061
2025-08,UNIVERSITY COLLEGE LONDON HOSPITALS NHS FOUNDATION TRUST,NHS ENGLAND LONDON,12926,12926,3381,3381,299,72
2025-08,UNIVERSITY HOSPITAL SOUTHAMPTON NHS FOUNDATION TRUST,NHS ENGLAND SOUTH EAST,12649,11290,3963,3822,271,14
2025-08,UNIVERSITY HOSPITALS BIRMINGHAM NHS FOUNDATION TRUST,NHS ENGLAND MIDLANDS,35997,33886,13187,13154,2674,1593
2025-08,UNIVERSITY HOSPITALS BRISTOL AND WESTON NHS FOUNDATION TRUST,NHS ENGLAND SOUTH WEST,17108,14677,5250,5119,885,188
2025-08,UNIVERSITY HOSPITALS COVENTRY AND WARWICKSHIRE NHS TRUST,NHS ENGLAND MIDLANDS,18739,11743,4669,4495,74,9
2025-08,UNIVERSITY HOSPITALS DORSET NHS FOUNDATION TRUST,NHS ENGLAND SOUTH WEST,19991,14621,5621,5621,617,57
2025-08,UNIVERSITY HOSPITALS OF DERBY AND BURTON NHS FOUNDATION TRUST,NHS ENGLAND MIDLANDS,27343,17915,8094,8093,979,521
2025-08,UNIVERSITY HOSPITALS OF LEICESTER NHS TRUST,NHS ENGLAND MIDLANDS,22925,20916,8448,8251,1161,964
2025-08,UNIVERSITY HOSPITALS OF MORECAMBE BAY NHS FOUNDATION TRUST,NHS ENGLAND NORTH WEST,12460,9279,3512,3434,684,360
2025-08,UNIVERSITY HOSPITALS OF NORTH MIDLANDS NHS TRUST,NHS ENGLAND MIDLANDS,23120,14640,7098,7035,1120,443
2025-08,UNIVERSITY HOSPITALS PLYMOUTH NHS TRUST,NHS ENGLAND SOUTH WEST,15162,9265,4376,4281,680,329
2025-08,UNIVERSITY HOSPITALS SUSSEX NHS FOUNDATION TRUST,NHS ENGLAND SOUTH EAST,30376,26764,10790,10519,632,534
2025-08,URGENT CARE CENTRE (QMS),NHS ENGLAND LONDON,7556,0,113,0,0,0
2025-08,WALSALL HEALTHCARE NHS TRUST,NHS ENGLAND MIDLANDS,13308,8935,2953,2943,949,117
2025-08,WARRINGTON AND HALTON TEACHING HOSPITALS NHS FOUNDATION TRUST,NHS ENGLAND NORTH WEST,9641,6781,3580,3543,729,825
2025-08,WEST HERTFORDSHIRE TEACHING HOSPITALS NHS TRUST,NHS ENGLAND EAST OF ENGLAND,14943,7834,2462,2415,591,27
2025-08,WEST SUFFOLK NHS FOUNDATION TRUST,NHS ENGLAND EAST OF ENGLAND,8475,7826,2231,2231,438,199
2025-08,WHITSTABLE MEDICAL PRACTICE,NHS ENGLAND SOUTH EAST,4916,0,0,0,0,0
2025-08,WHITTINGTON HEALTH NHS TRUST,NHS ENGLAND LONDON,8361,8361,2409,2409,235,137
2025-08,WIRRAL COMMUNITY HEALTH AND CARE NHS FOUNDATION TRUST,NHS ENGLAND NORTH WEST,4252,0,175,0,0,0
2025-08,WIRRAL UNIVERSITY TEACHING HOSPITAL NHS FOUNDATION TRUST,NHS ENGLAND NORTH WEST,10714,7825,4282,4186,711,450
2025-08,WOKING WALK IN CENTRE,NHS ENGLAND SOUTH EAST,2325,0,23,0,0,0
2025-08,WORCESTERSHIRE ACUTE HOSPITALS NHS TRUST,NHS ENGLAND MIDLANDS,19770,13741,7018,6939,1186,846
2025-08,WORKINGTON HEALTH LIMITED,NHS ENGLAND NORTH EAST AND YORKSHIRE,343,0,0,0,0,0
2025-08,"WRIGHTINGTON, WIGAN AND LEIGH NHS FOUNDATION TRUST",NHS ENGLAND NORTH WEST,12244,7288,2818,2788,530,260
2025-08,WYE VALLEY NHS TRUST,NHS ENGLAND MIDLANDS,7028,5759,2318,2318,454,207
2025-08,YORK AND SCARBOROUGH TEACHING HOSPITALS NHS FOUNDATION TRUST,NHS ENGLAND NORTH EAST AND YORKSHIRE,18939,10651,5887,5578,731,315
2025-09,AIREDALE NHS FOUNDATION TRUST,NHS ENGLAND NORTH EAST AND YORKSHIRE,6239,5960,2336,2336,456,154
2025-09,ALDER HEY CHILDREN'S NHS FOUNDATION TRUST,NHS ENGLAND NORTH WEST,5271,5271,669,669,0,0
2025-09,ASHFORD AND ST PETER'S HOSPITALS NHS FOUNDATION TRUST,NHS ENGLAND SOUTH EAST,9829,7056,3420,3397,518,299
2025-09,ASHFORD WALK-IN-CENTRE,NHS ENGLAND SOUTH EAST,2374,0,34,0,0,0
2025-09,ASSURA VERTIS URGENT CARE CENTRES (BIRMINGHAM),NHS ENGLAND MIDLANDS,3412,0,0,0,0,0
2025-09,BADGER LTD,NHS ENGLAND MIDLANDS,0,0,0,0,0,0
2025-09,BARKING HOSPITAL UTC,NHS ENGLAND LONDON,2853,0,24,0,0,0
2025-09,"BARKING, HAVERING AND REDBRIDGE UNIVERSITY HOSPITALS NHS TRUST",NHS ENGLAND LONDON,29271,13173,6145,5665,646,772
2025-09,BARNSLEY HOSPITAL NHS FOUNDATION TRUST,NHS ENGLAND NORTH EAST AND YORKSHIRE,9034,9034,2326,2326,199,1
2025-09,BARTS HEALTH NHS TRUST,NHS ENGLAND LONDON,43812,24887,12330,10741,1162,951
2025-09,BECKENHAM BEACON UCC,NHS ENGLAND LONDON,3395,0,30,0,0,0
2025-09,BEDFORDSHIRE HOSPITALS NHS FOUNDATION TRUST,NHS ENGLAND EAST OF ENGLAND,24627,16618,6124,6124,80,2
2025-09,BERKSHIRE HEALTHCARE NHS FOUNDATION TRUST,NHS ENGLAND SOUTH EAST,1480,0,10,0,0,0
2025-09,BIRMINGHAM WOMEN'S AND CHILDREN'S NHS FOUNDATION TRUST,NHS ENGLAND MIDLANDS,4565,4565,611,611,20,2
2025-09,BLACKPOOL TEACHING HOSPITALS NHS FOUNDATION TRUST,NHS ENGLAND NORTH WEST,18504,8782,4349,4275,729,415
2025-09,BOLTON NHS FOUNDATION TRUST,NHS ENGLAND NORTH WEST,11887,8141,4085,3816,536,213
2025-09,BRADFORD TEACHING HOSPITALS NHS FOUNDATION TRUST,NHS ENGLAND NORTH EAST AND YORKSHIRE,13510,9085,2193,2193,670,76
2025-09,BRANSHOLME HEALTH CENTRE,NHS ENGLAND NORTH EAST AND YORKSHIRE,3484,0,315,0,0,0
2025-09,BRIDGEWATER COMMUNITY HEALTHCARE NHS FOUNDATION TRUST,NHS ENGLAND NORTH WEST,2781,0,52,0,0,0
2025-09,BRIDLINGTON HOSPITAL,NHS ENGLAND NORTH EAST AND YORKSHIRE,1462,0,26,0,0,0
2025-09,BRIGHTON STATION HEALTH CENTRE,NHS ENGLAND SOUTH EAST,1825,0,0,0,0,0
2025-09,BUCKINGHAMSHIRE HEALTHCARE NHS TRUST,NHS ENGLAND SOUTH EAST,14984,10740,4177,4079,195,337
2025-09,CALDERDALE AND HUDDERSFIELD NHS FOUNDATION TRUST,NHS ENGLAND NORTH EAST AND YORKSHIRE,16024,16024,2314,2314,874,9
2025-09,CAMBRIDGE UNIVERSITY HOSPITALS NHS FOUNDATION TRUST,NHS ENGLAND EAST OF ENGLAND,16413,10918,4668,4607,648,428
2025-09,CENTRAL LONDON COMMUNITY HEALTHCARE NHS TRUST,NHS ENGLAND LONDON,11653,0,170,0,0,0
2025-09,CHELSEA AND WESTMINSTER HOSPITAL NHS FOUNDATION TRUST,NHS ENGLAND LONDON,25693,19591,5838,5703,937,46
2025-09,CHESTERFIELD ROYAL HOSPITAL NHS FOUNDATION TRUST,NHS ENGLAND MIDLANDS,9962,5270,3070,2840,867,254
2025-09,CHIPPENHAM COMMUNITY HOSPITAL,NHS ENGLAND SOUTH WEST,1799,0,21,0,0,0
2025-09,CORNWALL PARTNERSHIP NHS FOUNDATION TRUST,NHS ENGLAND SOUTH WEST,0,0,0,0,0,0
2025-09,COUNTESS OF CHESTER HOSPITAL NHS FOUNDATION TRUST,NHS ENGLAND NORTH WEST,7756,5335,2933,2746,368,747
2025-09,COUNTY DURHAM AND DARLINGTON NHS FOUNDATION TRUST,NHS ENGLAND NORTH EAST AND YORKSHIRE,16701,12654,4903,4903,1789,42
2025-09,COVENTRY AND WARWICKSHIRE PARTNERSHIP NHS TRUST,NHS ENGLAND MIDLANDS,0,0,0,0,0,0
2025-09,CROYDON HEALTH SERVICES NHS TRUST,NHS ENGLAND LONDON,17471,12725,4327,4327,275,609
2025-09,DARTFORD AND GRAVESHAM NHS TRUST,NHS ENGLAND SOUTH EAST,14983,11172,2507,2488,620,129
2025-09,DERBYSHIRE COMMUNITY HEALTH SERVICES NHS FOUNDATION TRUST,NHS ENGLAND MIDLANDS,7613,0,213,0,0,0
2025-09,DHU HEALTH CARE C.I.C,NHS ENGLAND MIDLANDS,1727,0,0,0,0,0
2025-09,DONCASTER AND BASSETLAW TEACHING HOSPITALS NHS FOUNDATION TRUST,NHS ENGLAND NORTH EAST AND YORKSHIRE,17953,13811,5417,5411,1194,162
2025-09,DORSET COUNTY HOSPITAL NHS FOUNDATION TRUST,NHS ENGLAND SOUTH WEST,4529,4529,1710,1710,209,74
2025-09,DORSET HEALTHCARE UNIVERSITY NHS FOUNDATION TRUST,NHS ENGLAND SOUTH WEST,0,0,0,0,0,0
2025-09,EAST AND NORTH HERTFORDSHIRE TEACHING NHS TRUST,NHS ENGLAND EAST OF ENGLAND,16996,8701,4137,4036,351,96
2025-09,EAST BERKS PRIMARY CARE OOH(WAM),NHS ENGLAND SOUTH EAST,0,0,0,0,0,0
2025-09,EAST CHESHIRE NHS TRUST,NHS ENGLAND NORTH WEST,4449,4449,2500,2500,245,385
2025-09,EAST KENT HOSPITALS UNIVERSITY NHS FOUNDATION TRUST,NHS ENGLAND SOUTH EAST,25128,12369,6227,5916,519,1172
2025-09,EAST LANCASHIRE HOSPITALS NHS TRUST,NHS ENGLAND NORTH WEST,24194,13452,4968,4441,365,978
2025-09,EAST RIDING COMMUNITY HOSPITAL,NHS ENGLAND NORTH EAST AND YORKSHIRE,2668,0,194,0,0,0
2025-09,EAST SUFFOLK AND NORTH ESSEX NHS FOUNDATION TRUST,NHS ENGLAND EAST OF ENGLAND,25498,12269,7342,6644,1073,597
2025-09,EAST SUSSEX HEALTHCARE NHS TRUST,NHS ENGLAND SOUTH EAST,11481,8997,3308,3277,185,19
2025-09,EPSOM AND ST HELIER UNIVERSITY HOSPITALS NHS TRUST,NHS ENGLAND LONDON,13357,10989,3487,3292,871,778
2025-09,ERDINGTON GP HEALTH & WELLBEING WIC,NHS ENGLAND MIDLANDS,0,0,0,0,0,0
2025-09,FAVERSHAM MEDICAL PRACTICE MIU,NHS ENGLAND SOUTH EAST,2934,0,0,0,0,0
2025-09,FIRST COMMUNITY HEALTH AND CARE CIC,NHS ENGLAND SOUTH EAST,2403,0,14,0,0,0
2025-09,FRIMLEY HEALTH NHS FOUNDATION TRUST,NHS ENGLAND SOUTH EAST,35876,22763,9654,9408,1435,325
2025-09,GATESHEAD HEALTH NHS FOUNDATION TRUST,NHS ENGLAND NORTH EAST AND YORKSHIRE,9698,5635,2185,2161,643,2
2025-09,GEORGE ELIOT HOSPITAL NHS TRUST,NHS ENGLAND MIDLANDS,8451,6824,1990,1973,256,499
2025-09,GLOUCESTERSHIRE HEALTH AND CARE NHS FOUNDATION TRUST,NHS ENGLAND SOUTH WEST,8097,0,141,0,0,0
2025-09,GLOUCESTERSHIRE HOSPITALS NHS FOUNDATION TRUST,NHS ENGLAND SOUTH WEST,13772,13772,5165,5165,502,281
2025-09,GOOLE & DISTRICT HOSPITAL,NHS ENGLAND NORTH EAST AND YORKSHIRE,1644,0,37,0,0,0
2025-09,GREAT WESTERN HOSPITALS NHS FOUNDATION TRUST,NHS ENGLAND SOUTH WEST,11449,5928,3630,3032,692,266
2025-09,GUY'S AND ST THOMAS' NHS FOUNDATION TRUST,NHS ENGLAND LONDON,16813,10047,3694,3541,137,67
2025-09,HAMPSHIRE AND ISLE OF WIGHT HEALTHCARE NHS FOUNDATION TRUST,NHS ENGLAND SOUTH EAST,2793,0,64,0,0,0
2025-09,HAMPSHIRE HOSPITALS NHS FOUNDATION TRUST,NHS ENGLAND SOUTH EAST,14294,10808,4701,4547,186,17
2025-09,HAROLD WOOD POLYCLINIC UTC,NHS ENGLAND LONDON,2669,0,2,0,0,0
2025-09,HARROGATE AND DISTRICT NHS FOUNDATION TRUST,NHS ENGLAND NORTH EAST AND YORKSHIRE,6258,5219,1416,1416,58,0
2025-09,HERNE BAY HEALTH CARE LTD,NHS ENGLAND SOUTH EAST,2454,0,0,0,0,0
2025-09,HERTFORDSHIRE COMMUNITY NHS TRUST,NHS ENGLAND EAST OF ENGLAND,1169,0,67,0,0,0
2025-09,HERTS URGENT CARE (ASCOTS LANE),NHS ENGLAND EAST OF ENGLAND,2249,0,207,0,0,0
2025-09,HOMERTON HEALTHCARE NHS FOUNDATION TRUST,NHS ENGLAND LONDON,10890,10890,1947,1947,168,28
2025-09,HULL UNIVERSITY TEACHING HOSPITALS NHS TRUST,NHS ENGLAND NORTH EAST AND YORKSHIRE,14140,9658,5874,5594,972,600
2025-09,HUMBER TEACHING NHS FOUNDATION TRUST,NHS ENGLAND NORTH EAST AND YORKSHIRE,1116,0,9,0,0,0
2025-09,IMPERIAL COLLEGE HEALTHCARE NHS TRUST,NHS ENGLAND LONDON,22799,11866,5830,5300,588,0
2025-09,ISLE OF WIGHT NHS TRUST,NHS ENGLAND SOUTH EAST,6244,4275,1352,1297,163,86
2025-09,JAMES PAGET UNIVERSITY HOSPITALS NHS FOUNDATION TRUST,NHS ENGLAND EAST OF ENGLAND,8742,7390,2629,2629,493,381
2025-09,KENT COMMUNITY HEALTH NHS FOUNDATION TRUST,NHS ENGLAND SOUTH EAST,6480,0,22,0,0,0
2025-09,KETTERING GENERAL HOSPITAL NHS FOUNDATION TRUST,NHS ENGLAND MIDLANDS,17993,9876,3611,3536,759,438
2025-09,KING'S COLLEGE HOSPITAL NHS FOUNDATION TRUST,NHS ENGLAND LONDON,24637,15522,7846,7143,1604,664
2025-09,KINGSTON AND RICHMOND NHS FOUNDATION TRUST,NHS ENGLAND LONDON,15430,7000,4599,4257,316,320
2025-09,LANCASHIRE TEACHING HOSPITALS NHS FOUNDATION TRUST,NHS ENGLAND NORTH WEST,15135,12119,4732,4631,1109,465
2025-09,LATHAM HOUSE MEDICAL PRACTICE,NHS ENGLAND MIDLANDS,363,0,0,0,0,0
2025-09,LEEDS TEACHING HOSPITALS NHS TRUST,NHS ENGLAND NORTH EAST AND YORKSHIRE,29525,17702,7064,6911,1435,552
2025-09,LEWISHAM AND GREENWICH NHS TRUST,NHS ENGLAND LONDON,24392,15359,7623,7333,1189,598
2025-09,LINCOLNSHIRE COMMUNITY HEALTH SERVICES NHS TRUST,NHS ENGLAND MIDLANDS,8314,0,187,0,0,0
2025-09,LIVERPOOL HEART AND CHEST HOSPITAL NHS FOUNDATION TRUST,NHS ENGLAND NORTH WEST,0,0,0,0,0,0
2025-09,LIVERPOOL UNIVERSITY HOSPITALS NHS FOUNDATION TRUST,NHS ENGLAND NORTH WEST,26297,16233,8273,8032,1994,887
2025-09,LIVERPOOL WOMEN'S NHS FOUNDATION TRUST,NHS ENGLAND NORTH WEST,1461,0,95,0,0,0
2025-09,LLR EA - THE MERLYN VAZ HEALTH & SOCIAL CARE CENTRE,NHS ENGLAND MIDLANDS,345,0,1,0,0,0
2025-09,LOCAL CARE DIRECT,NHS ENGLAND NORTH EAST AND YORKSHIRE,2151,0,9,0,0,0
2025-09,LONDON NORTH WEST UNIVERSITY HEALTHCARE NHS TRUST,NHS ENGLAND LONDON,28742,13596,7044,6518,633,419
2025-09,LOUGHBOROUGH URGENT CARE CENTRE,NHS ENGLAND MIDLANDS,6494,0,471,0,0,0
2025-09,MAIDSTONE AND TUNBRIDGE WELLS NHS TRUST,NHS ENGLAND SOUTH EAST,22021,19916,4182,4113,839,96
2025-09,MANCHESTER UNIVERSITY NHS FOUNDATION TRUST,NHS ENGLAND NORTH WEST,39097,25360,11422,11008,3225,105
2025-09,MARKET HARBOROUGH,NHS ENGLAND MIDLANDS,75,0,0,0,0,0
2025-09,MARKET HARBOROUGH MED.CTR,NHS ENGLAND MIDLANDS,304,0,0,0,0,0
2025-09,MEDWAY NHS FOUNDATION TRUST,NHS ENGLAND SOUTH EAST,15791,9817,4110,3316,369,630
2025-09,MELTON MOWBRAY,NHS ENGLAND MIDLANDS,46,0,0,0,0,0
2025-09,MERSEY AND WEST LANCASHIRE TEACHING HOSPITALS NHS TRUST,NHS ENGLAND NORTH WEST,24129,17140,6519,6435,564,367
2025-09,MERSEY CARE NHS FOUNDATION TRUST,NHS ENGLAND NORTH WEST,13214,0,235,0,0,0
2025-09,MID AND SOUTH ESSEX NHS FOUNDATION TRUST,NHS ENGLAND EAST OF ENGLAND,34284,30199,8842,8720,2024,483
2025-09,MID CHESHIRE HOSPITALS NHS FOUNDATION TRUST,NHS ENGLAND NORTH WEST,9838,6842,3895,3886,455,497
2025-09,MID YORKSHIRE TEACHING NHS TRUST,NHS ENGLAND NORTH EAST AND YORKSHIRE,23101,16641,6273,6123,1711,76
2025-09,MILTON KEYNES UNIVERSITY HOSPITAL NHS FOUNDATION TRUST,NHS ENGLAND EAST OF ENGLAND,12902,8199,3274,3248,563,0
2025-09,MIRIAM MINOR EMERGENCY,NHS ENGLAND NORTH WEST,1605,0,0,0,0,0
2025-09,MOORFIELDS EYE HOSPITAL NHS FOUNDATION TRUST,NHS ENGLAND LONDON,5657,0,159,0,0,0
2025-09,NEMS CBS (UTC),NHS ENGLAND MIDLANDS,4240,0,991,0,0,0
2025-09,NORFOLK AND NORWICH UNIVERSITY HOSPITALS NHS FOUNDATION TRUST,NHS ENGLAND EAST OF ENGLAND,20057,12782,3929,3924,616,145
2025-09,NORTH BRISTOL NHS TRUST,NHS ENGLAND SOUTH WEST,9147,9147,3238,3238,570,197
2025-09,NORTH CUMBRIA INTEGRATED CARE NHS FOUNDATION TRUST,NHS ENGLAND NORTH EAST AND YORKSHIRE,10851,8864,4051,4042,647,277
2025-09,NORTH EAST LONDON NHS FOUNDATION TRUST,NHS ENGLAND LONDON,1849,0,88,0,0,0
2025-09,NORTH TEES AND HARTLEPOOL NHS FOUNDATION TRUST,NHS ENGLAND NORTH EAST AND YORKSHIRE,15810,4801,2627,2574,221,26
2025-09,NORTH WEST ANGLIA NHS FOUNDATION TRUST,NHS ENGLAND EAST OF ENGLAND,19877,14958,5981,5793,651,689
2025-09,NORTHAMPTON GENERAL HOSPITAL NHS TRUST,NHS ENGLAND MIDLANDS,12874,10254,4344,4221,603,628
2025-09,NORTHERN CARE ALLIANCE NHS FOUNDATION TRUST,NHS ENGLAND NORTH WEST,35908,26117,10271,9870,1017,1095
2025-09,NORTHERN LINCOLNSHIRE AND GOOLE NHS FOUNDATION TRUST,NHS ENGLAND NORTH EAST AND YORKSHIRE,16458,9382,4873,4831,745,689
2025-09,NORTHUMBRIA HEALTHCARE NHS FOUNDATION TRUST,NHS ENGLAND NORTH EAST AND YORKSHIRE,23582,10222,2588,2584,18,0
2025-09,NOTTINGHAM CITYCARE PARTNERSHIP,NHS ENGLAND MIDLANDS,5001,0,281,0,0,0
2025-09,NOTTINGHAM UNIVERSITY HOSPITALS NHS TRUST,NHS ENGLAND MIDLANDS,14874,12732,7072,6930,255,634
2025-09,OADBY,NHS ENGLAND MIDLANDS,512,0,1,0,0,0
2025-09,OAKHAM,NHS ENGLAND MIDLANDS,48,0,0,0,0,0
2025-09,OKEHAMPTON MEDICAL CENTRE,NHS ENGLAND SOUTH WEST,93,0,0,0,0,0
2025-09,OXFORD HEALTH NHS FOUNDATION TRUST,NHS ENGLAND SOUTH EAST,4426,0,245,0,0,0
2025-09,OXFORD UNIVERSITY HOSPITALS NHS FOUNDATION TRUST,NHS ENGLAND SOUTH EAST,17252,12153,3752,3679,397,3
2025-09,PAULTON MEMORIAL HOSPITAL,NHS ENGLAND SOUTH WEST,1175,0,9,0,0,0
2025-09,PHL LYMINGTON UTC,NHS ENGLAND SOUTH EAST,2988,0,15,0,0,0
2025-09,PORTSMOUTH HOSPITALS UNIVERSITY NHS TRUST,NHS ENGLAND SOUTH EAST,15046,10993,4197,4170,801,1170
2025-09,PRACTICE PLUS GROUP HOSPITAL - SOUTHAMPTON,NHS ENGLAND SOUTH EAST,4769,0,107,0,0,0
2025-09,PRACTICE PLUS GROUP SURGICAL CENTRE - ST MARYS PORTSMOUTH,NHS ENGLAND SOUTH EAST,5205,0,390,0,0,0
2025-09,PUTNOE WALK IN CENTRE,NHS ENGLAND EAST OF ENGLAND,2266,0,0,0,0,0
2025-09,QUEEN VICTORIA HOSPITAL NHS FOUNDATION TRUST,NHS ENGLAND SOUTH EAST,1342,0,25,0,0,0
2025-09,ROSSENDALE MIU & OOH,NHS ENGLAND NORTH WEST,1041,0,2,0,0,0
2025-09,ROYAL BERKSHIRE NHS FOUNDATION TRUST,NHS ENGLAND SOUTH EAST,16086,10741,3969,3913,625,12
2025-09,ROYAL CORNWALL HOSPITALS NHS TRUST,NHS ENGLAND SOUTH WEST,18460,6655,3328,2843,474,545
2025-09,ROYAL DEVON UNIVERSITY HEALTHCARE NHS FOUNDATION TRUST,NHS ENGLAND SOUTH WEST,17246,13032,6003,5967,974,180
2025-09,ROYAL FREE LONDON NHS FOUNDATION TRUST,NHS ENGLAND LONDON,41536,26019,9228,8625,1018,1975
2025-09,ROYAL NATIONAL ORTHOPAEDIC HOSPITAL NHS TRUST,NHS ENGLAND LONDON,0,0,0,0,0,0
2025-09,ROYAL SURREY NHS FOUNDATION TRUST,NHS ENGLAND SOUTH EAST,8615,6802,2360,2360,422,7
2025-09,ROYAL UNITED HOSPITALS BATH NHS FOUNDATION TRUST,NHS ENGLAND SOUTH WEST,8897,8897,3776,3776,970,113
2025-09,SALISBURY NHS FOUNDATION TRUST,NHS ENGLAND SOUTH WEST,6845,4822,2233,2233,418,78
2025-09,SANDWELL AND WEST BIRMINGHAM HOSPITALS NHS TRUST,NHS ENGLAND MIDLANDS,20276,11092,4749,4432,894,299
2025-09,SHEFFIELD CHILDREN'S NHS FOUNDATION TRUST,NHS ENGLAND NORTH EAST AND YORKSHIRE,4457,4136,262,262,14,0
2025-09,SHEFFIELD TEACHING HOSPITALS NHS FOUNDATION TRUST,NHS ENGLAND NORTH EAST AND YORKSHIRE,17124,8761,4982,4508,1146,7
2025-09,SHERWOOD FOREST HOSPITALS NHS FOUNDATION TRUST,NHS ENGLAND MIDLANDS,15955,10728,5098,4743,832,204
2025-09,SHROPSHIRE COMMUNITY HEALTH NHS TRUST,NHS ENGLAND MIDLANDS,3451,0,12,0,0,0
2025-09,SIRONA CARE & HEALTH,NHS ENGLAND SOUTH WEST,8757,0,285,0,0,0
2025-09,SKELMERSDALE WALK IN CENTRE,NHS ENGLAND NORTH WEST,1565,0,7,0,0,0
2025-09,SLEAFORD MEDICAL GROUP,NHS ENGLAND MIDLANDS,488,0,0,0,0,0
2025-09,SOMERSET NHS FOUNDATION TRUST,NHS ENGLAND SOUTH WEST,21137,12710,6169,6042,205,100
2025-09,SOUTH BIRMINGHAM GP WALK IN CENTRE,NHS ENGLAND MIDLANDS,6084,0,0,0,0,0
2025-09,SOUTH TEES HOSPITALS NHS FOUNDATION TRUST,NHS ENGLAND NORTH EAST AND YORKSHIRE,16562,7342,4249,3918,348,28
2025-09,SOUTH TYNESIDE AND SUNDERLAND NHS FOUNDATION TRUST,NHS ENGLAND NORTH EAST AND YORKSHIRE,17886,10956,5045,4858,650,3
2025-09,SOUTH WARWICKSHIRE UNIVERSITY NHS FOUNDATION TRUST,NHS ENGLAND MIDLANDS,8775,8326,2163,2163,432,57
2025-09,SOUTH WEST YORKSHIRE PARTNERSHIP NHS FOUNDATION TRUST,NHS ENGLAND NORTH EAST AND YORKSHIRE,0,0,0,0,0,0
2025-09,SOUTH WESTERN AMBULANCE SERVICE NHS FOUNDATION TRUST,NHS ENGLAND SOUTH WEST,1871,0,40,0,0,0
2025-09,ST GEORGE'S UNIVERSITY HOSPITALS NHS FOUNDATION TRUST,NHS ENGLAND LONDON,12357,8302,2752,2580,376,500
2025-09,STATION PLAZA HEALTH CENTRE,NHS ENGLAND SOUTH EAST,856,0,0,0,0,0
2025-09,STOCKPORT NHS FOUNDATION TRUST,NHS ENGLAND NORTH WEST,8984,7974,3291,3249,687,324
2025-09,SUMMERFIELD URGENT CARE CENTRE,NHS ENGLAND MIDLANDS,3150,0,0,0,0,0
2025-09,SURREY AND SUSSEX HEALTHCARE NHS TRUST,NHS ENGLAND SOUTH EAST,10355,10355,3916,3916,569,441
2025-09,SUSSEX COMMUNITY NHS FOUNDATION TRUST,NHS ENGLAND SOUTH EAST,11738,0,131,0,0,0
2025-09,TAMESIDE AND GLOSSOP INTEGRATED CARE NHS FOUNDATION TRUST,NHS ENGLAND NORTH WEST,10895,8516,3944,3902,405,650
2025-09,TETBURY HOSPITAL TRUST LTD,NHS ENGLAND SOUTH WEST,593,0,0,0,0,0
2025-09,THE CHRISTIE NHS FOUNDATION TRUST,NHS ENGLAND NORTH WEST,0,0,0,0,0,0
2025-09,THE DUDLEY GROUP NHS FOUNDATION TRUST,NHS ENGLAND MIDLANDS,13624,9774,3074,3028,2415,135
2025-09,THE HILLINGDON HOSPITALS NHS FOUNDATION TRUST,NHS ENGLAND LONDON,12458,5135,2552,2453,460,37
2025-09,THE NEWCASTLE UPON TYNE HOSPITALS NHS FOUNDATION TRUST,NHS ENGLAND NORTH EAST AND YORKSHIRE,20752,12773,5242,5163,541,12
2025-09,THE PINN UNREGISTERED WIC,NHS ENGLAND LONDON,1044,0,0,0,0,0
2025-09,THE PRINCESS ALEXANDRA HOSPITAL NHS TRUST,NHS ENGLAND EAST OF ENGLAND,10269,8343,2187,2187,547,279
2025-09,"THE QUEEN ELIZABETH HOSPITAL, KING'S LYNN, NHS FOUNDATION TRUST",NHS ENGLAND EAST OF ENGLAND,7767,6525,2857,2857,620,153
2025-09,THE ROBERT JONES AND AGNES HUNT ORTHOPAEDIC HOSPITAL NHS FOUNDATION TRUST,NHS ENGLAND MIDLANDS,0,0,0,0,0,0
2025-09,THE ROTHERHAM NHS FOUNDATION TRUST,NHS ENGLAND NORTH EAST AND YORKSHIRE,8932,8932,2550,2550,401,1
2025-09,THE ROYAL WOLVERHAMPTON NHS TRUST,NHS ENGLAND MIDLANDS,16403,10776,3241,3134,556,486
2025-09,THE SHREWSBURY AND TELFORD HOSPITAL NHS TRUST,NHS ENGLAND MIDLANDS,12966,10459,5997,5685,392,1492
2025-09,THE WALTON CENTRE NHS FOUNDATION TRUST,NHS ENGLAND NORTH WEST,0,0,0,0,0,0
2025-09,TORBAY AND SOUTH DEVON NHS FOUNDATION TRUST,NHS ENGLAND SOUTH WEST,9970,6648,3163,3160,255,78
2025-09,TROWBRIDGE MINOR INJURIES UNIT,NHS ENGLAND SOUTH WEST,936,0,7,0,0,0
2025-09,UNITED LINCOLNSHIRE TEACHING HOSPITALS NHS TRUST,NHS ENGLAND MIDLANDS,20466,16570,7154,6887,985,946
2025-09,UNIVERSITY COLLEGE LONDON HOSPITALS NHS FOUNDATION TRUST,NHS ENGLAND LONDON,13081,13081,4117,4117,444,194
2025-09,UNIVERSITY HOSPITAL SOUTHAMPTON NHS FOUNDATION TRUST,NHS ENGLAND SOUTH EAST,12973,11703,4203,4114,442,13
2025-09,UNIVERSITY HOSPITALS BIRMINGHAM NHS FOUNDATION TRUST,NHS ENGLAND MIDLANDS,38617,34990,13754,13697,2739,1692
2025-09,UNIVERSITY HOSPITALS BRISTOL AND WESTON NHS FOUNDATION TRUST,NHS ENGLAND SOUTH WEST,17943,15522,5430,5293,1027,213
2025-09,UNIVERSITY HOSPITALS COVENTRY AND WARWICKSHIRE NHS TRUST,NHS ENGLAND MIDLANDS,19760,12527,5201,5074,57,14
2025-09,UNIVERSITY HOSPITALS DORSET NHS FOUNDATION TRUST,NHS ENGLAND SOUTH WEST,18840,13867,5538,5538,936,169
2025-09,UNIVERSITY HOSPITALS OF DERBY AND BURTON NHS FOUNDATION TRUST,NHS ENGLAND MIDLANDS,27367,18343,8755,8755,918,557
2025-09,UNIVERSITY HOSPITALS OF LEICESTER NHS TRUST,NHS ENGLAND MIDLANDS,24129,21979,9124,8933,1336,619
2025-09,UNIVERSITY HOSPITALS OF MORECAMBE BAY NHS FOUNDATION TRUST,NHS ENGLAND NORTH WEST,11767,9043,3542,3480,631,591
2025-09,UNIVERSITY HOSPITALS OF NORTH MIDLANDS NHS TRUST,NHS ENGLAND MIDLANDS,23379,14776,7615,7469,1062,1003
2025-09,UNIVERSITY HOSPITALS PLYMOUTH NHS TRUST,NHS ENGLAND SOUTH WEST,15857,8381,5021,4936,538,667
2025-09,UNIVERSITY HOSPITALS SUSSEX NHS FOUNDATION TRUST,NHS ENGLAND SOUTH EAST,29780,26515,10908,10655,754,589
2025-09,URGENT CARE CENTRE (QMS),NHS ENGLAND LONDON,7801,0,123,0,0,0
2025-09,WALSALL HEALTHCARE NHS TRUST,NHS ENGLAND MIDLANDS,13513,9406,3404,3357,1030,198
2025-09,WARRINGTON AND HALTON TEACHING HOSPITALS NHS FOUNDATION TRUST,NHS ENGLAND NORTH WEST,9769,6814,3474,3428,534,891
2025-09,WEST HERTFORDSHIRE TEACHING HOSPITALS NHS TRUST,NHS ENGLAND EAST OF ENGLAND,15649,7950,2531,2427,627,26
2025-09,WEST SUFFOLK NHS FOUNDATION TRUST,NHS ENGLAND EAST OF ENGLAND,8617,7969,2637,2637,534,373
2025-09,WHITSTABLE MEDICAL PRACTICE,NHS ENGLAND SOUTH EAST,4919,0,0,0,0,0
2025-09,WHITTINGTON HEALTH NHS TRUST,NHS ENGLAND LONDON,8812,8812,2582,2582,261,261
2025-09,WIRRAL COMMUNITY HEALTH AND CARE NHS FOUNDATION TRUST,NHS ENGLAND NORTH WEST,4025,0,218,0,0,0
2025-09,WIRRAL UNIVERSITY TEACHING HOSPITAL NHS FOUNDATION TRUST,NHS ENGLAND NORTH WEST,10832,8030,4695,4600,563,696
2025-09,WOKING WALK IN CENTRE,NHS ENGLAND SOUTH EAST,2621,0,70,0,0,0
2025-09,WORCESTERSHIRE ACUTE HOSPITALS NHS TRUST,NHS ENGLAND MIDLANDS,19718,13774,7289,7203,1068,1160
2025-09,WORKINGTON HEALTH LIMITED,NHS ENGLAND NORTH EAST AND YORKSHIRE,392,0,0,0,0,0
2025-09,"WRIGHTINGTON, WIGAN AND LEIGH NHS FOUNDATION TRUST",NHS ENGLAND NORTH WEST,12330,7389,3128,3087,640,439
2025-09,WYE VALLEY NHS TRUST,NHS ENGLAND MIDLANDS,7257,5972,2510,2510,443,274
2025-09,YORK AND SCARBOROUGH TEACHING HOSPITALS NHS FOUNDATION TRUST,NHS ENGLAND NORTH EAST AND YORKSHIRE,19051,10917,6155,5694,800,535
2025-10,AIREDALE NHS FOUNDATION TRUST,NHS ENGLAND NORTH EAST AND YORKSHIRE,6560,6305,2412,2412,517,139
2025-10,ALDER HEY CHILDREN'S NHS FOUNDATION TRUST,NHS ENGLAND NORTH WEST,6441,6441,841,841,0,0
2025-10,ASHFORD AND ST PETER'S HOSPITALS NHS FOUNDATION TRUST,NHS ENGLAND SOUTH EAST,10381,7513,3801,3785,596,361
2025-10,ASHFORD WALK-IN-CENTRE,NHS ENGLAND SOUTH EAST,2427,0,28,0,0,0
2025-10,ASSURA VERTIS URGENT CARE CENTRES (BIRMINGHAM),NHS ENGLAND MIDLANDS,3565,0,0,0,0,0
2025-10,BADGER LTD,NHS ENGLAND MIDLANDS,0,0,0,0,0,0
2025-10,BARKING HOSPITAL UTC,NHS ENGLAND LONDON,2914,0,9,0,0,0
2025-10,"BARKING, HAVERING AND REDBRIDGE UNIVERSITY HOSPITALS NHS TRUST",NHS ENGLAND LONDON,31072,14159,6900,6429,690,949
2025-10,BARNSLEY HOSPITAL NHS FOUNDATION TRUST,NHS ENGLAND NORTH EAST AND YORKSHIRE,9681,9681,3103,3103,422,0
2025-10,BARTS HEALTH NHS TRUST,NHS ENGLAND LONDON,46336,26298,13902,11870,1062,1241
2025-10,BECKENHAM BEACON UCC,NHS ENGLAND LONDON,3456,0,11,0,0,0
2025-10,BEDFORDSHIRE HOSPITALS NHS FOUNDATION TRUST,NHS ENGLAND EAST OF ENGLAND,26212,17663,7164,7164,82,40
2025-10,BERKSHIRE HEALTHCARE NHS FOUNDATION TRUST,NHS ENGLAND SOUTH EAST,1447,0,12,0,0,0
2025-10,BIRMINGHAM WOMEN'S AND CHILDREN'S NHS FOUNDATION TRUST,NHS ENGLAND MIDLANDS,5419,5419,1065,1065,10,2
2025-10,BLACKPOOL TEACHING HOSPITALS NHS FOUNDATION TRUST,NHS ENGLAND NORTH WEST,19747,9263,4633,4480,524,544
2025-10,BOLTON NHS FOUNDATION TRUST,NHS ENGLAND NORTH WEST,12735,8841,4826,4490,579,288
2025-10,BRADFORD TEACHING HOSPITALS NHS FOUNDATION TRUST,NHS ENGLAND NORTH EAST AND YORKSHIRE,13743,9468,2265,2265,593,113
2025-10,BRANSHOLME HEALTH CENTRE,NHS ENGLAND NORTH EAST AND YORKSHIRE,3696,0,373,0,0,0
2025-10,BRIDGEWATER COMMUNITY HEALTHCARE NHS FOUNDATION TRUST,NHS ENGLAND NORTH WEST,2951,0,51,0,0,0
2025-10,BRIDLINGTON HOSPITAL,NHS ENGLAND NORTH EAST AND YORKSHIRE,1455,0,33,0,0,0
2025-10,BRIGHTON STATION HEALTH CENTRE,NHS ENGLAND SOUTH EAST,2161,0,0,0,0,0
2025-10,BUCKINGHAMSHIRE HEALTHCARE NHS TRUST,NHS ENGLAND SOUTH EAST,14267,9939,3789,3693,190,336
2025-10,CALDERDALE AND HUDDERSFIELD NHS FOUNDATION TRUST,NHS ENGLAND NORTH EAST AND YORKSHIRE,16644,16644,2858,2858,975,7
2025-10,CAMBRIDGE UNIVERSITY HOSPITALS NHS FOUNDATION TRUST,NHS ENGLAND EAST OF ENGLAND,16643,11309,4709,4661,546,568
2025-10,CENTRAL LONDON COMMUNITY HEALTHCARE NHS TRUST,NHS ENGLAND LONDON,12138,0,133,0,0,0
2025-10,CHELSEA AND WESTMINSTER HOSPITAL NHS FOUNDATION TRUST,NHS ENGLAND LONDON,26850,20266,6076,5947,1040,45
2025-10,CHESTERFIELD ROYAL HOSPITAL NHS FOUNDATION TRUST,NHS ENGLAND MIDLANDS,10776,5372,3152,2895,963,276
2025-10,CHIPPENHAM COMMUNITY HOSPITAL,NHS ENGLAND SOUTH WEST,1645,0,12,0,0,0
2025-10,CORNWALL PARTNERSHIP NHS FOUNDATION TRUST,NHS ENGLAND SOUTH WEST,0,0,0,0,0,0
2025-10,COUNTESS OF CHESTER HOSPITAL NHS FOUNDATION TRUST,NHS ENGLAND NORTH WEST,8054,5823,2849,2669,565,530
2025-10,COUNTY DURHAM AND DARLINGTON NHS FOUNDATION TRUST,NHS ENGLAND NORTH EAST AND YORKSHIRE,17496,13410,5620,5620,2278,19
2025-10,COVENTRY AND WARWICKSHIRE PARTNERSHIP NHS TRUST,NHS ENGLAND MIDLANDS,0,0,0,0,0,0
2025-10,CROYDON HEALTH SERVICES NHS TRUST,NHS ENGLAND LONDON,18896,13542,4873,4873,292,751
2025-10,DARTFORD AND GRAVESHAM NHS TRUST,NHS ENGLAND SOUTH EAST,15675,11792,3075,3066,713,112
2025-10,DERBYSHIRE COMMUNITY HEALTH SERVICES NHS FOUNDATION TRUST,NHS ENGLAND MIDLANDS,7561,0,288,0,0,0
2025-10,DHU HEALTH CARE C.I.C,NHS ENGLAND MIDLANDS,1869,0,2,0,0,0
2025-10,DONCASTER AND BASSETLAW TEACHING HOSPITALS NHS FOUNDATION TRUST,NHS ENGLAND NORTH EAST AND YORKSHIRE,18147,14193,5557,5556,1283,142
2025-10,DORSET COUNTY HOSPITAL NHS FOUNDATION TRUST,NHS ENGLAND SOUTH WEST,4757,4757,1564,1564,192,80
2025-10,DORSET HEALTHCARE UNIVERSITY NHS FOUNDATION TRUST,NHS ENGLAND SOUTH WEST,0,0,0,0,0,0
2025-10,EAST AND NORTH HERTFORDSHIRE TEACHING NHS TRUST,NHS ENGLAND EAST OF ENGLAND,17697,9294,4601,4574,545,172
2025-10,EAST CHESHIRE NHS TRUST,NHS ENGLAND NORTH WEST,4646,4646,2459,2459,298,256
2025-10,EAST KENT HOSPITALS UNIVERSITY NHS FOUNDATION TRUST,NHS ENGLAND SOUTH EAST,26188,13171,6729,6372,406,1238
2025-10,EAST LANCASHIRE HOSPITALS NHS TRUST,NHS ENGLAND NORTH WEST,25981,14603,5610,4992,271,1380
2025-10,EAST RIDING COMMUNITY HOSPITAL,NHS ENGLAND NORTH EAST AND YORKSHIRE,2680,0,75,0,0,0
2025-10,EAST SUFFOLK AND NORTH ESSEX NHS FOUNDATION TRUST,NHS ENGLAND EAST OF ENGLAND,24855,11567,7423,6210,819,556
2025-10,EAST SUSSEX HEALTHCARE NHS TRUST,NHS ENGLAND SOUTH EAST,11678,9250,3816,3788,275,117
2025-10,EPSOM AND ST HELIER UNIVERSITY HOSPITALS NHS TRUST,NHS ENGLAND LONDON,13459,11208,3562,3363,908,890
2025-10,ERDINGTON GP HEALTH & WELLBEING WIC,NHS ENGLAND MIDLANDS,0,0,0,0,0,0
2025-10,FAVERSHAM MEDICAL PRACTICE MIU,NHS ENGLAND SOUTH EAST,2943,0,0,0,0,0
2025-10,FIRST COMMUNITY HEALTH AND CARE CIC,NHS ENGLAND SOUTH EAST,2218,0,8,0,0,0
2025-10,FRIMLEY HEALTH NHS FOUNDATION TRUST,NHS ENGLAND SOUTH EAST,37369,23647,9883,9661,1387,492
2025-10,GATESHEAD HEALTH NHS FOUNDATION TRUST,NHS ENGLAND NORTH EAST AND YORKSHIRE,10191,5933,2679,2653,886,21
2025-10,GEORGE ELIOT HOSPITAL NHS TRUST,NHS ENGLAND MIDLANDS,8994,7354,1923,1918,254,560
2025-10,GLOUCESTERSHIRE HEALTH AND CARE NHS FOUNDATION TRUST,NHS ENGLAND SOUTH WEST,8164,0,113,0,0,0
2025-10,GLOUCESTERSHIRE HOSPITALS NHS FOUNDATION TRUST,NHS ENGLAND SOUTH WEST,13881,13881,5212,5212,451,348
2025-10,GOOLE & DISTRICT HOSPITAL,NHS ENGLAND NORTH EAST AND YORKSHIRE,1707,0,7,0,0,0
2025-10,GREAT WESTERN HOSPITALS NHS FOUNDATION TRUST,NHS ENGLAND SOUTH WEST,12096,6185,3638,3152,702,326
2025-10,GUY'S AND ST THOMAS' NHS FOUNDATION TRUST,NHS ENGLAND LONDON,17514,10559,3972,3780,129,94
2025-10,HAMPSHIRE AND ISLE OF WIGHT HEALTHCARE NHS FOUNDATION TRUST,NHS ENGLAND SOUTH EAST,2826,0,27,0,0,0
2025-10,HAMPSHIRE HOSPITALS NHS FOUNDATION TRUST,NHS ENGLAND SOUTH EAST,14859,11240,5307,5158,192,29
2025-10,HAROLD WOOD POLYCLINIC UTC,NHS ENGLAND LONDON,2792,0,6,0,0,0
2025-10,HARROGATE AND DISTRICT NHS FOUNDATION TRUST,NHS ENGLAND NORTH EAST AND YORKSHIRE,6384,5321,1653,1651,135,6
2025-10,HASTINGS GP LED HEALTH CENTRE,NHS ENGLAND SOUTH EAST,1012,0,0,0,0,0
2025-10,HERNE BAY HEALTH CARE LTD,NHS ENGLAND SOUTH EAST,2567,0,0,0,0,0
2025-10,HERTFORDSHIRE COMMUNITY NHS TRUST,NHS ENGLAND EAST OF ENGLAND,1205,0,63,0,0,0
2025-10,HERTS URGENT CARE (ASCOTS LANE),NHS ENGLAND EAST OF ENGLAND,2189,0,100,0,0,0
2025-10,HOMERTON HEALTHCARE NHS FOUNDATION TRUST,NHS ENGLAND LONDON,11547,11547,2351,2351,269,20
2025-10,HULL UNIVERSITY TEACHING HOSPITALS NHS TRUST,NHS ENGLAND NORTH EAST AND YORKSHIRE,14317,9956,6322,5884,991,670
2025-10,HUMBER TEACHING NHS FOUNDATION TRUST,NHS ENGLAND NORTH EAST AND YORKSHIRE,1118,0,3,0,0,0
2025-10,IMPERIAL COLLEGE HEALTHCARE NHS TRUST,NHS ENGLAND LONDON,24163,12719,5939,5375,575,0
2025-10,ISLE OF WIGHT NHS TRUST,NHS ENGLAND SOUTH EAST,6257,4287,1753,1661,256,164
2025-10,JAMES PAGET UNIVERSITY HOSPITALS NHS FOUNDATION TRUST,NHS ENGLAND EAST OF ENGLAND,8715,7429,2542,2542,519,363
2025-10,KENT COMMUNITY HEALTH NHS FOUNDATION TRUST,NHS ENGLAND SOUTH EAST,6140,0,13,0,0,0
2025-10,KETTERING GENERAL HOSPITAL NHS FOUNDATION TRUST,NHS ENGLAND MIDLANDS,18656,10327,4008,3898,559,695
2025-10,KING'S COLLEGE HOSPITAL NHS FOUNDATION TRUST,NHS ENGLAND LONDON,24965,16287,7292,6934,1512,593
2025-10,KINGSTON AND RICHMOND NHS FOUNDATION TRUST,NHS ENGLAND LONDON,15595,7042,4232,3867,218,579
2025-10,LANCASHIRE TEACHING HOSPITALS NHS FOUNDATION TRUST,NHS ENGLAND NORTH WEST,16311,12893,4770,4637,1023,463
2025-10,LATHAM HOUSE MEDICAL PRACTICE,NHS ENGLAND MIDLANDS,362,0,0,0,0,0
2025-10,LEEDS TEACHING HOSPITALS NHS TRUST,NHS ENGLAND NORTH EAST AND YORKSHIRE,31574,18939,7982,7529,1447,714
2025-10,LEWISHAM AND GREENWICH NHS TRUST,NHS ENGLAND LONDON,32807,16150,8040,7660,1253,652
2025-10,LINCOLNSHIRE COMMUNITY HEALTH SERVICES NHS TRUST,NHS ENGLAND MIDLANDS,8124,0,121,0,0,0
2025-10,LIVERPOOL HEART AND CHEST HOSPITAL NHS FOUNDATION TRUST,NHS ENGLAND NORTH WEST,0,0,0,0,0,0
2025-10,LIVERPOOL UNIVERSITY HOSPITALS NHS FOUNDATION TRUST,NHS ENGLAND NORTH WEST,27558,17001,9383,8937,1439,962
2025-10,LIVERPOOL WOMEN'S NHS FOUNDATION TRUST,NHS ENGLAND NORTH WEST,1601,0,267,0,0,0
2025-10,LLR EA - THE MERLYN VAZ HEALTH & SOCIAL CARE CENTRE,NHS ENGLAND MIDLANDS,329,0,3,0,0,0
2025-10,LOCAL CARE DIRECT,NHS ENGLAND NORTH EAST AND YORKSHIRE,2371,0,9,0,0,0
2025-10,LONDON NORTH WEST UNIVERSITY HEALTHCARE NHS TRUST,NHS ENGLAND LONDON,30537,14426,8380,7089,677,446
2025-10,LOUGHBOROUGH URGENT CARE CENTRE,NHS ENGLAND MIDLANDS,0,0,0,0,0,0
2025-10,MAIDSTONE AND TUNBRIDGE WELLS NHS TRUST,NHS ENGLAND SOUTH EAST,22718,20896,4663,4634,1046,317
2025-10,MANCHESTER UNIVERSITY NHS FOUNDATION TRUST,NHS ENGLAND NORTH WEST,42050,27673,11839,11350,3619,85
2025-10,MARKET HARBOROUGH,NHS ENGLAND MIDLANDS,89,0,0,0,0,0
2025-10,MARKET HARBOROUGH MED.CTR,NHS ENGLAND MIDLANDS,412,0,0,0,0,0
2025-10,MEDWAY NHS FOUNDATION TRUST,NHS ENGLAND SOUTH EAST,16113,10088,4373,3467,367,728
2025-10,MELTON MOWBRAY,NHS ENGLAND MIDLANDS,54,0,0,0,0,0
2025-10,MERSEY AND WEST LANCASHIRE TEACHING HOSPITALS NHS TRUST,NHS ENGLAND NORTH WEST,26014,18638,7072,7006,515,508
2025-10,MERSEY CARE NHS FOUNDATION TRUST,NHS ENGLAND NORTH WEST,14676,0,489,0,0,0
2025-10,MID AND SOUTH ESSEX NHS FOUNDATION TRUST,NHS ENGLAND EAST OF ENGLAND,35360,27691,9316,9186,2393,610
2025-10,MID CHESHIRE HOSPITALS NHS FOUNDATION TRUST,NHS ENGLAND NORTH WEST,10268,7318,4052,4048,471,510
2025-10,MID YORKSHIRE TEACHING NHS TRUST,NHS ENGLAND NORTH EAST AND YORKSHIRE,24279,17426,6992,6729,2098,125
2025-10,MILTON KEYNES UNIVERSITY HOSPITAL NHS FOUNDATION TRUST,NHS ENGLAND EAST OF ENGLAND,13650,8428,3497,3454,706,0
2025-10,MIRIAM MINOR EMERGENCY,NHS ENGLAND NORTH WEST,1766,0,0,0,0,0
2025-10,MOORFIELDS EYE HOSPITAL NHS FOUNDATION TRUST,NHS ENGLAND LONDON,6051,0,196,0,0,0
2025-10,NORFOLK AND NORWICH UNIVERSITY HOSPITALS NHS FOUNDATION TRUST,NHS ENGLAND EAST OF ENGLAND,20612,12942,4126,4125,741,215
2025-10,NORTH BRISTOL NHS TRUST,NHS ENGLAND SOUTH WEST,9818,9818,3786,3786,631,401
2025-10,NORTH CUMBRIA INTEGRATED CARE NHS FOUNDATION TRUST,NHS ENGLAND NORTH EAST AND YORKSHIRE,10892,8931,4171,4126,610,318
2025-10,NORTH EAST LONDON NHS FOUNDATION TRUST,NHS ENGLAND LONDON,1899,0,36,0,0,0
2025-10,NORTH TEES AND HARTLEPOOL NHS FOUNDATION TRUST,NHS ENGLAND NORTH EAST AND YORKSHIRE,16208,4983,2917,2889,286,47
2025-10,NORTH WEST ANGLIA NHS FOUNDATION TRUST,NHS ENGLAND EAST OF ENGLAND,20324,15528,5979,5883,560,945
2025-10,NORTHAMPTON GENERAL HOSPITAL NHS TRUST,NHS ENGLAND MIDLANDS,13526,10636,4697,4524,571,764
2025-10,NORTHERN CARE ALLIANCE NHS FOUNDATION TRUST,NHS ENGLAND NORTH WEST,36996,27521,11334,11063,1130,1237
2025-10,NORTHERN LINCOLNSHIRE AND GOOLE NHS FOUNDATION TRUST,NHS ENGLAND NORTH EAST AND YORKSHIRE,17014,9779,5213,5154,785,738
2025-10,NORTHUMBRIA HEALTHCARE NHS FOUNDATION TRUST,NHS ENGLAND NORTH EAST AND YORKSHIRE,24222,11014,2985,2985,49,0
2025-10,NOTTINGHAM UNIVERSITY HOSPITALS NHS TRUST,NHS ENGLAND MIDLANDS,25102,12936,9746,7207,195,859
2025-10,OADBY,NHS ENGLAND MIDLANDS,534,0,0,0,0,0
2025-10,OAKHAM,NHS ENGLAND MIDLANDS,53,0,0,0,0,0
2025-10,OKEHAMPTON MEDICAL CENTRE,NHS ENGLAND SOUTH WEST,88,0,0,0,0,0
2025-10,OXFORD HEALTH NHS FOUNDATION TRUST,NHS ENGLAND SOUTH EAST,4218,0,235,0,0,0
2025-10,OXFORD UNIVERSITY HOSPITALS NHS FOUNDATION TRUST,NHS ENGLAND SOUTH EAST,18070,12950,3918,3808,450,0
2025-10,PAULTON MEMORIAL HOSPITAL,NHS ENGLAND SOUTH WEST,1130,0,5,0,0,0
2025-10,PHL LYMINGTON UTC,NHS ENGLAND SOUTH EAST,2858,0,12,0,0,0
2025-10,PORTSMOUTH HOSPITALS UNIVERSITY NHS TRUST,NHS ENGLAND SOUTH EAST,15340,11157,4493,4450,784,1232
2025-10,PRACTICE PLUS GROUP HOSPITAL - SOUTHAMPTON,NHS ENGLAND SOUTH EAST,5502,0,113,0,0,0
2025-10,PRACTICE PLUS GROUP SURGICAL CENTRE - ST MARYS PORTSMOUTH,NHS ENGLAND SOUTH EAST,5220,0,514,0,0,0
2025-10,PUTNOE WALK IN CENTRE,NHS ENGLAND EAST OF ENGLAND,2619,0,0,0,0,0
2025-10,QUEEN VICTORIA HOSPITAL NHS FOUNDATION TRUST,NHS ENGLAND SOUTH EAST,1395,0,19,0,0,0
2025-10,ROSSENDALE MIU & OOH,NHS ENGLAND NORTH WEST,1009,0,0,0,0,0
2025-10,ROYAL BERKSHIRE NHS FOUNDATION TRUST,NHS ENGLAND SOUTH EAST,17112,11773,4220,4120,691,13
2025-10,ROYAL CORNWALL HOSPITALS NHS TRUST,NHS ENGLAND SOUTH WEST,18281,6727,3613,3087,431,626
2025-10,ROYAL DEVON UNIVERSITY HEALTHCARE NHS FOUNDATION TRUST,NHS ENGLAND SOUTH WEST,17538,13317,5810,5806,946,207
2025-10,ROYAL FREE LONDON NHS FOUNDATION TRUST,NHS ENGLAND LONDON,43876,27391,9843,9137,899,2109
2025-10,ROYAL NATIONAL ORTHOPAEDIC HOSPITAL NHS TRUST,NHS ENGLAND LONDON,0,0,0,0,0,0
2025-10,ROYAL SURREY NHS FOUNDATION TRUST,NHS ENGLAND SOUTH EAST,8855,6976,2548,2548,508,12
2025-10,ROYAL UNITED HOSPITALS BATH NHS FOUNDATION TRUST,NHS ENGLAND SOUTH WEST,9562,9562,4229,4229,982,112
2025-10,SALISBURY NHS FOUNDATION TRUST,NHS ENGLAND SOUTH WEST,6613,4719,2093,2093,464,80
2025-10,SANDWELL AND WEST BIRMINGHAM HOSPITALS NHS TRUST,NHS ENGLAND MIDLANDS,22140,11927,5814,5468,768,380
2025-10,SHEFFIELD CHILDREN'S NHS FOUNDATION TRUST,NHS ENGLAND NORTH EAST AND YORKSHIRE,5260,4674,356,356,8,0
2025-10,SHEFFIELD TEACHING HOSPITALS NHS FOUNDATION TRUST,NHS ENGLAND NORTH EAST AND YORKSHIRE,18054,8972,5169,4759,1193,13
2025-10,SHERWOOD FOREST HOSPITALS NHS FOUNDATION TRUST,NHS ENGLAND MIDLANDS,16887,11208,5514,5069,917,606
2025-10,SHROPSHIRE COMMUNITY HEALTH NHS TRUST,NHS ENGLAND MIDLANDS,3152,0,24,0,0,0
2025-10,SIRONA CARE & HEALTH,NHS ENGLAND SOUTH WEST,8430,0,328,0,0,0
2025-10,SKELMERSDALE WALK IN CENTRE,NHS ENGLAND NORTH WEST,1718,0,24,0,0,0
2025-10,SLEAFORD MEDICAL GROUP,NHS ENGLAND MIDLANDS,501,0,0,0,0,0
2025-10,SOMERSET NHS FOUNDATION TRUST,NHS ENGLAND SOUTH WEST,21216,12856,6163,6024,610,207
2025-10,SOUTH BIRMINGHAM GP WALK IN CENTRE,NHS ENGLAND MIDLANDS,6420,0,0,0,0,0
2025-10,SOUTH TEES HOSPITALS NHS FOUNDATION TRUST,NHS ENGLAND NORTH EAST AND YORKSHIRE,16728,7664,4245,3933,400,24
2025-10,SOUTH TYNESIDE AND SUNDERLAND NHS FOUNDATION TRUST,NHS ENGLAND NORTH EAST AND YORKSHIRE,18751,11600,5755,5505,865,2
2025-10,SOUTH WARWICKSHIRE UNIVERSITY NHS FOUNDATION TRUST,NHS ENGLAND MIDLANDS,9356,8934,2584,2584,639,53
2025-10,SOUTH WEST YORKSHIRE PARTNERSHIP NHS FOUNDATION TRUST,NHS ENGLAND NORTH EAST AND YORKSHIRE,0,0,0,0,0,0
2025-10,SOUTH WESTERN AMBULANCE SERVICE NHS FOUNDATION TRUST,NHS ENGLAND SOUTH WEST,1898,0,42,0,0,0
2025-10,ST GEORGE'S UNIVERSITY HOSPITALS NHS FOUNDATION TRUST,NHS ENGLAND LONDON,12836,8936,2739,2633,408,651
2025-10,STOCKPORT NHS FOUNDATION TRUST,NHS ENGLAND NORTH WEST,9458,8296,3587,3528,802,447
2025-10,SUMMERFIELD URGENT CARE CENTRE,NHS ENGLAND MIDLANDS,3324,0,0,0,0,0
2025-10,SURREY AND SUSSEX HEALTHCARE NHS TRUST,NHS ENGLAND SOUTH EAST,10542,10542,4261,4261,587,757
2025-10,SUSSEX COMMUNITY NHS FOUNDATION TRUST,NHS ENGLAND SOUTH EAST,11779,0,173,0,0,0
2025-10,TAMESIDE AND GLOSSOP INTEGRATED CARE NHS FOUNDATION TRUST,NHS ENGLAND NORTH WEST,11523,8957,4689,4543,502,590
2025-10,TETBURY HOSPITAL TRUST LTD,NHS ENGLAND SOUTH WEST,609,0,0,0,0,0
2025-10,THE CHRISTIE NHS FOUNDATION TRUST,NHS ENGLAND NORTH WEST,0,0,0,0,0,0
2025-10,THE DUDLEY GROUP NHS FOUNDATION TRUST,NHS ENGLAND MIDLANDS,14503,10233,3290,3203,2600,141
2025-10,THE HILLINGDON HOSPITALS NHS FOUNDATION TRUST,NHS ENGLAND LONDON,12190,5359,2829,2771,516,42
2025-10,THE NEWCASTLE UPON TYNE HOSPITALS NHS FOUNDATION TRUST,NHS ENGLAND NORTH EAST AND YORKSHIRE,22320,13761,5452,5390,595,42
2025-10,THE PINN UNREGISTERED WIC,NHS ENGLAND LONDON,1094,0,0,0,0,0
2025-10,THE PRINCESS ALEXANDRA HOSPITAL NHS TRUST,NHS ENGLAND EAST OF ENGLAND,10555,8233,2351,2351,549,240
2025-10,"THE QUEEN ELIZABETH HOSPITAL, KING'S LYNN, NHS FOUNDATION TRUST",NHS ENGLAND EAST OF ENGLAND,7806,6549,2593,2593,309,148
2025-10,THE ROBERT JONES AND AGNES HUNT ORTHOPAEDIC HOSPITAL NHS FOUNDATION TRUST,NHS ENGLAND MIDLANDS,0,0,0,0,0,0
2025-10,THE ROTHERHAM NHS FOUNDATION TRUST,NHS ENGLAND NORTH EAST AND YORKSHIRE,9550,9550,3062,3062,602,2
2025-10,THE ROYAL WOLVERHAMPTON NHS TRUST,NHS ENGLAND MIDLANDS,20192,11729,4971,4517,794,581
2025-10,THE SHREWSBURY AND TELFORD HOSPITAL NHS TRUST,NHS ENGLAND MIDLANDS,13619,10982,6233,5893,429,1618
2025-10,THE WALTON CENTRE NHS FOUNDATION TRUST,NHS ENGLAND NORTH WEST,0,0,0,0,0,0
2025-10,TORBAY AND SOUTH DEVON NHS FOUNDATION TRUST,NHS ENGLAND SOUTH WEST,10157,6886,3244,3222,185,35
2025-10,TROWBRIDGE MINOR INJURIES UNIT,NHS ENGLAND SOUTH WEST,889,0,1,0,0,0
2025-10,UNITED LINCOLNSHIRE TEACHING HOSPITALS NHS TRUST,NHS ENGLAND MIDLANDS,21535,17436,7346,6972,965,1196
2025-10,UNIVERSITY COLLEGE LONDON HOSPITALS NHS FOUNDATION TRUST,NHS ENGLAND LONDON,14180,14180,3951,3951,449,219
2025-10,UNIVERSITY HOSPITAL SOUTHAMPTON NHS FOUNDATION TRUST,NHS ENGLAND SOUTH EAST,13651,12327,5678,5600,583,13
2025-10,UNIVERSITY HOSPITALS BIRMINGHAM NHS FOUNDATION TRUST,NHS ENGLAND MIDLANDS,40199,36434,14384,14338,2442,2030
2025-10,UNIVERSITY HOSPITALS BRISTOL AND WESTON NHS FOUNDATION TRUST,NHS ENGLAND SOUTH WEST,19238,16671,6423,6315,1187,562
2025-10,UNIVERSITY HOSPITALS COVENTRY AND WARWICKSHIRE NHS TRUST,NHS ENGLAND MIDLANDS,20969,12851,5627,5414,73,22
2025-10,UNIVERSITY HOSPITALS DORSET NHS FOUNDATION TRUST,NHS ENGLAND SOUTH WEST,19291,14481,6026,6026,1171,434
2025-10,UNIVERSITY HOSPITALS OF DERBY AND BURTON NHS FOUNDATION TRUST,NHS ENGLAND MIDLANDS,29485,19491,9259,9255,935,1234
2025-10,UNIVERSITY HOSPITALS OF LEICESTER NHS TRUST,NHS ENGLAND MIDLANDS,26041,23885,9729,9536,1182,844
2025-10,UNIVERSITY HOSPITALS OF MORECAMBE BAY NHS FOUNDATION TRUST,NHS ENGLAND NORTH WEST,12229,9431,3789,3720,718,700
2025-10,UNIVERSITY HOSPITALS OF NORTH MIDLANDS NHS TRUST,NHS ENGLAND MIDLANDS,24951,15284,8547,8226,852,1384
2025-10,UNIVERSITY HOSPITALS PLYMOUTH NHS TRUST,NHS ENGLAND SOUTH WEST,16598,8855,5323,5258,647,528
2025-10,UNIVERSITY HOSPITALS SUSSEX NHS FOUNDATION TRUST,NHS ENGLAND SOUTH EAST,31335,27873,10998,10753,850,961
2025-10,WALSALL HEALTHCARE NHS TRUST,NHS ENGLAND MIDLANDS,14391,9963,3701,3596,945,279
2025-10,WARRINGTON AND HALTON TEACHING HOSPITALS NHS FOUNDATION TRUST,NHS ENGLAND NORTH WEST,10302,7210,3855,3769,579,988
2025-10,WEST HERTFORDSHIRE TEACHING HOSPITALS NHS TRUST,NHS ENGLAND EAST OF ENGLAND,15921,8532,2814,2749,779,22
2025-10,WEST SUFFOLK NHS FOUNDATION TRUST,NHS ENGLAND EAST OF ENGLAND,8674,7944,2673,2673,511,406
2025-10,WHITSTABLE MEDICAL PRACTICE,NHS ENGLAND SOUTH EAST,4944,0,0,0,0,0
2025-10,WHITTINGTON HEALTH NHS TRUST,NHS ENGLAND LONDON,9130,9130,2753,2753,248,296
2025-10,WIRRAL COMMUNITY HEALTH AND CARE NHS FOUNDATION TRUST,NHS ENGLAND NORTH WEST,4249,0,382,0,0,0
2025-10,WIRRAL UNIVERSITY TEACHING HOSPITAL NHS FOUNDATION TRUST,NHS ENGLAND NORTH WEST,11129,8314,4788,4670,646,822
2025-10,WOKING WALK IN CENTRE,NHS ENGLAND SOUTH EAST,2622,0,64,0,0,0
2025-10,WORCESTERSHIRE ACUTE HOSPITALS NHS TRUST,NHS ENGLAND MIDLANDS,19746,14072,7423,7317,935,1326
2025-10,WORKINGTON HEALTH LIMITED,NHS ENGLAND NORTH EAST AND YORKSHIRE,436,0,0,0,0,0
2025-10,"WRIGHTINGTON, WIGAN AND LEIGH NHS FOUNDATION TRUST",NHS ENGLAND NORTH WEST,13054,8009,3585,3531,647,434
2025-10,WYE VALLEY NHS TRUST,NHS ENGLAND MIDLANDS,7408,6138,2478,2478,417,272
2025-10,YORK AND SCARBOROUGH TEACHING HOSPITALS NHS FOUNDATION TRUST,NHS ENGLAND NORTH EAST AND YORKSHIRE,19632,11343,6145,5778,945,628
2025-11,AIREDALE NHS FOUNDATION TRUST,NHS ENGLAND NORTH EAST AND YORKSHIRE,6320,6085,2480,2480,499,223
2025-11,ALDER HEY CHILDREN'S NHS FOUNDATION TRUST,NHS ENGLAND NORTH WEST,6725,6725,1081,1081,0,0
2025-11,ASHFORD AND ST PETER'S HOSPITALS NHS FOUNDATION TRUST,NHS ENGLAND SOUTH EAST,10363,7533,3480,3455,521,325
2025-11,ASHFORD WALK-IN-CENTRE,NHS ENGLAND SOUTH EAST,2312,0,63,0,0,0
2025-11,ASSURA VERTIS URGENT CARE CENTRES (BIRMINGHAM),NHS ENGLAND MIDLANDS,3460,0,0,0,0,0
2025-11,BADGER LTD,NHS ENGLAND MIDLANDS,0,0,0,0,0,0
2025-11,BARKING HOSPITAL UTC,NHS ENGLAND LONDON,2802,0,14,0,0,0
2025-11,"BARKING, HAVERING AND REDBRIDGE UNIVERSITY HOSPITALS NHS TRUST",NHS ENGLAND LONDON,30166,13220,8846,7908,583,829
2025-11,BARNSLEY HOSPITAL NHS FOUNDATION TRUST,NHS ENGLAND NORTH EAST AND YORKSHIRE,9445,9445,2600,2600,490,4
2025-11,BARTS HEALTH NHS TRUST,NHS ENGLAND LONDON,45268,26111,14009,11748,906,1000
2025-11,BECKENHAM BEACON UCC,NHS ENGLAND LONDON,3433,0,4,0,0,0
2025-11,BEDFORDSHIRE HOSPITALS NHS FOUNDATION TRUST,NHS ENGLAND EAST OF ENGLAND,25980,17038,6555,6555,80,13
2025-11,BERKSHIRE HEALTHCARE NHS FOUNDATION TRUST,NHS ENGLAND SOUTH EAST,1168,0,5,0,0,0
2025-11,BIRMINGHAM WOMEN'S AND CHILDREN'S NHS FOUNDATION TRUST,NHS ENGLAND MIDLANDS,5568,5568,1464,1464,23,0
2025-11,BLACKPOOL TEACHING HOSPITALS NHS FOUNDATION TRUST,NHS ENGLAND NORTH WEST,18934,8917,4465,4390,574,404
2025-11,BOLTON NHS FOUNDATION TRUST,NHS ENGLAND NORTH WEST,12556,8768,4903,4635,467,395
2025-11,BRADFORD TEACHING HOSPITALS NHS FOUNDATION TRUST,NHS ENGLAND NORTH EAST AND YORKSHIRE,14258,9942,2582,2582,659,70
2025-11,BRANSHOLME HEALTH CENTRE,NHS ENGLAND NORTH EAST AND YORKSHIRE,3748,0,461,0,0,0
2025-11,BRIDGEWATER COMMUNITY HEALTHCARE NHS FOUNDATION TRUST,NHS ENGLAND NORTH WEST,2910,0,120,0,0,0
2025-11,BRIDLINGTON HOSPITAL,NHS ENGLAND NORTH EAST AND YORKSHIRE,1320,0,57,0,0,0
2025-11,BRIGHTON STATION HEALTH CENTRE,NHS ENGLAND SOUTH EAST,1946,0,0,0,0,0
2025-11,BUCKINGHAMSHIRE HEALTHCARE NHS TRUST,NHS ENGLAND SOUTH EAST,13902,9743,4387,4327,235,268
2025-11,CALDERDALE AND HUDDERSFIELD NHS FOUNDATION TRUST,NHS ENGLAND NORTH EAST AND YORKSHIRE,16724,16724,3083,3083,1074,20
2025-11,CAMBRIDGE UNIVERSITY HOSPITALS NHS FOUNDATION TRUST,NHS ENGLAND EAST OF ENGLAND,16062,11116,4606,4544,546,491
2025-11,CENTRAL LONDON COMMUNITY HEALTHCARE NHS TRUST,NHS ENGLAND LONDON,11752,0,125,0,0,0
2025-11,CHELSEA AND WESTMINSTER HOSPITAL NHS FOUNDATION TRUST,NHS ENGLAND LONDON,26861,20633,5853,5718,729,59
2025-11,CHESTERFIELD ROYAL HOSPITAL NHS FOUNDATION TRUST,NHS ENGLAND MIDLANDS,12259,6370,3570,3404,686,325
2025-11,CHIPPENHAM COMMUNITY HOSPITAL,NHS ENGLAND SOUTH WEST,1505,0,10,0,0,0
2025-11,CORNWALL PARTNERSHIP NHS FOUNDATION TRUST,NHS ENGLAND SOUTH WEST,0,0,0,0,0,0
2025-11,COUNTESS OF CHESTER HOSPITAL NHS FOUNDATION TRUST,NHS ENGLAND NORTH WEST,8043,5805,3181,2829,418,613
2025-11,COUNTY DURHAM AND DARLINGTON NHS FOUNDATION TRUST,NHS ENGLAND NORTH EAST AND YORKSHIRE,17039,13118,5639,5639,1980,46
2025-11,COVENTRY AND WARWICKSHIRE PARTNERSHIP NHS TRUST,NHS ENGLAND MIDLANDS,0,0,0,0,0,0
2025-11,CROYDON HEALTH SERVICES NHS TRUST,NHS ENGLAND LONDON,18743,13347,4730,4730,218,713
2025-11,DARTFORD AND GRAVESHAM NHS TRUST,NHS ENGLAND SOUTH EAST,15546,11842,3081,3069,689,249
2025-11,DERBYSHIRE COMMUNITY HEALTH SERVICES NHS FOUNDATION TRUST,NHS ENGLAND MIDLANDS,6956,0,404,0,0,0
2025-11,DHU HEALTH CARE C.I.C,NHS ENGLAND MIDLANDS,2137,0,2,0,0,0
2025-11,DONCASTER AND BASSETLAW TEACHING HOSPITALS NHS FOUNDATION TRUST,NHS ENGLAND NORTH EAST AND YORKSHIRE,17649,13650,5160,5155,1179,197
2025-11,DORSET COUNTY HOSPITAL NHS FOUNDATION TRUST,NHS ENGLAND SOUTH WEST,4321,4321,1540,1540,169,61
2025-11,DORSET HEALTHCARE UNIVERSITY NHS FOUNDATION TRUST,NHS ENGLAND SOUTH WEST,0,0,0,0,0,0
2025-11,EAST AND NORTH HERTFORDSHIRE TEACHING NHS TRUST,NHS ENGLAND EAST OF ENGLAND,17566,9292,4578,4538,474,185
2025-11,EAST CHESHIRE NHS TRUST,NHS ENGLAND NORTH WEST,4516,4516,2301,2301,172,549
2025-11,EAST KENT HOSPITALS UNIVERSITY NHS FOUNDATION TRUST,NHS ENGLAND SOUTH EAST,25696,13224,5864,5570,496,1105
2025-11,EAST LANCASHIRE HOSPITALS NHS TRUST,NHS ENGLAND NORTH WEST,24886,14006,5347,4649,292,1284
2025-11,EAST RIDING COMMUNITY HOSPITAL,NHS ENGLAND NORTH EAST AND YORKSHIRE,2511,0,83,0,0,0
2025-11,EAST SUFFOLK AND NORTH ESSEX NHS FOUNDATION TRUST,NHS ENGLAND EAST OF ENGLAND,24233,10929,6467,5054,770,461
2025-11,EAST SUSSEX HEALTHCARE NHS TRUST,NHS ENGLAND SOUTH EAST,11334,8986,4198,4166,278,101
2025-11,EPSOM AND ST HELIER UNIVERSITY HOSPITALS NHS TRUST,NHS ENGLAND LONDON,13536,11357,3819,3613,952,712
2025-11,ERDINGTON GP HEALTH & WELLBEING WIC,NHS ENGLAND MIDLANDS,0,0,0,0,0,0
2025-11,FAVERSHAM MEDICAL PRACTICE MIU,NHS ENGLAND SOUTH EAST,2962,0,0,0,0,0
2025-11,FIRST COMMUNITY HEALTH AND CARE CIC,NHS ENGLAND SOUTH EAST,2144,0,8,0,0,0
2025-11,FRIMLEY HEALTH NHS FOUNDATION TRUST,NHS ENGLAND SOUTH EAST,34954,22861,9804,9459,1216,427
2025-11,GATESHEAD HEALTH NHS FOUNDATION TRUST,NHS ENGLAND NORTH EAST AND YORKSHIRE,10446,6112,2338,2313,577,6
2025-11,GEORGE ELIOT HOSPITAL NHS TRUST,NHS ENGLAND MIDLANDS,8849,7200,1864,1863,329,417
2025-11,GLOUCESTERSHIRE HEALTH AND CARE NHS FOUNDATION TRUST,NHS ENGLAND SOUTH WEST,7517,0,129,0,0,0
2025-11,GLOUCESTERSHIRE HOSPITALS NHS FOUNDATION TRUST,NHS ENGLAND SOUTH WEST,13199,13199,4804,4804,430,389
2025-11,GOOLE & DISTRICT HOSPITAL,NHS ENGLAND NORTH EAST AND YORKSHIRE,1567,0,41,0,0,0
2025-11,GREAT WESTERN HOSPITALS NHS FOUNDATION TRUST,NHS ENGLAND SOUTH WEST,11653,6143,3365,2947,668,326
2025-11,GUY'S AND ST THOMAS' NHS FOUNDATION TRUST,NHS ENGLAND LONDON,17527,10659,3488,3310,141,76
2025-11,HAMPSHIRE AND ISLE OF WIGHT HEALTHCARE NHS FOUNDATION TRUST,NHS ENGLAND SOUTH EAST,2719,0,33,0,0,0
2025-11,HAMPSHIRE HOSPITALS NHS FOUNDATION TRUST,NHS ENGLAND SOUTH EAST,14206,10970,4846,4721,77,6
2025-11,HAROLD WOOD POLYCLINIC UTC,NHS ENGLAND LONDON,2904,0,23,0,0,0
2025-11,HARROGATE AND DISTRICT NHS FOUNDATION TRUST,NHS ENGLAND NORTH EAST AND YORKSHIRE,6724,5283,1894,1894,145,4
2025-11,HASTINGS GP LED HEALTH CENTRE,NHS ENGLAND SOUTH EAST,993,0,0,0,0,0
2025-11,HERNE BAY HEALTH CARE LTD,NHS ENGLAND SOUTH EAST,2536,0,0,0,0,0
2025-11,HERTFORDSHIRE COMMUNITY NHS TRUST,NHS ENGLAND EAST OF ENGLAND,1062,0,25,0,0,0
2025-11,HERTS URGENT CARE (ASCOTS LANE),NHS ENGLAND EAST OF ENGLAND,1934,0,61,0,0,0
2025-11,HOMERTON HEALTHCARE NHS FOUNDATION TRUST,NHS ENGLAND LONDON,11300,11300,1890,1890,189,25
2025-11,HULL UNIVERSITY TEACHING HOSPITALS NHS TRUST,NHS ENGLAND NORTH EAST AND YORKSHIRE,14654,9961,6274,5722,936,534
2025-11,HUMBER TEACHING NHS FOUNDATION TRUST,NHS ENGLAND NORTH EAST AND YORKSHIRE,966,0,0,0,0,0
2025-11,IMPERIAL COLLEGE HEALTHCARE NHS TRUST,NHS ENGLAND LONDON,22647,12110,5184,4743,579,0
2025-11,ISLE OF WIGHT NHS TRUST,NHS ENGLAND SOUTH EAST,6011,4230,1597,1539,231,151
2025-11,JAMES PAGET UNIVERSITY HOSPITALS NHS FOUNDATION TRUST,NHS ENGLAND EAST OF ENGLAND,8156,6933,2144,2144,425,342
2025-11,KENT COMMUNITY HEALTH NHS FOUNDATION TRUST,NHS ENGLAND SOUTH EAST,6044,0,27,0,0,0
2025-11,KETTERING GENERAL HOSPITAL NHS FOUNDATION TRUST,NHS ENGLAND MIDLANDS,18871,10226,3723,3683,535,553
2025-11,KING'S COLLEGE HOSPITAL NHS FOUNDATION TRUST,NHS ENGLAND LONDON,24906,16021,7711,6752,1426,811
2025-11,KINGSTON AND RICHMOND NHS FOUNDATION TRUST,NHS ENGLAND LONDON,15389,7192,4546,4095,340,362
2025-11,LANCASHIRE TEACHING HOSPITALS NHS FOUNDATION TRUST,NHS ENGLAND NORTH WEST,15668,12364,4763,4551,960,471
2025-11,LATHAM HOUSE MEDICAL PRACTICE,NHS ENGLAND MIDLANDS,299,0,0,0,0,0
2025-11,LEEDS TEACHING HOSPITALS NHS TRUST,NHS ENGLAND NORTH EAST AND YORKSHIRE,30979,18631,8139,7498,1271,707
2025-11,LEWISHAM AND GREENWICH NHS TRUST,NHS ENGLAND LONDON,32832,16440,7867,7469,1025,506
2025-11,LINCOLNSHIRE COMMUNITY HEALTH SERVICES NHS TRUST,NHS ENGLAND MIDLANDS,7788,0,128,0,0,0
2025-11,LIVERPOOL HEART AND CHEST HOSPITAL NHS FOUNDATION TRUST,NHS ENGLAND NORTH WEST,0,0,0,0,0,0
2025-11,LIVERPOOL UNIVERSITY HOSPITALS NHS FOUNDATION TRUST,NHS ENGLAND NORTH WEST,26419,16331,8379,7870,860,1040
2025-11,LIVERPOOL WOMEN'S NHS FOUNDATION TRUST,NHS ENGLAND NORTH WEST,1482,0,286,0,0,0
2025-11,LLR EA - THE MERLYN VAZ HEALTH & SOCIAL CARE CENTRE,NHS ENGLAND MIDLANDS,219,0,0,0,0,0
2025-11,LOCAL CARE DIRECT,NHS ENGLAND NORTH EAST AND YORKSHIRE,2555,0,9,0,0,0
2025-11,LONDON NORTH WEST UNIVERSITY HEALTHCARE NHS TRUST,NHS ENGLAND LONDON,29679,13768,7807,6911,754,667
2025-11,LOUGHBOROUGH URGENT CARE CENTRE,NHS ENGLAND MIDLANDS,5474,0,74,0,0,0
2025-11,MAIDSTONE AND TUNBRIDGE WELLS NHS TRUST,NHS ENGLAND SOUTH EAST,20085,18346,3970,3915,988,247
2025-11,MANCHESTER UNIVERSITY NHS FOUNDATION TRUST,NHS ENGLAND NORTH WEST,40910,27251,11197,10687,3326,101
2025-11,MARKET HARBOROUGH,NHS ENGLAND MIDLANDS,107,0,0,0,0,0
2025-11,MARKET HARBOROUGH MED.CTR,NHS ENGLAND MIDLANDS,311,0,0,0,0,0
2025-11,MEDWAY NHS FOUNDATION TRUST,NHS ENGLAND SOUTH EAST,15423,9523,4244,3391,379,591
2025-11,MELTON MOWBRAY,NHS ENGLAND MIDLANDS,62,0,0,0,0,0
2025-11,MERSEY AND WEST LANCASHIRE TEACHING HOSPITALS NHS TRUST,NHS ENGLAND NORTH WEST,24889,17705,7066,6946,520,471
2025-11,MERSEY CARE NHS FOUNDATION TRUST,NHS ENGLAND NORTH WEST,14116,0,574,0,0,0
2025-11,MID AND SOUTH ESSEX NHS FOUNDATION TRUST,NHS ENGLAND EAST OF ENGLAND,35440,27777,10852,10517,2305,869
2025-11,MID CHESHIRE HOSPITALS NHS FOUNDATION TRUST,NHS ENGLAND NORTH WEST,10310,7319,3761,3761,476,569
2025-11,MID YORKSHIRE TEACHING NHS TRUST,NHS ENGLAND NORTH EAST AND YORKSHIRE,23192,16746,6816,6446,2112,332
2025-11,MILTON KEYNES UNIVERSITY HOSPITAL NHS FOUNDATION TRUST,NHS ENGLAND EAST OF ENGLAND,13700,8182,3772,3670,859,0
2025-11,MIRIAM MINOR EMERGENCY,NHS ENGLAND NORTH WEST,1650,0,0,0,0,0
2025-11,MOORFIELDS EYE HOSPITAL NHS FOUNDATION TRUST,NHS ENGLAND LONDON,5563,0,94,0,0,0
2025-11,NORFOLK AND NORWICH UNIVERSITY HOSPITALS NHS FOUNDATION TRUST,NHS ENGLAND EAST OF ENGLAND,19687,12411,3847,3845,696,236
2025-11,NORTH BRISTOL NHS TRUST,NHS ENGLAND SOUTH WEST,9172,9172,3075,3075,554,366
2025-11,NORTH CUMBRIA INTEGRATED CARE NHS FOUNDATION TRUST,NHS ENGLAND NORTH EAST AND YORKSHIRE,10539,8819,4620,4564,753,432
2025-11,NORTH EAST LONDON NHS FOUNDATION TRUST,NHS ENGLAND LONDON,1466,0,46,0,0,0
2025-11,NORTH TEES AND HARTLEPOOL NHS FOUNDATION TRUST,NHS ENGLAND NORTH EAST AND YORKSHIRE,16532,5042,2972,2935,264,29
2025-11,NORTH WEST ANGLIA NHS FOUNDATION TRUST,NHS ENGLAND EAST OF ENGLAND,19458,14820,5930,5796,487,862
2025-11,NORTHAMPTON GENERAL HOSPITAL NHS TRUST,NHS ENGLAND MIDLANDS,13297,10425,4154,4000,467,669
2025-11,NORTHERN CARE ALLIANCE NHS FOUNDATION TRUST,NHS ENGLAND NORTH WEST,36217,26810,11466,11165,1290,1068
2025-11,NORTHERN LINCOLNSHIRE AND GOOLE NHS FOUNDATION TRUST,NHS ENGLAND NORTH EAST AND YORKSHIRE,16813,9695,5576,5501,698,857
2025-11,NORTHUMBRIA HEALTHCARE NHS FOUNDATION TRUST,NHS ENGLAND NORTH EAST AND YORKSHIRE,23123,10619,2577,2577,20,0
2025-11,NOTTINGHAM UNIVERSITY HOSPITALS NHS TRUST,NHS ENGLAND MIDLANDS,23938,13016,8633,7451,157,495
2025-11,OADBY,NHS ENGLAND MIDLANDS,550,0,3,0,0,0
2025-11,OAKHAM,NHS ENGLAND MIDLANDS,302,0,0,0,0,0
2025-11,OKEHAMPTON MEDICAL CENTRE,NHS ENGLAND SOUTH WEST,82,0,0,0,0,0
2025-11,OXFORD HEALTH NHS FOUNDATION TRUST,NHS ENGLAND SOUTH EAST,3576,0,110,0,0,0
2025-11,OXFORD UNIVERSITY HOSPITALS NHS FOUNDATION TRUST,NHS ENGLAND SOUTH EAST,17702,12395,4202,4092,436,1
2025-11,PAULTON MEMORIAL HOSPITAL,NHS ENGLAND SOUTH WEST,992,0,2,0,0,0
2025-11,PHL LYMINGTON UTC,NHS ENGLAND SOUTH EAST,2802,0,13,0,0,0
2025-11,PORTSMOUTH HOSPITALS UNIVERSITY NHS TRUST,NHS ENGLAND SOUTH EAST,15174,11135,4318,4299,678,1284
2025-11,PRACTICE PLUS GROUP HOSPITAL - SOUTHAMPTON,NHS ENGLAND SOUTH EAST,5388,0,125,0,0,0
2025-11,PRACTICE PLUS GROUP SURGICAL CENTRE - ST MARYS PORTSMOUTH,NHS ENGLAND SOUTH EAST,4955,0,370,0,0,0
2025-11,PUTNOE WALK IN CENTRE,NHS ENGLAND EAST OF ENGLAND,3023,0,0,0,0,0
2025-11,QUEEN VICTORIA HOSPITAL NHS FOUNDATION TRUST,NHS ENGLAND SOUTH EAST,1200,0,12,0,0,0
2025-11,ROSSENDALE MIU & OOH,NHS ENGLAND NORTH WEST,889,0,0,0,0,0
2025-11,ROYAL BERKSHIRE NHS FOUNDATION TRUST,NHS ENGLAND SOUTH EAST,16243,11173,3521,3497,494,7
2025-11,ROYAL CORNWALL HOSPITALS NHS TRUST,NHS ENGLAND SOUTH WEST,16740,6339,3269,2792,399,599
2025-11,ROYAL DEVON UNIVERSITY HEALTHCARE NHS FOUNDATION TRUST,NHS ENGLAND SOUTH WEST,16538,12523,5376,5374,875,207
2025-11,ROYAL FREE LONDON NHS FOUNDATION TRUST,NHS ENGLAND LONDON,43383,27198,10075,9231,945,2065
2025-11,ROYAL NATIONAL ORTHOPAEDIC HOSPITAL NHS TRUST,NHS ENGLAND LONDON,0,0,0,0,0,0
2025-11,ROYAL SURREY NHS FOUNDATION TRUST,NHS ENGLAND SOUTH EAST,8572,6753,2110,2110,374,20
2025-11,ROYAL UNITED HOSPITALS BATH NHS FOUNDATION TRUST,NHS ENGLAND SOUTH WEST,8866,8866,3750,3750,887,155
2025-11,SALISBURY NHS FOUNDATION TRUST,NHS ENGLAND SOUTH WEST,6654,4555,1638,1638,379,54
2025-11,SANDWELL AND WEST BIRMINGHAM HOSPITALS NHS TRUST,NHS ENGLAND MIDLANDS,21707,11914,6076,5652,695,386
2025-11,SHEFFIELD CHILDREN'S NHS FOUNDATION TRUST,NHS ENGLAND NORTH EAST AND YORKSHIRE,5719,4998,691,686,24,0
2025-11,SHEFFIELD TEACHING HOSPITALS NHS FOUNDATION TRUST,NHS ENGLAND NORTH EAST AND YORKSHIRE,17167,8870,4902,4425,983,9
2025-11,SHERWOOD FOREST HOSPITALS NHS FOUNDATION TRUST,NHS ENGLAND MIDLANDS,16317,10617,5307,4758,814,484
2025-11,SHROPSHIRE COMMUNITY HEALTH NHS TRUST,NHS ENGLAND MIDLANDS,2838,0,15,0,0,0
2025-11,SIRONA CARE & HEALTH,NHS ENGLAND SOUTH WEST,7581,0,160,0,0,0
2025-11,SKELMERSDALE WALK IN CENTRE,NHS ENGLAND NORTH WEST,1681,0,5,0,0,0
2025-11,SLEAFORD MEDICAL GROUP,NHS ENGLAND MIDLANDS,591,0,0,0,0,0
2025-11,SOMERSET NHS FOUNDATION TRUST,NHS ENGLAND SOUTH WEST,20632,11913,6197,5991,364,87
2025-11,SOUTH BIRMINGHAM GP WALK IN CENTRE,NHS ENGLAND MIDLANDS,4290,0,0,0,0,0
2025-11,SOUTH TEES HOSPITALS NHS FOUNDATION TRUST,NHS ENGLAND NORTH EAST AND YORKSHIRE,16538,7413,4122,3761,372,24
2025-11,SOUTH TYNESIDE AND SUNDERLAND NHS FOUNDATION TRUST,NHS ENGLAND NORTH EAST AND YORKSHIRE,18609,11736,5975,5715,919,2
2025-11,SOUTH WARWICKSHIRE UNIVERSITY NHS FOUNDATION TRUST,NHS ENGLAND MIDLANDS,8899,8530,2261,2261,375,64
2025-11,SOUTH WEST YORKSHIRE PARTNERSHIP NHS FOUNDATION TRUST,NHS ENGLAND NORTH EAST AND YORKSHIRE,0,0,0,0,0,0
2025-11,SOUTH WESTERN AMBULANCE SERVICE NHS FOUNDATION TRUST,NHS ENGLAND SOUTH WEST,1883,0,17,0,0,0
2025-11,ST GEORGE'S UNIVERSITY HOSPITALS NHS FOUNDATION TRUST,NHS ENGLAND LONDON,12770,8963,2558,2493,395,625
2025-11,STOCKPORT NHS FOUNDATION TRUST,NHS ENGLAND NORTH WEST,9198,8127,3244,3187,644,445
2025-11,SUMMERFIELD URGENT CARE CENTRE,NHS ENGLAND MIDLANDS,2981,0,0,0,0,0
2025-11,SURREY AND SUSSEX HEALTHCARE NHS TRUST,NHS ENGLAND SOUTH EAST,10560,10560,4468,4468,528,702
2025-11,SUSSEX COMMUNITY NHS FOUNDATION TRUST,NHS ENGLAND SOUTH EAST,10995,0,168,0,0,0
2025-11,TAMESIDE AND GLOSSOP INTEGRATED CARE NHS FOUNDATION TRUST,NHS ENGLAND NORTH WEST,11578,8397,4266,4053,429,655
2025-11,TETBURY HOSPITAL TRUST LTD,NHS ENGLAND SOUTH WEST,503,0,0,0,0,0
2025-11,THE CHRISTIE NHS FOUNDATION TRUST,NHS ENGLAND NORTH WEST,0,0,0,0,0,0
2025-11,THE DUDLEY GROUP NHS FOUNDATION TRUST,NHS ENGLAND MIDLANDS,14408,9954,3646,3561,2664,155
2025-11,THE HILLINGDON HOSPITALS NHS FOUNDATION TRUST,NHS ENGLAND LONDON,11786,5129,2473,2459,625,37
2025-11,THE NEWCASTLE UPON TYNE HOSPITALS NHS FOUNDATION TRUST,NHS ENGLAND NORTH EAST AND YORKSHIRE,21659,13567,5627,5561,586,48
2025-11,THE PINN UNREGISTERED WIC,NHS ENGLAND LONDON,918,0,0,0,0,0
2025-11,THE PRINCESS ALEXANDRA HOSPITAL NHS TRUST,NHS ENGLAND EAST OF ENGLAND,10373,7743,2165,2165,429,314
2025-11,"THE QUEEN ELIZABETH HOSPITAL, KING'S LYNN, NHS FOUNDATION TRUST",NHS ENGLAND EAST OF ENGLAND,7667,6395,2681,2681,558,229
2025-11,THE ROBERT JONES AND AGNES HUNT ORTHOPAEDIC HOSPITAL NHS FOUNDATION TRUST,NHS ENGLAND MIDLANDS,0,0,0,0,0,0
2025-11,THE ROTHERHAM NHS FOUNDATION TRUST,NHS ENGLAND NORTH EAST AND YORKSHIRE,9394,9394,2778,2778,408,0
2025-11,THE ROYAL WOLVERHAMPTON NHS TRUST,NHS ENGLAND MIDLANDS,20296,11537,4618,4325,759,620
2025-11,THE SHREWSBURY AND TELFORD HOSPITAL NHS TRUST,NHS ENGLAND MIDLANDS,13361,10683,6206,5826,385,1454
2025-11,THE WALTON CENTRE NHS FOUNDATION TRUST,NHS ENGLAND NORTH WEST,0,0,0,0,0,0
2025-11,TORBAY AND SOUTH DEVON NHS FOUNDATION TRUST,NHS ENGLAND SOUTH WEST,9520,6663,3053,3039,155,42
2025-11,TROWBRIDGE MINOR INJURIES UNIT,NHS ENGLAND SOUTH WEST,990,0,1,0,0,0
2025-11,UNITED LINCOLNSHIRE TEACHING HOSPITALS NHS TRUST,NHS ENGLAND MIDLANDS,20565,16510,6729,6433,895,932
2025-11,UNIVERSITY COLLEGE LONDON HOSPITALS NHS FOUNDATION TRUST,NHS ENGLAND LONDON,13781,13781,4221,4221,504,292
2025-11,UNIVERSITY HOSPITAL SOUTHAMPTON NHS FOUNDATION TRUST,NHS ENGLAND SOUTH EAST,13563,12376,5007,4907,548,12
2025-11,UNIVERSITY HOSPITALS BIRMINGHAM NHS FOUNDATION TRUST,NHS ENGLAND MIDLANDS,39127,35573,14461,14391,2895,1702
2025-11,UNIVERSITY HOSPITALS BRISTOL AND WESTON NHS FOUNDATION TRUST,NHS ENGLAND SOUTH WEST,18932,16630,6349,6196,1188,243
2025-11,UNIVERSITY HOSPITALS COVENTRY AND WARWICKSHIRE NHS TRUST,NHS ENGLAND MIDLANDS,21188,12703,5847,5588,48,17
2025-11,UNIVERSITY HOSPITALS DORSET NHS FOUNDATION TRUST,NHS ENGLAND SOUTH WEST,19243,14479,6290,6290,1066,324
2025-11,UNIVERSITY HOSPITALS OF DERBY AND BURTON NHS FOUNDATION TRUST,NHS ENGLAND MIDLANDS,30742,21369,9589,9586,943,1160
2025-11,UNIVERSITY HOSPITALS OF LEICESTER NHS TRUST,NHS ENGLAND MIDLANDS,24848,22973,9472,9337,1283,716
2025-11,UNIVERSITY HOSPITALS OF MORECAMBE BAY NHS FOUNDATION TRUST,NHS ENGLAND NORTH WEST,11620,9070,3991,3894,693,551
2025-11,UNIVERSITY HOSPITALS OF NORTH MIDLANDS NHS TRUST,NHS ENGLAND MIDLANDS,23806,14698,8224,8019,1073,1093
2025-11,UNIVERSITY HOSPITALS PLYMOUTH NHS TRUST,NHS ENGLAND SOUTH WEST,16143,8763,4765,4690,687,373
2025-11,UNIVERSITY HOSPITALS SUSSEX NHS FOUNDATION TRUST,NHS ENGLAND SOUTH EAST,30240,27121,10469,10224,769,804
2025-11,WALSALL HEALTHCARE NHS TRUST,NHS ENGLAND MIDLANDS,14044,9935,3951,3723,1031,545
2025-11,WARRINGTON AND HALTON TEACHING HOSPITALS NHS FOUNDATION TRUST,NHS ENGLAND NORTH WEST,9882,6989,3514,3444,615,922
2025-11,WEST HERTFORDSHIRE TEACHING HOSPITALS NHS TRUST,NHS ENGLAND EAST OF ENGLAND,16080,8802,2771,2661,807,18
2025-11,WEST SUFFOLK NHS FOUNDATION TRUST,NHS ENGLAND EAST OF ENGLAND,8489,7786,2133,2133,368,229
2025-11,WHITSTABLE MEDICAL PRACTICE,NHS ENGLAND SOUTH EAST,4747,0,0,0,0,0
2025-11,WHITTINGTON HEALTH NHS TRUST,NHS ENGLAND LONDON,9340,9340,2580,2580,265,317
2025-11,WIRRAL COMMUNITY HEALTH AND CARE NHS FOUNDATION TRUST,NHS ENGLAND NORTH WEST,4139,0,393,0,0,0
2025-11,WIRRAL UNIVERSITY TEACHING HOSPITAL NHS FOUNDATION TRUST,NHS ENGLAND NORTH WEST,10834,8090,4164,4050,452,875
2025-11,WOKING WALK IN CENTRE,NHS ENGLAND SOUTH EAST,2487,0,67,0,0,0
2025-11,WORCESTERSHIRE ACUTE HOSPITALS NHS TRUST,NHS ENGLAND MIDLANDS,19048,13836,7110,7046,989,1083
2025-11,WORKINGTON HEALTH LIMITED,NHS ENGLAND NORTH EAST AND YORKSHIRE,337,0,0,0,0,0
2025-11,"WRIGHTINGTON, WIGAN AND LEIGH NHS FOUNDATION TRUST",NHS ENGLAND NORTH WEST,12879,8206,3760,3681,649,466
2025-11,WYE VALLEY NHS TRUST,NHS ENGLAND MIDLANDS,6912,5849,2188,2188,374,178
2025-11,YORK AND SCARBOROUGH TEACHING HOSPITALS NHS FOUNDATION TRUST,NHS ENGLAND NORTH EAST AND YORKSHIRE,18813,11171,5717,5473,807,306
2025-12,AIREDALE NHS FOUNDATION TRUST,NHS ENGLAND NORTH EAST AND YORKSHIRE,6105,5866,2195,2195,517,239
2025-12,ALDER HEY CHILDREN'S NHS FOUNDATION TRUST,NHS ENGLAND NORTH WEST,6808,6808,1089,1089,1,0
2025-12,ASHFORD AND ST PETER'S HOSPITALS NHS FOUNDATION TRUST,NHS ENGLAND SOUTH EAST,10317,7785,3923,3911,596,359
2025-12,ASHFORD WALK-IN-CENTRE,NHS ENGLAND SOUTH EAST,2358,0,42,0,0,0
2025-12,ASSURA VERTIS URGENT CARE CENTRES (BIRMINGHAM),NHS ENGLAND MIDLANDS,3101,0,0,0,0,0
2025-12,BADGER LTD,NHS ENGLAND MIDLANDS,0,0,0,0,0,0
2025-12,BARKING HOSPITAL UTC,NHS ENGLAND LONDON,2627,0,24,0,0,0
2025-12,"BARKING, HAVERING AND REDBRIDGE UNIVERSITY HOSPITALS NHS TRUST",NHS ENGLAND LONDON,30851,13846,7446,6745,722,840
2025-12,BARNSLEY HOSPITAL NHS FOUNDATION TRUST,NHS ENGLAND NORTH EAST AND YORKSHIRE,9266,9266,2831,2831,601,11
2025-12,BARTS HEALTH NHS TRUST,NHS ENGLAND LONDON,44740,25706,13985,12110,1150,1088
2025-12,BECKENHAM BEACON UCC,NHS ENGLAND LONDON,3330,0,31,0,0,0
2025-12,BEDFORDSHIRE HOSPITALS NHS FOUNDATION TRUST,NHS ENGLAND EAST OF ENGLAND,26523,17035,6156,6156,82,39
2025-12,BERKSHIRE HEALTHCARE NHS FOUNDATION TRUST,NHS ENGLAND SOUTH EAST,1244,0,13,0,0,0
2025-12,BIRMINGHAM WOMEN'S AND CHILDREN'S NHS FOUNDATION TRUST,NHS ENGLAND MIDLANDS,5169,5169,1484,1484,52,3
2025-12,BLACKPOOL TEACHING HOSPITALS NHS FOUNDATION TRUST,NHS ENGLAND NORTH WEST,18810,8841,4324,4200,498,466
2025-12,BOLTON NHS FOUNDATION TRUST,NHS ENGLAND NORTH WEST,11847,8610,4724,4428,512,440
2025-12,BRADFORD TEACHING HOSPITALS NHS FOUNDATION TRUST,NHS ENGLAND NORTH EAST AND YORKSHIRE,13737,9699,2395,2395,699,50
2025-12,BRANSHOLME HEALTH CENTRE,NHS ENGLAND NORTH EAST AND YORKSHIRE,3846,0,525,0,0,0
2025-12,BRIDGEWATER COMMUNITY HEALTHCARE NHS FOUNDATION TRUST,NHS ENGLAND NORTH WEST,3088,0,130,0,0,0
2025-12,BRIDLINGTON HOSPITAL,NHS ENGLAND NORTH EAST AND YORKSHIRE,1526,0,62,0,0,0
2025-12,BRIGHTON STATION HEALTH CENTRE,NHS ENGLAND SOUTH EAST,1871,0,0,0,0,0
2025-12,BUCKINGHAMSHIRE HEALTHCARE NHS TRUST,NHS ENGLAND SOUTH EAST,13936,9649,3989,3938,205,204
2025-12,CALDERDALE AND HUDDERSFIELD NHS FOUNDATION TRUST,NHS ENGLAND NORTH EAST AND YORKSHIRE,15746,15746,3024,3024,1144,56
2025-12,CAMBRIDGE UNIVERSITY HOSPITALS NHS FOUNDATION TRUST,NHS ENGLAND EAST OF ENGLAND,15822,10979,4902,4799,527,420
2025-12,CENTRAL LONDON COMMUNITY HEALTHCARE NHS TRUST,NHS ENGLAND LONDON,11883,0,143,0,0,0
2025-12,CHELSEA AND WESTMINSTER HOSPITAL NHS FOUNDATION TRUST,NHS ENGLAND LONDON,26685,19984,5923,5683,922,51
2025-12,CHESTERFIELD ROYAL HOSPITAL NHS FOUNDATION TRUST,NHS ENGLAND MIDLANDS,12459,6384,3206,3165,637,385
2025-12,CHIPPENHAM COMMUNITY HOSPITAL,NHS ENGLAND SOUTH WEST,1364,0,13,0,0,0
2025-12,CORNWALL PARTNERSHIP NHS FOUNDATION TRUST,NHS ENGLAND SOUTH WEST,0,0,0,0,0,0
2025-12,COUNTESS OF CHESTER HOSPITAL NHS FOUNDATION TRUST,NHS ENGLAND NORTH WEST,7611,5495,2902,2600,437,634
2025-12,COUNTY DURHAM AND DARLINGTON NHS FOUNDATION TRUST,NHS ENGLAND NORTH EAST AND YORKSHIRE,16920,12861,5583,5583,1981,30
2025-12,COVENTRY AND WARWICKSHIRE PARTNERSHIP NHS TRUST,NHS ENGLAND MIDLANDS,0,0,0,0,0,0
2025-12,CROYDON HEALTH SERVICES NHS TRUST,NHS ENGLAND LONDON,18909,13592,4565,4565,311,691
2025-12,DARTFORD AND GRAVESHAM NHS TRUST,NHS ENGLAND SOUTH EAST,15460,11729,2960,2881,586,342
2025-12,DERBYSHIRE COMMUNITY HEALTH SERVICES NHS FOUNDATION TRUST,NHS ENGLAND MIDLANDS,6947,0,346,0,0,0
2025-12,DHU HEALTH CARE C.I.C,NHS ENGLAND MIDLANDS,2159,0,3,0,0,0
2025-12,DONCASTER AND BASSETLAW TEACHING HOSPITALS NHS FOUNDATION TRUST,NHS ENGLAND NORTH EAST AND YORKSHIRE,17275,13497,5338,5338,1246,235
2025-12,DORSET COUNTY HOSPITAL NHS FOUNDATION TRUST,NHS ENGLAND SOUTH WEST,4536,4536,1868,1868,220,63
2025-12,DORSET HEALTHCARE UNIVERSITY NHS FOUNDATION TRUST,NHS ENGLAND SOUTH WEST,0,0,0,0,0,0
2025-12,EAST AND NORTH HERTFORDSHIRE TEACHING NHS TRUST,NHS ENGLAND EAST OF ENGLAND,17659,9346,4925,4818,527,225
2025-12,EAST CHESHIRE NHS TRUST,NHS ENGLAND NORTH WEST,4450,4450,2192,2192,195,285
2025-12,EAST KENT HOSPITALS UNIVERSITY NHS FOUNDATION TRUST,NHS ENGLAND SOUTH EAST,26361,14024,7125,6794,597,1276
2025-12,EAST LANCASHIRE HOSPITALS NHS TRUST,NHS ENGLAND NORTH WEST,24319,13823,5387,4863,412,1139
2025-12,EAST RIDING COMMUNITY HOSPITAL,NHS ENGLAND NORTH EAST AND YORKSHIRE,3038,0,212,0,0,0
2025-12,EAST SUFFOLK AND NORTH ESSEX NHS FOUNDATION TRUST,NHS ENGLAND EAST OF ENGLAND,24403,11399,6114,5265,810,433
2025-12,EAST SUSSEX HEALTHCARE NHS TRUST,NHS ENGLAND SOUTH EAST,11300,9441,4058,4009,275,70
2025-12,EPSOM AND ST HELIER UNIVERSITY HOSPITALS NHS TRUST,NHS ENGLAND LONDON,13508,11581,3940,3817,722,821
2025-12,ERDINGTON GP HEALTH & WELLBEING WIC,NHS ENGLAND MIDLANDS,0,0,0,0,0,0
2025-12,FAVERSHAM MEDICAL PRACTICE MIU,NHS ENGLAND SOUTH EAST,3186,0,0,0,0,0
2025-12,FIRST COMMUNITY HEALTH AND CARE CIC,NHS ENGLAND SOUTH EAST,2224,0,4,0,0,0
2025-12,FRIMLEY HEALTH NHS FOUNDATION TRUST,NHS ENGLAND SOUTH EAST,34801,22507,9188,8969,1037,351
2025-12,GATESHEAD HEALTH NHS FOUNDATION TRUST,NHS ENGLAND NORTH EAST AND YORKSHIRE,10445,6245,2820,2793,884,2
2025-12,GEORGE ELIOT HOSPITAL NHS TRUST,NHS ENGLAND MIDLANDS,8754,7185,1907,1900,329,424
2025-12,GLOUCESTERSHIRE HEALTH AND CARE NHS FOUNDATION TRUST,NHS ENGLAND SOUTH WEST,7676,0,116,0,0,0
2025-12,GLOUCESTERSHIRE HOSPITALS NHS FOUNDATION TRUST,NHS ENGLAND SOUTH WEST,12939,12939,4733,4733,380,414
2025-12,GOOLE & DISTRICT HOSPITAL,NHS ENGLAND NORTH EAST AND YORKSHIRE,1790,0,5,0,0,0
2025-12,GREAT WESTERN HOSPITALS NHS FOUNDATION TRUST,NHS ENGLAND SOUTH WEST,11692,6312,3336,3035,786,209
2025-12,GUY'S AND ST THOMAS' NHS FOUNDATION TRUST,NHS ENGLAND LONDON,16883,10381,3542,3407,129,60
2025-12,HAMPSHIRE AND ISLE OF WIGHT HEALTHCARE NHS FOUNDATION TRUST,NHS ENGLAND SOUTH EAST,2752,0,31,0,0,0
2025-12,HAMPSHIRE HOSPITALS NHS FOUNDATION TRUST,NHS ENGLAND SOUTH EAST,14282,10601,5192,5071,202,6
2025-12,HAROLD WOOD POLYCLINIC UTC,NHS ENGLAND LONDON,2897,0,26,0,0,0
2025-12,HARROGATE AND DISTRICT NHS FOUNDATION TRUST,NHS ENGLAND NORTH EAST AND YORKSHIRE,6615,5262,1825,1825,159,6
2025-12,HASTINGS GP LED HEALTH CENTRE,NHS ENGLAND SOUTH EAST,1127,0,0,0,0,0
2025-12,HERNE BAY HEALTH CARE LTD,NHS ENGLAND SOUTH EAST,2761,0,0,0,0,0
2025-12,HERTFORDSHIRE COMMUNITY NHS TRUST,NHS ENGLAND EAST OF ENGLAND,1033,0,11,0,0,0
2025-12,HERTS URGENT CARE (ASCOTS LANE),NHS ENGLAND EAST OF ENGLAND,1857,0,37,0,0,0
2025-12,HOMERTON HEALTHCARE NHS FOUNDATION TRUST,NHS ENGLAND LONDON,11082,11082,2048,2048,226,25
2025-12,HULL UNIVERSITY TEACHING HOSPITALS NHS TRUST,NHS ENGLAND NORTH EAST AND YORKSHIRE,14458,10230,5764,5408,953,635
2025-12,HUMBER TEACHING NHS FOUNDATION TRUST,NHS ENGLAND NORTH EAST AND YORKSHIRE,1108,0,3,0,0,0
2025-12,IMPERIAL COLLEGE HEALTHCARE NHS TRUST,NHS ENGLAND LONDON,22105,12169,5405,5058,621,0
2025-12,ISLE OF WIGHT NHS TRUST,NHS ENGLAND SOUTH EAST,6000,4274,1750,1637,296,162
2025-12,JAMES PAGET UNIVERSITY HOSPITALS NHS FOUNDATION TRUST,NHS ENGLAND EAST OF ENGLAND,8611,7283,2285,2285,480,362
2025-12,KENT COMMUNITY HEALTH NHS FOUNDATION TRUST,NHS ENGLAND SOUTH EAST,6479,0,17,0,0,0
2025-12,KETTERING GENERAL HOSPITAL NHS FOUNDATION TRUST,NHS ENGLAND MIDLANDS,19488,10450,4011,3980,690,481
2025-12,KING'S COLLEGE HOSPITAL NHS FOUNDATION TRUST,NHS ENGLAND LONDON,24587,15697,7531,6760,1315,722
2025-12,KINGSTON AND RICHMOND NHS FOUNDATION TRUST,NHS ENGLAND LONDON,15300,7217,4309,3964,255,498
2025-12,LANCASHIRE TEACHING HOSPITALS NHS FOUNDATION TRUST,NHS ENGLAND NORTH WEST,15525,12275,4535,4443,1006,446
2025-12,LATHAM HOUSE MEDICAL PRACTICE,NHS ENGLAND MIDLANDS,283,0,0,0,0,0
2025-12,LEEDS TEACHING HOSPITALS NHS TRUST,NHS ENGLAND NORTH EAST AND YORKSHIRE,29270,17518,7807,7234,1349,809
2025-12,LEWISHAM AND GREENWICH NHS TRUST,NHS ENGLAND LONDON,32237,16397,8099,7768,1088,674
2025-12,LINCOLNSHIRE COMMUNITY HEALTH SERVICES NHS TRUST,NHS ENGLAND MIDLANDS,8220,0,166,0,0,0
2025-12,LIVERPOOL HEART AND CHEST HOSPITAL NHS FOUNDATION TRUST,NHS ENGLAND NORTH WEST,0,0,0,0,0,0
2025-12,LIVERPOOL UNIVERSITY HOSPITALS NHS FOUNDATION TRUST,NHS ENGLAND NORTH WEST,24603,15674,8134,7785,806,1111
2025-12,LIVERPOOL WOMEN'S NHS FOUNDATION TRUST,NHS ENGLAND NORTH WEST,1382,0,180,0,0,0
2025-12,LLR EA - THE MERLYN VAZ HEALTH & SOCIAL CARE CENTRE,NHS ENGLAND MIDLANDS,217,0,0,0,0,0
2025-12,LOCAL CARE DIRECT,NHS ENGLAND NORTH EAST AND YORKSHIRE,2515,0,9,0,0,0
2025-12,LONDON NORTH WEST UNIVERSITY HEALTHCARE NHS TRUST,NHS ENGLAND LONDON,29462,13918,8038,7172,649,673
2025-12,LOUGHBOROUGH URGENT CARE CENTRE,NHS ENGLAND MIDLANDS,5189,0,23,0,0,0
2025-12,MAIDSTONE AND TUNBRIDGE WELLS NHS TRUST,NHS ENGLAND SOUTH EAST,19937,18605,4861,4846,1010,383
2025-12,MANCHESTER UNIVERSITY NHS FOUNDATION TRUST,NHS ENGLAND NORTH WEST,39508,26603,10488,10068,3206,117
2025-12,MARKET HARBOROUGH,NHS ENGLAND MIDLANDS,97,0,0,0,0,0
2025-12,MARKET HARBOROUGH MED.CTR,NHS ENGLAND MIDLANDS,306,0,0,0,0,0
2025-12,MEDWAY NHS FOUNDATION TRUST,NHS ENGLAND SOUTH EAST,15450,9720,4950,3923,417,680
2025-12,MELTON MOWBRAY,NHS ENGLAND MIDLANDS,55,0,0,0,0,0
2025-12,MERSEY AND WEST LANCASHIRE TEACHING HOSPITALS NHS TRUST,NHS ENGLAND NORTH WEST,24902,17740,7541,7414,570,497
2025-12,MERSEY CARE NHS FOUNDATION TRUST,NHS ENGLAND NORTH WEST,13436,0,422,0,0,0
2025-12,MID AND SOUTH ESSEX NHS FOUNDATION TRUST,NHS ENGLAND EAST OF ENGLAND,35288,27713,11014,10824,2261,869
2025-12,MID CHESHIRE HOSPITALS NHS FOUNDATION TRUST,NHS ENGLAND NORTH WEST,9555,6779,3568,3555,488,551
2025-12,MID YORKSHIRE TEACHING NHS TRUST,NHS ENGLAND NORTH EAST AND YORKSHIRE,22701,16288,6710,6350,2001,315
2025-12,MILTON KEYNES UNIVERSITY HOSPITAL NHS FOUNDATION TRUST,NHS ENGLAND EAST OF ENGLAND,13431,7749,3228,3066,604,0
2025-12,MIRIAM MINOR EMERGENCY,NHS ENGLAND NORTH WEST,1787,0,0,0,0,0
2025-12,MOORFIELDS EYE HOSPITAL NHS FOUNDATION TRUST,NHS ENGLAND LONDON,5192,0,180,0,0,0
2025-12,NORFOLK AND NORWICH UNIVERSITY HOSPITALS NHS FOUNDATION TRUST,NHS ENGLAND EAST OF ENGLAND,20753,12638,3960,3957,706,257
2025-12,NORTH BRISTOL NHS TRUST,NHS ENGLAND SOUTH WEST,9074,9074,3144,3144,460,430
2025-12,NORTH CUMBRIA INTEGRATED CARE NHS FOUNDATION TRUST,NHS ENGLAND NORTH EAST AND YORKSHIRE,10319,8641,3914,3868,606,338
2025-12,NORTH EAST LONDON NHS FOUNDATION TRUST,NHS ENGLAND LONDON,1508,0,16,0,0,0
2025-12,NORTH TEES AND HARTLEPOOL NHS FOUNDATION TRUST,NHS ENGLAND NORTH EAST AND YORKSHIRE,16637,5187,2774,2726,292,33
2025-12,NORTH WEST ANGLIA NHS FOUNDATION TRUST,NHS ENGLAND EAST OF ENGLAND,20181,15671,6073,5968,572,865
2025-12,NORTHAMPTON GENERAL HOSPITAL NHS TRUST,NHS ENGLAND MIDLANDS,13503,10580,4524,4346,484,774
2025-12,NORTHERN CARE ALLIANCE NHS FOUNDATION TRUST,NHS ENGLAND NORTH WEST,36401,26198,11233,10888,1121,1085
2025-12,NORTHERN LINCOLNSHIRE AND GOOLE NHS FOUNDATION TRUST,NHS ENGLAND NORTH EAST AND YORKSHIRE,16345,9775,5778,5737,686,871
2025-12,NORTHUMBRIA HEALTHCARE NHS FOUNDATION TRUST,NHS ENGLAND NORTH EAST AND YORKSHIRE,23465,10826,3036,3036,89,0
2025-12,NOTTINGHAM UNIVERSITY HOSPITALS NHS TRUST,NHS ENGLAND MIDLANDS,23662,12838,9407,7926,196,578
2025-12,OADBY,NHS ENGLAND MIDLANDS,546,0,1,0,0,0
2025-12,OAKHAM,NHS ENGLAND MIDLANDS,55,0,0,0,0,0
2025-12,OKEHAMPTON MEDICAL CENTRE,NHS ENGLAND SOUTH WEST,53,0,0,0,0,0
2025-12,OXFORD HEALTH NHS FOUNDATION TRUST,NHS ENGLAND SOUTH EAST,3444,0,103,0,0,0
2025-12,OXFORD UNIVERSITY HOSPITALS NHS FOUNDATION TRUST,NHS ENGLAND SOUTH EAST,17371,12246,4212,4126,743,14
2025-12,PAULTON MEMORIAL HOSPITAL,NHS ENGLAND SOUTH WEST,1010,0,1,0,0,0
2025-12,PHL LYMINGTON UTC,NHS ENGLAND SOUTH EAST,2758,0,31,0,0,0
2025-12,PORTSMOUTH HOSPITALS UNIVERSITY NHS TRUST,NHS ENGLAND SOUTH EAST,14560,10779,4133,4119,773,1033
2025-12,PRACTICE PLUS GROUP HOSPITAL - SOUTHAMPTON,NHS ENGLAND SOUTH EAST,4862,0,35,0,0,0
2025-12,PRACTICE PLUS GROUP SURGICAL CENTRE - ST MARYS PORTSMOUTH,NHS ENGLAND SOUTH EAST,5032,0,178,0,0,0
2025-12,PUTNOE WALK IN CENTRE,NHS ENGLAND EAST OF ENGLAND,3460,0,0,0,0,0
2025-12,QUEEN VICTORIA HOSPITAL NHS FOUNDATION TRUST,NHS ENGLAND SOUTH EAST,1163,0,5,0,0,0
2025-12,ROSSENDALE MIU & OOH,NHS ENGLAND NORTH WEST,787,0,2,0,0,0
2025-12,ROYAL BERKSHIRE NHS FOUNDATION TRUST,NHS ENGLAND SOUTH EAST,15938,10977,3748,3714,347,12
2025-12,ROYAL CORNWALL HOSPITALS NHS TRUST,NHS ENGLAND SOUTH WEST,17162,6695,3813,3210,529,581
2025-12,ROYAL DEVON UNIVERSITY HEALTHCARE NHS FOUNDATION TRUST,NHS ENGLAND SOUTH WEST,15864,11950,5416,5412,876,272
2025-12,ROYAL FREE LONDON NHS FOUNDATION TRUST,NHS ENGLAND LONDON,43038,27408,10013,9294,1000,1921
2025-12,ROYAL NATIONAL ORTHOPAEDIC HOSPITAL NHS TRUST,NHS ENGLAND LONDON,0,0,0,0,0,0
2025-12,ROYAL SURREY NHS FOUNDATION TRUST,NHS ENGLAND SOUTH EAST,8217,6457,2061,2061,353,10
2025-12,ROYAL UNITED HOSPITALS BATH NHS FOUNDATION TRUST,NHS ENGLAND SOUTH WEST,9074,9074,3932,3932,874,137
2025-12,SALISBURY NHS FOUNDATION TRUST,NHS ENGLAND SOUTH WEST,6891,4458,1661,1661,417,101
2025-12,SANDWELL AND WEST BIRMINGHAM HOSPITALS NHS TRUST,NHS ENGLAND MIDLANDS,21200,11394,5672,5354,1036,422
2025-12,SHEFFIELD CHILDREN'S NHS FOUNDATION TRUST,NHS ENGLAND NORTH EAST AND YORKSHIRE,5461,4907,592,587,13,0
2025-12,SHEFFIELD TEACHING HOSPITALS NHS FOUNDATION TRUST,NHS ENGLAND NORTH EAST AND YORKSHIRE,17232,9074,5122,4702,1214,5
2025-12,SHERWOOD FOREST HOSPITALS NHS FOUNDATION TRUST,NHS ENGLAND MIDLANDS,16057,10530,5306,4775,860,642
2025-12,SHROPSHIRE COMMUNITY HEALTH NHS TRUST,NHS ENGLAND MIDLANDS,2808,0,11,0,0,0
2025-12,SIRONA CARE & HEALTH,NHS ENGLAND SOUTH WEST,7242,0,161,0,0,0
2025-12,SKELMERSDALE WALK IN CENTRE,NHS ENGLAND NORTH WEST,1706,0,41,0,0,0
2025-12,SLEAFORD MEDICAL GROUP,NHS ENGLAND MIDLANDS,489,0,0,0,0,0
2025-12,SOMERSET NHS FOUNDATION TRUST,NHS ENGLAND SOUTH WEST,20793,11873,6089,5902,502,132
2025-12,SOUTH BIRMINGHAM GP WALK IN CENTRE,NHS ENGLAND MIDLANDS,4387,0,0,0,0,0
2025-12,SOUTH TEES HOSPITALS NHS FOUNDATION TRUST,NHS ENGLAND NORTH EAST AND YORKSHIRE,16788,7786,4113,3671,327,11
2025-12,SOUTH TYNESIDE AND SUNDERLAND NHS FOUNDATION TRUST,NHS ENGLAND NORTH EAST AND YORKSHIRE,17986,11522,5906,5763,937,4
2025-12,SOUTH WARWICKSHIRE UNIVERSITY NHS FOUNDATION TRUST,NHS ENGLAND MIDLANDS,8450,8104,2015,2015,396,49
2025-12,SOUTH WEST YORKSHIRE PARTNERSHIP NHS FOUNDATION TRUST,NHS ENGLAND NORTH EAST AND YORKSHIRE,0,0,0,0,0,0
2025-12,SOUTH WESTERN AMBULANCE SERVICE NHS FOUNDATION TRUST,NHS ENGLAND SOUTH WEST,1808,0,23,0,0,0
2025-12,ST GEORGE'S UNIVERSITY HOSPITALS NHS FOUNDATION TRUST,NHS ENGLAND LONDON,12487,8872,2348,2272,377,457
2025-12,STOCKPORT NHS FOUNDATION TRUST,NHS ENGLAND NORTH WEST,9118,8034,3260,3226,596,438
2025-12,SUMMERFIELD URGENT CARE CENTRE,NHS ENGLAND MIDLANDS,3033,0,0,0,0,0
2025-12,SURREY AND SUSSEX HEALTHCARE NHS TRUST,NHS ENGLAND SOUTH EAST,10436,10436,4737,4737,573,727
2025-12,SUSSEX COMMUNITY NHS FOUNDATION TRUST,NHS ENGLAND SOUTH EAST,11047,0,215,0,0,0
2025-12,TAMESIDE AND GLOSSOP INTEGRATED CARE NHS FOUNDATION TRUST,NHS ENGLAND NORTH WEST,11480,8135,4322,4160,361,732
2025-12,TETBURY HOSPITAL TRUST LTD,NHS ENGLAND SOUTH WEST,587,0,0,0,0,0
2025-12,THE CHRISTIE NHS FOUNDATION TRUST,NHS ENGLAND NORTH WEST,0,0,0,0,0,0
2025-12,THE DUDLEY GROUP NHS FOUNDATION TRUST,NHS ENGLAND MIDLANDS,14139,9815,4286,4068,2856,155
2025-12,THE HILLINGDON HOSPITALS NHS FOUNDATION TRUST,NHS ENGLAND LONDON,12544,5634,3105,3050,449,32
2025-12,THE NEWCASTLE UPON TYNE HOSPITALS NHS FOUNDATION TRUST,NHS ENGLAND NORTH EAST AND YORKSHIRE,20587,12604,5279,5205,569,65
2025-12,THE PINN UNREGISTERED WIC,NHS ENGLAND LONDON,1005,0,0,0,0,0
2025-12,THE PRINCESS ALEXANDRA HOSPITAL NHS TRUST,NHS ENGLAND EAST OF ENGLAND,10633,8104,2415,2415,492,181
2025-12,"THE QUEEN ELIZABETH HOSPITAL, KING'S LYNN, NHS FOUNDATION TRUST",NHS ENGLAND EAST OF ENGLAND,7862,6527,2656,2656,797,160
2025-12,THE ROBERT JONES AND AGNES HUNT ORTHOPAEDIC HOSPITAL NHS FOUNDATION TRUST,NHS ENGLAND MIDLANDS,0,0,0,0,0,0
2025-12,THE ROTHERHAM NHS FOUNDATION TRUST,NHS ENGLAND NORTH EAST AND YORKSHIRE,9857,9857,3359,3359,808,22
2025-12,THE ROYAL WOLVERHAMPTON NHS TRUST,NHS ENGLAND MIDLANDS,19913,10941,4797,4264,883,530
2025-12,THE SHREWSBURY AND TELFORD HOSPITAL NHS TRUST,NHS ENGLAND MIDLANDS,13569,10764,6507,6049,497,1429
2025-12,THE WALTON CENTRE NHS FOUNDATION TRUST,NHS ENGLAND NORTH WEST,0,0,0,0,0,0
2025-12,TORBAY AND SOUTH DEVON NHS FOUNDATION TRUST,NHS ENGLAND SOUTH WEST,9531,6606,2814,2812,155,56
2025-12,TROWBRIDGE MINOR INJURIES UNIT,NHS ENGLAND SOUTH WEST,993,0,1,0,0,0
2025-12,UNITED LINCOLNSHIRE TEACHING HOSPITALS NHS TRUST,NHS ENGLAND MIDLANDS,21422,17127,7171,6863,877,1081
2025-12,UNIVERSITY COLLEGE LONDON HOSPITALS NHS FOUNDATION TRUST,NHS ENGLAND LONDON,13329,13329,3677,3677,379,128
2025-12,UNIVERSITY HOSPITAL SOUTHAMPTON NHS FOUNDATION TRUST,NHS ENGLAND SOUTH EAST,12891,11758,4495,4459,568,11
2025-12,UNIVERSITY HOSPITALS BIRMINGHAM NHS FOUNDATION TRUST,NHS ENGLAND MIDLANDS,36732,33408,13795,13755,3075,1269
2025-12,UNIVERSITY HOSPITALS BRISTOL AND WESTON NHS FOUNDATION TRUST,NHS ENGLAND SOUTH WEST,18318,16151,6125,5956,1219,496
2025-12,UNIVERSITY HOSPITALS COVENTRY AND WARWICKSHIRE NHS TRUST,NHS ENGLAND MIDLANDS,21117,12997,5818,5550,52,14
2025-12,UNIVERSITY HOSPITALS DORSET NHS FOUNDATION TRUST,NHS ENGLAND SOUTH WEST,18473,14438,6298,6298,1095,395
2025-12,UNIVERSITY HOSPITALS OF DERBY AND BURTON NHS FOUNDATION TRUST,NHS ENGLAND MIDLANDS,30314,20794,10199,10071,1284,770
2025-12,UNIVERSITY HOSPITALS OF LEICESTER NHS TRUST,NHS ENGLAND MIDLANDS,23959,22050,8213,8067,1270,520
2025-12,UNIVERSITY HOSPITALS OF MORECAMBE BAY NHS FOUNDATION TRUST,NHS ENGLAND NORTH WEST,11333,8766,3891,3818,736,609
2025-12,UNIVERSITY HOSPITALS OF NORTH MIDLANDS NHS TRUST,NHS ENGLAND MIDLANDS,22667,14115,8183,7811,1035,1035
2025-12,UNIVERSITY HOSPITALS PLYMOUTH NHS TRUST,NHS ENGLAND SOUTH WEST,15981,8876,5130,5057,688,441
2025-12,UNIVERSITY HOSPITALS SUSSEX NHS FOUNDATION TRUST,NHS ENGLAND SOUTH EAST,30091,27283,11444,11226,905,718
2025-12,WALSALL HEALTHCARE NHS TRUST,NHS ENGLAND MIDLANDS,13874,9994,3984,3869,922,620
2025-12,WARRINGTON AND HALTON TEACHING HOSPITALS NHS FOUNDATION TRUST,NHS ENGLAND NORTH WEST,9733,6918,3699,3672,814,772
2025-12,WEST HERTFORDSHIRE TEACHING HOSPITALS NHS TRUST,NHS ENGLAND EAST OF ENGLAND,16276,8832,2771,2577,669,27
2025-12,WEST SUFFOLK NHS FOUNDATION TRUST,NHS ENGLAND EAST OF ENGLAND,8665,7850,2566,2566,481,341
2025-12,WHITSTABLE MEDICAL PRACTICE,NHS ENGLAND SOUTH EAST,4984,0,0,0,0,0
2025-12,WHITTINGTON HEALTH NHS TRUST,NHS ENGLAND LONDON,9136,9136,2819,2819,282,258
2025-12,WIRRAL COMMUNITY HEALTH AND CARE NHS FOUNDATION TRUST,NHS ENGLAND NORTH WEST,3401,0,324,0,0,0
2025-12,WIRRAL UNIVERSITY TEACHING HOSPITAL NHS FOUNDATION TRUST,NHS ENGLAND NORTH WEST,10979,7893,4623,4414,480,897
2025-12,WOKING WALK IN CENTRE,NHS ENGLAND SOUTH EAST,2599,0,28,0,0,0
2025-12,WORCESTERSHIRE ACUTE HOSPITALS NHS TRUST,NHS ENGLAND MIDLANDS,18329,13727,7345,7261,1189,1035
2025-12,WORKINGTON HEALTH LIMITED,NHS ENGLAND NORTH EAST AND YORKSHIRE,316,0,0,0,0,0
2025-12,"WRIGHTINGTON, WIGAN AND LEIGH NHS FOUNDATION TRUST",NHS ENGLAND NORTH WEST,12443,8080,4133,4062,548,453
2025-12,WYE VALLEY NHS TRUST,NHS ENGLAND MIDLANDS,6897,5847,2414,2414,400,202
2025-12,YORK AND SCARBOROUGH TEACHING HOSPITALS NHS FOUNDATION TRUST,NHS ENGLAND NORTH EAST AND YORKSHIRE,17910,11321,6152,5819,817,759
2026-01,AIREDALE NHS FOUNDATION TRUST,NHS ENGLAND NORTH EAST AND YORKSHIRE,6338,6127,2600,2600,576,301
2026-01,ALDER HEY CHILDREN'S NHS FOUNDATION TRUST,NHS ENGLAND NORTH WEST,6012,6012,823,823,0,0
2026-01,ASHFORD AND ST PETER'S HOSPITALS NHS FOUNDATION TRUST,NHS ENGLAND SOUTH EAST,10530,7877,4258,4216,574,424
2026-01,ASHFORD WALK-IN-CENTRE,NHS ENGLAND SOUTH EAST,2350,0,28,0,0,0
2026-01,ASSURA VERTIS URGENT CARE CENTRES (BIRMINGHAM),NHS ENGLAND MIDLANDS,3237,0,0,0,0,0
2026-01,BADGER LTD,NHS ENGLAND MIDLANDS,0,0,0,0,0,0
2026-01,BARKING HOSPITAL UTC,NHS ENGLAND LONDON,2520,0,10,0,0,0
2026-01,"BARKING, HAVERING AND REDBRIDGE UNIVERSITY HOSPITALS NHS TRUST",NHS ENGLAND LONDON,30178,13676,7410,6707,540,1361
2026-01,BARNSLEY HOSPITAL NHS FOUNDATION TRUST,NHS ENGLAND NORTH EAST AND YORKSHIRE,9365,9365,3429,3429,915,19
2026-01,BARTS HEALTH NHS TRUST,NHS ENGLAND LONDON,44832,26186,12959,11785,1058,1352
2026-01,BECKENHAM BEACON UCC,NHS ENGLAND LONDON,3343,0,7,0,0,0
2026-01,BEDFORDSHIRE HOSPITALS NHS FOUNDATION TRUST,NHS ENGLAND EAST OF ENGLAND,26439,17269,6734,6734,82,92
2026-01,BERKSHIRE HEALTHCARE NHS FOUNDATION TRUST,NHS ENGLAND SOUTH EAST,1325,0,14,0,0,0
2026-01,BIRMINGHAM WOMEN'S AND CHILDREN'S NHS FOUNDATION TRUST,NHS ENGLAND MIDLANDS,4501,4501,1009,1009,33,4
2026-01,BLACKPOOL TEACHING HOSPITALS NHS FOUNDATION TRUST,NHS ENGLAND NORTH WEST,18784,9001,4730,4500,578,650
2026-01,BOLTON NHS FOUNDATION TRUST,NHS ENGLAND NORTH WEST,11947,8324,4521,4154,445,531
2026-01,BRADFORD TEACHING HOSPITALS NHS FOUNDATION TRUST,NHS ENGLAND NORTH EAST AND YORKSHIRE,13580,9305,2145,2144,594,83
2026-01,BRANSHOLME HEALTH CENTRE,NHS ENGLAND NORTH EAST AND YORKSHIRE,3624,0,266,0,0,0
2026-01,BRIDGEWATER COMMUNITY HEALTHCARE NHS FOUNDATION TRUST,NHS ENGLAND NORTH WEST,3061,0,33,0,0,0
2026-01,BRIDLINGTON HOSPITAL,NHS ENGLAND NORTH EAST AND YORKSHIRE,1283,0,23,0,0,0
2026-01,BRIGHTON STATION HEALTH CENTRE,NHS ENGLAND SOUTH EAST,1838,0,0,0,0,0
2026-01,BUCKINGHAMSHIRE HEALTHCARE NHS TRUST,NHS ENGLAND SOUTH EAST,13931,9621,3945,3889,158,469
2026-01,CALDERDALE AND HUDDERSFIELD NHS FOUNDATION TRUST,NHS ENGLAND NORTH EAST AND YORKSHIRE,15944,15944,2970,2970,1617,145
2026-01,CAMBRIDGE UNIVERSITY HOSPITALS NHS FOUNDATION TRUST,NHS ENGLAND EAST OF ENGLAND,16313,11197,5328,5218,538,729
2026-01,CENTRAL LONDON COMMUNITY HEALTHCARE NHS TRUST,NHS ENGLAND LONDON,11622,0,195,0,0,0
2026-01,CHELSEA AND WESTMINSTER HOSPITAL NHS FOUNDATION TRUST,NHS ENGLAND LONDON,26947,20360,6265,6068,1360,54
2026-01,CHESTERFIELD ROYAL HOSPITAL NHS FOUNDATION TRUST,NHS ENGLAND MIDLANDS,10957,5497,4060,4006,767,628
2026-01,CHIPPENHAM COMMUNITY HOSPITAL,NHS ENGLAND SOUTH WEST,1504,0,14,0,0,0
2026-01,CORNWALL PARTNERSHIP NHS FOUNDATION TRUST,NHS ENGLAND SOUTH WEST,0,0,0,0,0,0
2026-01,COUNTESS OF CHESTER HOSPITAL NHS FOUNDATION TRUST,NHS ENGLAND NORTH WEST,7781,5364,3351,2934,262,865
2026-01,COUNTY DURHAM AND DARLINGTON NHS FOUNDATION TRUST,NHS ENGLAND NORTH EAST AND YORKSHIRE,16579,12948,5904,5904,2176,45
2026-01,COVENTRY AND WARWICKSHIRE PARTNERSHIP NHS TRUST,NHS ENGLAND MIDLANDS,0,0,0,0,0,0
2026-01,CROYDON HEALTH SERVICES NHS TRUST,NHS ENGLAND LONDON,18733,13686,4963,4963,224,814
2026-01,DARTFORD AND GRAVESHAM NHS TRUST,NHS ENGLAND SOUTH EAST,15203,11427,3070,3042,536,502
2026-01,DERBYSHIRE COMMUNITY HEALTH SERVICES NHS FOUNDATION TRUST,NHS ENGLAND MIDLANDS,6814,0,212,0,0,0
2026-01,DHU HEALTH CARE C.I.C,NHS ENGLAND MIDLANDS,1937,0,11,0,0,0
2026-01,DONCASTER AND BASSETLAW TEACHING HOSPITALS NHS FOUNDATION TRUST,NHS ENGLAND NORTH EAST AND YORKSHIRE,17819,13844,5718,5716,1288,339
2026-01,DORSET COUNTY HOSPITAL NHS FOUNDATION TRUST,NHS ENGLAND SOUTH WEST,4499,4499,1806,1806,229,114
2026-01,DORSET HEALTHCARE UNIVERSITY NHS FOUNDATION TRUST,NHS ENGLAND SOUTH WEST,0,0,0,0,0,0
2026-01,EAST AND NORTH HERTFORDSHIRE TEACHING NHS TRUST,NHS ENGLAND EAST OF ENGLAND,18000,9586,5645,5582,698,334
2026-01,EAST CHESHIRE NHS TRUST,NHS ENGLAND NORTH WEST,4314,4314,2554,2554,254,384
2026-01,EAST KENT HOSPITALS UNIVERSITY NHS FOUNDATION TRUST,NHS ENGLAND SOUTH EAST,25163,13369,6536,6172,511,1208
2026-01,EAST LANCASHIRE HOSPITALS NHS TRUST,NHS ENGLAND NORTH WEST,24861,13668,5608,4842,304,1407
2026-01,EAST RIDING COMMUNITY HOSPITAL,NHS ENGLAND NORTH EAST AND YORKSHIRE,2419,0,138,0,0,0
2026-01,EAST SUFFOLK AND NORTH ESSEX NHS FOUNDATION TRUST,NHS ENGLAND EAST OF ENGLAND,24344,11181,6214,5267,674,744
2026-01,EAST SUSSEX HEALTHCARE NHS TRUST,NHS ENGLAND SOUTH EAST,11520,9503,4617,4576,225,197
2026-01,EPSOM AND ST HELIER UNIVERSITY HOSPITALS NHS TRUST,NHS ENGLAND LONDON,13411,11244,3643,3440,580,913
2026-01,ERDINGTON GP HEALTH & WELLBEING WIC,NHS ENGLAND MIDLANDS,0,0,0,0,0,0
2026-01,FAVERSHAM MEDICAL PRACTICE MIU,NHS ENGLAND SOUTH EAST,3162,0,0,0,0,0
2026-01,FIRST COMMUNITY HEALTH AND CARE CIC,NHS ENGLAND SOUTH EAST,2236,0,17,0,0,0
2026-01,FRIMLEY HEALTH NHS FOUNDATION TRUST,NHS ENGLAND SOUTH EAST,35682,23318,11371,11117,1272,743
2026-01,GATESHEAD HEALTH NHS FOUNDATION TRUST,NHS ENGLAND NORTH EAST AND YORKSHIRE,10109,5916,3119,3081,1068,12
2026-01,GEORGE ELIOT HOSPITAL NHS TRUST,NHS ENGLAND MIDLANDS,8681,7067,2292,2268,347,568
2026-01,GLOUCESTERSHIRE HEALTH AND CARE NHS FOUNDATION TRUST,NHS ENGLAND SOUTH WEST,7989,0,105,0,0,0
2026-01,GLOUCESTERSHIRE HOSPITALS NHS FOUNDATION TRUST,NHS ENGLAND SOUTH WEST,13205,13205,5315,5315,318,543
2026-01,GOOLE & DISTRICT HOSPITAL,NHS ENGLAND NORTH EAST AND YORKSHIRE,1571,0,21,0,0,0
2026-01,GREAT WESTERN HOSPITALS NHS FOUNDATION TRUST,NHS ENGLAND SOUTH WEST,11670,6337,3887,3548,527,463
2026-01,GUY'S AND ST THOMAS' NHS FOUNDATION TRUST,NHS ENGLAND LONDON,16995,10484,4061,3908,127,59
2026-01,HAMPSHIRE AND ISLE OF WIGHT HEALTHCARE NHS FOUNDATION TRUST,NHS ENGLAND SOUTH EAST,2858,0,43,0,0,0
2026-01,HAMPSHIRE HOSPITALS NHS FOUNDATION TRUST,NHS ENGLAND SOUTH EAST,14443,10362,6289,6010,429,53
2026-01,HAROLD WOOD POLYCLINIC UTC,NHS ENGLAND LONDON,2911,0,13,0,0,0
2026-01,HARROGATE AND DISTRICT NHS FOUNDATION TRUST,NHS ENGLAND NORTH EAST AND YORKSHIRE,6454,5166,1846,1844,422,43
2026-01,HASTINGS GP LED HEALTH CENTRE,NHS ENGLAND SOUTH EAST,1059,0,0,0,0,0
2026-01,HERNE BAY HEALTH CARE LTD,NHS ENGLAND SOUTH EAST,2650,0,0,0,0,0
2026-01,HERTFORDSHIRE COMMUNITY NHS TRUST,NHS ENGLAND EAST OF ENGLAND,1040,0,7,0,0,0
2026-01,HERTS URGENT CARE (ASCOTS LANE),NHS ENGLAND EAST OF ENGLAND,1941,0,37,0,0,0
2026-01,HOMERTON HEALTHCARE NHS FOUNDATION TRUST,NHS ENGLAND LONDON,11326,11326,2399,2399,322,36
2026-01,HULL UNIVERSITY TEACHING HOSPITALS NHS TRUST,NHS ENGLAND NORTH EAST AND YORKSHIRE,14254,10124,5723,5408,798,856
2026-01,HUMBER TEACHING NHS FOUNDATION TRUST,NHS ENGLAND NORTH EAST AND YORKSHIRE,879,0,1,0,0,0
2026-01,IMPERIAL COLLEGE HEALTHCARE NHS TRUST,NHS ENGLAND LONDON,22688,12325,5699,5303,564,0
2026-01,ISLE OF WIGHT NHS TRUST,NHS ENGLAND SOUTH EAST,5695,4083,1812,1710,287,307
2026-01,JAMES PAGET UNIVERSITY HOSPITALS NHS FOUNDATION TRUST,NHS ENGLAND EAST OF ENGLAND,9039,7247,2533,2533,577,417
2026-01,KENT COMMUNITY HEALTH NHS FOUNDATION TRUST,NHS ENGLAND SOUTH EAST,6460,0,38,0,0,0
2026-01,KETTERING GENERAL HOSPITAL NHS FOUNDATION TRUST,NHS ENGLAND MIDLANDS,19295,10704,4189,4181,614,647
2026-01,KING'S COLLEGE HOSPITAL NHS FOUNDATION TRUST,NHS ENGLAND LONDON,25541,16373,8460,7823,1503,1145
2026-01,KINGSTON AND RICHMOND NHS FOUNDATION TRUST,NHS ENGLAND LONDON,14988,7010,4543,4131,176,667
2026-01,LANCASHIRE TEACHING HOSPITALS NHS FOUNDATION TRUST,NHS ENGLAND NORTH WEST,15195,12016,4965,4833,1163,523
2026-01,LATHAM HOUSE MEDICAL PRACTICE,NHS ENGLAND MIDLANDS,322,0,0,0,0,0
2026-01,LEEDS TEACHING HOSPITALS NHS TRUST,NHS ENGLAND NORTH EAST AND YORKSHIRE,29818,18079,7852,7513,1129,1030
2026-01,LEWISHAM AND GREENWICH NHS TRUST,NHS ENGLAND LONDON,32409,16319,9383,8960,1147,943
2026-01,LINCOLNSHIRE COMMUNITY HEALTH SERVICES NHS TRUST,NHS ENGLAND MIDLANDS,7660,0,146,0,0,0
2026-01,LIVERPOOL HEART AND CHEST HOSPITAL NHS FOUNDATION TRUST,NHS ENGLAND NORTH WEST,0,0,0,0,0,0
2026-01,LIVERPOOL UNIVERSITY HOSPITALS NHS FOUNDATION TRUST,NHS ENGLAND NORTH WEST,25692,16038,8572,8285,739,1485
2026-01,LIVERPOOL WOMEN'S NHS FOUNDATION TRUST,NHS ENGLAND NORTH WEST,1575,0,164,0,0,0
2026-01,LLR EA - THE MERLYN VAZ HEALTH & SOCIAL CARE CENTRE,NHS ENGLAND MIDLANDS,207,0,1,0,0,0
2026-01,LOCAL CARE DIRECT,NHS ENGLAND NORTH EAST AND YORKSHIRE,2462,0,9,0,0,0
2026-01,LONDON NORTH WEST UNIVERSITY HEALTHCARE NHS TRUST,NHS ENGLAND LONDON,29520,13710,8517,7893,802,776
2026-01,LOUGHBOROUGH URGENT CARE CENTRE,NHS ENGLAND MIDLANDS,5147,0,37,0,0,0
2026-01,MAIDSTONE AND TUNBRIDGE WELLS NHS TRUST,NHS ENGLAND SOUTH EAST,20903,18969,5311,5286,910,629
2026-01,MANCHESTER UNIVERSITY NHS FOUNDATION TRUST,NHS ENGLAND NORTH WEST,40731,26747,11450,10951,4363,188
2026-01,MARKET HARBOROUGH,NHS ENGLAND MIDLANDS,106,0,0,0,0,0
2026-01,MARKET HARBOROUGH MED.CTR,NHS ENGLAND MIDLANDS,219,0,0,0,0,0
2026-01,MEDWAY NHS FOUNDATION TRUST,NHS ENGLAND SOUTH EAST,15128,9581,4863,4097,312,869
2026-01,MELTON MOWBRAY,NHS ENGLAND MIDLANDS,59,0,1,0,0,0
2026-01,MERSEY AND WEST LANCASHIRE TEACHING HOSPITALS NHS TRUST,NHS ENGLAND NORTH WEST,24623,17418,6768,6696,410,573
2026-01,MERSEY CARE NHS FOUNDATION TRUST,NHS ENGLAND NORTH WEST,13161,0,314,0,0,0
2026-01,MID AND SOUTH ESSEX NHS FOUNDATION TRUST,NHS ENGLAND EAST OF ENGLAND,33725,26230,11890,11399,2637,951
2026-01,MID CHESHIRE HOSPITALS NHS FOUNDATION TRUST,NHS ENGLAND NORTH WEST,9841,6966,3495,3491,417,590
2026-01,MID YORKSHIRE TEACHING NHS TRUST,NHS ENGLAND NORTH EAST AND YORKSHIRE,22530,16197,6808,6542,2350,1038
2026-01,MILTON KEYNES UNIVERSITY HOSPITAL NHS FOUNDATION TRUST,NHS ENGLAND EAST OF ENGLAND,13501,8057,4161,3997,935,0
2026-01,MIRIAM MINOR EMERGENCY,NHS ENGLAND NORTH WEST,1700,0,0,0,0,0
2026-01,MOORFIELDS EYE HOSPITAL NHS FOUNDATION TRUST,NHS ENGLAND LONDON,5617,0,271,0,0,0
2026-01,NORFOLK AND NORWICH UNIVERSITY HOSPITALS NHS FOUNDATION TRUST,NHS ENGLAND EAST OF ENGLAND,19875,12503,4256,4255,652,555
2026-01,NORTH BRISTOL NHS TRUST,NHS ENGLAND SOUTH WEST,9077,9077,3607,3607,523,564
2026-01,NORTH CUMBRIA INTEGRATED CARE NHS FOUNDATION TRUST,NHS ENGLAND NORTH EAST AND YORKSHIRE,10449,8906,4383,4344,635,603
2026-01,NORTH EAST LONDON NHS FOUNDATION TRUST,NHS ENGLAND LONDON,1623,0,40,0,0,0
2026-01,NORTH TEES AND HARTLEPOOL NHS FOUNDATION TRUST,NHS ENGLAND NORTH EAST AND YORKSHIRE,16038,5067,3147,3116,353,65
2026-01,NORTH WEST ANGLIA NHS FOUNDATION TRUST,NHS ENGLAND EAST OF ENGLAND,20367,15653,6752,6612,554,1056
2026-01,NORTHAMPTON GENERAL HOSPITAL NHS TRUST,NHS ENGLAND MIDLANDS,13412,10676,4430,4333,407,923
2026-01,NORTHERN CARE ALLIANCE NHS FOUNDATION TRUST,NHS ENGLAND NORTH WEST,36255,26583,10770,10504,893,1610
2026-01,NORTHERN LINCOLNSHIRE AND GOOLE NHS FOUNDATION TRUST,NHS ENGLAND NORTH EAST AND YORKSHIRE,16692,9631,5687,5647,676,1139
2026-01,NORTHUMBRIA HEALTHCARE NHS FOUNDATION TRUST,NHS ENGLAND NORTH EAST AND YORKSHIRE,22516,10331,3062,3062,99,0
2026-01,NOTTINGHAM UNIVERSITY HOSPITALS NHS TRUST,NHS ENGLAND MIDLANDS,23604,12595,9511,7716,164,1027
2026-01,OADBY,NHS ENGLAND MIDLANDS,551,0,2,0,0,0
2026-01,OAKHAM,NHS ENGLAND MIDLANDS,62,0,1,0,0,0
2026-01,OKEHAMPTON MEDICAL CENTRE,NHS ENGLAND SOUTH WEST,62,0,0,0,0,0
2026-01,OXFORD HEALTH NHS FOUNDATION TRUST,NHS ENGLAND SOUTH EAST,3872,0,118,0,0,0
2026-01,OXFORD UNIVERSITY HOSPITALS NHS FOUNDATION TRUST,NHS ENGLAND SOUTH EAST,17575,12324,4006,3953,620,23
2026-01,PAULTON MEMORIAL HOSPITAL,NHS ENGLAND SOUTH WEST,1043,0,5,0,0,0
2026-01,PHL LYMINGTON UTC,NHS ENGLAND SOUTH EAST,2705,0,13,0,0,0
2026-01,PORTSMOUTH HOSPITALS UNIVERSITY NHS TRUST,NHS ENGLAND SOUTH EAST,14924,10780,4306,4300,719,1400
2026-01,PRACTICE PLUS GROUP HOSPITAL - SOUTHAMPTON,NHS ENGLAND SOUTH EAST,5146,0,71,0,0,0
2026-01,PRACTICE PLUS GROUP SURGICAL CENTRE - ST MARYS PORTSMOUTH,NHS ENGLAND SOUTH EAST,4866,0,227,0,0,0
2026-01,PUTNOE WALK IN CENTRE,NHS ENGLAND EAST OF ENGLAND,2871,0,0,0,0,0
2026-01,QUEEN VICTORIA HOSPITAL NHS FOUNDATION TRUST,NHS ENGLAND SOUTH EAST,1167,0,4,0,0,0
2026-01,ROSSENDALE MIU & OOH,NHS ENGLAND NORTH WEST,854,0,1,0,0,0
2026-01,ROYAL BERKSHIRE NHS FOUNDATION TRUST,NHS ENGLAND SOUTH EAST,16244,11180,4360,4292,336,11
2026-01,ROYAL CORNWALL HOSPITALS NHS TRUST,NHS ENGLAND SOUTH WEST,17447,6796,4395,3732,613,773
2026-01,ROYAL DEVON UNIVERSITY HEALTHCARE NHS FOUNDATION TRUST,NHS ENGLAND SOUTH WEST,16495,12593,5848,5840,1073,430
2026-01,ROYAL FREE LONDON NHS FOUNDATION TRUST,NHS ENGLAND LONDON,43338,27220,10626,9515,739,2508
2026-01,ROYAL NATIONAL ORTHOPAEDIC HOSPITAL NHS TRUST,NHS ENGLAND LONDON,0,0,0,0,0,0
2026-01,ROYAL SURREY NHS FOUNDATION TRUST,NHS ENGLAND SOUTH EAST,8646,6755,2764,2764,543,136
2026-01,ROYAL UNITED HOSPITALS BATH NHS FOUNDATION TRUST,NHS ENGLAND SOUTH WEST,8979,8979,4112,4112,1058,328
2026-01,SALISBURY NHS FOUNDATION TRUST,NHS ENGLAND SOUTH WEST,7058,4691,2163,2163,434,171
2026-01,SANDWELL AND WEST BIRMINGHAM HOSPITALS NHS TRUST,NHS ENGLAND MIDLANDS,20515,11472,5912,5655,723,645
2026-01,SHEFFIELD CHILDREN'S NHS FOUNDATION TRUST,NHS ENGLAND NORTH EAST AND YORKSHIRE,4619,4169,305,305,3,0
2026-01,SHEFFIELD TEACHING HOSPITALS NHS FOUNDATION TRUST,NHS ENGLAND NORTH EAST AND YORKSHIRE,17305,9248,5882,5409,1527,16
2026-01,SHERWOOD FOREST HOSPITALS NHS FOUNDATION TRUST,NHS ENGLAND MIDLANDS,16632,11441,5104,4631,837,689
2026-01,SHROPSHIRE COMMUNITY HEALTH NHS TRUST,NHS ENGLAND MIDLANDS,2888,0,5,0,0,0
2026-01,SIRONA CARE & HEALTH,NHS ENGLAND SOUTH WEST,7859,0,116,0,0,0
2026-01,SKELMERSDALE WALK IN CENTRE,NHS ENGLAND NORTH WEST,1552,0,4,0,0,0
2026-01,SLEAFORD MEDICAL GROUP,NHS ENGLAND MIDLANDS,561,0,0,0,0,0
2026-01,SOMERSET NHS FOUNDATION TRUST,NHS ENGLAND SOUTH WEST,21001,11844,6888,6579,839,330
2026-01,SOUTH BIRMINGHAM GP WALK IN CENTRE,NHS ENGLAND MIDLANDS,3507,0,0,0,0,0
2026-01,SOUTH TEES HOSPITALS NHS FOUNDATION TRUST,NHS ENGLAND NORTH EAST AND YORKSHIRE,16430,7582,4539,4082,587,58
2026-01,SOUTH TYNESIDE AND SUNDERLAND NHS FOUNDATION TRUST,NHS ENGLAND NORTH EAST AND YORKSHIRE,17745,11310,6202,5981,1220,0
2026-01,SOUTH WARWICKSHIRE UNIVERSITY NHS FOUNDATION TRUST,NHS ENGLAND MIDLANDS,8629,8243,2728,2728,558,235
2026-01,SOUTH WEST YORKSHIRE PARTNERSHIP NHS FOUNDATION TRUST,NHS ENGLAND NORTH EAST AND YORKSHIRE,0,0,0,0,0,0
2026-01,SOUTH WESTERN AMBULANCE SERVICE NHS FOUNDATION TRUST,NHS ENGLAND SOUTH WEST,1859,0,27,0,0,0
2026-01,ST GEORGE'S UNIVERSITY HOSPITALS NHS FOUNDATION TRUST,NHS ENGLAND LONDON,13000,9068,3132,3013,432,697
2026-01,STOCKPORT NHS FOUNDATION TRUST,NHS ENGLAND NORTH WEST,9047,8068,3547,3478,655,564
2026-01,SUMMERFIELD URGENT CARE CENTRE,NHS ENGLAND MIDLANDS,2840,0,0,0,0,0
2026-01,SURREY AND SUSSEX HEALTHCARE NHS TRUST,NHS ENGLAND SOUTH EAST,10034,10034,4418,4418,515,783
2026-01,SUSSEX COMMUNITY NHS FOUNDATION TRUST,NHS ENGLAND SOUTH EAST,11207,0,126,0,0,0
2026-01,TAMESIDE AND GLOSSOP INTEGRATED CARE NHS FOUNDATION TRUST,NHS ENGLAND NORTH WEST,11253,8359,4680,4561,232,904
2026-01,TETBURY HOSPITAL TRUST LTD,NHS ENGLAND SOUTH WEST,589,0,1,0,0,0
2026-01,THE CHRISTIE NHS FOUNDATION TRUST,NHS ENGLAND NORTH WEST,0,0,0,0,0,0
2026-01,THE DUDLEY GROUP NHS FOUNDATION TRUST,NHS ENGLAND MIDLANDS,13681,9849,3812,3750,2570,117
2026-01,THE HILLINGDON HOSPITALS NHS FOUNDATION TRUST,NHS ENGLAND LONDON,12107,5428,2736,2710,622,34
2026-01,THE NEWCASTLE UPON TYNE HOSPITALS NHS FOUNDATION TRUST,NHS ENGLAND NORTH EAST AND YORKSHIRE,20646,11948,5304,5103,669,26
2026-01,THE PINN UNREGISTERED WIC,NHS ENGLAND LONDON,897,0,0,0,0,0
2026-01,THE PRINCESS ALEXANDRA HOSPITAL NHS TRUST,NHS ENGLAND EAST OF ENGLAND,11421,8998,2254,2254,511,322
2026-01,"THE QUEEN ELIZABETH HOSPITAL, KING'S LYNN, NHS FOUNDATION TRUST",NHS ENGLAND EAST OF ENGLAND,8318,6576,2997,2997,585,229
2026-01,THE ROBERT JONES AND AGNES HUNT ORTHOPAEDIC HOSPITAL NHS FOUNDATION TRUST,NHS ENGLAND MIDLANDS,0,0,0,0,0,0
2026-01,THE ROTHERHAM NHS FOUNDATION TRUST,NHS ENGLAND NORTH EAST AND YORKSHIRE,9772,9772,3420,3420,1099,112
2026-01,THE ROYAL WOLVERHAMPTON NHS TRUST,NHS ENGLAND MIDLANDS,18997,11174,4518,4222,838,718
2026-01,THE SHREWSBURY AND TELFORD HOSPITAL NHS TRUST,NHS ENGLAND MIDLANDS,13020,10549,6341,5992,470,1601
2026-01,THE WALTON CENTRE NHS FOUNDATION TRUST,NHS ENGLAND NORTH WEST,0,0,0,0,0,0
2026-01,TORBAY AND SOUTH DEVON NHS FOUNDATION TRUST,NHS ENGLAND SOUTH WEST,9558,6524,3123,3120,202,106
2026-01,TROWBRIDGE MINOR INJURIES UNIT,NHS ENGLAND SOUTH WEST,1052,0,2,0,0,0
2026-01,UNITED LINCOLNSHIRE TEACHING HOSPITALS NHS TRUST,NHS ENGLAND MIDLANDS,21729,17164,8100,7743,655,1595
2026-01,UNIVERSITY COLLEGE LONDON HOSPITALS NHS FOUNDATION TRUST,NHS ENGLAND LONDON,13308,13308,4256,4256,394,317
2026-01,UNIVERSITY HOSPITAL SOUTHAMPTON NHS FOUNDATION TRUST,NHS ENGLAND SOUTH EAST,12612,11380,4227,4182,438,11
2026-01,UNIVERSITY HOSPITALS BIRMINGHAM NHS FOUNDATION TRUST,NHS ENGLAND MIDLANDS,37179,33649,14547,14514,2517,2076
2026-01,UNIVERSITY HOSPITALS BRISTOL AND WESTON NHS FOUNDATION TRUST,NHS ENGLAND SOUTH WEST,18376,15960,6193,6011,1077,793
2026-01,UNIVERSITY HOSPITALS COVENTRY AND WARWICKSHIRE NHS TRUST,NHS ENGLAND MIDLANDS,20915,12635,5703,5477,46,8
2026-01,UNIVERSITY HOSPITALS DORSET NHS FOUNDATION TRUST,NHS ENGLAND SOUTH WEST,18302,14299,6765,6765,1172,698
2026-01,UNIVERSITY HOSPITALS OF DERBY AND BURTON NHS FOUNDATION TRUST,NHS ENGLAND MIDLANDS,28934,20357,9964,9961,1085,1544
2026-01,UNIVERSITY HOSPITALS OF LEICESTER NHS TRUST,NHS ENGLAND MIDLANDS,24624,22688,9403,9253,1467,1017
2026-01,UNIVERSITY HOSPITALS OF MORECAMBE BAY NHS FOUNDATION TRUST,NHS ENGLAND NORTH WEST,11095,8705,3778,3725,710,763
2026-01,UNIVERSITY HOSPITALS OF NORTH MIDLANDS NHS TRUST,NHS ENGLAND MIDLANDS,22519,14374,8304,8158,1062,1264
2026-01,UNIVERSITY HOSPITALS PLYMOUTH NHS TRUST,NHS ENGLAND SOUTH WEST,16801,8852,5842,5644,559,807
2026-01,UNIVERSITY HOSPITALS SUSSEX NHS FOUNDATION TRUST,NHS ENGLAND SOUTH EAST,30437,27280,11747,11503,952,1196
2026-01,WALSALL HEALTHCARE NHS TRUST,NHS ENGLAND MIDLANDS,13276,9620,4027,3986,1063,729
2026-01,WARRINGTON AND HALTON TEACHING HOSPITALS NHS FOUNDATION TRUST,NHS ENGLAND NORTH WEST,9342,6660,3477,3450,499,1063
2026-01,WEST HERTFORDSHIRE TEACHING HOSPITALS NHS TRUST,NHS ENGLAND EAST OF ENGLAND,16414,8781,3149,3035,913,14
2026-01,WEST SUFFOLK NHS FOUNDATION TRUST,NHS ENGLAND EAST OF ENGLAND,8687,7780,2804,2804,473,622
2026-01,WHITSTABLE MEDICAL PRACTICE,NHS ENGLAND SOUTH EAST,4990,0,0,0,0,0
2026-01,WHITTINGTON HEALTH NHS TRUST,NHS ENGLAND LONDON,9222,9222,2870,2870,179,376
2026-01,WIRRAL COMMUNITY HEALTH AND CARE NHS FOUNDATION TRUST,NHS ENGLAND NORTH WEST,2775,0,281,0,0,0
2026-01,WIRRAL UNIVERSITY TEACHING HOSPITAL NHS FOUNDATION TRUST,NHS ENGLAND NORTH WEST,10651,7867,4640,4561,412,1051
2026-01,WOKING WALK IN CENTRE,NHS ENGLAND SOUTH EAST,2724,0,22,0,0,0
2026-01,WORCESTERSHIRE ACUTE HOSPITALS NHS TRUST,NHS ENGLAND MIDLANDS,18874,13731,7008,6952,865,1431
2026-01,WORKINGTON HEALTH LIMITED,NHS ENGLAND NORTH EAST AND YORKSHIRE,361,0,0,0,0,0
2026-01,"WRIGHTINGTON, WIGAN AND LEIGH TEACHING HOSPITALS NHS FOUNDATION TRUST",NHS ENGLAND NORTH WEST,12249,7503,4207,4108,540,567
2026-01,WYE VALLEY NHS TRUST,NHS ENGLAND MIDLANDS,7045,6012,2490,2490,505,275
2026-01,YORK AND SCARBOROUGH TEACHING HOSPITALS NHS FOUNDATION TRUST,NHS ENGLAND NORTH EAST AND YORKSHIRE,17527,10943,6569,6338,795,930
2026-02,AIREDALE NHS FOUNDATION TRUST,NHS ENGLAND NORTH EAST AND YORKSHIRE,5474,5277,2307,2307,419,262
2026-02,ALDER HEY CHILDREN'S NHS FOUNDATION TRUST,NHS ENGLAND NORTH WEST,5576,5576,1114,1114,0,0
2026-02,ASHFORD AND ST PETER'S HOSPITALS NHS FOUNDATION TRUST,NHS ENGLAND SOUTH EAST,9435,6942,3643,3607,446,452
2026-02,ASHFORD WALK-IN-CENTRE,NHS ENGLAND SOUTH EAST,2156,0,29,0,0,0
2026-02,ASSURA VERTIS URGENT CARE CENTRES (BIRMINGHAM),NHS ENGLAND MIDLANDS,2988,0,0,0,0,0
2026-02,BADGER LTD,NHS ENGLAND MIDLANDS,0,0,0,0,0,0
2026-02,BARKING HOSPITAL UTC,NHS ENGLAND LONDON,2696,0,18,0,0,0
2026-02,"BARKING, HAVERING AND REDBRIDGE UNIVERSITY HOSPITALS NHS TRUST",NHS ENGLAND LONDON,28016,12627,5811,5281,564,628
2026-02,BARNSLEY HOSPITAL NHS FOUNDATION TRUST,NHS ENGLAND NORTH EAST AND YORKSHIRE,8494,8494,2102,2102,372,1
2026-02,BARTS HEALTH NHS TRUST,NHS ENGLAND LONDON,40623,24013,10913,10119,913,1271
2026-02,BECKENHAM BEACON UCC,NHS ENGLAND LONDON,3098,0,6,0,0,0
2026-02,BEDFORDSHIRE HOSPITALS NHS FOUNDATION TRUST,NHS ENGLAND EAST OF ENGLAND,23449,15343,5384,5384,80,65
2026-02,BERKSHIRE HEALTHCARE NHS FOUNDATION TRUST,NHS ENGLAND SOUTH EAST,1176,0,10,0,0,0
2026-02,BIRMINGHAM WOMEN'S AND CHILDREN'S NHS FOUNDATION TRUST,NHS ENGLAND MIDLANDS,4440,4440,1021,1021,34,1
2026-02,BLACKPOOL TEACHING HOSPITALS NHS FOUNDATION TRUST,NHS ENGLAND NORTH WEST,17169,7953,4040,3837,357,624
2026-02,BOLTON NHS FOUNDATION TRUST,NHS ENGLAND NORTH WEST,10641,7382,3850,3575,363,483
2026-02,BRADFORD TEACHING HOSPITALS NHS FOUNDATION TRUST,NHS ENGLAND NORTH EAST AND YORKSHIRE,12446,8619,1977,1977,572,75
2026-02,BRANSHOLME HEALTH CENTRE,NHS ENGLAND NORTH EAST AND YORKSHIRE,3846,0,525,0,0,0
2026-02,BRIDGEWATER COMMUNITY HEALTHCARE NHS FOUNDATION TRUST,NHS ENGLAND NORTH WEST,2849,0,39,0,0,0
2026-02,BRIDLINGTON HOSPITAL,NHS ENGLAND NORTH EAST AND YORKSHIRE,1526,0,62,0,0,0
2026-02,BRIGHTON STATION HEALTH CENTRE,NHS ENGLAND SOUTH EAST,1736,0,0,0,0,0
2026-02,BUCKINGHAMSHIRE HEALTHCARE NHS TRUST,NHS ENGLAND SOUTH EAST,12116,8435,3197,3165,158,321
2026-02,CALDERDALE AND HUDDERSFIELD NHS FOUNDATION TRUST,NHS ENGLAND NORTH EAST AND YORKSHIRE,14380,14380,2581,2581,1253,154
2026-02,CAMBRIDGE UNIVERSITY HOSPITALS NHS FOUNDATION TRUST,NHS ENGLAND EAST OF ENGLAND,15077,10319,4760,4672,480,558
2026-02,CENTRAL LONDON COMMUNITY HEALTHCARE NHS TRUST,NHS ENGLAND LONDON,10763,0,153,0,0,0
2026-02,CHELSEA AND WESTMINSTER HOSPITAL NHS FOUNDATION TRUST,NHS ENGLAND LONDON,24026,18241,5304,5070,913,43
2026-02,CHESTERFIELD ROYAL HOSPITAL NHS FOUNDATION TRUST,NHS ENGLAND MIDLANDS,12326,6796,3832,3794,558,523
2026-02,CHIPPENHAM COMMUNITY HOSPITAL,NHS ENGLAND SOUTH WEST,1393,0,29,0,0,0
2026-02,CORNWALL PARTNERSHIP NHS FOUNDATION TRUST,NHS ENGLAND SOUTH WEST,0,0,0,0,0,0
2026-02,COUNTESS OF CHESTER HOSPITAL NHS FOUNDATION TRUST,NHS ENGLAND NORTH WEST,7155,4892,2876,2525,229,747
2026-02,COUNTY DURHAM AND DARLINGTON NHS FOUNDATION TRUST,NHS ENGLAND NORTH EAST AND YORKSHIRE,14789,11451,4871,4871,1808,18
2026-02,COVENTRY AND WARWICKSHIRE PARTNERSHIP NHS TRUST,NHS ENGLAND MIDLANDS,0,0,0,0,0,0
2026-02,CROYDON HEALTH SERVICES NHS TRUST,NHS ENGLAND LONDON,16698,12080,4902,4902,214,685
2026-02,DARTFORD AND GRAVESHAM NHS TRUST,NHS ENGLAND SOUTH EAST,14395,10902,2916,2879,612,344
2026-02,DERBYSHIRE COMMUNITY HEALTH SERVICES NHS FOUNDATION TRUST,NHS ENGLAND MIDLANDS,6582,0,261,0,0,0
2026-02,DHU HEALTH CARE C.I.C,NHS ENGLAND MIDLANDS,1788,0,0,0,0,0
2026-02,DONCASTER AND BASSETLAW TEACHING HOSPITALS NHS FOUNDATION TRUST,NHS ENGLAND NORTH EAST AND YORKSHIRE,16077,12523,4727,4722,1169,202
2026-02,DORSET COUNTY HOSPITAL NHS FOUNDATION TRUST,NHS ENGLAND SOUTH WEST,3844,3844,1646,1646,183,91
2026-02,DORSET HEALTHCARE UNIVERSITY NHS FOUNDATION TRUST,NHS ENGLAND SOUTH WEST,0,0,0,0,0,0
2026-02,EAST AND NORTH HERTFORDSHIRE TEACHING NHS TRUST,NHS ENGLAND EAST OF ENGLAND,16127,8724,5042,4954,501,209
2026-02,EAST CHESHIRE NHS TRUST,NHS ENGLAND NORTH WEST,3856,3856,2105,2105,218,470
2026-02,EAST KENT HOSPITALS UNIVERSITY NHS FOUNDATION TRUST,NHS ENGLAND SOUTH EAST,23344,12507,5860,5609,476,995
2026-02,EAST LANCASHIRE HOSPITALS NHS TRUST,NHS ENGLAND NORTH WEST,22234,12044,4888,4885,301,1059
2026-02,EAST RIDING COMMUNITY HOSPITAL,NHS ENGLAND NORTH EAST AND YORKSHIRE,3038,0,212,0,0,0
2026-02,EAST SUFFOLK AND NORTH ESSEX NHS FOUNDATION TRUST,NHS ENGLAND EAST OF ENGLAND,22071,10184,5341,4342,768,559
2026-02,EAST SUSSEX HEALTHCARE NHS TRUST,NHS ENGLAND SOUTH EAST,10657,8832,3850,3795,190,113
2026-02,EPSOM AND ST HELIER UNIVERSITY HOSPITALS NHS TRUST,NHS ENGLAND LONDON,12128,10245,3146,3045,530,732
2026-02,ERDINGTON GP HEALTH & WELLBEING WIC,NHS ENGLAND MIDLANDS,0,0,0,0,0,0
2026-02,FAVERSHAM MEDICAL PRACTICE MIU,NHS ENGLAND SOUTH EAST,2780,0,0,0,0,0
2026-02,FIRST COMMUNITY HEALTH AND CARE CIC,NHS ENGLAND SOUTH EAST,2041,0,4,0,0,0
2026-02,FRIMLEY HEALTH NHS FOUNDATION TRUST,NHS ENGLAND SOUTH EAST,31823,20751,8897,8634,1233,713
2026-02,GATESHEAD HEALTH NHS FOUNDATION TRUST,NHS ENGLAND NORTH EAST AND YORKSHIRE,9383,5310,2336,2298,667,1
2026-02,GEORGE ELIOT HOSPITAL NHS TRUST,NHS ENGLAND MIDLANDS,7971,6469,1581,1578,378,269
2026-02,GLOUCESTERSHIRE HEALTH AND CARE NHS FOUNDATION TRUST,NHS ENGLAND SOUTH WEST,7085,0,103,0,0,0
2026-02,GLOUCESTERSHIRE HOSPITALS NHS FOUNDATION TRUST,NHS ENGLAND SOUTH WEST,11930,11930,4489,4489,219,510
2026-02,GOOLE & DISTRICT HOSPITAL,NHS ENGLAND NORTH EAST AND YORKSHIRE,1790,0,5,0,0,0
2026-02,GREAT WESTERN HOSPITALS NHS FOUNDATION TRUST,NHS ENGLAND SOUTH WEST,10563,5608,3258,2936,364,444
2026-02,GUY'S AND ST THOMAS' NHS FOUNDATION TRUST,NHS ENGLAND LONDON,15670,9456,3792,3677,167,67
2026-02,HAMPSHIRE AND ISLE OF WIGHT HEALTHCARE NHS FOUNDATION TRUST,NHS ENGLAND SOUTH EAST,2535,0,23,0,0,0
2026-02,HAMPSHIRE HOSPITALS NHS FOUNDATION TRUST,NHS ENGLAND SOUTH EAST,13403,9416,4955,4819,197,18
2026-02,HAROLD WOOD POLYCLINIC UTC,NHS ENGLAND LONDON,2599,0,11,0,0,0
2026-02,HARROGATE AND DISTRICT NHS FOUNDATION TRUST,NHS ENGLAND NORTH EAST AND YORKSHIRE,5861,4569,1376,1375,254,12
2026-02,HASTINGS GP LED HEALTH CENTRE,NHS ENGLAND SOUTH EAST,767,0,0,0,0,0
2026-02,HERNE BAY HEALTH CARE LTD,NHS ENGLAND SOUTH EAST,2444,0,0,0,0,0
2026-02,HERTFORDSHIRE COMMUNITY NHS TRUST,NHS ENGLAND EAST OF ENGLAND,1021,0,10,0,0,0
2026-02,HERTS URGENT CARE (ASCOTS LANE),NHS ENGLAND EAST OF ENGLAND,1792,0,110,0,0,0
2026-02,HOMERTON HEALTHCARE NHS FOUNDATION TRUST,NHS ENGLAND LONDON,10173,10173,1682,1682,174,19
2026-02,HULL UNIVERSITY TEACHING HOSPITALS NHS TRUST,NHS ENGLAND NORTH EAST AND YORKSHIRE,12783,8887,5080,4770,979,410
2026-02,HUMBER TEACHING NHS FOUNDATION TRUST,NHS ENGLAND NORTH EAST AND YORKSHIRE,920,0,1,0,0,0
2026-02,IMPERIAL COLLEGE HEALTHCARE NHS TRUST,NHS ENGLAND LONDON,20863,11379,4918,4645,494,0
2026-02,ISLE OF WIGHT NHS TRUST,NHS ENGLAND SOUTH EAST,5099,3551,1313,1235,211,159
2026-02,JAMES PAGET UNIVERSITY HOSPITALS NHS FOUNDATION TRUST,NHS ENGLAND EAST OF ENGLAND,8209,6735,2319,2319,497,358
2026-02,KENT COMMUNITY HEALTH NHS FOUNDATION TRUST,NHS ENGLAND SOUTH EAST,5722,0,12,0,0,0
2026-02,KETTERING GENERAL HOSPITAL NHS FOUNDATION TRUST,NHS ENGLAND MIDLANDS,18142,9960,3827,3820,569,504
2026-02,KING'S COLLEGE HOSPITAL NHS FOUNDATION TRUST,NHS ENGLAND LONDON,22445,14307,7202,6570,1448,833
2026-02,KINGSTON AND RICHMOND NHS FOUNDATION TRUST,NHS ENGLAND LONDON,13577,6356,3676,3413,227,467
2026-02,LANCASHIRE TEACHING HOSPITALS NHS FOUNDATION TRUST,NHS ENGLAND NORTH WEST,13918,11011,4539,4312,919,393
2026-02,LATHAM HOUSE MEDICAL PRACTICE,NHS ENGLAND MIDLANDS,295,0,0,0,0,0
2026-02,LEEDS TEACHING HOSPITALS NHS TRUST,NHS ENGLAND NORTH EAST AND YORKSHIRE,27323,16690,6994,6740,1002,884
2026-02,LEWISHAM AND GREENWICH NHS TRUST,NHS ENGLAND LONDON,29770,14807,7859,7625,1020,703
2026-02,LINCOLNSHIRE COMMUNITY HEALTH SERVICES NHS TRUST,NHS ENGLAND MIDLANDS,7364,0,132,0,0,0
2026-02,LIVERPOOL HEART AND CHEST HOSPITAL NHS FOUNDATION TRUST,NHS ENGLAND NORTH WEST,0,0,0,0,0,0
2026-02,LIVERPOOL UNIVERSITY HOSPITALS NHS FOUNDATION TRUST,NHS ENGLAND NORTH WEST,23630,14733,7663,7314,711,1234
2026-02,LIVERPOOL WOMEN'S NHS FOUNDATION TRUST,NHS ENGLAND NORTH WEST,1427,0,156,0,0,0
2026-02,LLR EA - THE MERLYN VAZ HEALTH & SOCIAL CARE CENTRE,NHS ENGLAND MIDLANDS,168,0,0,0,0,0
2026-02,LOCAL CARE DIRECT,NHS ENGLAND NORTH EAST AND YORKSHIRE,2209,0,9,0,0,0
2026-02,LONDON NORTH WEST UNIVERSITY HEALTHCARE NHS TRUST,NHS ENGLAND LONDON,25851,12235,6437,6214,619,374
2026-02,LOUGHBOROUGH URGENT CARE CENTRE,NHS ENGLAND MIDLANDS,4952,0,30,0,0,0
2026-02,MAIDSTONE AND TUNBRIDGE WELLS NHS TRUST,NHS ENGLAND SOUTH EAST,18620,16798,4120,4094,933,373
2026-02,MANCHESTER UNIVERSITY NHS FOUNDATION TRUST,NHS ENGLAND NORTH WEST,37135,24273,10030,9641,3528,83
2026-02,MARKET HARBOROUGH,NHS ENGLAND MIDLANDS,116,0,0,0,0,0
2026-02,MARKET HARBOROUGH MED.CTR,NHS ENGLAND MIDLANDS,281,0,0,0,0,0
2026-02,MEDWAY NHS FOUNDATION TRUST,NHS ENGLAND SOUTH EAST,13818,8536,3987,3136,227,817
2026-02,MELTON MOWBRAY,NHS ENGLAND MIDLANDS,40,0,0,0,0,0
2026-02,MERSEY AND WEST LANCASHIRE TEACHING HOSPITALS NHS TRUST,NHS ENGLAND NORTH WEST,22270,15685,6306,6218,389,480
2026-02,MERSEY CARE NHS FOUNDATION TRUST,NHS ENGLAND NORTH WEST,12255,0,383,0,0,0
2026-02,MID AND SOUTH ESSEX NHS FOUNDATION TRUST,NHS ENGLAND EAST OF ENGLAND,31584,24311,10832,10563,2196,1184
2026-02,MID CHESHIRE HOSPITALS NHS FOUNDATION TRUST,NHS ENGLAND NORTH WEST,9040,6395,3656,3649,354,634
2026-02,MID YORKSHIRE TEACHING NHS TRUST,NHS ENGLAND NORTH EAST AND YORKSHIRE,20787,14874,5831,5674,2006,610
2026-02,MILTON KEYNES UNIVERSITY HOSPITAL NHS FOUNDATION TRUST,NHS ENGLAND EAST OF ENGLAND,12423,7474,3902,3776,607,0
2026-02,MIRIAM MINOR EMERGENCY,NHS ENGLAND NORTH WEST,1499,0,0,0,0,0
2026-02,MOORFIELDS EYE HOSPITAL NHS FOUNDATION TRUST,NHS ENGLAND LONDON,5444,0,62,0,0,0
2026-02,NORFOLK AND NORWICH UNIVERSITY HOSPITALS NHS FOUNDATION TRUST,NHS ENGLAND EAST OF ENGLAND,18633,11506,3626,3622,648,410
2026-02,NORTH BRISTOL NHS TRUST,NHS ENGLAND SOUTH WEST,8262,8262,2947,2947,441,430
2026-02,NORTH CUMBRIA INTEGRATED CARE NHS FOUNDATION TRUST,NHS ENGLAND NORTH EAST AND YORKSHIRE,9562,8014,3628,3569,667,378
2026-02,NORTH EAST LONDON NHS FOUNDATION TRUST,NHS ENGLAND LONDON,1605,0,41,0,0,0
2026-02,NORTH TEES AND HARTLEPOOL NHS FOUNDATION TRUST,NHS ENGLAND NORTH EAST AND YORKSHIRE,14799,4547,2515,2496,209,39
2026-02,NORTH WEST ANGLIA NHS FOUNDATION TRUST,NHS ENGLAND EAST OF ENGLAND,18403,14103,6176,5984,501,921
2026-02,NORTHAMPTON GENERAL HOSPITAL NHS TRUST,NHS ENGLAND MIDLANDS,12193,9778,3843,3806,349,856
2026-02,NORTHERN CARE ALLIANCE NHS FOUNDATION TRUST,NHS ENGLAND NORTH WEST,31715,23361,9823,9499,807,1246
2026-02,NORTHERN LINCOLNSHIRE AND GOOLE NHS FOUNDATION TRUST,NHS ENGLAND NORTH EAST AND YORKSHIRE,15280,9527,4422,4382,576,874
2026-02,NORTHUMBRIA HEALTHCARE NHS FOUNDATION TRUST,NHS ENGLAND NORTH EAST AND YORKSHIRE,21330,9593,2667,2664,45,0
2026-02,NOTTINGHAM UNIVERSITY HOSPITALS NHS TRUST,NHS ENGLAND MIDLANDS,21741,11557,8022,6776,147,1066
2026-02,OADBY,NHS ENGLAND MIDLANDS,484,0,2,0,0,0
2026-02,OAKHAM,NHS ENGLAND MIDLANDS,53,0,0,0,0,0
2026-02,OKEHAMPTON MEDICAL CENTRE,NHS ENGLAND SOUTH WEST,52,0,0,0,0,0
2026-02,OXFORD HEALTH NHS FOUNDATION TRUST,NHS ENGLAND SOUTH EAST,3490,0,72,0,0,0
2026-02,OXFORD UNIVERSITY HOSPITALS NHS FOUNDATION TRUST,NHS ENGLAND SOUTH EAST,15849,10971,3052,3002,305,0
2026-02,PAULTON MEMORIAL HOSPITAL,NHS ENGLAND SOUTH WEST,998,0,10,0,0,0
2026-02,PHL LYMINGTON UTC,NHS ENGLAND SOUTH EAST,2696,0,7,0,0,0
2026-02,PORTSMOUTH HOSPITALS UNIVERSITY NHS TRUST,NHS ENGLAND SOUTH EAST,13662,9755,3836,3810,799,1039
2026-02,PRACTICE PLUS GROUP HOSPITAL - SOUTHAMPTON,NHS ENGLAND SOUTH EAST,4608,0,140,0,0,0
2026-02,PRACTICE PLUS GROUP SURGICAL CENTRE - ST MARYS PORTSMOUTH,NHS ENGLAND SOUTH EAST,4662,0,243,0,0,0
2026-02,PUTNOE WALK IN CENTRE,NHS ENGLAND EAST OF ENGLAND,2711,0,0,0,0,0
2026-02,QUEEN VICTORIA HOSPITAL NHS FOUNDATION TRUST,NHS ENGLAND SOUTH EAST,1109,0,13,0,0,0
2026-02,ROSSENDALE MIU & OOH,NHS ENGLAND NORTH WEST,772,0,1,0,0,0
2026-02,ROYAL BERKSHIRE NHS FOUNDATION TRUST,NHS ENGLAND SOUTH EAST,14795,10031,3674,3586,783,52
2026-02,ROYAL CORNWALL HOSPITALS NHS TRUST,NHS ENGLAND SOUTH WEST,16225,6239,4132,3619,663,529
2026-02,ROYAL DEVON UNIVERSITY HEALTHCARE NHS FOUNDATION TRUST,NHS ENGLAND SOUTH WEST,14976,11271,5051,5037,885,298
2026-02,ROYAL FREE LONDON NHS FOUNDATION TRUST,NHS ENGLAND LONDON,38988,24307,8953,8072,836,1870
2026-02,ROYAL NATIONAL ORTHOPAEDIC HOSPITAL NHS TRUST,NHS ENGLAND LONDON,0,0,0,0,0,0
2026-02,ROYAL SURREY NHS FOUNDATION TRUST,NHS ENGLAND SOUTH EAST,7997,6229,2097,2097,326,8
2026-02,ROYAL UNITED HOSPITALS BATH NHS FOUNDATION TRUST,NHS ENGLAND SOUTH WEST,8288,8288,3645,3645,806,219
2026-02,SALISBURY NHS FOUNDATION TRUST,NHS ENGLAND SOUTH WEST,6222,4191,1871,1871,395,152
2026-02,SANDWELL AND WEST BIRMINGHAM HOSPITALS NHS TRUST,NHS ENGLAND MIDLANDS,19356,10569,5432,5128,711,448
2026-02,SHEFFIELD CHILDREN'S NHS FOUNDATION TRUST,NHS ENGLAND NORTH EAST AND YORKSHIRE,4350,4002,295,295,16,0
2026-02,SHEFFIELD TEACHING HOSPITALS NHS FOUNDATION TRUST,NHS ENGLAND NORTH EAST AND YORKSHIRE,15825,8037,4247,4030,935,4
2026-02,SHERWOOD FOREST HOSPITALS NHS FOUNDATION TRUST,NHS ENGLAND MIDLANDS,15379,10460,4352,3976,843,365
2026-02,SHROPSHIRE COMMUNITY HEALTH NHS TRUST,NHS ENGLAND MIDLANDS,2843,0,13,0,0,0
2026-02,SIRONA CARE & HEALTH,NHS ENGLAND SOUTH WEST,7064,0,136,0,0,0
2026-02,SKELMERSDALE WALK IN CENTRE,NHS ENGLAND NORTH WEST,1476,0,19,0,0,0
2026-02,SLEAFORD MEDICAL GROUP,NHS ENGLAND MIDLANDS,506,0,0,0,0,0
2026-02,SOMERSET NHS FOUNDATION TRUST,NHS ENGLAND SOUTH WEST,19024,10507,5685,5465,552,196
2026-02,SOUTH BIRMINGHAM GP WALK IN CENTRE,NHS ENGLAND MIDLANDS,3764,0,0,0,0,0
2026-02,SOUTH TEES HOSPITALS NHS FOUNDATION TRUST,NHS ENGLAND NORTH EAST AND YORKSHIRE,15099,7009,3805,3486,372,35
2026-02,SOUTH TYNESIDE AND SUNDERLAND NHS FOUNDATION TRUST,NHS ENGLAND NORTH EAST AND YORKSHIRE,16620,10371,5519,5314,723,1
2026-02,SOUTH WARWICKSHIRE UNIVERSITY NHS FOUNDATION TRUST,NHS ENGLAND MIDLANDS,7861,7533,2135,2135,508,87
2026-02,SOUTH WEST YORKSHIRE PARTNERSHIP NHS FOUNDATION TRUST,NHS ENGLAND NORTH EAST AND YORKSHIRE,0,0,0,0,0,0
2026-02,SOUTH WESTERN AMBULANCE SERVICE NHS FOUNDATION TRUST,NHS ENGLAND SOUTH WEST,1774,0,22,0,0,0
2026-02,ST GEORGE'S UNIVERSITY HOSPITALS NHS FOUNDATION TRUST,NHS ENGLAND LONDON,11807,8228,2903,2779,419,443
2026-02,STOCKPORT NHS FOUNDATION TRUST,NHS ENGLAND NORTH WEST,7870,7049,2849,2811,528,380
2026-02,SUMMERFIELD URGENT CARE CENTRE,NHS ENGLAND MIDLANDS,2795,0,0,0,0,0
2026-02,SURREY AND SUSSEX HEALTHCARE NHS TRUST,NHS ENGLAND SOUTH EAST,9234,9234,4051,4051,485,593
2026-02,SUSSEX COMMUNITY NHS FOUNDATION TRUST,NHS ENGLAND SOUTH EAST,10054,0,74,0,0,0
2026-02,TAMESIDE AND GLOSSOP INTEGRATED CARE NHS FOUNDATION TRUST,NHS ENGLAND NORTH WEST,10108,7536,4123,4074,321,706
2026-02,TETBURY HOSPITAL TRUST LTD,NHS ENGLAND SOUTH WEST,537,0,0,0,0,0
2026-02,THE CHRISTIE NHS FOUNDATION TRUST,NHS ENGLAND NORTH WEST,0,0,0,0,0,0
2026-02,THE DUDLEY GROUP NHS FOUNDATION TRUST,NHS ENGLAND MIDLANDS,12825,8946,3125,3063,2445,178
2026-02,THE HILLINGDON HOSPITALS NHS FOUNDATION TRUST,NHS ENGLAND LONDON,10575,4633,1992,1969,520,18
2026-02,THE NEWCASTLE UPON TYNE HOSPITALS NHS FOUNDATION TRUST,NHS ENGLAND NORTH EAST AND YORKSHIRE,19960,10171,5193,4926,627,63
2026-02,THE PINN UNREGISTERED WIC,NHS ENGLAND LONDON,780,0,0,0,0,0
2026-02,THE PRINCESS ALEXANDRA HOSPITAL NHS TRUST,NHS ENGLAND EAST OF ENGLAND,9735,7845,2063,2063,522,286
2026-02,"THE QUEEN ELIZABETH HOSPITAL, KING'S LYNN, NHS FOUNDATION TRUST",NHS ENGLAND EAST OF ENGLAND,7958,6151,2827,2827,720,131
2026-02,THE ROBERT JONES AND AGNES HUNT ORTHOPAEDIC HOSPITAL NHS FOUNDATION TRUST,NHS ENGLAND MIDLANDS,0,0,0,0,0,0
2026-02,THE ROTHERHAM NHS FOUNDATION TRUST,NHS ENGLAND NORTH EAST AND YORKSHIRE,8770,8770,2958,2958,903,54
2026-02,THE ROYAL WOLVERHAMPTON NHS TRUST,NHS ENGLAND MIDLANDS,17906,10403,3846,3647,848,511
2026-02,THE SHREWSBURY AND TELFORD HOSPITAL NHS TRUST,NHS ENGLAND MIDLANDS,12275,9920,5907,5562,475,1366
2026-02,THE WALTON CENTRE NHS FOUNDATION TRUST,NHS ENGLAND NORTH WEST,0,0,0,0,0,0
2026-02,TORBAY AND SOUTH DEVON NHS FOUNDATION TRUST,NHS ENGLAND SOUTH WEST,8882,6060,3025,3014,156,74
2026-02,TROWBRIDGE MINOR INJURIES UNIT,NHS ENGLAND SOUTH WEST,989,0,1,0,0,0
2026-02,UNITED LINCOLNSHIRE TEACHING HOSPITALS NHS TRUST,NHS ENGLAND MIDLANDS,20632,16500,7000,6701,581,1296
2026-02,UNIVERSITY COLLEGE LONDON HOSPITALS NHS FOUNDATION TRUST,NHS ENGLAND LONDON,12017,12017,3222,3222,391,287
2026-02,UNIVERSITY HOSPITAL SOUTHAMPTON NHS FOUNDATION TRUST,NHS ENGLAND SOUTH EAST,10670,9612,2759,2738,155,10
2026-02,UNIVERSITY HOSPITALS BIRMINGHAM NHS FOUNDATION TRUST,NHS ENGLAND MIDLANDS,33806,30640,12860,12820,2238,1923
2026-02,UNIVERSITY HOSPITALS BRISTOL AND WESTON NHS FOUNDATION TRUST,NHS ENGLAND SOUTH WEST,16545,14252,5390,5165,979,440
2026-02,UNIVERSITY HOSPITALS COVENTRY AND WARWICKSHIRE NHS TRUST,NHS ENGLAND MIDLANDS,19194,11365,4968,4797,50,14
2026-02,UNIVERSITY HOSPITALS DORSET NHS FOUNDATION TRUST,NHS ENGLAND SOUTH WEST,16768,13434,6069,6069,997,454
2026-02,UNIVERSITY HOSPITALS OF DERBY AND BURTON NHS FOUNDATION TRUST,NHS ENGLAND MIDLANDS,25009,16670,8449,8448,1032,727
2026-02,UNIVERSITY HOSPITALS OF LEICESTER NHS TRUST,NHS ENGLAND MIDLANDS,22467,20546,8320,8190,1192,727
2026-02,UNIVERSITY HOSPITALS OF MORECAMBE BAY NHS FOUNDATION TRUST,NHS ENGLAND NORTH WEST,10137,7794,3626,3545,594,766
2026-02,UNIVERSITY HOSPITALS OF NORTH MIDLANDS NHS TRUST,NHS ENGLAND MIDLANDS,21187,13322,7506,7432,1095,927
2026-02,UNIVERSITY HOSPITALS PLYMOUTH NHS TRUST,NHS ENGLAND SOUTH WEST,14866,7807,5118,4956,516,591
2026-02,UNIVERSITY HOSPITALS SUSSEX NHS FOUNDATION TRUST,NHS ENGLAND SOUTH EAST,27046,24026,10682,10461,894,946
2026-02,WALSALL HEALTHCARE NHS TRUST,NHS ENGLAND MIDLANDS,12490,8964,3197,3143,1048,331
2026-02,WARRINGTON AND HALTON TEACHING HOSPITALS NHS FOUNDATION TRUST,NHS ENGLAND NORTH WEST,8451,5982,3203,3167,491,825
2026-02,WEST HERTFORDSHIRE TEACHING HOSPITALS NHS TRUST,NHS ENGLAND EAST OF ENGLAND,14506,7839,2254,2151,486,29
2026-02,WEST SUFFOLK NHS FOUNDATION TRUST,NHS ENGLAND EAST OF ENGLAND,8044,7170,2577,2577,428,546
2026-02,WHITSTABLE MEDICAL PRACTICE,NHS ENGLAND SOUTH EAST,4381,0,0,0,0,0
2026-02,WHITTINGTON HEALTH NHS TRUST,NHS ENGLAND LONDON,8193,8193,2212,2212,237,269
2026-02,WIRRAL COMMUNITY HEALTH AND CARE NHS FOUNDATION TRUST,NHS ENGLAND NORTH WEST,3123,0,205,0,0,0
2026-02,WIRRAL UNIVERSITY TEACHING HOSPITAL NHS FOUNDATION TRUST,NHS ENGLAND NORTH WEST,9497,6951,3808,3741,440,758
2026-02,WOKING WALK IN CENTRE,NHS ENGLAND SOUTH EAST,2462,0,46,0,0,0
2026-02,WORCESTERSHIRE ACUTE HOSPITALS NHS TRUST,NHS ENGLAND MIDLANDS,17029,12297,5604,5555,786,1059
2026-02,WORKINGTON HEALTH LIMITED,NHS ENGLAND NORTH EAST AND YORKSHIRE,360,0,0,0,0,0
2026-02,"WRIGHTINGTON, WIGAN AND LEIGH TEACHING HOSPITALS NHS FOUNDATION TRUST",NHS ENGLAND NORTH WEST,11347,6165,3970,3757,656,520
2026-02,WYE VALLEY NHS TRUST,NHS ENGLAND MIDLANDS,6368,5398,2364,2364,456,234
2026-02,YORK AND SCARBOROUGH TEACHING HOSPITALS NHS FOUNDATION TRUST,NHS ENGLAND NORTH EAST AND YORKSHIRE,16508,10322,5862,5614,760,406
2026-03,AIREDALE NHS FOUNDATION TRUST,NHS ENGLAND NORTH EAST AND YORKSHIRE,6117,5874,2060,2060,413,428
2026-03,ALDER HEY CHILDREN'S NHS FOUNDATION TRUST,NHS ENGLAND NORTH WEST,6640,6640,1097,1097,0,0
2026-03,ASHFORD AND ST PETER'S HOSPITALS NHS FOUNDATION TRUST,NHS ENGLAND SOUTH EAST,10646,7809,3402,3374,569,311
2026-03,ASHFORD WALK-IN-CENTRE,NHS ENGLAND SOUTH EAST,2545,0,46,0,0,0
2026-03,ASSURA VERTIS URGENT CARE CENTRES (BIRMINGHAM),NHS ENGLAND MIDLANDS,3415,0,0,0,0,0
2026-03,BADGER LTD,NHS ENGLAND MIDLANDS,0,0,0,0,0,0
2026-03,BARKING HOSPITAL UTC,NHS ENGLAND LONDON,3069,0,17,0,0,0
2026-03,"BARKING, HAVERING AND REDBRIDGE UNIVERSITY HOSPITALS NHS TRUST",NHS ENGLAND LONDON,31214,13844,6766,6100,609,608
2026-03,BARNSLEY HOSPITAL NHS FOUNDATION TRUST,NHS ENGLAND NORTH EAST AND YORKSHIRE,9452,9452,1843,1843,283,0
2026-03,BARTS HEALTH NHS TRUST,NHS ENGLAND LONDON,45558,26064,11001,10076,1010,1207
2026-03,BECKENHAM BEACON UCC,NHS ENGLAND LONDON,3686,0,21,0,0,0
2026-03,BEDFORDSHIRE HOSPITALS NHS FOUNDATION TRUST,NHS ENGLAND EAST OF ENGLAND,27101,17712,5426,5426,80,15
2026-03,BERKSHIRE HEALTHCARE NHS FOUNDATION TRUST,NHS ENGLAND SOUTH EAST,1461,0,14,0,0,0
2026-03,BIRMINGHAM WOMEN'S AND CHILDREN'S NHS FOUNDATION TRUST,NHS ENGLAND MIDLANDS,5150,5150,1206,1206,29,2
2026-03,BLACKPOOL TEACHING HOSPITALS NHS FOUNDATION TRUST,NHS ENGLAND NORTH WEST,18658,8417,3262,3022,518,261
2026-03,BOLTON NHS FOUNDATION TRUST,NHS ENGLAND NORTH WEST,12180,8619,3884,3753,581,374
2026-03,BRADFORD TEACHING HOSPITALS NHS FOUNDATION TRUST,NHS ENGLAND NORTH EAST AND YORKSHIRE,13766,9453,2349,2348,643,85
2026-03,BRANSHOLME HEALTH CENTRE,NHS ENGLAND NORTH EAST AND YORKSHIRE,3817,0,299,0,0,0
2026-03,BRIDGEWATER COMMUNITY HEALTHCARE NHS FOUNDATION TRUST,NHS ENGLAND NORTH WEST,3320,0,64,0,0,0
2026-03,BRIDLINGTON HOSPITAL,NHS ENGLAND NORTH EAST AND YORKSHIRE,1610,0,26,0,0,0
2026-03,BRIGHTON STATION HEALTH CENTRE,NHS ENGLAND SOUTH EAST,1827,0,0,0,0,0
2026-03,BUCKINGHAMSHIRE HEALTHCARE NHS TRUST,NHS ENGLAND SOUTH EAST,13894,9559,3020,2991,259,249
2026-03,CALDERDALE AND HUDDERSFIELD NHS FOUNDATION TRUST,NHS ENGLAND NORTH EAST AND YORKSHIRE,16023,16023,1957,1957,808,34
2026-03,CAMBRIDGE UNIVERSITY HOSPITALS NHS FOUNDATION TRUST,NHS ENGLAND EAST OF ENGLAND,17345,11693,5017,4906,558,404
2026-03,CENTRAL LONDON COMMUNITY HEALTHCARE NHS TRUST,NHS ENGLAND LONDON,12658,0,207,0,0,0
2026-03,CHELSEA AND WESTMINSTER HOSPITAL NHS FOUNDATION TRUST,NHS ENGLAND LONDON,27287,20446,5862,5552,753,45
2026-03,CHESTERFIELD ROYAL HOSPITAL NHS FOUNDATION TRUST,NHS ENGLAND MIDLANDS,12851,7179,3318,3234,534,82
2026-03,CHIPPENHAM COMMUNITY HOSPITAL,NHS ENGLAND SOUTH WEST,1657,0,25,0,0,0
2026-03,CORNWALL PARTNERSHIP NHS FOUNDATION TRUST,NHS ENGLAND SOUTH WEST,0,0,0,0,0,0
2026-03,COUNTESS OF CHESTER HOSPITAL NHS FOUNDATION TRUST,NHS ENGLAND NORTH WEST,8089,5416,3156,2759,288,778
2026-03,COUNTY DURHAM AND DARLINGTON NHS FOUNDATION TRUST,NHS ENGLAND NORTH EAST AND YORKSHIRE,17180,13246,5130,5130,1518,10
2026-03,COVENTRY AND WARWICKSHIRE PARTNERSHIP NHS TRUST,NHS ENGLAND MIDLANDS,0,0,0,0,0,0
2026-03,CROYDON HEALTH SERVICES NHS TRUST,NHS ENGLAND LONDON,18627,13405,3841,3841,292,678
2026-03,DARTFORD AND GRAVESHAM NHS TRUST,NHS ENGLAND SOUTH EAST,16297,12229,2970,2966,567,497
2026-03,DERBYSHIRE COMMUNITY HEALTH SERVICES NHS FOUNDATION TRUST,NHS ENGLAND MIDLANDS,7724,0,491,0,0,0
2026-03,DHU HEALTH CARE C.I.C,NHS ENGLAND MIDLANDS,1999,0,0,0,0,0
2026-03,DONCASTER AND BASSETLAW TEACHING HOSPITALS NHS FOUNDATION TRUST,NHS ENGLAND NORTH EAST AND YORKSHIRE,18713,14337,4219,4214,1010,95
2026-03,DORSET COUNTY HOSPITAL NHS FOUNDATION TRUST,NHS ENGLAND SOUTH WEST,4613,4613,1791,1791,209,92
2026-03,DORSET HEALTHCARE UNIVERSITY NHS FOUNDATION TRUST,NHS ENGLAND SOUTH WEST,0,0,0,0,0,0
2026-03,EAST AND NORTH HERTFORDSHIRE TEACHING NHS TRUST,NHS ENGLAND EAST OF ENGLAND,18276,9208,4619,4522,305,65
2026-03,EAST CHESHIRE NHS TRUST,NHS ENGLAND NORTH WEST,4365,4365,2215,2215,246,388
2026-03,EAST KENT HOSPITALS UNIVERSITY NHS FOUNDATION TRUST,NHS ENGLAND SOUTH EAST,28333,15073,7275,6439,622,1037
2026-03,EAST LANCASHIRE HOSPITALS NHS TRUST,NHS ENGLAND NORTH WEST,25345,13923,4732,4268,529,977
2026-03,EAST RIDING COMMUNITY HOSPITAL,NHS ENGLAND NORTH EAST AND YORKSHIRE,2708,0,127,0,0,0
2026-03,EAST SUFFOLK AND NORTH ESSEX NHS FOUNDATION TRUST,NHS ENGLAND EAST OF ENGLAND,25184,11646,5864,5020,883,548
2026-03,EAST SUSSEX HEALTHCARE NHS TRUST,NHS ENGLAND SOUTH EAST,12162,9990,3541,3511,212,58
2026-03,ENDERBY LEISURE CENTRE,NHS ENGLAND MIDLANDS,57,0,0,0,0,0
2026-03,EPSOM AND ST HELIER UNIVERSITY HOSPITALS NHS TRUST,NHS ENGLAND LONDON,14046,11779,3499,3299,602,764
2026-03,ERDINGTON GP HEALTH & WELLBEING WIC,NHS ENGLAND MIDLANDS,0,0,0,0,0,0
2026-03,FAVERSHAM MEDICAL PRACTICE MIU,NHS ENGLAND SOUTH EAST,3203,0,0,0,0,0
2026-03,FIRST COMMUNITY HEALTH AND CARE CIC,NHS ENGLAND SOUTH EAST,2366,0,25,0,0,0
2026-03,FRIMLEY HEALTH NHS FOUNDATION TRUST,NHS ENGLAND SOUTH EAST,36352,23737,7799,7555,1066,637
2026-03,GATESHEAD HEALTH NHS FOUNDATION TRUST,NHS ENGLAND NORTH EAST AND YORKSHIRE,10705,6012,2665,2609,776,2
2026-03,GEORGE ELIOT HOSPITAL NHS TRUST,NHS ENGLAND MIDLANDS,9245,7478,836,834,159,92
2026-03,GLOUCESTERSHIRE HEALTH AND CARE NHS FOUNDATION TRUST,NHS ENGLAND SOUTH WEST,8390,0,223,0,0,0
2026-03,GLOUCESTERSHIRE HOSPITALS NHS FOUNDATION TRUST,NHS ENGLAND SOUTH WEST,14347,14347,5083,5083,282,489
2026-03,GOOLE & DISTRICT HOSPITAL,NHS ENGLAND NORTH EAST AND YORKSHIRE,1665,0,34,0,0,0
2026-03,GREAT WESTERN HOSPITALS NHS FOUNDATION TRUST,NHS ENGLAND SOUTH WEST,12222,6241,3803,3250,539,436
2026-03,GUY'S AND ST THOMAS' NHS FOUNDATION TRUST,NHS ENGLAND LONDON,17742,10703,4544,4286,137,69
2026-03,HAMPSHIRE AND ISLE OF WIGHT HEALTHCARE NHS FOUNDATION TRUST,NHS ENGLAND SOUTH EAST,3154,0,22,0,0,0
2026-03,HAMPSHIRE HOSPITALS NHS FOUNDATION TRUST,NHS ENGLAND SOUTH EAST,15212,10649,5691,5251,126,13
2026-03,HAROLD WOOD POLYCLINIC UTC,NHS ENGLAND LONDON,2878,0,21,0,0,0
2026-03,HARROGATE AND DISTRICT NHS FOUNDATION TRUST,NHS ENGLAND NORTH EAST AND YORKSHIRE,6875,5284,1460,1454,288,10
2026-03,HASTINGS GP LED HEALTH CENTRE,NHS ENGLAND SOUTH EAST,1070,0,0,0,0,0
2026-03,HERNE BAY HEALTH CARE LTD,NHS ENGLAND SOUTH EAST,2623,0,0,0,0,0
2026-03,HERTFORDSHIRE COMMUNITY NHS TRUST,NHS ENGLAND EAST OF ENGLAND,1223,0,38,0,0,0
2026-03,HERTS URGENT CARE (ASCOTS LANE),NHS ENGLAND EAST OF ENGLAND,2144,0,110,0,0,0
2026-03,HOMERTON HEALTHCARE NHS FOUNDATION TRUST,NHS ENGLAND LONDON,11459,11459,1708,1708,200,22
2026-03,HULL UNIVERSITY TEACHING HOSPITALS NHS TRUST,NHS ENGLAND NORTH EAST AND YORKSHIRE,14511,10114,5221,4985,1054,375
2026-03,HUMBER TEACHING NHS FOUNDATION TRUST,NHS ENGLAND NORTH EAST AND YORKSHIRE,1229,0,5,0,0,0
2026-03,IMPERIAL COLLEGE HEALTHCARE NHS TRUST,NHS ENGLAND LONDON,23209,12422,4735,4438,580,0
2026-03,ISLE OF WIGHT NHS TRUST,NHS ENGLAND SOUTH EAST,6141,4228,1417,1327,270,196
2026-03,JAMES PAGET UNIVERSITY HOSPITALS NHS FOUNDATION TRUST,NHS ENGLAND EAST OF ENGLAND,9372,7717,2678,2678,479,427
2026-03,KENT COMMUNITY HEALTH NHS FOUNDATION TRUST,NHS ENGLAND SOUTH EAST,7132,0,62,0,0,0
2026-03,KETTERING GENERAL HOSPITAL NHS FOUNDATION TRUST,NHS ENGLAND MIDLANDS,21057,11623,4170,4163,649,560
2026-03,KING'S COLLEGE HOSPITAL NHS FOUNDATION TRUST,NHS ENGLAND LONDON,26112,16182,7415,6440,1505,661
2026-03,KINGSTON AND RICHMOND NHS FOUNDATION TRUST,NHS ENGLAND LONDON,16099,7582,3533,3296,373,310
2026-03,LANCASHIRE TEACHING HOSPITALS NHS FOUNDATION TRUST,NHS ENGLAND NORTH WEST,15400,12102,4317,4107,1053,368
2026-03,LATHAM HOUSE MEDICAL PRACTICE,NHS ENGLAND MIDLANDS,379,0,0,0,0,0
2026-03,LEEDS TEACHING HOSPITALS NHS TRUST,NHS ENGLAND NORTH EAST AND YORKSHIRE,30898,18894,6702,6521,1518,564
2026-03,LEWISHAM AND GREENWICH NHS TRUST,NHS ENGLAND LONDON,34359,16974,8548,8228,1057,487
2026-03,LINCOLNSHIRE COMMUNITY HEALTH SERVICES NHS TRUST,NHS ENGLAND MIDLANDS,8730,0,156,0,0,0
2026-03,LIVERPOOL HEART AND CHEST HOSPITAL NHS FOUNDATION TRUST,NHS ENGLAND NORTH WEST,0,0,0,0,0,0
2026-03,LIVERPOOL UNIVERSITY HOSPITALS NHS FOUNDATION TRUST,NHS ENGLAND NORTH WEST,26731,16352,7953,7492,923,1124
2026-03,LIVERPOOL WOMEN'S NHS FOUNDATION TRUST,NHS ENGLAND NORTH WEST,1589,0,201,0,0,0
2026-03,LLR EA - THE MERLYN VAZ HEALTH & SOCIAL CARE CENTRE,NHS ENGLAND MIDLANDS,171,0,0,0,0,0
2026-03,LOCAL CARE DIRECT,NHS ENGLAND NORTH EAST AND YORKSHIRE,2490,0,9,0,0,0
2026-03,LONDON NORTH WEST UNIVERSITY HEALTHCARE NHS TRUST,NHS ENGLAND LONDON,29625,13819,4678,4596,525,408
2026-03,LOUGHBOROUGH URGENT CARE CENTRE,NHS ENGLAND MIDLANDS,5538,0,38,0,0,0
2026-03,LUTTERWORTH HOSPITAL,NHS ENGLAND MIDLANDS,38,0,0,0,0,0
2026-03,MAIDSTONE AND TUNBRIDGE WELLS NHS TRUST,NHS ENGLAND SOUTH EAST,21940,19931,4419,4411,906,131
2026-03,MANCHESTER UNIVERSITY NHS FOUNDATION TRUST,NHS ENGLAND NORTH WEST,41924,26982,9425,9057,2943,53
2026-03,MARKET HARBOROUGH,NHS ENGLAND MIDLANDS,105,0,0,0,0,0
2026-03,MARKET HARBOROUGH MED.CTR,NHS ENGLAND MIDLANDS,243,0,0,0,0,0
2026-03,MEDWAY NHS FOUNDATION TRUST,NHS ENGLAND SOUTH EAST,16342,9858,4129,3038,335,671
2026-03,MELTON MOWBRAY,NHS ENGLAND MIDLANDS,52,0,0,0,0,0
2026-03,MERSEY AND WEST LANCASHIRE TEACHING HOSPITALS NHS TRUST,NHS ENGLAND NORTH WEST,25457,18055,6455,6407,459,514
2026-03,MERSEY CARE NHS FOUNDATION TRUST,NHS ENGLAND NORTH WEST,14145,0,495,0,0,0
2026-03,MID AND SOUTH ESSEX NHS FOUNDATION TRUST,NHS ENGLAND EAST OF ENGLAND,36937,28522,11802,11459,2337,793
2026-03,MID CHESHIRE HOSPITALS NHS FOUNDATION TRUST,NHS ENGLAND NORTH WEST,10728,7509,3954,3946,402,665
2026-03,MID YORKSHIRE TEACHING NHS TRUST,NHS ENGLAND NORTH EAST AND YORKSHIRE,23613,16635,6118,5940,2085,308
2026-03,MILTON KEYNES UNIVERSITY HOSPITAL NHS FOUNDATION TRUST,NHS ENGLAND EAST OF ENGLAND,13815,8309,2823,2730,603,0
2026-03,MIRIAM MINOR EMERGENCY,NHS ENGLAND NORTH WEST,1652,0,0,0,0,0
2026-03,MOORFIELDS EYE HOSPITAL NHS FOUNDATION TRUST,NHS ENGLAND LONDON,6316,0,158,0,0,0
2026-03,NORFOLK AND NORWICH UNIVERSITY HOSPITALS NHS FOUNDATION TRUST,NHS ENGLAND EAST OF ENGLAND,21363,13490,3637,3626,603,261
2026-03,NORTH BRISTOL NHS TRUST,NHS ENGLAND SOUTH WEST,9545,9545,3386,3386,363,576
2026-03,NORTH CUMBRIA INTEGRATED CARE NHS FOUNDATION TRUST,NHS ENGLAND NORTH EAST AND YORKSHIRE,11161,9401,4172,4075,563,346
2026-03,NORTH EAST LONDON NHS FOUNDATION TRUST,NHS ENGLAND LONDON,1896,0,55,0,0,0
2026-03,NORTH TEES AND HARTLEPOOL NHS FOUNDATION TRUST,NHS ENGLAND NORTH EAST AND YORKSHIRE,17130,5064,2365,2339,100,1
2026-03,NORTH WEST ANGLIA NHS FOUNDATION TRUST,NHS ENGLAND EAST OF ENGLAND,20965,15848,5935,5755,403,945
2026-03,NORTHAMPTON GENERAL HOSPITAL NHS TRUST,NHS ENGLAND MIDLANDS,13882,11112,3468,3453,430,767
2026-03,NORTHERN CARE ALLIANCE NHS FOUNDATION TRUST,NHS ENGLAND NORTH WEST,36311,27062,9583,9404,932,1124
2026-03,NORTHERN LINCOLNSHIRE AND GOOLE NHS FOUNDATION TRUST,NHS ENGLAND NORTH EAST AND YORKSHIRE,17501,10855,4975,4901,734,715
2026-03,NORTHUMBRIA HEALTHCARE NHS FOUNDATION TRUST,NHS ENGLAND NORTH EAST AND YORKSHIRE,25283,11038,2239,2238,12,0
2026-03,NOTTINGHAM UNIVERSITY HOSPITALS NHS TRUST,NHS ENGLAND MIDLANDS,25081,13228,8692,7322,114,1200
2026-03,OADBY,NHS ENGLAND MIDLANDS,540,0,2,0,0,0
2026-03,OAKHAM,NHS ENGLAND MIDLANDS,294,0,0,0,0,0
2026-03,OKEHAMPTON MEDICAL CENTRE,NHS ENGLAND SOUTH WEST,86,0,0,0,0,0
2026-03,OXFORD HEALTH NHS FOUNDATION TRUST,NHS ENGLAND SOUTH EAST,4189,0,184,0,0,0
2026-03,OXFORD UNIVERSITY HOSPITALS NHS FOUNDATION TRUST,NHS ENGLAND SOUTH EAST,17699,12638,3566,3523,341,5
2026-03,PAULTON MEMORIAL HOSPITAL,NHS ENGLAND SOUTH WEST,1400,0,9,0,0,0
2026-03,PHL LYMINGTON UTC,NHS ENGLAND SOUTH EAST,3090,0,30,0,0,0
2026-03,PORTSMOUTH HOSPITALS UNIVERSITY NHS TRUST,NHS ENGLAND SOUTH EAST,15756,11058,3754,3736,954,901
2026-03,PRACTICE PLUS GROUP HOSPITAL - SOUTHAMPTON,NHS ENGLAND SOUTH EAST,5451,0,77,0,0,0
2026-03,PRACTICE PLUS GROUP SURGICAL CENTRE - ST MARYS PORTSMOUTH,NHS ENGLAND SOUTH EAST,5461,0,121,0,0,0
2026-03,PUTNOE WALK IN CENTRE,NHS ENGLAND EAST OF ENGLAND,2867,0,0,0,0,0
2026-03,QUEEN VICTORIA HOSPITAL NHS FOUNDATION TRUST,NHS ENGLAND SOUTH EAST,1372,0,18,0,0,0
2026-03,ROSSENDALE MIU & OOH,NHS ENGLAND NORTH WEST,951,0,0,0,0,0
2026-03,ROYAL BERKSHIRE NHS FOUNDATION TRUST,NHS ENGLAND SOUTH EAST,17323,11568,3937,3906,392,28
2026-03,ROYAL CORNWALL HOSPITALS NHS TRUST,NHS ENGLAND SOUTH WEST,19564,6938,3992,3391,518,467
2026-03,ROYAL DEVON UNIVERSITY HEALTHCARE NHS FOUNDATION TRUST,NHS ENGLAND SOUTH WEST,17951,13587,5273,5264,860,172
2026-03,ROYAL FREE LONDON NHS FOUNDATION TRUST,NHS ENGLAND LONDON,44223,27033,8568,7828,912,1771
2026-03,ROYAL NATIONAL ORTHOPAEDIC HOSPITAL NHS TRUST,NHS ENGLAND LONDON,0,0,0,0,0,0
2026-03,ROYAL SURREY NHS FOUNDATION TRUST,NHS ENGLAND SOUTH EAST,9504,7269,2397,2396,510,15
2026-03,ROYAL UNITED HOSPITALS BATH NHS FOUNDATION TRUST,NHS ENGLAND SOUTH WEST,9444,9444,3528,3528,943,85
2026-03,SALISBURY NHS FOUNDATION TRUST,NHS ENGLAND SOUTH WEST,7322,4875,2214,2214,417,147
2026-03,SANDWELL AND WEST BIRMINGHAM HOSPITALS NHS TRUST,NHS ENGLAND MIDLANDS,21045,11478,5101,4899,678,612
2026-03,SHEFFIELD CHILDREN'S NHS FOUNDATION TRUST,NHS ENGLAND NORTH EAST AND YORKSHIRE,5255,4720,103,102,8,0
2026-03,SHEFFIELD TEACHING HOSPITALS NHS FOUNDATION TRUST,NHS ENGLAND NORTH EAST AND YORKSHIRE,17962,8916,4523,4221,895,10
2026-03,SHERWOOD FOREST HOSPITALS NHS FOUNDATION TRUST,NHS ENGLAND MIDLANDS,17567,11782,3943,3548,728,277
2026-03,SHROPSHIRE COMMUNITY HEALTH NHS TRUST,NHS ENGLAND MIDLANDS,3203,0,12,0,0,0
2026-03,SIRONA CARE & HEALTH,NHS ENGLAND SOUTH WEST,9046,0,300,0,0,0
2026-03,SKELMERSDALE WALK IN CENTRE,NHS ENGLAND NORTH WEST,1696,0,16,0,0,0
2026-03,SLEAFORD MEDICAL GROUP,NHS ENGLAND MIDLANDS,512,0,0,0,0,0
2026-03,SOMERSET NHS FOUNDATION TRUST,NHS ENGLAND SOUTH WEST,22545,12117,6127,5807,372,73
2026-03,SOUTH BIRMINGHAM GP WALK IN CENTRE,NHS ENGLAND MIDLANDS,3836,0,0,0,0,0
2026-03,SOUTH TEES HOSPITALS NHS FOUNDATION TRUST,NHS ENGLAND NORTH EAST AND YORKSHIRE,17714,7762,3938,3524,305,6
2026-03,SOUTH TYNESIDE AND SUNDERLAND NHS FOUNDATION TRUST,NHS ENGLAND NORTH EAST AND YORKSHIRE,18922,11540,4212,4059,174,0
2026-03,SOUTH WARWICKSHIRE UNIVERSITY NHS FOUNDATION TRUST,NHS ENGLAND MIDLANDS,9082,8644,1808,1808,423,132
2026-03,SOUTH WEST YORKSHIRE PARTNERSHIP NHS FOUNDATION TRUST,NHS ENGLAND NORTH EAST AND YORKSHIRE,0,0,0,0,0,0
2026-03,SOUTH WESTERN AMBULANCE SERVICE NHS FOUNDATION TRUST,NHS ENGLAND SOUTH WEST,2158,0,38,0,0,0
2026-03,ST GEORGE'S UNIVERSITY HOSPITALS NHS FOUNDATION TRUST,NHS ENGLAND LONDON,12964,8727,2842,2697,474,476
2026-03,STOCKPORT NHS FOUNDATION TRUST,NHS ENGLAND NORTH WEST,9085,8104,3160,3102,592,258
2026-03,SUMMERFIELD URGENT CARE CENTRE,NHS ENGLAND MIDLANDS,3046,0,0,0,0,0
2026-03,SURREY AND SUSSEX HEALTHCARE NHS TRUST,NHS ENGLAND SOUTH EAST,10583,10583,4778,4778,597,724
2026-03,SUSSEX COMMUNITY NHS FOUNDATION TRUST,NHS ENGLAND SOUTH EAST,11899,0,238,0,0,0
2026-03,TAMESIDE AND GLOSSOP INTEGRATED CARE NHS FOUNDATION TRUST,NHS ENGLAND NORTH WEST,11296,8602,3708,3606,400,269
2026-03,TETBURY HOSPITAL TRUST LTD,NHS ENGLAND SOUTH WEST,667,0,1,0,0,0
2026-03,THE CHRISTIE NHS FOUNDATION TRUST,NHS ENGLAND NORTH WEST,0,0,0,0,0,0
2026-03,THE DUDLEY GROUP NHS FOUNDATION TRUST,NHS ENGLAND MIDLANDS,14613,10359,2223,2064,957,40
2026-03,THE HILLINGDON HOSPITALS NHS FOUNDATION TRUST,NHS ENGLAND LONDON,12287,5375,2359,2277,393,14
2026-03,THE NEWCASTLE UPON TYNE HOSPITALS NHS FOUNDATION TRUST,NHS ENGLAND NORTH EAST AND YORKSHIRE,22690,11211,4870,4662,293,11
2026-03,THE PINN UNREGISTERED WIC,NHS ENGLAND LONDON,1094,0,0,0,0,0
2026-03,THE PRINCESS ALEXANDRA HOSPITAL NHS TRUST,NHS ENGLAND EAST OF ENGLAND,11142,8912,2370,2370,477,177
2026-03,"THE QUEEN ELIZABETH HOSPITAL, KING'S LYNN, NHS FOUNDATION TRUST",NHS ENGLAND EAST OF ENGLAND,9086,7041,2973,2973,166,108
2026-03,THE ROBERT JONES AND AGNES HUNT ORTHOPAEDIC HOSPITAL NHS FOUNDATION TRUST,NHS ENGLAND MIDLANDS,0,0,0,0,0,0
2026-03,THE ROTHERHAM NHS FOUNDATION TRUST,NHS ENGLAND NORTH EAST AND YORKSHIRE,9778,9778,3026,3026,741,40
2026-03,THE ROYAL WOLVERHAMPTON NHS TRUST,NHS ENGLAND MIDLANDS,20500,11409,4297,4000,829,604
2026-03,THE SHREWSBURY AND TELFORD HOSPITAL NHS TRUST,NHS ENGLAND MIDLANDS,14083,11446,6651,6281,742,1173
2026-03,THE WALTON CENTRE NHS FOUNDATION TRUST,NHS ENGLAND NORTH WEST,0,0,0,0,0,0
2026-03,TORBAY AND SOUTH DEVON NHS FOUNDATION TRUST,NHS ENGLAND SOUTH WEST,10070,6842,3406,3404,150,66
2026-03,TROWBRIDGE MINOR INJURIES UNIT,NHS ENGLAND SOUTH WEST,1340,0,4,0,0,0
2026-03,UNITED LINCOLNSHIRE TEACHING HOSPITALS NHS TRUST,NHS ENGLAND MIDLANDS,23535,18625,5985,5727,757,1132
2026-03,UNIVERSITY COLLEGE LONDON HOSPITALS NHS FOUNDATION TRUST,NHS ENGLAND LONDON,13996,13996,2783,2783,299,66
2026-03,UNIVERSITY HOSPITAL SOUTHAMPTON NHS FOUNDATION TRUST,NHS ENGLAND SOUTH EAST,13305,12105,3661,3601,455,11
2026-03,UNIVERSITY HOSPITALS BIRMINGHAM NHS FOUNDATION TRUST,NHS ENGLAND MIDLANDS,38228,34602,13685,13660,2883,1511
2026-03,UNIVERSITY HOSPITALS BRISTOL AND WESTON NHS FOUNDATION TRUST,NHS ENGLAND SOUTH WEST,19464,16839,6586,6340,1198,529
2026-03,UNIVERSITY HOSPITALS COVENTRY AND WARWICKSHIRE NHS TRUST,NHS ENGLAND MIDLANDS,22376,13287,5295,5023,49,11
2026-03,UNIVERSITY HOSPITALS DORSET NHS FOUNDATION TRUST,NHS ENGLAND SOUTH WEST,19798,15604,6397,6397,923,501
2026-03,UNIVERSITY HOSPITALS OF DERBY AND BURTON NHS FOUNDATION TRUST,NHS ENGLAND MIDLANDS,30866,21011,9181,9178,1225,455
2026-03,UNIVERSITY HOSPITALS OF LEICESTER NHS TRUST,NHS ENGLAND MIDLANDS,25557,23461,8582,8490,1325,592
2026-03,UNIVERSITY HOSPITALS OF MORECAMBE BAY NHS FOUNDATION TRUST,NHS ENGLAND NORTH WEST,11414,8736,3930,3810,590,654
2026-03,UNIVERSITY HOSPITALS OF NORTH MIDLANDS NHS TRUST,NHS ENGLAND MIDLANDS,24447,15324,8306,8188,1208,820
2026-03,UNIVERSITY HOSPITALS PLYMOUTH NHS TRUST,NHS ENGLAND SOUTH WEST,17576,9053,5803,5663,693,352
2026-03,UNIVERSITY HOSPITALS SUSSEX NHS FOUNDATION TRUST,NHS ENGLAND SOUTH EAST,31503,27989,11377,11131,834,1005
2026-03,WALSALL HEALTHCARE NHS TRUST,NHS ENGLAND MIDLANDS,14277,9801,1919,1828,720,106
2026-03,WARRINGTON AND HALTON TEACHING HOSPITALS NHS FOUNDATION TRUST,NHS ENGLAND NORTH WEST,10000,7065,3434,3412,470,909
2026-03,WEST HERTFORDSHIRE TEACHING HOSPITALS NHS TRUST,NHS ENGLAND EAST OF ENGLAND,16710,8750,1690,1584,656,33
2026-03,WEST SUFFOLK NHS FOUNDATION TRUST,NHS ENGLAND EAST OF ENGLAND,9182,8114,2011,2011,470,329
2026-03,WHITSTABLE MEDICAL PRACTICE,NHS ENGLAND SOUTH EAST,5137,0,0,0,0,0
2026-03,WHITTINGTON HEALTH NHS TRUST,NHS ENGLAND LONDON,9319,9319,2376,2376,280,237
2026-03,WIRRAL COMMUNITY HEALTH AND CARE NHS FOUNDATION TRUST,NHS ENGLAND NORTH WEST,3798,0,154,0,0,0
2026-03,WIRRAL UNIVERSITY TEACHING HOSPITAL NHS FOUNDATION TRUST,NHS ENGLAND NORTH WEST,11406,8469,4457,4382,534,626
2026-03,WOKING WALK IN CENTRE,NHS ENGLAND SOUTH EAST,2883,0,28,0,0,0
2026-03,WORCESTERSHIRE ACUTE HOSPITALS NHS TRUST,NHS ENGLAND MIDLANDS,20497,14334,5852,5805,841,835
2026-03,WORKINGTON HEALTH LIMITED,NHS ENGLAND NORTH EAST AND YORKSHIRE,435,0,0,0,0,0
2026-03,"WRIGHTINGTON, WIGAN AND LEIGH TEACHING HOSPITALS NHS FOUNDATION TRUST",NHS ENGLAND NORTH WEST,13504,6876,2964,2920,551,407
2026-03,WYE VALLEY NHS TRUST,NHS ENGLAND MIDLANDS,7326,6134,2679,2679,497,234
2026-03,YORK AND SCARBOROUGH TEACHING HOSPITALS NHS FOUNDATION TRUST,NHS ENGLAND NORTH EAST AND YORKSHIRE,19818,12231,5752,5296,693,237
